{"type":"FeatureCollection","crs":{"type":"name","properties":{"name":"EPSG:4326"}},"features":[{"type":"Feature","id":1,"geometry":{"type":"Polygon","coordinates":[[[-0.0838890947992951,51.6899133868051],[-0.0620889586137036,51.6829766795278],[-0.0489357742453957,51.6840170093107],[-0.0333920793634692,51.6824944721392],[-0.011918675972722,51.6808778146614],[-0.0103284006308653,51.676664669463],[-0.0098314230565542,51.6617704500407],[-0.0118372625696545,51.6488475099899],[-0.0122596870547121,51.6462286962719],[0.00106727848739178,51.6417623958517],[0.0227195416969588,51.6411154928849],[0.0251592141335186,51.6372893888204],[0.0252244065649691,51.6352496012213],[0.021819035344359,51.6288327861104],[0.0407878432974229,51.6157288187761],[0.0536727737913095,51.6182790977801],[0.0479561835430442,51.6133026345828],[0.0625655546177721,51.6070804663853],[0.0728118625758041,51.6046818989335],[0.079369067593195,51.6070384728995],[0.0888366104152503,51.6048596976753],[0.094692625571188,51.6107471568477],[0.0922848679306965,51.613574263713],[0.0980683911361371,51.6154215805073],[0.103837892902431,51.6125513646419],[0.116710192938793,51.6169216490182],[0.119307301579151,51.615368502629],[0.129187436342478,51.6214010374014],[0.138184235471144,51.6235453960564],[0.151073417666375,51.6232470428744],[0.16890129781848,51.6214201695658],[0.181238047261213,51.6258265942297],[0.200311572516926,51.6249357566968],[0.208496660961782,51.6266876952223],[0.224087730411796,51.6317377614501],[0.263257699303371,51.6091919944458],[0.253916398804966,51.6019201221886],[0.260870024206464,51.6003904695662],[0.269866485133475,51.5995544498121],[0.271232678370642,51.5889921574667],[0.287123868086035,51.5727099885495],[0.290201523969927,51.5644971982514],[0.313035079940716,51.565818131885],[0.315294829915934,51.5578352939707],[0.327816067967104,51.5509945685188],[0.333902598356895,51.5424937022607],[0.331429400596117,51.5400454601615],[0.322441491335513,51.5405178524473],[0.265347272043956,51.5321502650611],[0.266638180028104,51.5229558898014],[0.262307889224424,51.5179304897632],[0.253834318187163,51.5178858715831],[0.250852046826051,51.5288186261786],[0.245837497776256,51.5235161805957],[0.242855999994698,51.5243924623009],[0.240724594603274,51.5212073864545],[0.244905836375926,51.5187594749428],[0.23717600954358,51.5193344334906],[0.241919319161816,51.5079601268953],[0.226597286350539,51.5065632427159],[0.229965349544136,51.4993659187165],[0.214156929096117,51.4960396098803],[0.211870088916148,51.4899589554105],[0.210553951469516,51.490243106395],[0.187684066854566,51.4878588734338],[0.182035195733018,51.4986273269182],[0.178574966651708,51.5052038621519],[0.159207809614416,51.5120158863305],[0.159049531255042,51.5120715343138],[0.158721674311475,51.5121868019303],[0.143206847940588,51.5153245714514],[0.141864531167574,51.5156528094271],[0.141819593023275,51.5156637978947],[0.126345975161068,51.5194462649611],[0.109074895650993,51.5142500204737],[0.100509379900435,51.5145693097708],[0.0977882718338274,51.5159064461463],[0.0975900590798886,51.5160038410112],[0.0969273504494541,51.5163294690499],[0.0960699880794032,51.5167507295967],[0.0967901178299367,51.5151511987068],[0.0845804631805836,51.512210528955],[0.0790274188107048,51.5068175408926],[0.0773375470091592,51.5051760299816],[0.0770639444988711,51.5049102456392],[0.0709057431350203,51.5006422860434],[0.0686613479588301,51.4990865709587],[0.0391165482248049,51.4985676936577],[0.0244415401970016,51.4983071926065],[0.0190380042262118,51.5015470646492],[0.0157449867445838,51.5035211873419],[0.0134809968335669,51.504878274849],[0.00942622622911539,51.5078980414309],[0.00837588793803076,51.5086801902431],[0.00878385951469926,51.5073176138539],[0.00755731380946194,51.5073205015658],[-0.00204585615387899,51.507342668644],[-0.00791528475568811,51.5020081083794],[-0.00864106836119252,51.5013483513626],[-0.00323674392972222,51.4912711514299],[-0.00302449911028931,51.4908752952604],[-0.0065000193329938,51.4871241913737],[-0.0163816641307183,51.4861488167725],[-0.0244033449161679,51.4893742304862],[-0.0261924911944529,51.4939160554184],[-0.0262117616628073,51.4939649686835],[-0.0288667316290014,51.5023620197961],[-0.0303687853206311,51.5071904274095],[-0.041881876537095,51.5097198462545],[-0.0420983428656717,51.5097665247412],[-0.0597656797868999,51.5028741506043],[-0.0598090373301032,51.502878854589],[-0.0787063478691949,51.5076794506541],[-0.0745446293087759,51.5099541982695],[-0.0730520769526355,51.5118083252744],[-0.0740032846027966,51.5144784652424],[-0.0768720421523466,51.5166250763039],[-0.0785291057043016,51.5215119179615],[-0.0852326450965759,51.5203483962659],[-0.0861997313420188,51.5188121086316],[-0.0923602467795468,51.5210356112327],[-0.0973850105007348,51.5215920920749],[-0.0975725268688324,51.5211747556566],[-0.100252195422361,51.5201290460535],[-0.101749478414867,51.5196829074904],[-0.105290341558648,51.5185548578323],[-0.113803703413632,51.5182579357095],[-0.111567824442113,51.5153350290831],[-0.111475372963366,51.5107577704465],[-0.121349370238457,51.5074102522213],[-0.122264781903832,51.5038952146376],[-0.124654735049318,51.4947153731777],[-0.124856944842419,51.4943665137409],[-0.128460131549996,51.4882385076734],[-0.136531229096447,51.485388827819],[-0.138151072157116,51.4848167958694],[-0.141727200556853,51.485019004323],[-0.147480980770779,51.4853441142791],[-0.149979158603456,51.4854851815577],[-0.150330007354558,51.4854385976596],[-0.150582216264032,51.4854051099005],[-0.163805319798312,51.4836485548371],[-0.164344729425399,51.4834810533702],[-0.170730723518453,51.4814977388522],[-0.172383253196901,51.4809844236573],[-0.173154805462608,51.4807447491454],[-0.181663969506671,51.478100958132],[-0.18377559746026,51.4774447330174],[-0.183856622798358,51.477419551406],[-0.182839873300327,51.4774596035647],[-0.179399746723382,51.4775950538608],[-0.179441290136891,51.4775135540184],[-0.182345088394464,51.4718159894448],[-0.184468950907365,51.4676477770603],[-0.18590869773736,51.4673758291918],[-0.188811281644963,51.4668275007963],[-0.19737486402442,51.4652092453709],[-0.198026881149182,51.4653567027357],[-0.216664071246001,51.4695696720128],[-0.222216221236814,51.4792315250941],[-0.223747436397827,51.4818953733784],[-0.224064562272722,51.4824470364754],[-0.226540197049036,51.4859511161312],[-0.227559643979108,51.4873939190688],[-0.234394020015144,51.4904255208257],[-0.24347085721075,51.4888844108705],[-0.243609073608919,51.4888609373632],[-0.244539277274199,51.4887029546299],[-0.249710507181286,51.4856921178267],[-0.255070802867928,51.4729124048944],[-0.25521169579162,51.4725763925752],[-0.255740940674504,51.4726138154967],[-0.269154104837155,51.4735946528108],[-0.273371229042023,51.4788616387658],[-0.274932136015606,51.4808108135323],[-0.277084648927052,51.4834984502321],[-0.283771281164292,51.4861995584181],[-0.283874285582858,51.4862411617945],[-0.286871819688156,51.487451804713],[-0.28744754811658,51.4876843129593],[-0.289886242416026,51.4871718754152],[-0.290792466686978,51.4869806333484],[-0.295351450650598,51.4860184113074],[-0.298199980779951,51.4854170872073],[-0.298964454878668,51.4852556918667],[-0.299091593713872,51.485112562179],[-0.304398983515156,51.4791365693211],[-0.304430251816544,51.4791013571749],[-0.306958809473683,51.4762536110307],[-0.308368842523704,51.4757031453582],[-0.319129670811964,51.4714767081608],[-0.320219875927036,51.4688804242641],[-0.321712316644831,51.4654065958495],[-0.32138312332748,51.4651664772361],[-0.313872211174679,51.4597090154664],[-0.313795040289381,51.4596747385099],[-0.305892400035465,51.4561641070348],[-0.305515425258593,51.4551006027604],[-0.304279006346907,51.4516121339997],[-0.305721933936308,51.4509921164738],[-0.315798396056739,51.446661513483],[-0.325075276811457,51.4465336874899],[-0.330579811120447,51.4421888534238],[-0.330964782906169,51.4418849451673],[-0.331364063270804,51.4415697346438],[-0.328485800316887,51.433958725644],[-0.320191773126606,51.4295334033081],[-0.319940908618239,51.4294008367622],[-0.31901378002931,51.4294980743171],[-0.318440402732133,51.4295582057532],[-0.325947416677613,51.4329364022464],[-0.326926731609698,51.4334432070756],[-0.329932174458027,51.4417018007749],[-0.305853232909415,51.4485109103443],[-0.302547817224562,51.4523442852726],[-0.304881918879484,51.4562294769028],[-0.305022033220876,51.4564626811302],[-0.313668179278429,51.4606549619279],[-0.313854906653685,51.46074548552],[-0.319245650051518,51.4683613310391],[-0.31012093679786,51.4735277223052],[-0.30983239990026,51.4737477376985],[-0.295386562512078,51.4847594821202],[-0.287272129073823,51.4865216775146],[-0.278226514584659,51.4822638226026],[-0.278095528809912,51.4822021558475],[-0.278038584217781,51.4821304121553],[-0.273465153845283,51.4763676506932],[-0.270540040700607,51.4726810829882],[-0.260215048755059,51.4703144328646],[-0.251589100329679,51.4735947738937],[-0.251480720048389,51.4736359816367],[-0.251405180380742,51.4738937761436],[-0.248520909527052,51.4837346755605],[-0.235505416577919,51.4889505340594],[-0.228011328288862,51.4851101169033],[-0.225845612567914,51.4787271619701],[-0.225134822633967,51.4766319172084],[-0.224887474762834,51.4759027515368],[-0.223639066497962,51.4722220865247],[-0.223401522870407,51.4715216728925],[-0.215386353473436,51.4684312804061],[-0.209856992187277,51.4662988001167],[-0.209691744168807,51.4662350621673],[-0.195098791641277,51.4606160892373],[-0.194993119440253,51.4606327393214],[-0.194901611157011,51.4606647897221],[-0.187114608204622,51.4641791520053],[-0.177949731420868,51.4706113700357],[-0.174155762141814,51.4789091812598],[-0.171290040963151,51.4797851118573],[-0.166275582534315,51.4813175692848],[-0.147407210757351,51.4831814152135],[-0.139801888301078,51.4839317780747],[-0.138108765259967,51.4840983073676],[-0.136144303705793,51.4842914934375],[-0.128430560959041,51.4850497271864],[-0.128088236601812,51.4852700558828],[-0.125525092498704,51.4869196588494],[-0.125070608172031,51.4877256263541],[-0.121983303893627,51.4931996936216],[-0.121352821058677,51.4943173900731],[-0.118823061311694,51.5038400639232],[-0.118324868424955,51.5057269320589],[-0.108805057906591,51.5084462995708],[-0.108710943783188,51.5084503729624],[-0.104676526122011,51.5086249209914],[-0.0885964200890663,51.506884532771],[-0.0880998441977707,51.5068307501761],[-0.0761234589469458,51.5044033170692],[-0.0724306684421993,51.5030869849777],[-0.0708325352365456,51.5025172569459],[-0.0735138871706862,51.5004645696628],[-0.0577560320946397,51.5008510146202],[-0.0572576283645827,51.5008632036694],[-0.0520706934768517,51.5027504809857],[-0.0479005399988052,51.5042009445789],[-0.0478302330659537,51.5042441674619],[-0.0429930611827129,51.5072176525936],[-0.0338695788014832,51.5060830180155],[-0.0334546098079645,51.5024392356731],[-0.0324206765272085,51.4933580406567],[-0.0323863262307784,51.4930562791944],[-0.0248209130048979,51.4855466859933],[-0.0243027931398687,51.4852024518886],[-0.0177986020473712,51.4808747339346],[-0.0170903180449492,51.4804097977224],[-0.0173252455088245,51.4801996531062],[-0.0187614444883797,51.4789149264729],[-0.0227415564966814,51.475354171187],[-0.018980270354387,51.4784686620242],[-0.0168340745733652,51.4802455797102],[-0.0149992974311414,51.4817665637771],[-0.0178584573832501,51.4832186940558],[-0.0109251849859338,51.4839842238117],[-0.00470017229324967,51.4846711770922],[-0.00461859352853049,51.4847311625206],[0.00247343704341189,51.4899452452828],[0.00118580996119195,51.4927305627473],[-0.00224019592642529,51.5001398594115],[-0.00100546250214412,51.5018904736163],[0.000852384060337712,51.5045242744285],[0.00558687393365308,51.5017778641016],[0.0154158417131342,51.4960746969671],[0.0157264207044849,51.4958944510594],[0.0290454308537624,51.4939165459781],[0.029596384973964,51.4939397177828],[0.0297440265845601,51.4939459272458],[0.0457984490117824,51.4946199015782],[0.0611039704935613,51.4952603953971],[0.0750474141654847,51.4958421511036],[0.0759243680540068,51.4958786839926],[0.0762345446849466,51.4958916035646],[0.0824310970958383,51.4988617105771],[0.0827214381594712,51.4991679695343],[0.0839006700998783,51.5004117975328],[0.0880219220250108,51.5047584430324],[0.0920521297700356,51.5090081162801],[0.118784514355923,51.5113195140937],[0.120239031684623,51.5114451012656],[0.128620890855794,51.5132941538122],[0.151296375343893,51.5062825005641],[0.152013469178269,51.5061567081224],[0.166190946323591,51.503668634541],[0.169380011573712,51.4988619650002],[0.172101162872704,51.4947595111934],[0.172147224337253,51.4946181692145],[0.172307112621799,51.4941275409117],[0.175197827350929,51.4852556409535],[0.186499592697562,51.4804808286052],[0.186537326334579,51.4804648833723],[0.200844593643595,51.4786571118063],[0.211683788803227,51.4827285921846],[0.217644190043408,51.480448589397],[0.219202439132856,51.4796095638918],[0.2115688339007,51.4750926723374],[0.210612945126035,51.4624813108045],[0.202880215955973,51.458265497211],[0.20260814849742,51.4562301145471],[0.200237813875979,51.4525576929829],[0.192083488328661,51.4508420327637],[0.191012191202743,51.4487877151035],[0.170898856496104,51.4412023918432],[0.166851115352684,51.4320720354013],[0.164216990841068,51.4285464649054],[0.155875040956964,51.4308765823218],[0.153763537931545,51.4275232348062],[0.151158883829316,51.4204304345063],[0.154636645664461,51.4184698757219],[0.149159930322975,51.4124352225948],[0.153770119500224,51.4112651350529],[0.152932433172376,51.4087084813763],[0.148989832047652,51.4086234290177],[0.148869410494427,51.4084291280153],[0.161313218509312,51.3923697289646],[0.147725411546702,51.3926115069107],[0.153236329516732,51.3780364878942],[0.149600418363283,51.3735826165493],[0.151619790687987,51.3683788953343],[0.147280235929356,51.3670144128618],[0.141287335694189,51.3497791046126],[0.136958108456318,51.3441746048812],[0.119184939635519,51.3442568788526],[0.116681193882858,51.3413029568945],[0.121684470163769,51.3336363840804],[0.117900333226097,51.3296471000251],[0.104901955924784,51.3274128714118],[0.085029299988601,51.3160232043694],[0.082816241205083,51.3056336671468],[0.0911847888458517,51.2968273660512],[0.0815802563673946,51.2918353217511],[0.0585102283767922,51.2893537127693],[0.0507898934821101,51.2939868826178],[0.042396497430127,51.2926730467214],[0.0426202011598456,51.3013288984705],[0.0329094179322316,51.3075209105802],[0.0248391363668915,51.3021549341521],[0.0191012463355629,51.2916841001949],[0.0150093784679093,51.2917860691426],[0.012142972058002,51.2996161804857],[0.0103485951389195,51.3161403319836],[0.00658059306889128,51.3156563447051],[0.00225531192400326,51.3291348341144],[-0.0109465685443747,51.3336758689104],[-0.0143165119704134,51.3297720937777],[-0.0221501774469841,51.3381308553426],[-0.0379200854497904,51.3387247432932],[-0.0419864586902761,51.3338601719349],[-0.0502771342165054,51.3326378099393],[-0.0478687395913028,51.325245055609],[-0.0562516031974104,51.321664020172],[-0.0639861428900236,51.3186400209383],[-0.0710197825080979,51.3212238304455],[-0.0822366281125533,51.3169465368356],[-0.0819316756913801,51.3106472885362],[-0.0887319787741326,51.3051045608156],[-0.0972447167534066,51.3002953667185],[-0.0943241985377067,51.2993539642355],[-0.101139812864712,51.2962866552525],[-0.115805363546077,51.2906448857013],[-0.117787425992582,51.287182022292],[-0.124301850029936,51.2867904031611],[-0.137213219898507,51.3007415602643],[-0.143577997575923,51.301244557504],[-0.151023184109817,51.3007219312497],[-0.157735020247375,51.30442750946],[-0.154315337506222,51.3103178955937],[-0.158330470681896,51.3109853904918],[-0.161879752207213,51.3196257041028],[-0.156523624561657,51.321485286252],[-0.164187029319929,51.3260405183973],[-0.163076717058335,51.3302642191945],[-0.172854635136869,51.3300134475821],[-0.187459116165297,51.3408122814387],[-0.197319340394251,51.3435951598667],[-0.202050654643701,51.3401414058025],[-0.213053983018457,51.335553568244],[-0.214229603051396,51.330252715746],[-0.220841625332819,51.3298019706872],[-0.229822682346971,51.3365228045655],[-0.217264425534208,51.3433870908022],[-0.226944751876078,51.3626256423043],[-0.233949400956512,51.3653847827061],[-0.245404841047606,51.36684543978],[-0.244679372720784,51.3690611536447],[-0.245041240280716,51.3799602694744],[-0.245030254723366,51.3800339646282],[-0.260991332915542,51.379595673917],[-0.269064610388061,51.3735618079428],[-0.272545418251086,51.3722638860973],[-0.274022551853225,51.3706552821872],[-0.284071129097295,51.3651500235484],[-0.288395626599499,51.3621599530413],[-0.287018686644174,51.3593978410581],[-0.304065646686288,51.3431716513728],[-0.305062772223965,51.337814634487],[-0.30618917299884,51.3350755647039],[-0.323946901864069,51.3267160648172],[-0.330655551869037,51.329009638114],[-0.327923137428304,51.3521845125348],[-0.318481506558764,51.365762189346],[-0.317897383198478,51.3697977947218],[-0.312651478126198,51.3747511356648],[-0.308434001890765,51.3758594258008],[-0.307365443633207,51.3783835450886],[-0.313135955459595,51.3887994029947],[-0.315958342277709,51.3876322520972],[-0.317697879461912,51.3936670793324],[-0.325860279723407,51.3914396034394],[-0.338335612577083,51.4008437744329],[-0.359139332144209,51.4119031604173],[-0.373860205320599,51.4084933058399],[-0.383350026681253,51.4085382950892],[-0.389649814820215,51.4106933301111],[-0.386641675154269,51.4200808186377],[-0.39131707100993,51.4223154118767],[-0.407775633374297,51.423578389673],[-0.418583730845841,51.4321099649615],[-0.427831380170741,51.4292523685952],[-0.439983256299083,51.4306264500554],[-0.439752292782007,51.4346195966386],[-0.447716870984933,51.4350029824266],[-0.446288585067704,51.4399964192609],[-0.456475091199213,51.4382245454754],[-0.461319944712023,51.4523912628267],[-0.458723754309907,51.4563417400208],[-0.493866101952904,51.4627634634345],[-0.509807321692741,51.469207263699],[-0.499169215876422,51.4885812127518],[-0.490116783229529,51.494578915093],[-0.490024731164425,51.4947476343761],[-0.483266374938188,51.5066408004726],[-0.485535852064559,51.5100278072057],[-0.48978652323901,51.5115268277441],[-0.491631096332019,51.5188972053368],[-0.488973661709899,51.5290887439157],[-0.49548974434616,51.5384292051746],[-0.491074733262535,51.5445312736857],[-0.477329883021475,51.5552720832683],[-0.476986931705237,51.5596252765524],[-0.482793741222473,51.5628216670497],[-0.484026266081064,51.5751273259548],[-0.494825295709162,51.5847772579626],[-0.499634636476258,51.5967032382661],[-0.500595886737316,51.5996898986458],[-0.496257603641733,51.6024440352721],[-0.499214909481778,51.6088811068051],[-0.495321906681722,51.6189375451024],[-0.500148673577685,51.6220718781112],[-0.499965026435791,51.6291733043795],[-0.497127638653444,51.6316791106854],[-0.459742898262006,51.6131593468933],[-0.457130755473738,51.6122938890699],[-0.440575301279442,51.6200732383835],[-0.411985221570793,51.6141826856553],[-0.403996051047661,51.6131839799829],[-0.385871935681355,51.6158200428467],[-0.384571611905012,51.6161697515888],[-0.368174515273729,51.6206523784205],[-0.362621257698241,51.6235048165802],[-0.339889641971043,51.6307237430614],[-0.317549393191407,51.6402163102182],[-0.316672244970353,51.6405355666504],[-0.304449971011893,51.6363487192482],[-0.302620968997866,51.6362076897021],[-0.273713530385737,51.6386739646255],[-0.27312203907596,51.6411939592511],[-0.263272164999239,51.6448334987089],[-0.257354301440047,51.6418396413014],[-0.251557001565979,51.6479525874951],[-0.249348030054731,51.6560578118009],[-0.228919311402986,51.6599758093884],[-0.226462691430813,51.6571618657753],[-0.207863695984533,51.6628611798433],[-0.211133866333014,51.6669549334005],[-0.199871677333062,51.670170272785],[-0.191066699360921,51.6638967044063],[-0.181960815257973,51.6686831946979],[-0.176385934213631,51.6726449807655],[-0.172473163038003,51.6730913561081],[-0.163503792160564,51.6859229089176],[-0.163493271974568,51.6881150787478],[-0.149431383149735,51.685509368477],[-0.118204562432587,51.6890661297212],[-0.105779139838692,51.6918756442007],[-0.0838890947992951,51.6899133868051]]]},"properties":{"FID":1,"PFA23CD":"E23000001","PFA23NM":"Metropolitan Police","BNG_E":517517,"BNG_N":178394,"LONG":-0.30863,"LAT":51.49228,"GlobalID":"4a3e1e0f-088b-4743-9eab-2367b7172d08"}},{"type":"Feature","id":2,"geometry":{"type":"MultiPolygon","coordinates":[[[[-3.17414037665675,54.0665054596638],[-3.1733563944656,54.0619013305],[-3.17690551926068,54.0635141019658],[-3.17414037665675,54.0665054596638]]],[[[-2.98700279405902,54.1483416882468],[-2.97234092610053,54.1455068059095],[-2.97834279284072,54.1399567811907],[-3.00044570474656,54.1323222496877],[-3.01646487366873,54.1325743967165],[-3.00932596875634,54.1405195210896],[-2.99990516382109,54.139411838874],[-3.00664999622513,54.1427151973104],[-3.00296768639806,54.1500233398019],[-2.99444818365086,54.1478301063024],[-3.00203810993931,54.1502648036154],[-3.00064405257531,54.1523911994722],[-2.99907588024363,54.1526981331913],[-2.99544619408647,54.1493542661738],[-2.98700279405902,54.1483416882468]]],[[[-3.24596088345262,54.1072066496835],[-3.24293050944541,54.0989993424094],[-3.25270142316294,54.0992665022848],[-3.2476453151847,54.0981362067093],[-3.25151690171921,54.0963469457552],[-3.24728376335017,54.09485938496],[-3.24769794132354,54.0972925739113],[-3.24321692236536,54.0975322047937],[-3.24698591887507,54.0939519462938],[-3.23889927555919,54.0863417635355],[-3.22999636649892,54.0884815196762],[-3.23321522872291,54.0840758786065],[-3.22432155087919,54.0814849453376],[-3.22092612694298,54.0804955147602],[-3.2242480031498,54.078987319051],[-3.22646035396442,54.0779827604095],[-3.22395540426051,54.0690734500845],[-3.22337695769539,54.0670155217951],[-3.21016264821205,54.0650928701305],[-3.2057385405614,54.0522691194634],[-3.19606428269382,54.0487472356205],[-3.17853351091224,54.0552939087372],[-3.17413830782018,54.0483056134426],[-3.17286653368479,54.0552585851715],[-3.17311782971818,54.0470912380378],[-3.19561465348076,54.0442603776943],[-3.20969137922897,54.0475232367759],[-3.22374041727216,54.0617718168634],[-3.26404413059651,54.1025831647654],[-3.26448103375255,54.1039409168552],[-3.27668181146214,54.1418213497213],[-3.27130710682538,54.1481609724581],[-3.25723244985251,54.1526671134695],[-3.25200650574525,54.1507459669262],[-3.26451078299676,54.1477651897769],[-3.26476412843411,54.1385568008686],[-3.26068063260003,54.1385205351369],[-3.2609439034727,54.1378207882846],[-3.25613212516307,54.1352118934007],[-3.25952829745112,54.1351566102382],[-3.25505594393094,54.132020625593],[-3.25876205040121,54.1318462420456],[-3.25462324727425,54.1317815658202],[-3.25078956284993,54.1257472214652],[-3.24596088345262,54.1072066496835]]],[[[-3.1168295773599,54.9751247398727],[-3.11861948906279,54.9744653623941],[-3.1181485957924,54.9748666422797],[-3.1168295773599,54.9751247398727]]],[[[-3.1027959765437,54.9778696631555],[-3.09906153495259,54.9767966621595],[-3.10389817296909,54.9776541490532],[-3.1027959765437,54.9778696631555]]],[[[-3.08716711298859,54.9782072343421],[-3.08842613223565,54.977859166154],[-3.08829373865806,54.9781233227713],[-3.08716711298859,54.9782072343421]]],[[[-3.06353629570194,54.985257203377],[-3.06640012261373,54.9843539124693],[-3.06489080929003,54.9852548271318],[-3.06328297400874,54.9853370995727],[-3.06353629570194,54.985257203377]]],[[[-2.66162461986021,55.1463649852768],[-2.65693941785208,55.1361318302789],[-2.63263878772644,55.1277569628276],[-2.62127305525501,55.1292164410103],[-2.59890282488408,55.1245757158745],[-2.60047101106972,55.1171617633457],[-2.5934364083915,55.1128326451674],[-2.59355863569287,55.1051202197913],[-2.58549312220343,55.1030817713406],[-2.58332601101533,55.0990251014944],[-2.57940882293876,55.0961350617955],[-2.5684260078781,55.0962614131911],[-2.56670570854325,55.0919660056357],[-2.55829477966243,55.0888103663756],[-2.56279310082448,55.0843757159694],[-2.55694728888574,55.0810391140177],[-2.51809484669951,55.0849570115506],[-2.51646761807834,55.0891154335106],[-2.50370707153396,55.0907504039263],[-2.48634115497866,55.0830455143649],[-2.48663869675395,55.0811023935156],[-2.49473326225492,55.0818219595629],[-2.50123425186352,55.0752248138669],[-2.49219989938917,55.0681537133761],[-2.503984940725,55.0624298936516],[-2.50002763346041,55.0621164387122],[-2.50202056148823,55.0577257310937],[-2.49544556359635,55.053331818961],[-2.49075228174841,55.0545259748975],[-2.49434160678426,55.0507148431739],[-2.48295647708036,55.04370106686],[-2.48304985288842,55.0400190758404],[-2.50566603298274,55.0367480166566],[-2.50447837178623,55.0331907777162],[-2.51016799896435,55.0363472143611],[-2.51256228310049,55.0337940934145],[-2.52691211796141,55.0329402425956],[-2.52762196694228,55.029100027015],[-2.53957241619426,55.0288769037654],[-2.5526193569179,55.0210417022175],[-2.56504221354808,55.0201111319536],[-2.57318683747251,55.0161146678471],[-2.57365341074097,55.0067264204705],[-2.57024187450985,55.006506111928],[-2.57418086683806,55.0037000530393],[-2.56771370256383,55.0027473509066],[-2.5733107670136,54.9876377868719],[-2.57923715368299,54.9828928387768],[-2.58662963320378,54.9820342148538],[-2.5915917889623,54.9741508325924],[-2.60034547654082,54.973662231378],[-2.60142928961523,54.9713401694156],[-2.59556897269462,54.963480931938],[-2.56842654921438,54.9582910606499],[-2.57128537510643,54.948370378637],[-2.56764946010163,54.9408560211738],[-2.55154292596964,54.9295352868062],[-2.54608336384679,54.930504559994],[-2.54624866051584,54.9271555908829],[-2.55940559440049,54.9244312981363],[-2.55719179666986,54.9215209446614],[-2.56622128211943,54.9192380628219],[-2.56756539676926,54.9090026364328],[-2.57641404338101,54.8967171098062],[-2.60545400682068,54.8843058303785],[-2.59024719867254,54.8737837488078],[-2.57335234214531,54.8535461962825],[-2.58267104737595,54.8458667815631],[-2.56784860338401,54.823574839471],[-2.5583066678318,54.8167246157662],[-2.53065218005093,54.8059990459226],[-2.4953568980919,54.8103421039783],[-2.46060153125164,54.8341721848522],[-2.45223878846862,54.8320132348432],[-2.42267613723548,54.8428704335366],[-2.41165834715293,54.8564544832241],[-2.4016226407963,54.8514839644192],[-2.39272641045161,54.8345152582939],[-2.37266952041961,54.8273795947301],[-2.3698307614979,54.8209665127688],[-2.34842858236683,54.8070792752561],[-2.32738520521004,54.8053324695509],[-2.32328426511762,54.7950089095462],[-2.31208952139602,54.7910150459368],[-2.31392402962035,54.7811134309462],[-2.3084868101346,54.7735427971225],[-2.32247866430232,54.7639707182398],[-2.32082249854183,54.7550039074844],[-2.33230578332374,54.7319961446206],[-2.32574674351607,54.7266292296878],[-2.34209502710379,54.7161480286359],[-2.34438205187696,54.7017721122644],[-2.3554731400299,54.6971977531255],[-2.35159375318484,54.6857364060566],[-2.33561634592756,54.6753275680513],[-2.32710665556777,54.6736667959364],[-2.32756945568455,54.6708733962367],[-2.30331719424786,54.6696299330074],[-2.30339697405212,54.6668241107937],[-2.29287495116333,54.6638852911182],[-2.28797868797798,54.6504801032182],[-2.32493776754246,54.6316502361691],[-2.3087580280871,54.6118832747256],[-2.30451453732035,54.5961978451873],[-2.27093649252133,54.5821991445047],[-2.24596214870616,54.565062685696],[-2.20948818801938,54.5517133723259],[-2.21014254095128,54.5436582505962],[-2.19753056810017,54.5327039650371],[-2.18228608321106,54.5358553612135],[-2.17239803091537,54.5324441152957],[-2.17449248079035,54.5217270436993],[-2.16870453079298,54.5196520986942],[-2.16239333141251,54.5039428001019],[-2.16647021230166,54.4899079300345],[-2.15938983654751,54.4710919554519],[-2.17021302340634,54.4581987846828],[-2.17057851371489,54.4611414406361],[-2.17750847989225,54.4616256747416],[-2.18931554536681,54.4489784731566],[-2.23561740343055,54.4482310567187],[-2.24953922329874,54.4519434353475],[-2.26790292597675,54.4472335738128],[-2.26537837452071,54.4429263064175],[-2.27134782102503,54.4409161654299],[-2.29286520125281,54.4393074909511],[-2.29185352910439,54.4314625386177],[-2.30337334570915,54.4262765258676],[-2.30814588994671,54.4197937715609],[-2.30544502560032,54.3970864171865],[-2.29170338915819,54.39062970169],[-2.2974404079712,54.3768987644415],[-2.31704255658246,54.3763105176709],[-2.32609228492058,54.3680956213595],[-2.34464790841351,54.3596285098932],[-2.36074911225142,54.3549476054283],[-2.36771223910638,54.356070614351],[-2.33576762127958,54.3404348262277],[-2.33474923494826,54.3349447249861],[-2.32020205365872,54.3317507584552],[-2.30984140863991,54.3243149774976],[-2.31497755786942,54.3135863704028],[-2.3230323098134,54.3110827863686],[-2.32040123114123,54.3067705958745],[-2.32452246431824,54.3031836220921],[-2.32039028854724,54.2990444642984],[-2.32417201077219,54.2936051520333],[-2.31719184100725,54.2871656647743],[-2.32589176655811,54.2796929160037],[-2.31551421488285,54.2702849265903],[-2.31909631949867,54.2571558301853],[-2.32564664212512,54.2414383475156],[-2.33765745303457,54.2375990705306],[-2.34805240648407,54.2378066814487],[-2.36231711509247,54.2497526288087],[-2.37232524199247,54.2482345937254],[-2.37302060410132,54.2400989034835],[-2.39677965225249,54.2393810797039],[-2.40563193679838,54.2249151681045],[-2.41197045087195,54.2266866346841],[-2.43542759127717,54.2228770156123],[-2.4414181648791,54.2257392138459],[-2.46086273483392,54.2267161351685],[-2.45958529173133,54.239568409589],[-2.4996029755215,54.2195550020355],[-2.52006970421582,54.2164468198095],[-2.55075107607355,54.2002929901966],[-2.5760776553629,54.1955951825279],[-2.62495689056548,54.1955687280305],[-2.63993581265475,54.2020329750248],[-2.64773104311298,54.1873079616435],[-2.67264058684292,54.1747465653012],[-2.67579429704337,54.1637791257139],[-2.67984171291155,54.1611857006918],[-2.68797074104923,54.1646568661441],[-2.7086465282775,54.1638849502831],[-2.73648907076834,54.1690242512004],[-2.73623031349814,54.1709292733282],[-2.7343869846531,54.1841109642591],[-2.7493013600721,54.1889550104992],[-2.76823199124557,54.1859641124202],[-2.79922970282909,54.1977319345873],[-2.81633331257252,54.1898096122769],[-2.81562529218906,54.1821138566842],[-2.83721686204006,54.1741723998253],[-2.869476779971,54.1766678427868],[-2.86560812233263,54.1806493939417],[-2.8574329688584,54.1789859050473],[-2.86472773157932,54.1837609621055],[-2.86413419859594,54.1920311808672],[-2.85345256738839,54.1927400885758],[-2.83621484721889,54.2015503206361],[-2.83540285959756,54.2052238376675],[-2.82660703879668,54.204552129394],[-2.82317325506155,54.2060379581556],[-2.82286613757275,54.2061710437865],[-2.81842259586579,54.2080420830057],[-2.82087413106118,54.2091311884704],[-2.82146533899019,54.2093938197367],[-2.81615267028371,54.2129755705822],[-2.80764525068891,54.2187094244864],[-2.80711882395538,54.2189700835589],[-2.79088669645809,54.2270047030855],[-2.78581402808178,54.2264402390537],[-2.78927904893172,54.2313328729265],[-2.78952654382135,54.231448434081],[-2.79464737847295,54.2338392176801],[-2.79797776765573,54.2405233961717],[-2.79985402396498,54.2442880903153],[-2.80080580322894,54.2461975519399],[-2.81186462031331,54.2450769016422],[-2.81308444074886,54.2449532249885],[-2.81307913619364,54.245045303702],[-2.8128048184026,54.2498064315933],[-2.81270529502557,54.2498136228189],[-2.80240461134631,54.249425167429],[-2.80067050904396,54.2508909683662],[-2.80426468972142,54.2500508569164],[-2.80652693167445,54.2512799014306],[-2.80773246056085,54.2510193448475],[-2.81439870780994,54.2495782598682],[-2.81472529474225,54.2447417048403],[-2.80964562934392,54.2426935642744],[-2.80139657415898,54.2443782178061],[-2.80116275580964,54.2311882925736],[-2.80115228592899,54.2305974814243],[-2.79438125660623,54.2274202495207],[-2.80290231753729,54.2250584174089],[-2.80472251250931,54.2245537944133],[-2.83219629855315,54.2192109490427],[-2.8371110581654,54.2128317033502],[-2.84146774433388,54.2071750312974],[-2.84247353493712,54.2055178695788],[-2.86855550603468,54.2020960624817],[-2.86741014206203,54.2047943624278],[-2.87006184961241,54.2017742131585],[-2.87157941759236,54.2040281703418],[-2.87847373096771,54.2015019717747],[-2.87953057008866,54.2009419499561],[-2.8796685279597,54.2008688439533],[-2.88590270016895,54.1975648241705],[-2.88717689713304,54.1993754642585],[-2.88736635734998,54.1945513002277],[-2.8892174605251,54.1988166330794],[-2.90761017263178,54.1931286298853],[-2.92073879805097,54.1776814551696],[-2.92934584468031,54.1675473105302],[-2.93523626039889,54.1669740996977],[-2.93186222921314,54.1513920393982],[-2.93561793946709,54.1581693991811],[-2.94377472166038,54.1580571848781],[-2.94459526001822,54.1593411787923],[-2.94812269756233,54.1576724827992],[-2.93928198163714,54.156586861162],[-2.96542523815219,54.1502419849219],[-2.9683818648167,54.1460258024939],[-2.99582103091457,54.14997847269],[-2.99672617233334,54.151962655489],[-2.99953197208596,54.1532614630145],[-2.99667808347407,54.1557540771725],[-3.00018891458658,54.1538339248976],[-3.00529343160223,54.1562692861361],[-3.00430373081172,54.1662917542135],[-3.0003615261297,54.1684016545241],[-2.99711442715941,54.1667577796449],[-2.99730762105409,54.173131221298],[-2.9929710189202,54.1702703131949],[-2.99412094734348,54.1730486061648],[-2.99606495563144,54.1759241136156],[-2.99930026484553,54.1754641090922],[-2.99615475887138,54.1732908798942],[-3.000219407715,54.1743823863848],[-3.00092746330829,54.1721098079191],[-3.00353530863385,54.1758009527177],[-3.00153441534006,54.172249467015],[-3.00652590942045,54.1722698395884],[-3.00969471343354,54.1768261247312],[-3.00506726719586,54.1802793416657],[-3.01029228629986,54.1769532818253],[-3.00982585456745,54.1827722571831],[-3.01265804977009,54.1797222928322],[-3.0210569009725,54.1852884762015],[-3.02017945328803,54.1896091169332],[-3.02213237238232,54.1857745483531],[-3.02699098883191,54.1896384182246],[-3.02460581593169,54.191787050379],[-3.02774366354344,54.1900759684519],[-3.02924870640396,54.193779571115],[-3.03876063401333,54.197194103868],[-3.03475787115557,54.1965005783486],[-3.02541285035508,54.1968376375618],[-3.02289301936017,54.201063536802],[-3.01983181958329,54.2010696504632],[-3.01454551426712,54.2063678043235],[-3.0215034090591,54.211408899163],[-3.02222781077734,54.2119336441326],[-3.02246418269409,54.2137684203302],[-3.02248690076576,54.2139447560315],[-3.0231574253403,54.2191485487449],[-3.0231897812087,54.2193996254218],[-3.02762703650007,54.2192881598007],[-3.02855881484159,54.220431550914],[-3.03361545589645,54.2292708294488],[-3.04631848623672,54.2267667665697],[-3.04876496998461,54.2332337381789],[-3.03397370162035,54.2396737441633],[-3.03325109989257,54.2437909246994],[-3.02898992574295,54.2415867751272],[-3.02935888742513,54.2401745952196],[-3.02731624260222,54.2415435514457],[-3.02857300583275,54.2463678139575],[-3.03567677049205,54.2443210289317],[-3.03752405601022,54.2399047616014],[-3.04805397110303,54.2422896958078],[-3.05218573779326,54.2358076142307],[-3.05194646452189,54.2347620928976],[-3.05181809850323,54.2342011613124],[-3.05162906055111,54.233435976066],[-3.05153074201901,54.2330379918587],[-3.05161928491727,54.2323587490769],[-3.05187468707876,54.2303993612106],[-3.05311965732432,54.2208456404576],[-3.03556718463908,54.2156214450551],[-3.03241956451862,54.2113156696235],[-3.03902704982646,54.2057310787469],[-3.0343729085303,54.2112987674683],[-3.03426021309591,54.2114335639115],[-3.03474679153529,54.211295547676],[-3.03877604765289,54.210152554302],[-3.04457147141248,54.1996173469111],[-3.04469171189446,54.1993987053029],[-3.05027343037291,54.1990613995907],[-3.05313591394386,54.1988883177793],[-3.0547822809287,54.194022372947],[-3.05495064618341,54.1935246916981],[-3.05330183266156,54.188482603329],[-3.05974102980086,54.1893598898341],[-3.05586922068239,54.1871766572886],[-3.06162191164685,54.1808205500552],[-3.06124409120805,54.1795949569083],[-3.06117405554224,54.1794517232792],[-3.05910236202438,54.1731104401756],[-3.0608558624468,54.1619982118481],[-3.07797486678772,54.1539752916749],[-3.08763411215117,54.1362522956311],[-3.10062712871104,54.1280018449009],[-3.1046483830116,54.1200044176508],[-3.14259295634196,54.0974038483916],[-3.14274957555766,54.0973107443306],[-3.14910642329136,54.093529299944],[-3.1647913866967,54.083224258082],[-3.17239860225786,54.0817840914531],[-3.15270062390522,54.0676666804544],[-3.15175820604345,54.0702175247605],[-3.1507107426661,54.0647853241542],[-3.17143439584739,54.0796282894025],[-3.17323568357948,54.0735932109483],[-3.17797475663285,54.0748780042637],[-3.17374799403985,54.0833941538291],[-3.18685853713641,54.0904269602125],[-3.18515795942473,54.0957125175782],[-3.19130643872628,54.1028502156935],[-3.19935700939085,54.1026744985159],[-3.19945387403452,54.1026723814033],[-3.20457149422904,54.1011334107354],[-3.20696989548689,54.1004127991172],[-3.21004915915218,54.0994921395907],[-3.21201824811946,54.0989005367119],[-3.21423535870006,54.098208542578],[-3.21502462540315,54.0979030783907],[-3.21849175765449,54.0958069509947],[-3.21909624684996,54.0954414672364],[-3.22006250356619,54.0948572335873],[-3.22006274197995,54.0947071216365],[-3.21980079348989,54.0942756701952],[-3.21940745469522,54.093792901934],[-3.21944169583872,54.0936265488302],[-3.21986168307774,54.0930176547364],[-3.22007203780036,54.0929248786633],[-3.22129454506774,54.092500512534],[-3.22134401060665,54.0927302556712],[-3.22171343951631,54.0932997377184],[-3.22191729368338,54.0936139751264],[-3.22242827685699,54.0936441649502],[-3.22383240013994,54.0937977328474],[-3.22470371112044,54.094455043993],[-3.23852292387065,54.1036185391096],[-3.23930826998406,54.1041391361432],[-3.23941128444146,54.1044662942184],[-3.24179932017378,54.1120489466479],[-3.24347581420269,54.1286857574999],[-3.2404909232981,54.147126148396],[-3.23769626162009,54.1559201085784],[-3.24051897608579,54.1583852167738],[-3.24957809649894,54.1548050179067],[-3.25653832090725,54.1687019771402],[-3.24613069478573,54.1719937023139],[-3.22843815833464,54.171368485689],[-3.22700149640666,54.172144577086],[-3.21715247540839,54.1774638240511],[-3.21509386209423,54.18484041842],[-3.22299022376769,54.1877903341498],[-3.21475777669882,54.1856590230194],[-3.21899537935534,54.1874928793041],[-3.21204094474077,54.1997445129956],[-3.21305795553441,54.2071924595455],[-3.20450491693905,54.2095423968315],[-3.21005531855336,54.208589781577],[-3.20919931679972,54.2096694535266],[-3.20551205889564,54.214319453542],[-3.2049869410565,54.2149815852429],[-3.20181685628978,54.2111133222948],[-3.20492716752021,54.2175643902524],[-3.19888201003798,54.2199588870011],[-3.18919287950842,54.233588875631],[-3.19756443719733,54.228798098584],[-3.20004918712312,54.237706533125],[-3.2126869872374,54.2475485776592],[-3.21189595175586,54.2518158858409],[-3.21639369151851,54.2580307048694],[-3.22869570287776,54.259853892336],[-3.22904062116442,54.2599049898852],[-3.22839591294977,54.2601893118536],[-3.22783897536206,54.2604349204657],[-3.22771000973125,54.2609567104869],[-3.2242757659014,54.2748464477226],[-3.22376053391549,54.2769294598587],[-3.22554040108885,54.2772577296618],[-3.2278065669786,54.2776756441556],[-3.22454980458745,54.2755786405709],[-3.22810273442928,54.2640381731257],[-3.22968525512759,54.2624825163526],[-3.23215834806923,54.2600511361863],[-3.23283455711307,54.2617470898096],[-3.23370326983797,54.2601206918897],[-3.22951660309904,54.2568168050175],[-3.22290710382576,54.2515995582007],[-3.22930754149342,54.2497943900716],[-3.22392047174233,54.2472094226459],[-3.22563797531297,54.2398200214801],[-3.22894080186137,54.2374785640455],[-3.2299869031547,54.2367368830113],[-3.23003406319523,54.2409490737204],[-3.23438873144272,54.2323129173781],[-3.23673960862693,54.2362273444894],[-3.23831733887867,54.2336298165347],[-3.23546759519504,54.231400368549],[-3.2434405688141,54.2340525613],[-3.23312321143124,54.2287720122859],[-3.23765209562824,54.2255554823302],[-3.23636853467333,54.2278759204368],[-3.24576229740378,54.231827444542],[-3.23762903423217,54.2277586838728],[-3.24329181583825,54.2252844750824],[-3.24438340980672,54.2262164194865],[-3.24629340880699,54.223392049224],[-3.24754104112254,54.2269716496904],[-3.25099366615079,54.2198622791103],[-3.25148264212733,54.2281611738457],[-3.25395142276516,54.2191590549939],[-3.25501003855755,54.2170692814606],[-3.25631831747308,54.2147511118979],[-3.25146671734771,54.2158316163312],[-3.2497909741263,54.2095546617743],[-3.24930832052347,54.2092600918972],[-3.2392605388575,54.2031264313526],[-3.25398110018546,54.1916383619339],[-3.26869422967547,54.1901253701842],[-3.27766638293305,54.1939214309258],[-3.27774113657025,54.1939530524656],[-3.28775405238664,54.1970319370111],[-3.29058595492163,54.1907153565832],[-3.31430579829842,54.1885623812199],[-3.33003785831517,54.1963397955424],[-3.34176971569079,54.20826640771],[-3.36489573388485,54.2317525761096],[-3.39421568711067,54.2544402198654],[-3.41724001894656,54.2810690834987],[-3.4227306105891,54.2928557559864],[-3.41574227257272,54.3035877374147],[-3.42488454598496,54.3287069698708],[-3.42253394583975,54.3397739152204],[-3.4100391249173,54.3503540252372],[-3.41185021054861,54.3380397767735],[-3.40439167465633,54.3379380704265],[-3.41150175278282,54.3572829504165],[-3.40842060355793,54.3600513778198],[-3.40499914197122,54.3616253433687],[-3.40422688112153,54.3619805735887],[-3.40452642864428,54.3620198892591],[-3.41544268239883,54.3634520882348],[-3.4120323924588,54.3577243100575],[-3.42264656367273,54.3596650993253],[-3.42986170317469,54.3557526530304],[-3.41750896872622,54.3532639645152],[-3.41737471340534,54.3489234084433],[-3.42681029502069,54.3430651473815],[-3.43528528972723,54.3433826113222],[-3.47337461443074,54.3754920201302],[-3.47553878934774,54.383039800473],[-3.47650486491259,54.3864080540051],[-3.47655818869526,54.3864527612459],[-3.49947374289459,54.4056538811202],[-3.50102498690059,54.4066481872798],[-3.50145054433486,54.4069209447502],[-3.54334095824456,54.4386806746053],[-3.55928714054481,54.4507535894675],[-3.57785014360119,54.4647959729727],[-3.57818999682768,54.4651851006365],[-3.5929852117602,54.4821170997191],[-3.60800385729473,54.4909566729522],[-3.61957206738104,54.4909065030725],[-3.62698745090914,54.5019817955982],[-3.63508544649842,54.5066793208246],[-3.63613923411106,54.5078196623823],[-3.63880287364147,54.5170684439755],[-3.63873156053998,54.5174241695884],[-3.62626005707636,54.5206275954121],[-3.61482266009306,54.5246108015253],[-3.61360572102789,54.5250345138944],[-3.60799958475917,54.5309340384292],[-3.60761984760058,54.5312440564035],[-3.60755814170595,54.5313985012906],[-3.60625655270729,54.5327678898143],[-3.5999928645927,54.5479633172199],[-3.5992432507152,54.5513426271472],[-3.59756742635225,54.5517755750308],[-3.59348706874838,54.5482028725138],[-3.59105409276824,54.5506828899427],[-3.58984966414056,54.5519104845937],[-3.59221789358168,54.5520554496741],[-3.59439513155283,54.5525164913697],[-3.59414167429413,54.5525756834897],[-3.59159259148016,54.5521967517181],[-3.59154804330629,54.552271749489],[-3.58446839377476,54.564186763318],[-3.58430237544579,54.5645010351073],[-3.58428131136951,54.5645409091724],[-3.5841187153859,54.5648486985249],[-3.58039127077633,54.5719033632217],[-3.58281083170314,54.5908653636305],[-3.57259475585365,54.6006970757306],[-3.57133116900707,54.6126464625324],[-3.56589360056457,54.6122261994034],[-3.56906026213043,54.6161273063495],[-3.57205806672938,54.6287030387662],[-3.57448212873642,54.6388659209959],[-3.57457828571748,54.6392689491386],[-3.57459525368696,54.6393400688472],[-3.57773288375778,54.646949855948],[-3.57807649539379,54.6517055576845],[-3.56251613770338,54.646399013607],[-3.55721494120297,54.646254238809],[-3.56448709251138,54.6479617074194],[-3.56392381870678,54.6480595813836],[-3.56341163556783,54.6481485751416],[-3.57174335475492,54.6508463225268],[-3.55204506812564,54.6684585352752],[-3.55078534672408,54.6695842271548],[-3.53349947547929,54.6818773084477],[-3.53326786915452,54.6820544156196],[-3.53322449126195,54.682087585759],[-3.51898114017688,54.6929754945552],[-3.51195888315024,54.7063145439375],[-3.5119260569111,54.7064932790066],[-3.51048708411379,54.7143267903992],[-3.50831309205108,54.7172147972456],[-3.50106511896349,54.7153259915658],[-3.50712873863076,54.7176216610018],[-3.50113262670355,54.7171523471693],[-3.49357184296155,54.7258026798484],[-3.48037603768458,54.7317670653405],[-3.47898868771457,54.732393950173],[-3.45552435494887,54.7462157834396],[-3.44640542502761,54.7515837300538],[-3.44541183797266,54.7521684951147],[-3.43814089961836,54.7606204982206],[-3.43331644392299,54.7662264670115],[-3.4315427375615,54.7811036820367],[-3.4378546668328,54.8016272621156],[-3.41031150970627,54.8397350350548],[-3.41025904352393,54.8398670613669],[-3.39886993497874,54.868505831812],[-3.39474782509775,54.8681403056329],[-3.39430149619837,54.8680847658276],[-3.39434170903606,54.8681042853102],[-3.39415122823886,54.8680873906997],[-3.39480426592165,54.8683288187168],[-3.39709391625793,54.8695948672366],[-3.39611243000269,54.8703084969643],[-3.38658187522835,54.8755780202559],[-3.37939090225213,54.8824615632397],[-3.36698781532365,54.8914698709485],[-3.3388444593,54.9002339958123],[-3.33568976536044,54.8988955337617],[-3.33513221177873,54.8986589589742],[-3.33694528212834,54.8981099426225],[-3.35760798578794,54.8918501002141],[-3.35252955249482,54.8868631824244],[-3.35309024804887,54.8898172953463],[-3.34827440041409,54.8879530224182],[-3.35477129687373,54.8909866666569],[-3.34977373169208,54.8935802722586],[-3.34870663008551,54.8890392495648],[-3.34171019398684,54.8869706550769],[-3.34171822603374,54.8890169160729],[-3.34866475721358,54.8895124372465],[-3.34730740003196,54.8913995334783],[-3.34570628396691,54.8913543624948],[-3.34480176737261,54.8944847438711],[-3.34454833196745,54.8945028247597],[-3.3397576350783,54.8962695797051],[-3.33342456737581,54.8893617140496],[-3.3308418876216,54.8906113845369],[-3.33261854123552,54.888701951529],[-3.32835731188112,54.8872190465145],[-3.32950369857334,54.8910823586403],[-3.32964972018149,54.8915743975797],[-3.32746210321755,54.8909815391156],[-3.32246838629944,54.8896279962751],[-3.3265003023212,54.886548240065],[-3.32098248094675,54.8896702594422],[-3.31951981095126,54.8868013076286],[-3.31152010911656,54.8882666400027],[-3.30916322585398,54.8851052352952],[-3.30878055328947,54.8874397090741],[-3.30772789444065,54.883529987084],[-3.30220359786019,54.8851306434179],[-3.28857241018942,54.8723266337527],[-3.29447764439874,54.8787578810382],[-3.28581143400931,54.875327066315],[-3.28960036277855,54.8802135308819],[-3.28362836022977,54.8766744817018],[-3.28193064196865,54.8756682343533],[-3.28565097177588,54.8696451502917],[-3.28708659596689,54.8673204206986],[-3.28193492989162,54.8615162404409],[-3.28352836377207,54.8649508553019],[-3.28424583165474,54.866497140782],[-3.28457764787393,54.8672122296902],[-3.27935946833655,54.869975977962],[-3.28356101026101,54.8693501505261],[-3.27779606202373,54.8777914229905],[-3.2836348139766,54.8803468181304],[-3.28114739671554,54.8832049373338],[-3.28661982480119,54.8884188486901],[-3.27997601247431,54.8840171436663],[-3.28804736111497,54.8926061034282],[-3.27513345765543,54.8917403143308],[-3.27769746474912,54.8910712536453],[-3.27794422489005,54.8863131513775],[-3.27533864145033,54.8905869440527],[-3.27716984497175,54.8855870767561],[-3.27245751372725,54.8910826739329],[-3.27337696805864,54.8872652340445],[-3.26641037750992,54.8916994979089],[-3.26801126001016,54.8881652877047],[-3.26299626989803,54.8884745702471],[-3.2661650640217,54.8856699828069],[-3.25997499142893,54.8905244371167],[-3.26641660911663,54.8900602012526],[-3.2590696854827,54.8922404564361],[-3.26454479728613,54.8920209007196],[-3.26086830667046,54.8954634000598],[-3.25775141763004,54.894416389976],[-3.25737115058053,54.8977248390135],[-3.2534051716131,54.8954481624113],[-3.25543336484124,54.9010988656456],[-3.25162743600904,54.9029337107596],[-3.25260711088384,54.8975179422512],[-3.24908798665522,54.9015094282927],[-3.24857148356286,54.9020951852195],[-3.24911479608704,54.9023752335632],[-3.25480800565608,54.905309397374],[-3.25537508579399,54.9100998779423],[-3.25065252667829,54.9117806286142],[-3.24938495669353,54.9110974252954],[-3.24120813798221,54.906689345226],[-3.24474391445526,54.910375566204],[-3.23269973046229,54.9090820393053],[-3.22157929063997,54.9018017870931],[-3.20971340199137,54.9038985312187],[-3.21134953413904,54.9044229888102],[-3.21451816165581,54.9054385813455],[-3.22123354326476,54.9023822030921],[-3.23367235663409,54.9113698535637],[-3.24763251184629,54.9138966634819],[-3.24853012231641,54.9135369095783],[-3.24944912950967,54.9131685646832],[-3.26223361262151,54.9080430494772],[-3.27457834413011,54.9030913335637],[-3.30314004688142,54.9091591263845],[-3.31369507323501,54.9148950220752],[-3.31347584927487,54.9188930578604],[-3.30203875175872,54.9277035803571],[-3.28330649706739,54.9421233204342],[-3.26533730559232,54.9430343286987],[-3.26893828529529,54.93707352085],[-3.26492857880515,54.9431419528995],[-3.25041219403299,54.9442212303756],[-3.2478672573942,54.9444102588682],[-3.23220190321563,54.9532200146604],[-3.20439217458803,54.9538753127543],[-3.18600124446938,54.9499339658616],[-3.17665321996487,54.9418154616584],[-3.15704078594456,54.9378258467956],[-3.15515603326401,54.9323582470669],[-3.14438409737049,54.9292912995696],[-3.13796409463066,54.9274627315195],[-3.12171884311388,54.9284576156528],[-3.11972568606894,54.9262827058123],[-3.11956449108739,54.9261068001341],[-3.1188703594269,54.925349302034],[-3.1181023129491,54.9277557863022],[-3.10020154855272,54.9283784173252],[-3.1042968378528,54.9285101945105],[-3.1018858936523,54.9296844152002],[-3.09720610169279,54.9319633187944],[-3.07288851056845,54.9371518716482],[-3.06290248660038,54.945274602104],[-3.05019304371727,54.945998854423],[-3.05217339318812,54.9429208986556],[-3.04696150649681,54.9456447935577],[-3.04161041945455,54.9457221760969],[-3.04075903192537,54.945734465874],[-3.04063794216366,54.945736213391],[-3.02494705180958,54.9459616382189],[-3.02077346822045,54.9460212581316],[-3.00960779179728,54.9461800534668],[-3.00260778755777,54.9377923582782],[-3.00454756070861,54.9342483954847],[-3.00638744634778,54.9308863307415],[-2.99586234280445,54.9359228937096],[-2.99981186966045,54.9372429587114],[-3.00080114293566,54.937573573461],[-3.00803378880629,54.9470414530548],[-3.04003029496358,54.9460888873765],[-3.04251707725256,54.949396280172],[-3.0442255606408,54.9474836352086],[-3.05578353330732,54.9503988315947],[-3.05004083228414,54.9524373153847],[-3.0565158749232,54.950938829958],[-3.05498775059172,54.9536373462569],[-3.06650780892487,54.9486543391527],[-3.07694900024309,54.9521264362775],[-3.06857099393636,54.9489175203224],[-3.07466149110533,54.9486787506039],[-3.07169589860938,54.9464222479232],[-3.08284312531344,54.9399752787855],[-3.10063080821579,54.9393014285122],[-3.09473689106742,54.9379321070203],[-3.11012101650945,54.9333917588915],[-3.12978499956331,54.9344049017078],[-3.11563762181978,54.9375991718133],[-3.12411912072778,54.936633133898],[-3.1206267908758,54.9405377715515],[-3.12864891248227,54.938032634088],[-3.12600592465561,54.9401420731334],[-3.13111868505206,54.9476102216512],[-3.12094057614418,54.9519264697517],[-3.11505832537117,54.9470675546755],[-3.11596563103182,54.9523703918433],[-3.10873070167649,54.9491150640018],[-3.11372187111771,54.9533336747598],[-3.10332248589226,54.9545967323617],[-3.11596225272951,54.9569266460427],[-3.11626886091227,54.9606622993153],[-3.10867205724958,54.9659270581008],[-3.09499221603312,54.9662181431324],[-3.10850604657933,54.9676701449134],[-3.1040230149421,54.9713739055153],[-3.07568371668852,54.967597411045],[-3.06954623407527,54.9713531552558],[-3.07233510669036,54.9748819103724],[-3.06408073805378,54.9802978776226],[-3.06270649709881,54.9775482901442],[-3.05841740623839,54.9830657802935],[-3.06093903884012,54.9772977290533],[-3.0565984490646,54.9828263596322],[-3.04920262587064,54.9772000730709],[-3.0537388087515,54.9760231219424],[-3.04237204776661,54.9746778780219],[-3.04028151484511,54.9700318911227],[-3.03787220547378,54.9740576074594],[-3.05103789079355,54.9849494969873],[-3.04175348151554,54.9796284469464],[-3.04688999810345,54.9846941521265],[-3.05637174194796,54.9865667690542],[-3.05755587138843,54.9917210527279],[-3.05345175563596,54.9928045370416],[-3.05790265046854,54.9917193523923],[-3.04420114416705,54.9984388847624],[-3.04493795581135,55.0076591429264],[-3.04866611375473,55.0067813911009],[-3.04945669761314,55.0093950273282],[-3.03931661651865,55.0164206192952],[-3.04012667253781,55.0226350980751],[-3.03023775618077,55.0246459602743],[-3.03431528889211,55.0299080300797],[-3.02587564330566,55.0364866601826],[-3.04014757774642,55.0411363925257],[-3.04338793407138,55.0473740645956],[-3.05341969195431,55.0472840372094],[-3.05092854160806,55.0528035971603],[-3.04317125329736,55.0556606759247],[-3.02755216657826,55.0552803962246],[-2.95859356798911,55.0492945911909],[-2.95542335448401,55.054620706727],[-2.93640742375778,55.0595859273082],[-2.94300747231507,55.0641585084298],[-2.94042911604544,55.0691281603501],[-2.92208230617258,55.0721134062738],[-2.91500061230375,55.0789638244845],[-2.89687924721878,55.0779496469859],[-2.89330774432024,55.0878517921194],[-2.88379126701884,55.0875474020667],[-2.88231522618223,55.0929489562113],[-2.88629245338616,55.0948098947344],[-2.87687252839058,55.0951988807508],[-2.87073547004113,55.1063400976324],[-2.85854005901994,55.1083488033414],[-2.85209442829161,55.1084874879228],[-2.8445398090267,55.1118650311117],[-2.84366725807141,55.1167307756188],[-2.83815480946054,55.1170285413441],[-2.84125018648715,55.1224977172754],[-2.83262028050185,55.1214697140756],[-2.82760794396969,55.1248368687166],[-2.83305590616224,55.1324505141119],[-2.82550257520544,55.1383140714092],[-2.81277624638232,55.136165666067],[-2.7848482544576,55.1417914399875],[-2.77492801182573,55.1492896448284],[-2.74625202673749,55.1582337791539],[-2.73260733440504,55.1672346126599],[-2.70347661666498,55.1731731598941],[-2.68978959173134,55.1889836331498],[-2.67455532373979,55.1758914662266],[-2.68325394634211,55.1666304918511],[-2.67732441001798,55.1554875877371],[-2.66857834300575,55.1473109708571],[-2.66162461986021,55.1463649852768]]]]},"properties":{"FID":2,"PFA23CD":"E23000002","PFA23NM":"Cumbria","BNG_E":341868,"BNG_N":527180,"LONG":-2.90213,"LAT":54.63638,"GlobalID":"c354dcef-57fa-419d-8a1e-9730bc298a69"}},{"type":"Feature","id":3,"geometry":{"type":"MultiPolygon","coordinates":[[[[-2.89332821603423,53.9895769401559],[-2.89829076201192,53.987786429059],[-2.9000602488267,53.990558535797],[-2.89332821603423,53.9895769401559]]],[[[-2.80064731741204,54.1224539179091],[-2.8045178038365,54.1202498149943],[-2.80387512219785,54.1225334683226],[-2.80132189840744,54.1224707216732],[-2.80064731741204,54.1224539179091]]],[[[-2.47994013195092,54.2023289897773],[-2.52875904200962,54.1694841194201],[-2.53397895530311,54.1576927128776],[-2.54368327175144,54.1575953148462],[-2.54732324388387,54.1533185076235],[-2.56050449737639,54.1530521175321],[-2.55787385630655,54.1433641928547],[-2.56341030273354,54.1404056820742],[-2.56348123404604,54.1246776048741],[-2.5447643187028,54.1171303315146],[-2.54583560408408,54.1143671662087],[-2.53620064852341,54.1086261833998],[-2.53676628071926,54.1040992590531],[-2.52410884993147,54.1021293833822],[-2.52400965394563,54.0946224792898],[-2.50952601849528,54.0954253298731],[-2.50630521952409,54.0914745819836],[-2.48075116398062,54.0853790229758],[-2.47072423697495,54.0765641879509],[-2.46434741774283,54.0752794321098],[-2.46954984634616,54.0462122422033],[-2.45877489102487,54.0404955274624],[-2.43273399829039,54.04159335235],[-2.42582648982368,54.0380949093938],[-2.37407297715162,54.0490890605674],[-2.36199948040014,54.0406696815782],[-2.35732329416741,54.0191170938826],[-2.34360354182356,54.0173271034288],[-2.33956433043647,54.0093207221731],[-2.34079366979368,54.0074896960098],[-2.35025319285128,54.0121830081688],[-2.35228494459096,54.0105532688523],[-2.35217648678239,53.9946124330005],[-2.33999932342476,53.9894768964455],[-2.31917729442185,53.9938205133544],[-2.29687754801523,53.980582684894],[-2.298948683376,53.9765461302173],[-2.29455000222391,53.9744666761166],[-2.28459539520561,53.9737892462307],[-2.23457238477004,53.9818564478276],[-2.22111218452458,53.9779017069844],[-2.23207092349159,53.9712009274005],[-2.22592212346691,53.9672774375262],[-2.22567381467208,53.9611195231592],[-2.21442066116374,53.9650990226041],[-2.20963876334706,53.9628992321293],[-2.20063536994884,53.9701263459605],[-2.1960183674942,53.9695758446194],[-2.18446422707568,53.9522113890033],[-2.17946680971232,53.9459857686744],[-2.18548776350961,53.9418871632753],[-2.18226279072402,53.935410922771],[-2.17592650861165,53.9342687825057],[-2.17160499948678,53.9376592275246],[-2.16426598029046,53.9347042728721],[-2.16287677864059,53.9272699363196],[-2.15171645617234,53.9294839660062],[-2.14943336734035,53.9260283741178],[-2.14179833499529,53.9256745764832],[-2.13997841255548,53.9283254643328],[-2.13222410689956,53.9265088503224],[-2.12435029675582,53.9232007381404],[-2.12175817199156,53.9173308355947],[-2.11309296486617,53.9154393014045],[-2.10746665577796,53.9080429752116],[-2.11317599133283,53.9046115598385],[-2.10341687197166,53.8918927626645],[-2.08245765008946,53.8775544982585],[-2.08991499194819,53.8681819720455],[-2.0811910243705,53.8699714222988],[-2.07484949406931,53.862367340437],[-2.04613032171259,53.8501412455596],[-2.04692463706631,53.8295102810523],[-2.06122232901262,53.8256202144341],[-2.08497916890501,53.8185205738097],[-2.11227899052983,53.8057083882264],[-2.12835851818789,53.7990313029985],[-2.12952014645212,53.7922728395834],[-2.12481550058915,53.7880553415977],[-2.13636274882185,53.7801044586254],[-2.13023166798977,53.7703287620364],[-2.12952156680705,53.7545904610741],[-2.13343573748517,53.7496751096347],[-2.1417235451508,53.7457368210486],[-2.14530609129354,53.7360581182258],[-2.14909278878936,53.733871109053],[-2.1559976185174,53.7353253598666],[-2.17329132180093,53.7230096460328],[-2.16591242388391,53.7108398842512],[-2.16260484052451,53.6992002008284],[-2.14525470704119,53.6922949155996],[-2.14632807589576,53.6822315285494],[-2.15854301269946,53.6606751916789],[-2.16416780330852,53.6533738793254],[-2.16113585213551,53.6422484490327],[-2.18539583912308,53.6382240918869],[-2.18046782729017,53.6405496138461],[-2.18240718357035,53.6482576143005],[-2.18958425633275,53.6480253601104],[-2.20524689197271,53.6543615209364],[-2.21522816021339,53.6671235928991],[-2.21772889962318,53.6689807379166],[-2.22582386832174,53.6707678509549],[-2.23657496385011,53.6670071601405],[-2.26135756420874,53.6541681429454],[-2.26992520624279,53.6460572697937],[-2.26292689123313,53.6249611432406],[-2.25679062940177,53.6204421031094],[-2.25799492372337,53.6164535441259],[-2.27176557607027,53.6144780078308],[-2.27255052543859,53.6185123335402],[-2.28285317435642,53.6202632672166],[-2.28994634825133,53.6352349880512],[-2.29576696020332,53.6414504554327],[-2.29770144578406,53.6517682668781],[-2.2937918859435,53.6579298897173],[-2.29900613061694,53.6667094526584],[-2.31558261392264,53.6550552462198],[-2.32530257530169,53.6554129547988],[-2.35333854602095,53.6584829010405],[-2.3555698327065,53.6645072928127],[-2.37123619444388,53.667080653593],[-2.36264954975664,53.6559199377865],[-2.36700915951826,53.6450115535173],[-2.3724375226974,53.6423432496856],[-2.36866082702589,53.6369510997719],[-2.37044240532623,53.6315893529705],[-2.37912645804028,53.6308524479524],[-2.39784578147011,53.6322081789916],[-2.40120935798549,53.6245990596311],[-2.40537554735878,53.6251432008862],[-2.41992826099158,53.6236098740786],[-2.42585341472569,53.6258594368514],[-2.42614374089195,53.6350102699287],[-2.43872438284017,53.6460454477622],[-2.45027035776665,53.6414320684687],[-2.45065332561499,53.627810559201],[-2.45828927754248,53.6246312130173],[-2.4537808878436,53.621974421123],[-2.46601942868202,53.621699020922],[-2.47299283803697,53.6166318726828],[-2.51041105701713,53.62636159111],[-2.51132292934796,53.6269949658169],[-2.55661382600303,53.603657334136],[-2.5595205133985,53.598942514443],[-2.57400347666306,53.5942907710536],[-2.58306511412359,53.6046950772838],[-2.59593751793407,53.6107915534533],[-2.61513874535198,53.6028632093918],[-2.61737879251725,53.5958486284029],[-2.62593620171468,53.593695551428],[-2.63128335017892,53.6052180362486],[-2.63616105877765,53.6082906379887],[-2.65937035040167,53.6036477513567],[-2.68945573934377,53.6042795350633],[-2.69048507574647,53.6023559016459],[-2.6933090298715,53.5894747413824],[-2.70006962363831,53.5912133599765],[-2.71034358999972,53.585117030067],[-2.71922262231971,53.5761141804378],[-2.71638823755863,53.5713060207564],[-2.70473810083237,53.5618604777489],[-2.71855035626915,53.543550125358],[-2.71452753541025,53.5383270697492],[-2.71783520038214,53.5273092243661],[-2.73041764234419,53.5205813695297],[-2.75983151753041,53.5125371396811],[-2.76887248377879,53.5135714632915],[-2.78241843727573,53.5313725102927],[-2.79468691350158,53.5212427111978],[-2.81661562875716,53.5122823190085],[-2.82251985865447,53.5051275196076],[-2.81989413514422,53.4965071166524],[-2.82496446472737,53.4852092183637],[-2.82557439672137,53.4827816876111],[-2.84442114863858,53.4841303885114],[-2.84393760325957,53.4902111653469],[-2.8498364247934,53.4931391719091],[-2.86147780265081,53.491079155645],[-2.87106727964209,53.4949970306909],[-2.8733324381136,53.5000393442095],[-2.88796343716735,53.5038459487926],[-2.89221075756535,53.5111658485376],[-2.88168765511613,53.5205229063537],[-2.9167431458684,53.5232584092693],[-2.92300940751067,53.5252200416144],[-2.94197921534295,53.5409977328778],[-2.96581743565751,53.547815787708],[-2.97727810557614,53.5462271571007],[-2.97843485976422,53.5427748408611],[-2.96299739210608,53.522902947947],[-2.96414278382269,53.5186060585147],[-2.97294331797047,53.515446223188],[-2.98253158836726,53.5195458562607],[-2.99152279024508,53.5229916167751],[-3.0249687110196,53.5390351568548],[-3.03869227260379,53.5383196735358],[-3.04669858190109,53.5429583279102],[-3.03880921847238,53.5519052612333],[-3.04058876421592,53.5650025015243],[-3.02261999765623,53.5695979059684],[-3.02076851961264,53.5828144679727],[-3.03334247358097,53.5851199567735],[-3.03214816196609,53.5985295758887],[-3.01409852885323,53.6112770300311],[-2.99733351114873,53.6268856822318],[-2.99372060335681,53.6282712139918],[-2.98182313089385,53.6222051350477],[-2.9677687350303,53.631063812608],[-2.96035171759225,53.6387368205685],[-2.94996691065078,53.652334723011],[-2.94014344409029,53.6586105179298],[-2.94743790976434,53.667349079144],[-2.94430792803577,53.6791297013217],[-2.95249368084038,53.6822791433191],[-2.94678566949808,53.6880175645034],[-2.95523031951581,53.6964959958852],[-2.95546153052438,53.6967420234548],[-2.95621612350698,53.6974883297443],[-2.95271938681748,53.6997929377576],[-2.94152892554935,53.6965385670863],[-2.95112716312555,53.6997138311818],[-2.94259731100621,53.7001596526698],[-2.95364553050276,53.7023678994709],[-2.94731786154544,53.7041699149421],[-2.95510573113752,53.7044380058463],[-2.94378181280026,53.7081508186067],[-2.93711850861306,53.7045196924341],[-2.92884252098914,53.7045058981382],[-2.93802631312004,53.7054231077798],[-2.94032046651289,53.7114299625145],[-2.94674645990412,53.7103017179595],[-2.94140120680981,53.7132730256653],[-2.94824334885701,53.7117819661068],[-2.93590241203022,53.7254278573857],[-2.93231112428278,53.718742597157],[-2.93286950420761,53.7245302106354],[-2.92841413814561,53.7220732673289],[-2.92825444105733,53.716129699708],[-2.92717787550835,53.720710353376],[-2.91550650829472,53.7133397800803],[-2.91950261910863,53.7170492183508],[-2.91578938571846,53.7168781251645],[-2.9293482374125,53.7241612097607],[-2.91509383958069,53.7260983450118],[-2.91133476076106,53.7167593940239],[-2.91065900358174,53.7177293925856],[-2.90948852065716,53.7194094191413],[-2.91071938882012,53.7205257023291],[-2.91321402325386,53.7227878769724],[-2.91077347785951,53.7230302962417],[-2.90871967196848,53.7232342599593],[-2.91079886075989,53.7242055203134],[-2.91207548344561,53.7248018327258],[-2.91083291221613,53.7257820279506],[-2.90745944915309,53.7284227778388],[-2.90430085660743,53.7289227267409],[-2.90528875414529,53.7258527881275],[-2.89627647140573,53.7230004699596],[-2.90056396781076,53.7263398209896],[-2.89457734599652,53.7300646115067],[-2.88938741884581,53.7306444051491],[-2.89114252977826,53.7256859577415],[-2.88877982103995,53.730725349076],[-2.88612164829108,53.7268593666942],[-2.88414337961129,53.7309646229446],[-2.86583466648021,53.7337459737737],[-2.86466825064204,53.7339230617199],[-2.86157012375808,53.7332185913767],[-2.85106408774436,53.7308288925455],[-2.84446450246925,53.7275090561949],[-2.84074206230202,53.7256361366249],[-2.8368126731419,53.7236587836416],[-2.83272860884131,53.7195930638796],[-2.8325343327652,53.7193996364336],[-2.82705731897592,53.7139457039475],[-2.8267182357279,53.7136079952037],[-2.82630966820449,53.7132010736024],[-2.82662881987084,53.7158782960393],[-2.82676623150433,53.7160307564789],[-2.82994693413473,53.719559429068],[-2.82672731982692,53.7201327091704],[-2.83543341655469,53.7243416477223],[-2.83580403927562,53.7247632710812],[-2.84298864716169,53.7289688620216],[-2.84468623314457,53.7301047003837],[-2.8548327060395,53.7353303345746],[-2.82233146581995,53.7437025993672],[-2.82006931243426,53.7443301910943],[-2.77613646007489,53.7534785982316],[-2.77412754603675,53.7485411553147],[-2.77441060497474,53.7533998304242],[-2.760039652414,53.7559243574603],[-2.75719952461912,53.7564230236602],[-2.76398630694099,53.7564098300283],[-2.76428895434158,53.7564092327796],[-2.78849674381186,53.7532247001907],[-2.79321874671959,53.7521482621689],[-2.79396648676013,53.7519777838617],[-2.79461308748071,53.751928147971],[-2.80228043043361,53.7502339146962],[-2.80614808011831,53.7521682495851],[-2.80358872059394,53.7498134660912],[-2.82027354201501,53.7463313869181],[-2.82061461504723,53.7468189035262],[-2.82232637202247,53.749265432522],[-2.8227340700148,53.7454533966192],[-2.85617190443083,53.7385569305364],[-2.85665171840787,53.7384578857806],[-2.86295629466538,53.7374552643536],[-2.86368313482258,53.7374640360698],[-2.87478720492958,53.7375975006628],[-2.87600368632993,53.7376120593715],[-2.87932480358396,53.7352633347336],[-2.91098553576517,53.7328468342336],[-2.9288151164656,53.7314822719168],[-2.92905319078579,53.7314640327069],[-2.92913475068414,53.7314577847752],[-2.92970105608547,53.7326003321598],[-2.93810258961656,53.7320826665864],[-2.93963676448437,53.7331746652829],[-2.94069564989633,53.7321234509731],[-2.9493435559337,53.7326737134638],[-2.9530557385883,53.7329848774255],[-2.98008423372517,53.7344228011129],[-2.98036359398756,53.7344536511867],[-2.98095126150272,53.7345185463147],[-3.00082176254005,53.7367111159568],[-3.00781330655781,53.7384179760835],[-3.02665446181297,53.7430149218383],[-3.0268693279669,53.7430673216067],[-3.03477055310374,53.7480696544108],[-3.03897279867481,53.7475014629909],[-3.05061404235153,53.7592756867662],[-3.05502289109455,53.7619850625643],[-3.05685050925316,53.7765774281358],[-3.05870708145228,53.7837194928721],[-3.05878735130784,53.7840280911487],[-3.0566919204234,53.7951057610462],[-3.06101064072763,53.7953291519783],[-3.05691731916426,53.7954965613476],[-3.05733305460964,53.7985057729035],[-3.05731088198775,53.7987836658086],[-3.05630525326159,53.8113824528439],[-3.05634757251385,53.8124115745808],[-3.05661739793771,53.8189717691303],[-3.05662532165961,53.8191643888581],[-3.05647408830484,53.828741776286],[-3.05642095589189,53.8296336795615],[-3.05632706510665,53.8312096892342],[-3.05573119773682,53.8412087768221],[-3.05557594672643,53.8417818814303],[-3.05487922665272,53.8443536034752],[-3.05291024825252,53.8516197547881],[-3.05140103417761,53.857187527476],[-3.0512672220839,53.8577300232101],[-3.04923082453503,53.8659843964993],[-3.047968438432,53.8755925708098],[-3.04795018870738,53.8757317254672],[-3.04721482282278,53.8916668747926],[-3.04727300322037,53.8922082028443],[-3.05014790005106,53.9192152246252],[-3.04238367906507,53.9239825446935],[-3.02339868646045,53.9262493740418],[-3.00738051249276,53.9279285168324],[-3.00608974736265,53.9280637141292],[-3.00530162220945,53.9265737916622],[-3.00394703254059,53.9240127092226],[-3.00760012687243,53.9210476797349],[-3.00819709582985,53.9205631005973],[-3.01057304978404,53.9201550660015],[-3.01251485843958,53.9198215497874],[-3.00571695550388,53.9186517678251],[-3.00593516864927,53.9031555472758],[-3.00843728036201,53.9017542252274],[-3.00595184117217,53.9007466196134],[-3.00355832415114,53.8942143846097],[-3.00350349196885,53.8940647165081],[-3.00312505660112,53.8930317106926],[-2.98469401125816,53.8814410085412],[-2.982891266643,53.8803068144346],[-2.97588884544649,53.8798966637268],[-2.96881084234099,53.8739805821216],[-2.97899105850278,53.8708051101163],[-2.9767290287593,53.862428650474],[-2.97731552152914,53.8619265740719],[-2.97625266778386,53.8618726822482],[-2.97499643954594,53.8618089731992],[-2.95998509553547,53.8610466174298],[-2.95753612515708,53.8599538234837],[-2.95671999974883,53.8595896227156],[-2.95343366314244,53.8581207860644],[-2.95265198509772,53.8577740609325],[-2.95319014750054,53.8582156335287],[-2.95853509446622,53.8626005810253],[-2.97228976820704,53.8646218654458],[-2.96679251512019,53.8725838267065],[-2.96666773383733,53.8727645166929],[-2.96648071588742,53.8730353245884],[-2.96614461029008,53.8735220062432],[-2.962988828865,53.8780909680292],[-2.98518203972394,53.8898117536391],[-2.98388457197192,53.8955953660357],[-2.98624593775746,53.8926054634651],[-2.98972283420714,53.8943429458749],[-2.98666928915832,53.8955275638486],[-2.99122127663588,53.8955466416647],[-2.9944324511536,53.9050636779615],[-2.99453443437435,53.9053658523076],[-2.9946162931836,53.9056083960208],[-2.99292457453187,53.9055181571327],[-2.99269473725513,53.9056260286909],[-2.9924384192545,53.9057463272933],[-2.99052523927207,53.9066442079072],[-2.99046455347119,53.9066726877366],[-2.9897621165254,53.9070023322038],[-2.98943501994428,53.9071558313058],[-2.99075076871936,53.9068620207675],[-2.9908347272192,53.9068432720208],[-2.99210560765463,53.9065594624767],[-2.99219989497456,53.906608078901],[-2.99672762301435,53.9089424506396],[-2.99657472244147,53.9311477620765],[-2.92897924634985,53.9498163449657],[-2.92889979589982,53.9498382556927],[-2.92780871968516,53.950139146051],[-2.91574125412243,53.9514343990283],[-2.91500859446365,53.9515129958546],[-2.91571262114282,53.9501238633068],[-2.91633192462229,53.9489018229263],[-2.91567941228962,53.9486036170267],[-2.91056986618748,53.9462682219577],[-2.91562889428337,53.9462907319877],[-2.92082870697185,53.9463136431413],[-2.91560357243765,53.9451312634085],[-2.91306165392547,53.944555951816],[-2.91557272962762,53.9437189104797],[-2.91892237920942,53.9426022051082],[-2.9155640001907,53.9433191308821],[-2.91220624061909,53.944035805342],[-2.90476456086632,53.9384998727713],[-2.90532409048547,53.9405637384907],[-2.90007576051423,53.9384272518134],[-2.89917485578991,53.9410908098073],[-2.89898482011986,53.9384893902632],[-2.89674961267995,53.9411637746281],[-2.89126896343871,53.9394762817232],[-2.89206734940744,53.9421989952606],[-2.88664897156732,53.9416776462876],[-2.89478900958182,53.9455078529284],[-2.88953330572328,53.9481147370594],[-2.88924237272237,53.9480301673172],[-2.88890841338631,53.9479330898769],[-2.883391738285,53.9463292655168],[-2.88348066736293,53.9460243624429],[-2.88352419446639,53.9458751210351],[-2.88410914976123,53.9438694169411],[-2.88281149147638,53.9457988884585],[-2.88273104244286,53.9459185004498],[-2.88246954744044,53.9463072878249],[-2.8744426721644,53.9458095761863],[-2.87839804304864,53.9474507552768],[-2.87621276142042,53.9512847487196],[-2.87447176255366,53.9517531021111],[-2.87248617071447,53.9537934502568],[-2.88030758248276,53.9540491237626],[-2.88677863849597,53.9583911422734],[-2.87119275736481,53.9565162033928],[-2.86980577658474,53.9597322784302],[-2.8693691259882,53.9598423655419],[-2.86557817254582,53.9626110575744],[-2.86479375078709,53.9632251889135],[-2.86193231841356,53.9646091823126],[-2.85736807986886,53.9625773617256],[-2.85424774949215,53.9650945880106],[-2.85416747292615,53.9653459370286],[-2.84856595152943,53.9651154742052],[-2.84122748789692,53.9659433197092],[-2.84639617393219,53.9657011680949],[-2.84399255521829,53.9682032094839],[-2.8496740551262,53.9657319487725],[-2.85227270873591,53.9672686932462],[-2.8562636200194,53.966397862503],[-2.86698194136404,53.9684851972059],[-2.8792546255851,53.9791130168565],[-2.86968729761613,53.9836136143936],[-2.86814108773089,53.9931491171006],[-2.86297795260411,53.9953640630373],[-2.8611163725289,53.9926020059476],[-2.85704238871533,53.9935712622141],[-2.86233564518192,53.9953569986178],[-2.85608726991274,53.9995800754066],[-2.84024721177983,53.9969911405725],[-2.83405541632384,53.9986700054507],[-2.83232230503188,53.9948380132099],[-2.83039486575328,53.99724743267],[-2.82324000272676,53.9947504509764],[-2.83274199666624,53.9985182124721],[-2.82947148215909,54.0155470684916],[-2.82946955563562,54.0155971906884],[-2.82879587984821,54.033134784184],[-2.82867081919855,54.036392216644],[-2.8287478538128,54.0365456765627],[-2.83027564688904,54.0361955195143],[-2.83069345523384,54.0360998659878],[-2.83143256050391,54.0359302851378],[-2.831625528937,54.0358307556087],[-2.831246413161,54.0331178220274],[-2.83116070892338,54.032504403413],[-2.8315610980559,54.033115640408],[-2.83311719448733,54.0354909478613],[-2.83359865367194,54.0354340319637],[-2.83493572308925,54.0351270200525],[-2.83632732851683,54.0372070602242],[-2.83039227634381,54.0372939482694],[-2.83284329759136,54.0395122752432],[-2.83779491017494,54.0369874101684],[-2.83320166467442,54.0397920232618],[-2.83839556401831,54.0374676307651],[-2.83555002104243,54.0405387923053],[-2.83992889812756,54.0386873879294],[-2.8369552492757,54.0408552892139],[-2.84133867086051,54.0400617159044],[-2.83770272613224,54.0420275103551],[-2.84213660930257,54.0410798439875],[-2.84170749753467,54.0442373433606],[-2.84165701470598,54.0446087726128],[-2.84151072048131,54.0456851133999],[-2.83978574911757,54.046156924204],[-2.83956101384558,54.0462183911017],[-2.83653995282122,54.0470446118054],[-2.80871297533168,54.0546447503756],[-2.80381201252135,54.0527392687782],[-2.80279261142593,54.0525542258666],[-2.79962884486468,54.0519798738263],[-2.79901802153204,54.0523322685701],[-2.79591382727775,54.0541229872193],[-2.79512410412914,54.0567761292028],[-2.79504117000718,54.057054733747],[-2.79329700171989,54.0629132048356],[-2.79917822033039,54.0542550273201],[-2.79972077701791,54.0534560935738],[-2.79975367307338,54.0534076532368],[-2.79999617525011,54.0530505477296],[-2.80017355861072,54.0531021071733],[-2.80076312898292,54.0532734718584],[-2.80163759103237,54.0535276354313],[-2.8086648985209,54.0555826703159],[-2.83639170808769,54.0495025379358],[-2.83858901113081,54.0490308975148],[-2.83906763633909,54.0488109335472],[-2.85033295170146,54.041101368841],[-2.84555623081361,54.0429765870645],[-2.84421402236638,54.0395301820264],[-2.8480265547518,54.0414501283781],[-2.84879348199864,54.0390045904226],[-2.8405810206458,54.035980255423],[-2.84175327639489,54.0330446029336],[-2.84046598209496,54.0355756812783],[-2.83737300173027,54.0330752098885],[-2.83661034961266,54.0324585960203],[-2.84121357614026,54.0285374944201],[-2.83696314491045,54.0317820469107],[-2.83345946490196,54.0285213422197],[-2.83384316343098,54.0232941016937],[-2.84208183600727,54.0261100769921],[-2.8396090273525,54.0231695204612],[-2.8424744788115,54.0253694533846],[-2.8437497123138,54.0214112960492],[-2.83955452316125,54.0203109919132],[-2.84105286799586,54.0214220681911],[-2.83827184393106,54.0229406665688],[-2.83402531469271,54.0224057605046],[-2.83529829458474,54.0171544019406],[-2.83775235283041,54.0189745111719],[-2.83688807421533,54.0166544026486],[-2.83545339385882,54.0159831307681],[-2.83915431435531,54.0139378176327],[-2.83528853389484,54.0153722019604],[-2.83522372484665,54.010845607339],[-2.84153704239315,54.0097346787749],[-2.8381279608403,54.00843283647],[-2.84224185704825,54.0059486369935],[-2.85328814618409,54.0055579472873],[-2.84499809582905,54.0148621592792],[-2.86078154361331,54.0038741336739],[-2.86684350739029,54.0102504166495],[-2.87000016022753,54.0084203367823],[-2.86535223367674,54.0073869804774],[-2.86875385837698,54.0060232661171],[-2.86480627045939,54.0049732026246],[-2.87031978363958,54.003923152669],[-2.87263755927612,54.0076471139492],[-2.8754632204403,54.0048802452981],[-2.87191962037048,54.0027988988054],[-2.87634833714895,54.0014058949901],[-2.88104026035683,53.9894528386938],[-2.8839767800734,53.9947349692552],[-2.88899319154224,53.9959230169813],[-2.88421986220799,53.9943269605272],[-2.88610976793853,53.9910234988944],[-2.90022783303898,53.9920330964746],[-2.90374690080723,53.9984359165227],[-2.89693905517786,54.0007338093942],[-2.90067362844752,53.9998808130677],[-2.90694858608202,54.0070286521266],[-2.90341859421465,54.0205632911952],[-2.91741939860972,54.0277393656365],[-2.92442353253621,54.0313276877543],[-2.91875780124467,54.0324822403649],[-2.91752925006629,54.0327325409551],[-2.91258916601561,54.0337403129959],[-2.91241947640711,54.033762373673],[-2.9134587243537,54.0355470245379],[-2.91757673125385,54.0348817389707],[-2.92137080356394,54.0342685967559],[-2.91760227628922,54.0360380583448],[-2.91255132307545,54.038409189957],[-2.91166715167176,54.0385785727234],[-2.90602474249383,54.0396593231833],[-2.90574294516442,54.0455959196151],[-2.90571874088975,54.0461057458944],[-2.90551429042115,54.0484056292659],[-2.89713146464943,54.0492916623366],[-2.89294206540648,54.0578153349254],[-2.89276020903616,54.058185253964],[-2.88947834494135,54.0664521543838],[-2.88802983275172,54.0663242492079],[-2.8827531139095,54.0658581484143],[-2.8767795657774,54.0711820865917],[-2.8772698407265,54.0718799393219],[-2.87914977008389,54.0745555742443],[-2.87703741608652,54.0751318712125],[-2.86761105301408,54.0732617216292],[-2.85776054047242,54.0791850454242],[-2.85747459346053,54.0793569548501],[-2.84718123157456,54.0775427537758],[-2.82619662102057,54.0869000407816],[-2.82561070732242,54.0875965603503],[-2.82929591487395,54.0934564304806],[-2.821260704267,54.094187754571],[-2.82758159925819,54.0944379846667],[-2.82694730401757,54.0999769385455],[-2.80857983289409,54.1081475533264],[-2.79856546991138,54.1224032757587],[-2.79382182807416,54.126779454895],[-2.79290832507289,54.1276215671902],[-2.78507456194648,54.1350400464222],[-2.79354013238121,54.1285879085269],[-2.79463543589486,54.1277529175912],[-2.80477750537573,54.1313632797586],[-2.80184205554147,54.1259659518869],[-2.80592674309445,54.1226086979255],[-2.8207208101858,54.1229822654212],[-2.83051084412268,54.1346333649736],[-2.82800518954643,54.1435197584998],[-2.83698955523534,54.1422208725243],[-2.84183907590302,54.1496247329602],[-2.84186060862221,54.1496576006007],[-2.83700618000751,54.150632411812],[-2.83670029648754,54.1507261870464],[-2.86298466715629,54.1554874148312],[-2.86598971786357,54.1602850336433],[-2.86192151120038,54.1672482263765],[-2.869476779971,54.1766678427868],[-2.83721686204006,54.1741723998253],[-2.81562529218906,54.1821138566842],[-2.81633331257252,54.1898096122769],[-2.79922970282909,54.1977319345873],[-2.76823199124557,54.1859641124202],[-2.7493013600721,54.1889550104992],[-2.7343869846531,54.1841109642591],[-2.73623031349814,54.1709292733282],[-2.73648907076834,54.1690242512004],[-2.7086465282775,54.1638849502831],[-2.68797074104923,54.1646568661441],[-2.67984171291155,54.1611857006918],[-2.67579429704337,54.1637791257139],[-2.67264058684292,54.1747465653012],[-2.64773104311298,54.1873079616435],[-2.63993581265475,54.2020329750248],[-2.62495689056548,54.1955687280305],[-2.5760776553629,54.1955951825279],[-2.55075107607355,54.2002929901966],[-2.52006970421582,54.2164468198095],[-2.4996029755215,54.2195550020355],[-2.45958529173133,54.239568409589],[-2.46086273483392,54.2267161351685],[-2.47369902061277,54.2152819802746],[-2.47994013195092,54.2023289897773]]]]},"properties":{"FID":3,"PFA23CD":"E23000003","PFA23NM":"Lancashire","BNG_E":363725,"BNG_N":441045,"LONG":-2.55307,"LAT":53.86435,"GlobalID":"01229ade-cc0b-46a6-86eb-25707554d01d"}},{"type":"Feature","id":4,"geometry":{"type":"MultiPolygon","coordinates":[[[[-2.9581291854903,53.3325313303103],[-2.93469705824737,53.3132839114761],[-2.92879375710679,53.3084313606214],[-2.9317023798692,53.3060361408152],[-2.93960850114793,53.3103882157802],[-2.9466104729803,53.3055106421461],[-2.96803333271532,53.3012551090302],[-2.98016383262413,53.3046590246855],[-2.99273779101907,53.3071087574472],[-3.01283698795953,53.2989707963585],[-3.0297599832955,53.2989920983868],[-3.04839073978361,53.3109606082358],[-3.05965916378639,53.3090038482529],[-3.07264964621981,53.3158542739717],[-3.08292832558322,53.3108434843527],[-3.08871944190485,53.3083803000847],[-3.0887890396837,53.3083528868831],[-3.08971395989558,53.3080165916582],[-3.10682504584454,53.2985129618331],[-3.10902368391488,53.2972641282091],[-3.10945263802406,53.2970208335547],[-3.11072346158417,53.2962989587911],[-3.11640046670404,53.3032590622291],[-3.10697591409624,53.3021405417946],[-3.1158355236964,53.3048445968122],[-3.12001460946497,53.3098726364983],[-3.12034699014744,53.3116837892846],[-3.12234023235646,53.3225416722602],[-3.13788482132617,53.3337322840161],[-3.13873137858947,53.3342874055491],[-3.1387834553508,53.3343215540016],[-3.19057115642075,53.3682434476226],[-3.19085660224343,53.3685130044997],[-3.19851887570533,53.3757472172894],[-3.20036786484447,53.3875152769109],[-3.17760588455519,53.399727276904],[-3.14095753460276,53.4118615597619],[-3.14058325972016,53.4119387682062],[-3.11887667147798,53.4164140953626],[-3.11831396797343,53.4166185081997],[-3.08989577074459,53.4269357598586],[-3.06035393075803,53.4386503821942],[-3.05671380257696,53.4400930149974],[-3.04032032385677,53.4428974492803],[-3.03009573023227,53.4271235533651],[-3.02919844414884,53.4259222911431],[-3.0242566413351,53.4193049843474],[-3.02411903031801,53.4190914313562],[-3.01279318229124,53.401485795388],[-3.01277209262004,53.4014315081616],[-3.00677895826765,53.3859988216891],[-3.00674557484623,53.3859128272804],[-3.00654027620033,53.3853839773296],[-2.99560388724085,53.3684024377915],[-2.9953485042943,53.3680057165485],[-2.97318175985386,53.3530249615378],[-2.95826371765444,53.3326417736128],[-2.9581291854903,53.3325313303103]]],[[[-2.96459264777716,53.6934789851597],[-2.97148810101294,53.6921631685983],[-2.96294795680419,53.6928809928634],[-2.95830252070891,53.6875845229667],[-2.95405295878304,53.6913772967952],[-2.95732724900187,53.6910510203013],[-2.96228359433791,53.6938318960573],[-2.95523031951581,53.6964959958852],[-2.94678566949808,53.6880175645034],[-2.95249368084038,53.6822791433191],[-2.94430792803577,53.6791297013217],[-2.94743790976434,53.667349079144],[-2.94014344409029,53.6586105179298],[-2.94996691065078,53.652334723011],[-2.96035171759225,53.6387368205685],[-2.9677687350303,53.631063812608],[-2.98182313089385,53.6222051350477],[-2.99372060335681,53.6282712139918],[-2.99733351114873,53.6268856822318],[-3.01409852885323,53.6112770300311],[-3.03214816196609,53.5985295758887],[-3.03334247358097,53.5851199567735],[-3.02076851961264,53.5828144679727],[-3.02261999765623,53.5695979059684],[-3.04058876421592,53.5650025015243],[-3.03880921847238,53.5519052612333],[-3.04669858190109,53.5429583279102],[-3.03869227260379,53.5383196735358],[-3.0249687110196,53.5390351568548],[-2.99152279024508,53.5229916167751],[-2.98253158836726,53.5195458562607],[-2.97294331797047,53.515446223188],[-2.96414278382269,53.5186060585147],[-2.96299739210608,53.522902947947],[-2.97843485976422,53.5427748408611],[-2.97727810557614,53.5462271571007],[-2.96581743565751,53.547815787708],[-2.94197921534295,53.5409977328778],[-2.92300940751067,53.5252200416144],[-2.9167431458684,53.5232584092693],[-2.88168765511613,53.5205229063537],[-2.89221075756535,53.5111658485376],[-2.88796343716735,53.5038459487926],[-2.8733324381136,53.5000393442095],[-2.87106727964209,53.4949970306909],[-2.86147780265081,53.491079155645],[-2.8498364247934,53.4931391719091],[-2.84393760325957,53.4902111653469],[-2.84442114863858,53.4841303885114],[-2.82557439672137,53.4827816876111],[-2.82496446472737,53.4852092183637],[-2.81989413514422,53.4965071166524],[-2.82251985865447,53.5051275196076],[-2.81661562875716,53.5122823190085],[-2.79468691350158,53.5212427111978],[-2.78241843727573,53.5313725102927],[-2.76887248377879,53.5135714632915],[-2.75983151753041,53.5125371396811],[-2.73041764234419,53.5205813695297],[-2.72297042228153,53.5099973415496],[-2.71001428642556,53.514579581894],[-2.70547801842094,53.5047860170573],[-2.6802304310935,53.4995160763038],[-2.66625784019626,53.4997405713006],[-2.66293723267581,53.4927968091888],[-2.65591536103095,53.4903392339782],[-2.64553701039882,53.4802712179812],[-2.6172774050545,53.4817788538397],[-2.61213826687326,53.4811380896381],[-2.60786342802793,53.4708277457411],[-2.61454855861117,53.4703612396504],[-2.61676050086672,53.4662385525615],[-2.61311107399062,53.4617748312502],[-2.59971900513336,53.4610683959815],[-2.5969290962343,53.4568367267865],[-2.5842007219927,53.4541157648733],[-2.58332834839096,53.4489714586888],[-2.57666478059629,53.4460852723695],[-2.58459660204443,53.4403931193131],[-2.59868492292473,53.4504137668611],[-2.59623052707265,53.4426662920949],[-2.61142278863851,53.4422747291982],[-2.62746241529418,53.4344126014984],[-2.63240763352287,53.4416601131834],[-2.63953996292212,53.4444221048746],[-2.67066071166407,53.4499259630296],[-2.67340823540758,53.4525820747726],[-2.67718566874228,53.4527529101948],[-2.68216821804619,53.439234354553],[-2.66877171593441,53.4410440822538],[-2.67526772503103,53.4329653036686],[-2.66385244965812,53.429666601595],[-2.67231979392623,53.4220246987342],[-2.66685618525226,53.4162639464065],[-2.67187659973144,53.4152866041509],[-2.67213625736214,53.4118074181129],[-2.67137698551968,53.4001739918693],[-2.67599665709512,53.3950099044651],[-2.67631721273559,53.387619364298],[-2.69063279918862,53.385388218671],[-2.70504209247834,53.3867457537127],[-2.71280344145918,53.3906260074612],[-2.71522678914772,53.399034898825],[-2.73094442736209,53.3999930694475],[-2.73444795485149,53.4005469196793],[-2.74517463855405,53.4020956455745],[-2.74339554539956,53.3952851536609],[-2.75064785695542,53.3937880954135],[-2.74814169744091,53.3885013582119],[-2.76027072807112,53.3843356507503],[-2.75765407352424,53.3807378692108],[-2.77207816320764,53.3829645053791],[-2.78128290679179,53.3716916289297],[-2.78475915792755,53.360791911102],[-2.78482299135669,53.3607229554915],[-2.78730169890451,53.3562903945768],[-2.80906433171471,53.3550813794938],[-2.81880693241227,53.3480007070517],[-2.81873167222311,53.3398033323074],[-2.83233934882774,53.3372862543451],[-2.82565377537196,53.3318318630163],[-2.82575690218936,53.3318139393809],[-2.82666108251466,53.3316567904658],[-2.83641028510294,53.3270180221655],[-2.85497271766899,53.3274716906758],[-2.8781584032105,53.3341988129017],[-2.88225551493409,53.3361820526316],[-2.90271948689426,53.3460829284945],[-2.90986934033261,53.3495402475937],[-2.91033766494538,53.3498276738672],[-2.91613103666373,53.3533980302289],[-2.92241081028017,53.3572671486057],[-2.92382253603583,53.3578679267488],[-2.94393943702948,53.3664252588191],[-2.94476955672841,53.3667782274517],[-2.94573600345657,53.3671902358264],[-2.96799886507509,53.3753289136876],[-2.9692998574906,53.3758042866466],[-2.98379771774959,53.3857015856591],[-2.98497258192719,53.386503354574],[-2.99506094505106,53.4009260900531],[-2.99597825709121,53.4023119150111],[-3.00176306297194,53.4110490226558],[-3.00187532829115,53.4114881526164],[-3.00194461342193,53.411759162234],[-3.00858034567406,53.4376980776964],[-3.00862063658468,53.4378554716704],[-3.0087553041663,53.4383815403633],[-3.02355445278711,53.4562313440767],[-3.02777180138069,53.4551243437693],[-3.03448938813595,53.4599625934749],[-3.03639476880796,53.4614352571849],[-3.03653479236383,53.461550346347],[-3.04042291475171,53.4647457960478],[-3.04145607648159,53.4656287466038],[-3.0375828033773,53.4684663786472],[-3.04340776465592,53.4778866401256],[-3.05480979258477,53.492061615499],[-3.06506183003855,53.5047971855252],[-3.06403357007708,53.5104953155597],[-3.06396809376324,53.5113194244299],[-3.06273854047787,53.5267895894037],[-3.06269259750895,53.5273674156352],[-3.0640893032736,53.5306079695072],[-3.06336604194473,53.5264735577272],[-3.07092871468224,53.5215401351518],[-3.07912018706587,53.5261448843826],[-3.08540285046902,53.5337457716427],[-3.10147987878623,53.5408076722762],[-3.10546969372255,53.551515121877],[-3.10051940107972,53.5693935583247],[-3.08612380546461,53.5873528567882],[-3.06211528619626,53.6101700240104],[-3.06198502006421,53.6103458682636],[-3.04272333876982,53.6363293791139],[-3.03115105370248,53.6476501016393],[-3.01780002231058,53.6541759088142],[-3.01765963216288,53.6543291635083],[-3.00319787554834,53.670109250229],[-3.00641633416462,53.671336109774],[-3.01095129838762,53.6669761690439],[-3.01500641637631,53.6721798090291],[-3.01560673548138,53.6729500327362],[-3.01409163674866,53.6791290336072],[-3.00236758960063,53.67695728702],[-2.98790424659545,53.6846530894819],[-2.98297340033182,53.6825365287523],[-2.98846018151549,53.6873774162755],[-2.98468573864038,53.6897356976541],[-2.9804478745622,53.6867117224675],[-2.98015544013815,53.6890219636123],[-2.98007033947605,53.6897464517317],[-2.97714577059521,53.6965349900239],[-2.96527621527027,53.6982022377334],[-2.96459264777716,53.6934789851597]]]]},"properties":{"FID":4,"PFA23CD":"E23000004","PFA23NM":"Merseyside","BNG_E":344345,"BNG_N":390165,"LONG":-2.83861,"LAT":53.40536,"GlobalID":"f22738bd-0c44-4937-9b3a-ca1ca548f45a"}},{"type":"Feature","id":5,"geometry":{"type":"Polygon","coordinates":[[[-2.13412727234523,53.6857340281759],[-2.12538675248139,53.6748383455378],[-2.11410455089095,53.6711191129124],[-2.08726453572912,53.6707514015823],[-2.08307752388252,53.6781042613117],[-2.0733456932543,53.6775118164612],[-2.05671364043473,53.6830520723641],[-2.05124217318775,53.6836917577465],[-2.0507343300015,53.679516103231],[-2.05485761475015,53.6756629222492],[-2.05291768111001,53.6703167293935],[-2.03570938831999,53.659327666018],[-2.04158005921817,53.6424873391294],[-2.02999663899538,53.6361692639832],[-2.0308867011242,53.6292400378947],[-2.02681574056412,53.6241671452053],[-2.02303595762586,53.6158394760088],[-2.00947078713106,53.6167795102388],[-1.98164621160679,53.5893378433976],[-1.94810941608059,53.5728482007354],[-1.94272585126694,53.5616412932109],[-1.92752155724135,53.554637474598],[-1.92566597193519,53.5531893004416],[-1.9128846428011,53.5516436140542],[-1.90962083195551,53.5383909856456],[-1.92244468164089,53.5308150611647],[-1.92678065561025,53.5209487487883],[-1.91676643607638,53.5144957591151],[-1.92197284577495,53.5099546839903],[-1.95133267475833,53.504198837989],[-1.96338598926022,53.5098272597675],[-1.97271965323536,53.5024861294823],[-1.97427777091406,53.4883844180113],[-1.98739900736179,53.4815760079419],[-1.98868200213618,53.4746834175865],[-1.98153249272799,53.4645050562824],[-1.98742978267746,53.4589033064686],[-1.98690112931495,53.4543163392669],[-1.99821418115247,53.4457724806796],[-2.00830558547645,53.4414522450963],[-2.00421605197447,53.4359217849539],[-2.01365546338078,53.4398832337553],[-2.02732262238544,53.4324005859086],[-2.0262554175393,53.4298651605263],[-2.01972433303058,53.4251186784672],[-2.02370962953136,53.4205517125975],[-2.0136971820304,53.4158901088998],[-1.99232947055908,53.415193132135],[-2.00505225890324,53.3905393748227],[-2.00464286724195,53.3863272765984],[-2.01971446141798,53.3805954637866],[-2.01708408317754,53.377832755443],[-2.02199563874542,53.3759578030538],[-2.026208991537,53.3736181406119],[-2.03377543264394,53.3755415688756],[-2.031058463243,53.3702623852066],[-2.04056362489501,53.3740877654935],[-2.05532046861855,53.3668911466548],[-2.06083327314589,53.3584355058922],[-2.07861781966565,53.3581729648138],[-2.09509196256743,53.3660679174173],[-2.10393844440773,53.3660407374066],[-2.11440917787734,53.3646204982886],[-2.12429495656311,53.3619670662243],[-2.13902531020559,53.3673170106985],[-2.138196731806,53.3568913113947],[-2.14253276678546,53.3541895805722],[-2.15119059702052,53.3481331344542],[-2.14409931007101,53.3428710065711],[-2.15000843800523,53.3382974869482],[-2.15253543959371,53.3285532746746],[-2.15955463565279,53.3281895586061],[-2.18487676886287,53.3326914188513],[-2.19416286501527,53.3386504401553],[-2.18097727745663,53.3440438002352],[-2.18801518077824,53.3487366188973],[-2.18543826739703,53.3526515823381],[-2.20041795025129,53.3552449833875],[-2.20846453386188,53.3550043998295],[-2.20740953122584,53.3567986103678],[-2.22222420349714,53.3597812523082],[-2.23298161296768,53.3587951819181],[-2.24079008412411,53.3595742660885],[-2.25644728585402,53.3606768403736],[-2.2670766725644,53.35057345664],[-2.28064008262799,53.3459688961147],[-2.28793283293562,53.3430886280865],[-2.30166163948606,53.3402241845392],[-2.29701253705802,53.3486474595166],[-2.31401249663183,53.3574304165407],[-2.32347548366332,53.3582770636806],[-2.32452509672031,53.3614557609472],[-2.32868723041706,53.360640341265],[-2.34009023739994,53.3674437781416],[-2.34889246331136,53.3659099894818],[-2.35395823930061,53.3682285345654],[-2.36495745612687,53.3631006303897],[-2.38472948085349,53.3700523588556],[-2.40070250716847,53.375245869941],[-2.40803672973272,53.3828157283235],[-2.42658992510444,53.3874615160331],[-2.44839398023485,53.3948082545104],[-2.45856130739403,53.392988545375],[-2.46589799976057,53.3947764816509],[-2.47102635831352,53.3923311089309],[-2.47843960282684,53.3962132282149],[-2.46597670462298,53.4007478647182],[-2.45368136449011,53.4132128395358],[-2.44937818830286,53.4158914433775],[-2.45154359595958,53.4267090601426],[-2.46172387799054,53.4363687322586],[-2.46769963082216,53.4374429407529],[-2.47815332906477,53.4434174881107],[-2.47598650909522,53.4482376769498],[-2.48971382174961,53.4602822965361],[-2.48914550962129,53.475848175778],[-2.4963344588829,53.4809294210487],[-2.53644594124516,53.4715040509516],[-2.55263854410147,53.4678134060186],[-2.54908962869768,53.4615115557556],[-2.57032006670683,53.4585336791558],[-2.57666478059629,53.4460852723695],[-2.58332834839096,53.4489714586888],[-2.5842007219927,53.4541157648733],[-2.5969290962343,53.4568367267865],[-2.59971900513336,53.4610683959815],[-2.61311107399062,53.4617748312502],[-2.61676050086672,53.4662385525615],[-2.61454855861117,53.4703612396504],[-2.60786342802793,53.4708277457411],[-2.61213826687326,53.4811380896381],[-2.6172774050545,53.4817788538397],[-2.64553701039882,53.4802712179812],[-2.65591536103095,53.4903392339782],[-2.66293723267581,53.4927968091888],[-2.66625784019626,53.4997405713006],[-2.6802304310935,53.4995160763038],[-2.70547801842094,53.5047860170573],[-2.71001428642556,53.514579581894],[-2.72297042228153,53.5099973415496],[-2.73041764234419,53.5205813695297],[-2.71783520038214,53.5273092243661],[-2.71452753541025,53.5383270697492],[-2.71855035626915,53.543550125358],[-2.70473810083237,53.5618604777489],[-2.71638823755863,53.5713060207564],[-2.71922262231971,53.5761141804378],[-2.71034358999972,53.585117030067],[-2.70006962363831,53.5912133599765],[-2.6933090298715,53.5894747413824],[-2.69048507574647,53.6023559016459],[-2.68945573934377,53.6042795350633],[-2.65937035040167,53.6036477513567],[-2.63616105877765,53.6082906379887],[-2.63128335017892,53.6052180362486],[-2.62593620171468,53.593695551428],[-2.61737879251725,53.5958486284029],[-2.61513874535198,53.6028632093918],[-2.59593751793407,53.6107915534533],[-2.58306511412359,53.6046950772838],[-2.57400347666306,53.5942907710536],[-2.5595205133985,53.598942514443],[-2.55661382600303,53.603657334136],[-2.51132292934796,53.6269949658169],[-2.51041105701713,53.62636159111],[-2.47299283803697,53.6166318726828],[-2.46601942868202,53.621699020922],[-2.4537808878436,53.621974421123],[-2.45828927754248,53.6246312130173],[-2.45065332561499,53.627810559201],[-2.45027035776665,53.6414320684687],[-2.43872438284017,53.6460454477622],[-2.42614374089195,53.6350102699287],[-2.42585341472569,53.6258594368514],[-2.41992826099158,53.6236098740786],[-2.40537554735878,53.6251432008862],[-2.40120935798549,53.6245990596311],[-2.39784578147011,53.6322081789916],[-2.37912645804028,53.6308524479524],[-2.37044240532623,53.6315893529705],[-2.36866082702589,53.6369510997719],[-2.3724375226974,53.6423432496856],[-2.36700915951826,53.6450115535173],[-2.36264954975664,53.6559199377865],[-2.37123619444388,53.667080653593],[-2.3555698327065,53.6645072928127],[-2.35333854602095,53.6584829010405],[-2.32530257530169,53.6554129547988],[-2.31558261392264,53.6550552462198],[-2.29900613061694,53.6667094526584],[-2.2937918859435,53.6579298897173],[-2.29770144578406,53.6517682668781],[-2.29576696020332,53.6414504554327],[-2.28994634825133,53.6352349880512],[-2.28285317435642,53.6202632672166],[-2.27255052543859,53.6185123335402],[-2.27176557607027,53.6144780078308],[-2.25799492372337,53.6164535441259],[-2.25679062940177,53.6204421031094],[-2.26292689123313,53.6249611432406],[-2.26992520624279,53.6460572697937],[-2.26135756420874,53.6541681429454],[-2.23657496385011,53.6670071601405],[-2.22582386832174,53.6707678509549],[-2.21772889962318,53.6689807379166],[-2.21522816021339,53.6671235928991],[-2.20524689197271,53.6543615209364],[-2.18958425633275,53.6480253601104],[-2.18240718357035,53.6482576143005],[-2.18046782729017,53.6405496138461],[-2.18539583912308,53.6382240918869],[-2.16113585213551,53.6422484490327],[-2.16416780330852,53.6533738793254],[-2.15854301269946,53.6606751916789],[-2.14632807589576,53.6822315285494],[-2.14225755110277,53.6780058080643],[-2.13412727234523,53.6857340281759]]]},"properties":{"FID":5,"PFA23CD":"E23000005","PFA23NM":"Greater Manchester","BNG_E":377929,"BNG_N":401095,"LONG":-2.33423,"LAT":53.50609,"GlobalID":"922c18f1-0f91-48cf-9384-41b295c279f5"}},{"type":"Feature","id":6,"geometry":{"type":"Polygon","coordinates":[[[-2.47815332906477,53.4434174881107],[-2.46769963082216,53.4374429407529],[-2.46172387799054,53.4363687322586],[-2.45154359595958,53.4267090601426],[-2.44937818830286,53.4158914433775],[-2.45368136449011,53.4132128395358],[-2.46597670462298,53.4007478647182],[-2.47843960282684,53.3962132282149],[-2.47102635831352,53.3923311089309],[-2.46589799976057,53.3947764816509],[-2.45856130739403,53.392988545375],[-2.44839398023485,53.3948082545104],[-2.42658992510444,53.3874615160331],[-2.40803672973272,53.3828157283235],[-2.40070250716847,53.375245869941],[-2.38472948085349,53.3700523588556],[-2.36495745612687,53.3631006303897],[-2.35395823930061,53.3682285345654],[-2.34889246331136,53.3659099894818],[-2.34009023739994,53.3674437781416],[-2.32868723041706,53.360640341265],[-2.32452509672031,53.3614557609472],[-2.32347548366332,53.3582770636806],[-2.31401249663183,53.3574304165407],[-2.29701253705802,53.3486474595166],[-2.30166163948606,53.3402241845392],[-2.28793283293562,53.3430886280865],[-2.28064008262799,53.3459688961147],[-2.2670766725644,53.35057345664],[-2.25644728585402,53.3606768403736],[-2.24079008412411,53.3595742660885],[-2.23298161296768,53.3587951819181],[-2.22222420349714,53.3597812523082],[-2.20740953122584,53.3567986103678],[-2.20846453386188,53.3550043998295],[-2.20041795025129,53.3552449833875],[-2.18543826739703,53.3526515823381],[-2.18801518077824,53.3487366188973],[-2.18097727745663,53.3440438002352],[-2.19416286501527,53.3386504401553],[-2.18487676886287,53.3326914188513],[-2.15955463565279,53.3281895586061],[-2.15253543959371,53.3285532746746],[-2.15000843800523,53.3382974869482],[-2.14409931007101,53.3428710065711],[-2.15119059702052,53.3481331344542],[-2.14253276678546,53.3541895805722],[-2.138196731806,53.3568913113947],[-2.13902531020559,53.3673170106985],[-2.12429495656311,53.3619670662243],[-2.11440917787734,53.3646204982886],[-2.10393844440773,53.3660407374066],[-2.09509196256743,53.3660679174173],[-2.07861781966565,53.3581729648138],[-2.06083327314589,53.3584355058922],[-2.05532046861855,53.3668911466548],[-2.04056362489501,53.3740877654935],[-2.031058463243,53.3702623852066],[-2.03410654547034,53.3677953642894],[-2.02704598765493,53.3637115925575],[-2.0218055199272,53.3667782302738],[-2.00904863149536,53.3620077507348],[-2.00806522440504,53.3549666995284],[-2.00465983481896,53.3460096593325],[-2.01431920100564,53.3400585117504],[-2.01364994432454,53.3324201557635],[-2.00928300059074,53.3313885877341],[-2.01026597066413,53.3228970354063],[-2.00155104700482,53.3189218118205],[-2.00932914808122,53.3023141537925],[-2.00813437677626,53.2874882734792],[-2.00519729687241,53.2690399512811],[-2.0094248420728,53.2606147227429],[-2.00035518473734,53.2554017561729],[-1.9997102595907,53.2450201354016],[-1.98190271551104,53.238560507728],[-1.97482743779671,53.2308201510558],[-1.9759001975315,53.2275890305528],[-1.99024867768893,53.223022290227],[-1.98737982955689,53.2136037465838],[-2.00174927099309,53.1929557232904],[-2.01823167804833,53.189084530687],[-2.02858093981241,53.193372064919],[-2.04610965363786,53.1927771374014],[-2.05931749425628,53.1808356257999],[-2.05790374424751,53.1764590671589],[-2.07810071954617,53.1704155959834],[-2.0873983934952,53.1698365817316],[-2.0905607028178,53.1722382917365],[-2.10038095023658,53.1695664953904],[-2.11543228686677,53.1695365613525],[-2.11440593286975,53.1725770918065],[-2.12794651087515,53.1746481367747],[-2.13374418119402,53.1830396487522],[-2.14073970312318,53.1836007697515],[-2.14486585803342,53.1737677937403],[-2.14141084525282,53.1566523912043],[-2.15564486007666,53.1596189573796],[-2.15954293648532,53.1529060916312],[-2.1732802262854,53.1476049263659],[-2.18629712117439,53.136219378502],[-2.18653381017354,53.1359772700971],[-2.19350962891906,53.1296206483469],[-2.2113149262639,53.1158244632179],[-2.22307362111558,53.1037952179024],[-2.23795141697789,53.1010471437637],[-2.24650870143613,53.0902166568888],[-2.25324849091567,53.0939769926235],[-2.25589895456444,53.0906741590456],[-2.2770593354098,53.085911608554],[-2.27528900821487,53.0821891307371],[-2.28169021668553,53.0803160695046],[-2.29446090281441,53.0782958447336],[-2.30339645880176,53.0829611879324],[-2.31672798268146,53.0811150710968],[-2.32900939016106,53.0765798955192],[-2.33051505526749,53.0708604516159],[-2.34859444338724,53.0558257563933],[-2.35164556263916,53.0572900254457],[-2.35168051461553,53.0573681833599],[-2.35167520266234,53.0574401033093],[-2.35667986571572,53.0582152865446],[-2.36105942736563,53.0541578278047],[-2.37505980292515,53.0545307194747],[-2.38512366576312,53.0480909963744],[-2.3821591456346,53.0458496945839],[-2.38617066041113,53.0335638314002],[-2.37978504906831,53.0275914177364],[-2.38422739108102,53.0261675772583],[-2.37046780521562,53.0145758519325],[-2.38304468514478,53.0077867854542],[-2.38079367936827,52.9984110613486],[-2.38973475249817,52.9953922023089],[-2.40698671538335,52.9959166235157],[-2.40447509904863,52.9916535761207],[-2.41086210522397,52.9879253157336],[-2.43816862955627,52.9855677220219],[-2.43466847192472,52.9695572514768],[-2.44299126881095,52.9707813194992],[-2.45026456170226,52.9660541975956],[-2.47523842807287,52.9624761520618],[-2.48113332913399,52.9588365842155],[-2.4917008089993,52.9676840784677],[-2.49902312961341,52.9684347473606],[-2.50689718718958,52.964912612579],[-2.52133205918769,52.9743455397525],[-2.52328068180159,52.9543552864447],[-2.52951582206291,52.9471648765937],[-2.54635522864471,52.9568377021642],[-2.5536974510078,52.9574662044934],[-2.56126288258472,52.9649521042076],[-2.57349244635109,52.9627164248892],[-2.57029254408744,52.9597428330896],[-2.57814373223453,52.9557288904617],[-2.58620298549954,52.9553144340219],[-2.5890959475342,52.9586496129545],[-2.59769347128031,52.9630059890586],[-2.59844664203957,52.9717182394102],[-2.59275619461528,52.9741694704706],[-2.59962988507348,52.9754329316325],[-2.59488906784906,52.9796071465965],[-2.60567940537261,52.979395099135],[-2.60773406479019,52.9883621463089],[-2.62194000405297,52.9867422315979],[-2.6280281628417,52.99516898555],[-2.63507452063149,52.9967342119995],[-2.64280514793621,52.9934806728437],[-2.65235683870577,52.9949944619321],[-2.67466228547344,52.9856628094808],[-2.6870784850997,52.9868304768235],[-2.69929243706707,52.9954387977652],[-2.71187868342735,52.9860844160473],[-2.7268406065337,52.9832729453915],[-2.74374138657614,52.9871475198594],[-2.75853190568822,52.9861301765386],[-2.76676378969471,52.9946463708054],[-2.78047332312212,52.9940457963361],[-2.78158649081235,52.9942219216374],[-2.78114175951268,52.9946751760903],[-2.78130963752937,52.9948970406265],[-2.78121528095181,52.994950683413],[-2.78163849583475,52.9952850079999],[-2.78110254287502,52.9954764404088],[-2.78110135861285,52.9954108443499],[-2.78084278961119,52.9955275717176],[-2.78123760135893,52.9956085628272],[-2.78070029672255,52.9957254108322],[-2.78070164254517,52.9957999935837],[-2.7809256620009,52.9959945309309],[-2.78092075752214,52.9961311644601],[-2.78372513302553,52.995414277748],[-2.78372265688536,52.9954403555669],[-2.78386220998979,52.995576039266],[-2.78362114140958,52.9957565548776],[-2.78397666693747,52.9956418784865],[-2.78395448188658,52.9954073764321],[-2.78396394498229,52.995353392296],[-2.78391259749404,52.9952314179317],[-2.78441575627381,52.9950411762185],[-2.78408750975426,52.9946881732417],[-2.78453561703833,52.9944228040454],[-2.78442854163774,52.9943506240208],[-2.78500209987467,52.9941886730171],[-2.78500133358494,52.994146439917],[-2.78485595606949,52.99393341982],[-2.79180299139808,52.9944914847998],[-2.7914935044954,52.9943479557323],[-2.79220917385733,52.9941328068048],[-2.79216647532139,52.994081866243],[-2.79216469669654,52.9939847302831],[-2.7942559437971,52.992813897922],[-2.79228485505763,52.9920808565666],[-2.79229067806242,52.9921572951406],[-2.79199596101812,52.9919273055136],[-2.79211800387916,52.9917565483636],[-2.7918430690049,52.9914662130615],[-2.79192058620928,52.9913929024627],[-2.79179266914843,52.9913164653595],[-2.79472754477314,52.9910766268793],[-2.79472239292058,52.9912843491835],[-2.79727027119304,52.9912214690456],[-2.79724974614019,52.9910741316551],[-2.79761634539974,52.9905979715551],[-2.79716761264963,52.990583005364],[-2.79768038172762,52.9901138645354],[-2.79758383527006,52.9899671258327],[-2.79809813885564,52.9896616255536],[-2.79804314342445,52.9895900980253],[-2.80017210499421,52.9901600407869],[-2.80004763279064,52.9903568834058],[-2.80063158022207,52.9907556602442],[-2.80059461390996,52.9905303378868],[-2.80100041631125,52.9905617567874],[-2.80077798618745,52.9907816353652],[-2.80181259717633,52.9907351234783],[-2.80170526795782,52.9904913136273],[-2.80211432644449,52.9904597967346],[-2.80206884074995,52.9905770228905],[-2.80321861256679,52.9895948083319],[-2.80330964102896,52.9895989956269],[-2.80342005901847,52.9896150159896],[-2.83361314955802,52.9968441499674],[-2.83387298951252,52.9967237008863],[-2.84406201373811,53.0176683661674],[-2.85861696216635,53.0198376113779],[-2.86043466056566,53.0283959204701],[-2.86039549662602,53.028522110338],[-2.85571506741516,53.0372559033468],[-2.86187298241954,53.0386038782474],[-2.8667042511445,53.04056261143],[-2.86160123755242,53.0438251557334],[-2.87011791101549,53.045360592318],[-2.86311870843391,53.0486225771201],[-2.86342001402353,53.0521244389242],[-2.86834048155913,53.0500624758705],[-2.8660908449665,53.052736080711],[-2.85923562405487,53.0541647951744],[-2.86709331211026,53.0567407403889],[-2.86095963670318,53.0576455767147],[-2.87256273722493,53.0587080446341],[-2.86151314240195,53.0607743450991],[-2.87043378383573,53.0641918731755],[-2.86550863241197,53.0660210930051],[-2.86935778825608,53.0697442536241],[-2.87765277501084,53.0689202201566],[-2.8753627035755,53.0733013676065],[-2.88175073390281,53.0745944781085],[-2.87572225442175,53.081522027628],[-2.89105116344755,53.0875109717907],[-2.89357617271463,53.0915524651516],[-2.90094374755769,53.0908335333307],[-2.8993999877082,53.0979251298912],[-2.89483798746909,53.0988144087114],[-2.89781982506262,53.0964151777377],[-2.893486745639,53.0962418988307],[-2.88730377718142,53.1044224586068],[-2.89337950720479,53.1041766141599],[-2.89171593461695,53.1093946601088],[-2.88387882843162,53.1113435253937],[-2.88094231782242,53.1213747331969],[-2.88649976236547,53.1213837999082],[-2.89700150898169,53.1139942763899],[-2.91023233565262,53.1126389633283],[-2.92083628700424,53.1184237764425],[-2.94367033475339,53.1216257321628],[-2.94690567901902,53.1272704111146],[-2.96381312518341,53.1327575241621],[-2.97949802680966,53.1506216451438],[-2.98456488845346,53.1477796892233],[-2.99292900752875,53.1532880706437],[-2.98995676868437,53.157542366361],[-2.98149190787267,53.156291906583],[-2.97092595816805,53.1607823999691],[-2.96299120891791,53.1619030291799],[-2.96268672681295,53.1619765834382],[-2.94480125443191,53.1658595258329],[-2.94030431761433,53.1667416604572],[-2.92784057008542,53.1714106890062],[-2.9279508326589,53.171557916167],[-2.92031921283668,53.1794297154091],[-2.92039540005886,53.1825735745483],[-2.92036056770696,53.1828309529495],[-2.92229929317117,53.1892926708204],[-2.93584045306419,53.1966338123697],[-2.93728878837852,53.1976310037921],[-2.94373216295696,53.2040039093116],[-2.94367574127496,53.2040259240106],[-2.94604813610319,53.2067919901173],[-2.949510091719,53.21127971505],[-3.01223734302269,53.2420817797559],[-3.01218681459194,53.2421603915381],[-3.01642307999594,53.2441217031611],[-3.02590523620471,53.2484562322812],[-3.03606321915262,53.2518064397795],[-3.04867070154157,53.2522094841413],[-3.05062738299724,53.2522960470774],[-3.06111635760503,53.2527195863007],[-3.07442455878248,53.253707521531],[-3.08242434457176,53.2555051740848],[-3.09175424866415,53.2597154966722],[-3.09179100353784,53.2597352294722],[-3.09190251434086,53.2598042613773],[-3.09216577343979,53.2599742410967],[-3.09580623644781,53.26237833571],[-3.09620524328538,53.2626885588222],[-3.09735539799515,53.2635750270773],[-3.0974437478442,53.2636432007398],[-3.09952850634629,53.2653505364021],[-3.10135434964126,53.2669179025104],[-3.09667976349802,53.2723214107652],[-3.09250115087244,53.2697618741975],[-3.09205859703414,53.2667300711989],[-3.09173814836274,53.2645344585363],[-3.08413830615183,53.2623386090003],[-3.09159183431844,53.2646769348455],[-3.08958625153422,53.2673488874832],[-3.08114980786968,53.2631549370455],[-3.08973893279291,53.2680595409955],[-3.09085610358807,53.2686973436923],[-3.08896346943702,53.2713385895141],[-3.08705511544319,53.2695975625034],[-3.0842986285646,53.267082463528],[-3.08488588405264,53.2708405667018],[-3.08493208980761,53.2711362255281],[-3.08456112853422,53.2710266483979],[-3.07805966166501,53.2691059150834],[-3.08414276335973,53.2712663649044],[-3.08794931921777,53.2726180149072],[-3.09236398972628,53.2761427801299],[-3.08492174992992,53.2745180528021],[-3.084662025216,53.2746813663286],[-3.0918170388319,53.278336659198],[-3.07900923684945,53.2782276520373],[-3.07754332117356,53.2750471975523],[-3.07707704427367,53.274035456321],[-3.07737910610625,53.2751412641594],[-3.07833738667489,53.2786490028083],[-3.07752091342265,53.2791616126441],[-3.07348352880117,53.277372548452],[-3.06417584218527,53.2732469871019],[-3.07303564325734,53.2776290617271],[-3.07690965474085,53.2795446637095],[-3.08159658541842,53.2813261190591],[-3.08387992049288,53.279450916205],[-3.090638569932,53.2845337996567],[-3.08374043581996,53.2900567310804],[-3.09631390662565,53.2843325376965],[-3.09335287456405,53.2880893407692],[-3.09890000061901,53.2867915471371],[-3.09771016877136,53.2901761185649],[-3.10119497040552,53.2869025179515],[-3.1045388947079,53.2887108071038],[-3.10131001064997,53.2907308321801],[-3.10844948283661,53.2903222363262],[-3.10336127830915,53.2914472519227],[-3.10958475197974,53.293143269858],[-3.09639621731371,53.2942234725576],[-3.10376176398004,53.2952854762637],[-3.09665622890249,53.2971686376886],[-3.10598338497347,53.2952100653822],[-3.10353737098162,53.2991501955713],[-3.10902368391488,53.2972641282091],[-3.10682504584454,53.2985129618331],[-3.08971395989558,53.3080165916582],[-3.0887890396837,53.3083528868831],[-3.08871944190485,53.3083803000847],[-3.08292832558322,53.3108434843527],[-3.07264964621981,53.3158542739717],[-3.05965916378639,53.3090038482529],[-3.04839073978361,53.3109606082358],[-3.0297599832955,53.2989920983868],[-3.01283698795953,53.2989707963585],[-2.99273779101907,53.3071087574472],[-2.98016383262413,53.3046590246855],[-2.96803333271532,53.3012551090302],[-2.9466104729803,53.3055106421461],[-2.93960850114793,53.3103882157802],[-2.9317023798692,53.3060361408152],[-2.92879375710679,53.3084313606214],[-2.92876393030535,53.3084068385263],[-2.92857185482182,53.308248927435],[-2.91477813940676,53.3056605864809],[-2.9046509522151,53.2994660701186],[-2.90362636993272,53.2988392126688],[-2.90169861259955,53.2976987511588],[-2.90053434197305,53.2970099227782],[-2.88684359440741,53.293160768456],[-2.87838965649441,53.2907828192051],[-2.85556823597895,53.2920219410742],[-2.85396195212893,53.2952784840666],[-2.83960109526843,53.2987369169366],[-2.84828815838519,53.3021146733661],[-2.84774599999753,53.3062552630137],[-2.84299741520689,53.307536579453],[-2.81595602191875,53.306163153207],[-2.79095732295569,53.2962416085681],[-2.78896613468561,53.295450918772],[-2.75279179802408,53.3145695935098],[-2.75248091389742,53.314733779232],[-2.76337770508361,53.3275497074317],[-2.75784091669664,53.3354790091725],[-2.7595309070958,53.3359889022083],[-2.75875580095224,53.3384281642098],[-2.758495118741,53.3386907619262],[-2.75377295712957,53.3434470186141],[-2.7433520356453,53.3453418063951],[-2.73608877904364,53.3450588472399],[-2.73604430180679,53.345057113119],[-2.72197834310191,53.3445076355997],[-2.72095776255916,53.3450610544277],[-2.6995157370485,53.3566828463273],[-2.67797176901121,53.3547102044295],[-2.67518815433053,53.3544550291597],[-2.66614155553677,53.3576986420879],[-2.66397757100118,53.3672487970184],[-2.65676840870564,53.3740985813598],[-2.64232731192839,53.372462058128],[-2.63819424545003,53.3776168258268],[-2.62173022885747,53.3750249680143],[-2.63896366036029,53.3784037289121],[-2.64568645711708,53.3739378759682],[-2.65429959617039,53.3758173155357],[-2.66017296906672,53.3739072793379],[-2.67448838732609,53.3567628041123],[-2.69230355597768,53.3615286604252],[-2.69318162020485,53.3617634591136],[-2.69337870606463,53.3618161601768],[-2.70565145291146,53.3614728573102],[-2.71241426309629,53.3578218501049],[-2.71314790163816,53.3576707815227],[-2.71382378696736,53.3575315997987],[-2.72848437291258,53.3545113998598],[-2.73307347607677,53.3479816523244],[-2.75872888732108,53.3497016238618],[-2.75985161314977,53.3509049555644],[-2.76205149798426,53.3532625599253],[-2.75973175695221,53.3503567577812],[-2.759133575705,53.3496073941184],[-2.75953206613015,53.3494435565131],[-2.76038686362431,53.3490921005636],[-2.76897961169971,53.3455583658424],[-2.77724870879584,53.3355540377212],[-2.77827881161369,53.3326130814351],[-2.78428779479333,53.3364309479592],[-2.77770822988502,53.3292343016332],[-2.78980651468789,53.3223565232255],[-2.81905523700649,53.3329784588014],[-2.82565377537196,53.3318318630163],[-2.83233934882774,53.3372862543451],[-2.81873167222311,53.3398033323074],[-2.81880693241227,53.3480007070517],[-2.80906433171471,53.3550813794938],[-2.78730169890451,53.3562903945768],[-2.78482299135669,53.3607229554915],[-2.78475915792755,53.360791911102],[-2.78128290679179,53.3716916289297],[-2.77207816320764,53.3829645053791],[-2.75765407352424,53.3807378692108],[-2.76027072807112,53.3843356507503],[-2.74814169744091,53.3885013582119],[-2.75064785695542,53.3937880954135],[-2.74339554539956,53.3952851536609],[-2.74517463855405,53.4020956455745],[-2.73444795485149,53.4005469196793],[-2.73094442736209,53.3999930694475],[-2.71522678914772,53.399034898825],[-2.71280344145918,53.3906260074612],[-2.70504209247834,53.3867457537127],[-2.69063279918862,53.385388218671],[-2.67631721273559,53.387619364298],[-2.67599665709512,53.3950099044651],[-2.67137698551968,53.4001739918693],[-2.67213625736214,53.4118074181129],[-2.67187659973144,53.4152866041509],[-2.66685618525226,53.4162639464065],[-2.67231979392623,53.4220246987342],[-2.66385244965812,53.429666601595],[-2.67526772503103,53.4329653036686],[-2.66877171593441,53.4410440822538],[-2.68216821804619,53.439234354553],[-2.67718566874228,53.4527529101948],[-2.67340823540758,53.4525820747726],[-2.67066071166407,53.4499259630296],[-2.63953996292212,53.4444221048746],[-2.63240763352287,53.4416601131834],[-2.62746241529418,53.4344126014984],[-2.61142278863851,53.4422747291982],[-2.59623052707265,53.4426662920949],[-2.59868492292473,53.4504137668611],[-2.58459660204443,53.4403931193131],[-2.57666478059629,53.4460852723695],[-2.57032006670683,53.4585336791558],[-2.54908962869768,53.4615115557556],[-2.55263854410147,53.4678134060186],[-2.53644594124516,53.4715040509516],[-2.4963344588829,53.4809294210487],[-2.48914550962129,53.475848175778],[-2.48971382174961,53.4602822965361],[-2.47598650909522,53.4482376769498],[-2.47815332906477,53.4434174881107]]]},"properties":{"FID":6,"PFA23CD":"E23000006","PFA23NM":"Cheshire","BNG_E":368761,"BNG_N":368676,"LONG":-2.46924,"LAT":53.21423,"GlobalID":"228e801a-dbdd-4e6b-9d3c-e38224e5d24c"}},{"type":"Feature","id":7,"geometry":{"type":"MultiPolygon","coordinates":[[[[-1.65500818957618,55.6173834569729],[-1.65512839617079,55.6166536298341],[-1.65834778644732,55.6169154716109],[-1.65567461406693,55.6173322545357],[-1.65500818957618,55.6173834569729]]],[[[-1.8012101911041,55.6893115830555],[-1.7973861714577,55.6872235093376],[-1.79246987708205,55.6887508847375],[-1.78937072533162,55.6850365255971],[-1.77921132996832,55.6856261067366],[-1.77914514112618,55.6821121457341],[-1.78102769742407,55.6767742694726],[-1.77895668275866,55.6720999322572],[-1.77887451590651,55.6677306658771],[-1.79323177239199,55.6706021645343],[-1.79492523330286,55.6681089329071],[-1.80243892207114,55.6682838297306],[-1.80607507016145,55.6781813733908],[-1.8155911616325,55.6824100040443],[-1.83101448696504,55.6834303954622],[-1.84239488379665,55.6787148465463],[-1.85207016154948,55.681487124206],[-1.85495547464104,55.6856300102869],[-1.85182544060926,55.6881609798403],[-1.82659250451186,55.6846723272897],[-1.81334263543194,55.6850626670892],[-1.8012101911041,55.6893115830555]]],[[[-2.03117086683748,55.804230056814],[-2.01198949100391,55.7929755233825],[-2.01218341370733,55.7917138194857],[-2.00420322412863,55.7884042759992],[-2.00157806906484,55.7868627180578],[-1.9999867028264,55.7859281402617],[-1.99201935598906,55.7673298424387],[-1.98837078885294,55.7661224563164],[-1.98839159216096,55.765808428884],[-1.9871641045456,55.765723099551],[-1.98432342146068,55.7647702492824],[-1.99159962805213,55.7663495689058],[-2.00157808425854,55.7656642356208],[-2.00420610049215,55.7654836012585],[-2.00970854735837,55.7695640282135],[-2.01030370840474,55.7700053137703],[-2.01072461940087,55.7703173927454],[-2.01307047327734,55.7720565711898],[-2.013110177276,55.772086005259],[-2.01327575237076,55.7722087515821],[-2.01656895791342,55.7746499081077],[-2.02932441017098,55.7714791248558],[-2.02997815023129,55.7713165666039],[-2.0320398891072,55.7708038637323],[-2.03211553219876,55.7707850526329],[-2.03886781450395,55.7691055824564],[-2.04049112438117,55.7606394043495],[-2.0415579327934,55.7601290341868],[-2.04195767432781,55.759937788756],[-2.04603502788312,55.7579869060294],[-2.03813865390427,55.7601226382904],[-2.03165299642724,55.7697554827039],[-2.02561583809455,55.7711865509275],[-2.02518764431678,55.7712880359508],[-2.02523520714185,55.7708729145736],[-2.02593164723941,55.7705334330904],[-2.02940813023036,55.7688386609401],[-2.02658214463278,55.7691880773205],[-2.02537447140924,55.7693373772728],[-2.01342114865745,55.7712584686963],[-2.00374198440676,55.761768349998],[-2.00157800709227,55.7616918225878],[-1.99256972269135,55.7613728456021],[-1.98351702038305,55.7512432029641],[-1.98327133773075,55.7509682109994],[-1.96322144862546,55.7382797506506],[-1.96077232432745,55.733266247536],[-1.9192154318836,55.711982915758],[-1.91200895048265,55.7049588470341],[-1.88409332954301,55.6944591238839],[-1.88021111607875,55.6853013596549],[-1.88562738130181,55.6839524832838],[-1.87324686228725,55.6827839674129],[-1.87407636341213,55.6755616601178],[-1.86618443370883,55.6659258268172],[-1.87002498158312,55.6659138119563],[-1.84904406564207,55.6534366977095],[-1.84709163218285,55.6522750207885],[-1.84104956115715,55.6456588402129],[-1.84671116664888,55.6467037650248],[-1.84046530938947,55.6431666135026],[-1.83901677850136,55.6423461443414],[-1.813186225269,55.6337046363593],[-1.80217017470921,55.6361142895337],[-1.79010629952514,55.6467864949276],[-1.79181932470192,55.653352921343],[-1.79528260101794,55.6577937786204],[-1.79171607356388,55.6581202333894],[-1.78719912513306,55.655508659398],[-1.78712578313762,55.6533448076388],[-1.78396271545148,55.6441037000416],[-1.7647767256772,55.625909641585],[-1.77182776717116,55.6173494133884],[-1.78633189999702,55.616004377776],[-1.77836998984013,55.6146165025657],[-1.76908790141066,55.602968171683],[-1.7423378637719,55.6185622134771],[-1.72701452409368,55.6171782664536],[-1.72153438324308,55.6159358726411],[-1.71649804650053,55.612291748198],[-1.69201921769641,55.6061584382384],[-1.68417719068592,55.6003780933364],[-1.66483165772922,55.586109483639],[-1.64902386699421,55.5838248990448],[-1.65286686232257,55.5828998489162],[-1.63942865021283,55.5782306221485],[-1.65216369148104,55.5712558786831],[-1.645663885044,55.5741764979448],[-1.63327238003529,55.5596654531553],[-1.626519839178,55.5576756003665],[-1.62813946716428,55.5543721643789],[-1.61894770179467,55.5521835852126],[-1.63238167130301,55.5502615929949],[-1.63811327634802,55.5409070046479],[-1.63666737960531,55.5393181138472],[-1.6262079400566,55.5278194797594],[-1.61848967442918,55.526385926434],[-1.61903344253339,55.5225599216586],[-1.61059329382314,55.5217182712206],[-1.61870251278091,55.514503541266],[-1.61361694757434,55.5093911022615],[-1.6138848320408,55.5048133465538],[-1.61448640996179,55.5045819606365],[-1.61398307284946,55.5031342896549],[-1.61427439421224,55.4981543191088],[-1.59548925868755,55.4912718324346],[-1.59263333447673,55.4920169996879],[-1.59114224073804,55.492330566042],[-1.59335516861687,55.4731509458376],[-1.59336136983387,55.4730971692803],[-1.58860726220993,55.4619682641858],[-1.59304491423065,55.4570285756012],[-1.58633026733719,55.4466458486354],[-1.59334536153846,55.4402349545991],[-1.58731606064409,55.4342574001338],[-1.57535748675576,55.4308801283539],[-1.58182860303318,55.4181251427935],[-1.57884615580075,55.4088976094158],[-1.59129239771472,55.4033516565929],[-1.59259864215853,55.4027694406665],[-1.5966817597506,55.3947185156199],[-1.61142133180323,55.3851680059346],[-1.62127361287514,55.3883061183847],[-1.61736398159784,55.389256305278],[-1.6178287390497,55.3904995605264],[-1.62359074771146,55.3918140444403],[-1.62347066395297,55.3894918057877],[-1.61464468376904,55.379928842407],[-1.6137888227813,55.3843632159102],[-1.60848651940798,55.3839464939471],[-1.60605951485748,55.3738739879528],[-1.60590092740421,55.3736142561068],[-1.60581645001725,55.373475900011],[-1.59891536850539,55.362169906049],[-1.59822318813233,55.3603376926579],[-1.5968633962321,55.3588068547713],[-1.58856234343521,55.3452236677142],[-1.58184041139057,55.3394793784576],[-1.57106566088367,55.339654592039],[-1.58200522710671,55.3375992381903],[-1.58289817676221,55.3380068153507],[-1.5881233235311,55.340391476636],[-1.59444882276335,55.3432753147133],[-1.59412196192201,55.3426253226775],[-1.59243817480818,55.3396220524809],[-1.58534274507226,55.3362656898467],[-1.58496661380949,55.3360877411603],[-1.58395716008295,55.3356101484702],[-1.57368950448152,55.3362532060343],[-1.57075781199199,55.3389907335638],[-1.57021497815202,55.3353820288983],[-1.54939419416243,55.3217234425153],[-1.54977934428435,55.3113634819305],[-1.55786123115581,55.3072623090892],[-1.56876503686939,55.2933564322839],[-1.56995760796806,55.2918348537995],[-1.57313557886025,55.2753482547148],[-1.57220646357343,55.2754034707335],[-1.57189394112823,55.2754149768065],[-1.57091013191127,55.2754511934118],[-1.55436756973493,55.247300682691],[-1.52545077234589,55.2272074742912],[-1.52886468665355,55.2212783806206],[-1.52592166644184,55.2172949662693],[-1.52692426035734,55.2160809961202],[-1.51912153401704,55.2068891760973],[-1.51238839763062,55.2010082589224],[-1.51052182180648,55.1991262691545],[-1.50173689636759,55.1963356530214],[-1.50511039175201,55.192596907476],[-1.49902381488852,55.1854382095119],[-1.51171479561292,55.1836538483443],[-1.51183341085882,55.1829597140423],[-1.51437639026504,55.1786716691055],[-1.51272273185521,55.1777546775961],[-1.51322303489825,55.1748258909405],[-1.51394059026649,55.1740880430242],[-1.52000502262644,55.1705546702599],[-1.52069822933981,55.1671377618929],[-1.52507761098866,55.1626320444064],[-1.53799522675709,55.1623433981817],[-1.53822173562109,55.1623383245835],[-1.539715377093,55.16170879298],[-1.54007499767794,55.1615572169786],[-1.52493482293934,55.1605144043841],[-1.51941147033663,55.149795645886],[-1.51932136795006,55.1491544866612],[-1.51879034083231,55.1485898945674],[-1.51616610230403,55.1434948193477],[-1.50803145238373,55.1370346151647],[-1.50562885162256,55.1345318060308],[-1.50558341037421,55.1345128817624],[-1.50525206299698,55.1341897266247],[-1.50384836848967,55.1337115612099],[-1.4986686100033,55.1295957437051],[-1.4912912844457,55.1214984237742],[-1.49097954606709,55.1207567802998],[-1.49864059710304,55.128450819204],[-1.50413175061294,55.1305535108035],[-1.52194010728981,55.1435750633959],[-1.52003452468043,55.1388131518742],[-1.52252812776008,55.141718232879],[-1.5332368336357,55.1390575953582],[-1.55814388154088,55.1469230900182],[-1.53398133516483,55.1376280676367],[-1.55392473753194,55.1342880452847],[-1.56112028263862,55.134629413442],[-1.56513821073327,55.1338171479129],[-1.55620255179945,55.133438573904],[-1.55570706889608,55.1334175629743],[-1.55245825943956,55.1332797440928],[-1.54954636238217,55.1341675107134],[-1.54881559071767,55.1343902880243],[-1.54838978135126,55.1345200940463],[-1.54804601555572,55.1344894104077],[-1.54738560744945,55.1344304609901],[-1.54249821983897,55.1339940849956],[-1.54383834091777,55.1322836478126],[-1.53523023020457,55.1349761838945],[-1.53513299542491,55.1350065920515],[-1.53474922231205,55.135126610041],[-1.52764470512425,55.1371750886715],[-1.51582727070345,55.1340384582414],[-1.51446685519691,55.1336772656987],[-1.50506531730511,55.1295894325666],[-1.50460876254343,55.129390880192],[-1.50257758119265,55.1287038127586],[-1.50030938028039,55.1279364942109],[-1.49729088854969,55.1251609046608],[-1.49732278332939,55.1246369210829],[-1.49733445358374,55.1244452064323],[-1.49774133397215,55.117759470699],[-1.49543992772456,55.1220917341836],[-1.49083713521458,55.1177698091692],[-1.49147421250348,55.1171738515661],[-1.49467927791243,55.1183746986379],[-1.49802104241316,55.1133698460943],[-1.49848758117365,55.1126410438704],[-1.49457030005263,55.1023998583529],[-1.49418964096372,55.1020761615772],[-1.49409152559602,55.1019927268546],[-1.47813701787841,55.0884197430799],[-1.47689752513594,55.0871681245493],[-1.47662942810484,55.0871365957843],[-1.47373682480152,55.0846743494031],[-1.47120079124032,55.0854412432649],[-1.46878350192876,55.0825909909801],[-1.46837575820361,55.0802918050465],[-1.46640377420707,55.0797845699675],[-1.4619846126018,55.0745718094234],[-1.46177203661591,55.0743210198694],[-1.45570092526845,55.0718303252237],[-1.45591672367542,55.0708337066906],[-1.45414277913942,55.0711909838071],[-1.45138733347301,55.0700602645496],[-1.45509757044996,55.0641398433346],[-1.45043742059614,55.0536537536165],[-1.45033894339022,55.0535394583019],[-1.44587815561283,55.0483613802712],[-1.44583446703078,55.0483106580945],[-1.43065036362879,55.0371614378645],[-1.43058201383034,55.0365634116335],[-1.43032263774593,55.0342938284931],[-1.43058336173892,55.0340721224815],[-1.43028868100339,55.0339966852769],[-1.42988923278935,55.0305009088878],[-1.42971474880145,55.0303008199685],[-1.41971687433161,55.0188320097026],[-1.41573287736904,55.0178123590037],[-1.41426078735057,55.016590337178],[-1.40349208930986,55.0146645271443],[-1.40854028431849,55.0153647687273],[-1.41726451801609,55.0166770999475],[-1.41687052737513,55.0150248641541],[-1.41690452560967,55.0143919045364],[-1.42984008205754,55.0132284991455],[-1.43252791855014,55.0089214676074],[-1.44105356407592,55.0068568562689],[-1.44110635714013,55.0068010806389],[-1.45103317019466,54.9963103617693],[-1.44871573894722,54.9930693393557],[-1.45650552441973,54.9885661971359],[-1.47181447709831,54.9891619582219],[-1.47027380449726,54.9910405992356],[-1.48197690420807,54.9882242929741],[-1.50178137504528,54.9885270248885],[-1.50298523827274,54.9891965785231],[-1.50263074736771,54.9884877312589],[-1.5027405158318,54.9884831187848],[-1.51951300024009,54.9877772211053],[-1.53061208500245,54.9840923889978],[-1.53084429541888,54.9840152780562],[-1.53503200713547,54.9775189581626],[-1.53516669304324,54.9771772335253],[-1.54075192424966,54.963002689617],[-1.55030688264821,54.9608463185939],[-1.55403083493326,54.9600056325186],[-1.55515437598374,54.9604545626039],[-1.56556205862622,54.9645856262007],[-1.56560614978963,54.9645899870121],[-1.58065986428684,54.9660777500988],[-1.59283339539174,54.9762939498465],[-1.58843441681729,54.9705838222589],[-1.58872567036113,54.9705736943036],[-1.60017774226557,54.9701699248193],[-1.62048646558553,54.9624333230052],[-1.63945377452031,54.9603502203388],[-1.66740854193323,54.9647736011487],[-1.66771330940851,54.9648217859482],[-1.68312365900172,54.9658725568576],[-1.68395918651185,54.9659294715139],[-1.68670744650278,54.9669530854027],[-1.68914841308124,54.9678621482317],[-1.6976507587457,54.971027882099],[-1.69769230138873,54.9710433467914],[-1.71200226132739,54.9743124831431],[-1.70257597413209,54.9712640650527],[-1.70819441396773,54.9688400260669],[-1.71100757733467,54.9676260982982],[-1.71497178969301,54.9678736360493],[-1.72023658178279,54.9682021803437],[-1.72611012196467,54.9753497503894],[-1.73812321479483,54.9793970979055],[-1.73818196545251,54.9794168869816],[-1.73911140897243,54.9797299441274],[-1.7524561857683,54.9834425806005],[-1.76980280360302,54.9813900283508],[-1.7700620058351,54.9814290832688],[-1.78497172937048,54.9845241647276],[-1.78175765213265,54.9834895134735],[-1.77877708667278,54.9825300977362],[-1.7784034026504,54.9824098151818],[-1.7725412591292,54.9805226835306],[-1.7467428594702,54.9810539956526],[-1.72849338880392,54.974985802092],[-1.72687471888799,54.9696595965456],[-1.71950269075712,54.9670238763686],[-1.71884191921553,54.966787592616],[-1.70976346619787,54.9661979039764],[-1.70287403554774,54.9695983657712],[-1.70147085221844,54.9702908264313],[-1.70038345493138,54.96995327085],[-1.68915908403572,54.9664680489477],[-1.67988692722473,54.9635877620544],[-1.67964945449033,54.9635259941164],[-1.67852139792136,54.963232573124],[-1.63739296173077,54.957833429377],[-1.63772489009242,54.9570400548501],[-1.61585366969731,54.9621157447382],[-1.61520305200431,54.9622666531503],[-1.59444960504345,54.969797355159],[-1.59408947941313,54.9699279757522],[-1.59380726904834,54.9698126603675],[-1.57893544759099,54.9637753600105],[-1.57883642178738,54.9637762802329],[-1.56825529266484,54.9638741799265],[-1.5585207825066,54.959639648539],[-1.55788833484309,54.9594731863933],[-1.55243325650544,54.9580372018928],[-1.53822688956179,54.960655823787],[-1.53436934989812,54.9648831129635],[-1.53417275688498,54.9650985218612],[-1.52838827497977,54.9821124070673],[-1.5064120021155,54.9861034002123],[-1.50608868680942,54.9861001183984],[-1.4813652509343,54.9858466058501],[-1.4807685905025,54.9858714043682],[-1.47230464877068,54.9862228635226],[-1.47101247550781,54.9837749486221],[-1.47181975719903,54.9861389895805],[-1.46431405589544,54.9840402750262],[-1.45158817023735,54.9851580877157],[-1.44909469503205,54.9853769405482],[-1.44367703405271,54.9930124974642],[-1.44356911999851,54.993164557812],[-1.43980418693047,55.0039174212234],[-1.42906385461312,55.0073209573673],[-1.42383599475655,55.0081572890619],[-1.41865785674011,55.0032629622785],[-1.41415671034667,55.0052750138933],[-1.41110368925668,54.9992963183129],[-1.41089417559432,54.998883506532],[-1.39342119653654,54.9881777591249],[-1.38113262776522,54.9857735920304],[-1.38074742382483,54.9837935003821],[-1.38090610931078,54.9804094249025],[-1.38091236246012,54.9802760582706],[-1.37658896009803,54.9783596968194],[-1.36074054011455,54.9713319655107],[-1.35663012910714,54.9651987888726],[-1.35367572775507,54.958604030897],[-1.35380580957644,54.9568260458708],[-1.36397526025229,54.9440687375499],[-1.36519878157338,54.9330268908496],[-1.36539138756331,54.9310850504733],[-1.3632954924509,54.9229564034038],[-1.36134886058599,54.9226631687701],[-1.3613089042359,54.9224699453265],[-1.36341118979104,54.9227431158208],[-1.3607488950688,54.9197616567802],[-1.36051552121394,54.9186329171774],[-1.36589103414449,54.9173443122838],[-1.36749868177496,54.9197817263693],[-1.3709930539526,54.9116983836949],[-1.37763793126555,54.9104680437889],[-1.37988714633599,54.9100514886292],[-1.38283280071156,54.9095012636537],[-1.37765197413497,54.9095575566592],[-1.37207200115382,54.9096226431005],[-1.36118519610345,54.9172973221135],[-1.35840832563363,54.9137132743285],[-1.35733769312263,54.914744609035],[-1.35399626615466,54.917879686586],[-1.35344185387766,54.9183998033171],[-1.35717794207168,54.9145690874887],[-1.35855176963182,54.9131393946253],[-1.35871893371751,54.9129654255443],[-1.35067694975135,54.9059579008713],[-1.35485026363921,54.9076105911511],[-1.35147621166938,54.9053110311787],[-1.36164017162446,54.8982975133715],[-1.3580051190216,54.8857329578665],[-1.34743323987486,54.8606084450661],[-1.34740504862519,54.8605681265177],[-1.3689605473239,54.8576550398063],[-1.38166346329554,54.8471597016359],[-1.41354692818055,54.8448776512901],[-1.41201332727798,54.841895710557],[-1.42163118258217,54.8384707526125],[-1.413121966701,54.8245589763599],[-1.41305942345934,54.8233292317727],[-1.42287259633863,54.8082552001773],[-1.42254301700506,54.8031753536975],[-1.43753071909599,54.8005273194979],[-1.4440216233418,54.8024704233296],[-1.45460147505553,54.800021897681],[-1.49350840589928,54.7999978263089],[-1.48185556201966,54.8096514136466],[-1.4943057956704,54.8160123531518],[-1.49028995528196,54.8201815353829],[-1.49373957553885,54.8234723746389],[-1.49750874509547,54.8226279836685],[-1.50427968057368,54.8312298098103],[-1.50331836895351,54.8366303016249],[-1.50356946035648,54.8374786847288],[-1.51026177268073,54.860107048975],[-1.50653070203232,54.8710801008353],[-1.51956137978405,54.8759416871352],[-1.53294198397137,54.8770578466728],[-1.54156842930237,54.8734593658604],[-1.56180965217131,54.875716756072],[-1.55941079225447,54.8820371179257],[-1.57990946563576,54.8777701479023],[-1.58071218336433,54.8810582582131],[-1.58756210206553,54.8943410063212],[-1.59751726455936,54.9015846968789],[-1.61193269923008,54.8952478666675],[-1.61874349646244,54.8870586502247],[-1.62741064299423,54.8864472941231],[-1.64368946248493,54.8788040415358],[-1.65098204958232,54.8796671353005],[-1.64634587211327,54.8813953266087],[-1.65001165365389,54.8936264368072],[-1.65995094724449,54.8906648253327],[-1.66303591772849,54.8959393843326],[-1.67813374056093,54.899845098913],[-1.67483760279461,54.9093023847221],[-1.68765496565448,54.9079170228558],[-1.69057275188007,54.9026657372878],[-1.69758765973529,54.9062432719218],[-1.69963928979617,54.909189988899],[-1.72492282931812,54.9088445500824],[-1.7376067087798,54.9186889774254],[-1.75057195978431,54.9174197132398],[-1.76082563883465,54.9085115936539],[-1.76718732068159,54.9096418595073],[-1.77084934787774,54.9071792880513],[-1.78163702129734,54.9115565985377],[-1.79118285724646,54.9086975217419],[-1.79452230430584,54.9035741234168],[-1.80740599764171,54.9072499028312],[-1.82063707341034,54.9057710861713],[-1.82769671162814,54.9054935524834],[-1.83468655496164,54.8990259303547],[-1.84544907440161,54.8969031160933],[-1.84747485420255,54.8897821666625],[-1.85443666752614,54.8911845463918],[-1.85096380208336,54.8846885504055],[-1.86004929900233,54.8780342306841],[-1.86127804135857,54.866430750434],[-1.8696710885084,54.8615578065974],[-1.86660055632529,54.8553855627597],[-1.88138140121212,54.8465907311919],[-1.8875719655662,54.8436032512374],[-1.89747349392318,54.8457279373986],[-1.91407298666824,54.8395033253951],[-1.91100134689685,54.8366536397249],[-1.91543304452764,54.8339630652891],[-1.92086882110867,54.8379995714201],[-1.91811262088859,54.8407513260475],[-1.92713424142272,54.8411655450627],[-1.92098661260565,54.8424519754545],[-1.92263249797511,54.8498700836279],[-1.93180662254452,54.8508308410726],[-1.93273428183661,54.8541927135025],[-1.93913651941704,54.8517728466127],[-1.95243801524408,54.8542279744848],[-1.97246515964282,54.8602426280666],[-1.97476636329544,54.8620637558529],[-1.97069318131533,54.8634889406369],[-1.98023634067633,54.8681834567993],[-1.99536223967265,54.8700387727527],[-2.01176889533945,54.8667114491709],[-2.03965493918131,54.8482409855982],[-2.06804471005933,54.8447769748421],[-2.08257516389669,54.8381692430876],[-2.09745115418501,54.8367802226876],[-2.10348865185215,54.8401684432673],[-2.13816199851342,54.8423694891406],[-2.14313048753368,54.8269592158224],[-2.16426480622105,54.8158278498117],[-2.16947003967283,54.8036099733555],[-2.17741628749138,54.8068211376792],[-2.19860065839177,54.8067362773851],[-2.21890675191817,54.7823773828398],[-2.23406406973811,54.7841652205937],[-2.23552068865403,54.7867972942421],[-2.24866276990877,54.7879598588522],[-2.28267781083991,54.7982520758217],[-2.29298604799158,54.793165505442],[-2.31208952139602,54.7910150459368],[-2.32328426511762,54.7950089095462],[-2.32738520521004,54.8053324695509],[-2.34842858236683,54.8070792752561],[-2.3698307614979,54.8209665127688],[-2.37266952041961,54.8273795947301],[-2.39272641045161,54.8345152582939],[-2.4016226407963,54.8514839644192],[-2.41165834715293,54.8564544832241],[-2.42267613723548,54.8428704335366],[-2.45223878846862,54.8320132348432],[-2.46060153125164,54.8341721848522],[-2.4953568980919,54.8103421039783],[-2.53065218005093,54.8059990459226],[-2.5583066678318,54.8167246157662],[-2.56784860338401,54.823574839471],[-2.58267104737595,54.8458667815631],[-2.57335234214531,54.8535461962825],[-2.59024719867254,54.8737837488078],[-2.60545400682068,54.8843058303785],[-2.57641404338101,54.8967171098062],[-2.56756539676926,54.9090026364328],[-2.56622128211943,54.9192380628219],[-2.55719179666986,54.9215209446614],[-2.55940559440049,54.9244312981363],[-2.54624866051584,54.9271555908829],[-2.54608336384679,54.930504559994],[-2.55154292596964,54.9295352868062],[-2.56764946010163,54.9408560211738],[-2.57128537510643,54.948370378637],[-2.56842654921438,54.9582910606499],[-2.59556897269462,54.963480931938],[-2.60142928961523,54.9713401694156],[-2.60034547654082,54.973662231378],[-2.5915917889623,54.9741508325924],[-2.58662963320378,54.9820342148538],[-2.57923715368299,54.9828928387768],[-2.5733107670136,54.9876377868719],[-2.56771370256383,55.0027473509066],[-2.57418086683806,55.0037000530393],[-2.57024187450985,55.006506111928],[-2.57365341074097,55.0067264204705],[-2.57318683747251,55.0161146678471],[-2.56504221354808,55.0201111319536],[-2.5526193569179,55.0210417022175],[-2.53957241619426,55.0288769037654],[-2.52762196694228,55.029100027015],[-2.52691211796141,55.0329402425956],[-2.51256228310049,55.0337940934145],[-2.51016799896435,55.0363472143611],[-2.50447837178623,55.0331907777162],[-2.50566603298274,55.0367480166566],[-2.48304985288842,55.0400190758404],[-2.48295647708036,55.04370106686],[-2.49434160678426,55.0507148431739],[-2.49075228174841,55.0545259748975],[-2.49544556359635,55.053331818961],[-2.50202056148823,55.0577257310937],[-2.50002763346041,55.0621164387122],[-2.503984940725,55.0624298936516],[-2.49219989938917,55.0681537133761],[-2.50123425186352,55.0752248138669],[-2.49473326225492,55.0818219595629],[-2.48663869675395,55.0811023935156],[-2.48634115497866,55.0830455143649],[-2.50370707153396,55.0907504039263],[-2.51646761807834,55.0891154335106],[-2.51809484669951,55.0849570115506],[-2.55694728888574,55.0810391140177],[-2.56279310082448,55.0843757159694],[-2.55829477966243,55.0888103663756],[-2.56670570854325,55.0919660056357],[-2.5684260078781,55.0962614131911],[-2.57940882293876,55.0961350617955],[-2.58332601101533,55.0990251014944],[-2.58549312220343,55.1030817713406],[-2.59355863569287,55.1051202197913],[-2.5934364083915,55.1128326451674],[-2.60047101106972,55.1171617633457],[-2.59890282488408,55.1245757158745],[-2.62127305525501,55.1292164410103],[-2.63263878772644,55.1277569628276],[-2.65693941785208,55.1361318302789],[-2.66162461986021,55.1463649852768],[-2.66857834300575,55.1473109708571],[-2.67732441001798,55.1554875877371],[-2.68325394634211,55.1666304918511],[-2.67455532373979,55.1758914662266],[-2.68978959173134,55.1889836331498],[-2.666814789349,55.2215803899766],[-2.64807010402792,55.2198671535886],[-2.63141420722149,55.2236980849122],[-2.63580566220724,55.2297659122301],[-2.63022898081735,55.2447914959374],[-2.61145085823107,55.247134429328],[-2.62765266169981,55.2505728026671],[-2.64677118121333,55.2600438629418],[-2.62665606673464,55.2622209376361],[-2.62819070071847,55.2679326241159],[-2.60923810323899,55.2832480256194],[-2.57336309653362,55.2968843972754],[-2.57370441690414,55.3007861827898],[-2.56521109640478,55.3059369846057],[-2.55709441727983,55.3117125821814],[-2.55904121304847,55.3178347054877],[-2.55042519255057,55.3157855360319],[-2.53076860320092,55.3227089539145],[-2.52026965851612,55.3230470911992],[-2.50198819002922,55.3371996470407],[-2.49502083625244,55.3474914912573],[-2.47747192039823,55.3543328815088],[-2.46122362672151,55.3532092217915],[-2.44440604478806,55.359183164398],[-2.42923050679737,55.3564348913919],[-2.41499664354287,55.3589219030045],[-2.40218396724691,55.3544063880208],[-2.39952139630221,55.3482743914612],[-2.39297842799072,55.3474473992954],[-2.37891180668306,55.3491694371305],[-2.37279818817936,55.3550693402984],[-2.33747713193072,55.3672809415469],[-2.34623321175053,55.3730610533814],[-2.33002052064065,55.3812415663335],[-2.33474136434559,55.3831552180464],[-2.33551231386968,55.3925654809941],[-2.34472538354763,55.3994488003901],[-2.33353045561246,55.4024252929759],[-2.332366351754,55.4099107139305],[-2.31325356259942,55.4067893342264],[-2.31254495691562,55.4098552256935],[-2.29593485552453,55.4149221669484],[-2.29451344187619,55.4204651827275],[-2.27389283592815,55.4259807668589],[-2.27064693671974,55.4295929212763],[-2.26224314618967,55.4285581814302],[-2.26061128927204,55.432933998025],[-2.24254394003349,55.432146299185],[-2.2312819124724,55.4284292920017],[-2.20562430053668,55.4375387952811],[-2.19421972116367,55.4452580081787],[-2.18963745609518,55.4611658045878],[-2.1655212321177,55.4683818980953],[-2.17372359874483,55.4722711105245],[-2.20159170971667,55.475516011399],[-2.20635508202906,55.4815597651897],[-2.2026492750732,55.4895412876908],[-2.21945257500416,55.5057325435929],[-2.22884551551699,55.5095187800221],[-2.22428330861648,55.522787671544],[-2.22760235177472,55.5284081310436],[-2.23321721467388,55.5296132819678],[-2.23224867525345,55.5448298240699],[-2.2403065059112,55.5556271683871],[-2.24785419917448,55.5567307376255],[-2.28853587165619,55.5800500223507],[-2.29239181876654,55.585798565558],[-2.28593560377129,55.5965438893852],[-2.2892322950467,55.6037736959148],[-2.2951348408593,55.60862243488],[-2.30728628679041,55.6111039233511],[-2.3160941125707,55.6204584681156],[-2.30893463097413,55.6224795020889],[-2.30862602967662,55.6288759763574],[-2.3243105601635,55.6261659069396],[-2.33601244831487,55.6320546994208],[-2.33255958180725,55.6349192656518],[-2.32625221704594,55.6370214842333],[-2.32470201879721,55.6431665470494],[-2.30578970416838,55.6470437737042],[-2.28297231021161,55.642922380721],[-2.25601746893728,55.6445262752435],[-2.24572585608313,55.6395192875617],[-2.23479932643361,55.6408121299553],[-2.23363096114549,55.6457616004017],[-2.24817393761024,55.6523531987835],[-2.22997752831131,55.6624385512648],[-2.21845272804607,55.6642602674573],[-2.21865916071879,55.6759071372636],[-2.19780503380867,55.6883272732546],[-2.18405519461515,55.7015932746475],[-2.16723105928948,55.7060351648167],[-2.17699672355935,55.718375035575],[-2.16885565876752,55.722241075874],[-2.15050611551912,55.7231994058079],[-2.14605187781894,55.738441915787],[-2.13838306518755,55.7404735939207],[-2.11891868612705,55.7381686789427],[-2.1157221525265,55.7475569886608],[-2.10644431263545,55.748563605916],[-2.10764153175897,55.7598881498085],[-2.08614771191759,55.762141476778],[-2.0856391490368,55.7620403321679],[-2.0861230942702,55.7930452706114],[-2.07697411761812,55.7941170186428],[-2.06224170460584,55.802732930797],[-2.05263655975948,55.8025110827203],[-2.03443331904747,55.8110897499743],[-2.03117086683748,55.804230056814]]]]},"properties":{"FID":7,"PFA23CD":"E23000007","PFA23NM":"Northumbria","BNG_E":398895,"BNG_N":602527,"LONG":-2.01896,"LAT":55.31682,"GlobalID":"d4673ff2-2b34-48df-8443-8dd879932b20"}},{"type":"Feature","id":8,"geometry":{"type":"Polygon","coordinates":[[[-1.7376067087798,54.9186889774254],[-1.72492282931812,54.9088445500824],[-1.69963928979617,54.909189988899],[-1.69758765973529,54.9062432719218],[-1.69057275188007,54.9026657372878],[-1.68765496565448,54.9079170228558],[-1.67483760279461,54.9093023847221],[-1.67813374056093,54.899845098913],[-1.66303591772849,54.8959393843326],[-1.65995094724449,54.8906648253327],[-1.65001165365389,54.8936264368072],[-1.64634587211327,54.8813953266087],[-1.65098204958232,54.8796671353005],[-1.64368946248493,54.8788040415358],[-1.62741064299423,54.8864472941231],[-1.61874349646244,54.8870586502247],[-1.61193269923008,54.8952478666675],[-1.59751726455936,54.9015846968789],[-1.58756210206553,54.8943410063212],[-1.58071218336433,54.8810582582131],[-1.57990946563576,54.8777701479023],[-1.55941079225447,54.8820371179257],[-1.56180965217131,54.875716756072],[-1.54156842930237,54.8734593658604],[-1.53294198397137,54.8770578466728],[-1.51956137978405,54.8759416871352],[-1.50653070203232,54.8710801008353],[-1.51026177268073,54.860107048975],[-1.50356946035648,54.8374786847288],[-1.50331836895351,54.8366303016249],[-1.50427968057368,54.8312298098103],[-1.49750874509547,54.8226279836685],[-1.49373957553885,54.8234723746389],[-1.49028995528196,54.8201815353829],[-1.4943057956704,54.8160123531518],[-1.48185556201966,54.8096514136466],[-1.49350840589928,54.7999978263089],[-1.45460147505553,54.800021897681],[-1.4440216233418,54.8024704233296],[-1.43753071909599,54.8005273194979],[-1.42254301700506,54.8031753536975],[-1.42287259633863,54.8082552001773],[-1.41305942345934,54.8233292317727],[-1.413121966701,54.8245589763599],[-1.42163118258217,54.8384707526125],[-1.41201332727798,54.841895710557],[-1.41354692818055,54.8448776512901],[-1.38166346329554,54.8471597016359],[-1.3689605473239,54.8576550398063],[-1.34740504862519,54.8605681265177],[-1.33593835822925,54.8441614797239],[-1.3354851666986,54.8437743320829],[-1.3298236838879,54.8389371537502],[-1.32140203144164,54.8376640787983],[-1.32089098427849,54.8375634503815],[-1.32934628775083,54.8379612984564],[-1.3246087849872,54.8348598696603],[-1.32155330945532,54.8367678496258],[-1.3258845585346,54.8322940295435],[-1.3226714203242,54.8275689707769],[-1.31928943397485,54.821584600363],[-1.31532465261741,54.8162029800158],[-1.31262837676667,54.811779692245],[-1.30875828326475,54.7850970447227],[-1.3081470275332,54.7841983422002],[-1.30867557384164,54.7809987327897],[-1.29412171635624,54.7635986912693],[-1.29237721463821,54.7610348279698],[-1.29235785057135,54.761006367849],[-1.29135530429535,54.7601474012482],[-1.28168647269031,54.7528308279003],[-1.24224977186981,54.7229622260154],[-1.24319929037027,54.7226325363635],[-1.24592128460714,54.7234405281221],[-1.24351651180576,54.7225223888936],[-1.25186499193155,54.7196229889565],[-1.25856139746239,54.7260554511218],[-1.2702517668578,54.7271686868921],[-1.29030145716217,54.7183978452972],[-1.30367367897698,54.7185076740542],[-1.30132484271011,54.7080916518783],[-1.31387919174122,54.7011971607502],[-1.3134958536303,54.6970865370104],[-1.31936389932285,54.6912974487955],[-1.34460276908376,54.690826265503],[-1.33449018998271,54.6890177013234],[-1.33094416840882,54.6821617184272],[-1.33306463906303,54.6726135520118],[-1.34354391967703,54.6686115404067],[-1.34787134473742,54.6624292314929],[-1.34122267082448,54.6502432606996],[-1.38376395297565,54.6462430013827],[-1.38084708286666,54.6438022238506],[-1.39044825228655,54.6391350522173],[-1.38827125280429,54.6316031240965],[-1.39550976562977,54.6310975399563],[-1.39423518707524,54.6288822524917],[-1.40159877406217,54.6263593079762],[-1.39915808958827,54.624129326371],[-1.40477977900409,54.6240456380954],[-1.41253632830273,54.6168008789531],[-1.4261707721545,54.6115187465554],[-1.42996989703098,54.615322786888],[-1.44219322725007,54.6102505059691],[-1.45089749591544,54.6105583859287],[-1.45078576373183,54.6046985262307],[-1.43835548898022,54.5950796110357],[-1.43136860066384,54.5953597936671],[-1.42332719850805,54.603126865251],[-1.40729171028139,54.5937284125877],[-1.41680788337626,54.5758295926273],[-1.41141938433307,54.5647926969057],[-1.42708005734723,54.5627746279895],[-1.44675561644352,54.5556683504143],[-1.44258214739122,54.5430873885812],[-1.44698943017572,54.5372184965908],[-1.44383904442085,54.5345385192721],[-1.44960745554185,54.5329679195821],[-1.44473884017848,54.5269873136654],[-1.43472699272647,54.5271863534754],[-1.42148546431813,54.5196376084032],[-1.42341883016166,54.5139822928243],[-1.42865860967695,54.5130643907456],[-1.42516137271388,54.5006502166731],[-1.43538149195425,54.4927105478771],[-1.43490529222604,54.4874931710252],[-1.45779803490864,54.5036478852807],[-1.46735265618934,54.5025273457375],[-1.47555932906158,54.4981083114132],[-1.4622413975124,54.4962937718383],[-1.45847354349528,54.4928394148308],[-1.46182748612818,54.4859514024196],[-1.45759718214836,54.481362259061],[-1.46385281919771,54.4737580498127],[-1.45391325690221,54.4661553701339],[-1.46274624066678,54.4611150918875],[-1.45472458308537,54.4536016929835],[-1.46173157505671,54.4511495549161],[-1.47205221947318,54.4555996004691],[-1.46761924250396,54.4621505168892],[-1.47537275452127,54.4738451780048],[-1.49905229173469,54.4756782303405],[-1.49152217227962,54.4860915234414],[-1.50524707362159,54.4824197964342],[-1.51134080604103,54.4750122607667],[-1.51413191899894,54.4837750912496],[-1.52883695102378,54.4848137377239],[-1.53015082479877,54.475750924493],[-1.51969374190879,54.4711152244878],[-1.53271984243502,54.4691491209424],[-1.54567271781715,54.4712384758728],[-1.55519520906131,54.4849781907925],[-1.57330393280191,54.4901596328879],[-1.58298032825201,54.4971007328169],[-1.57921485380734,54.5051876844863],[-1.59162276644808,54.5040043151316],[-1.58432455464599,54.5079706314111],[-1.57952722065321,54.5116270690244],[-1.60269996416242,54.5105369289187],[-1.6006232763505,54.517097764642],[-1.60952047903674,54.5199082252051],[-1.63344443619249,54.5141122913593],[-1.64049845249066,54.5171891225],[-1.6329311189945,54.5187043442705],[-1.63377378148266,54.525364378957],[-1.65467519937522,54.5246500961671],[-1.65793716561516,54.5345889222004],[-1.68225910524758,54.5333394135885],[-1.69692636355207,54.5360064288161],[-1.7213108898176,54.5423017243929],[-1.72730498994653,54.5304851191883],[-1.73309136190533,54.5277364123393],[-1.76121346135505,54.5289515279661],[-1.76972396932688,54.5328449077499],[-1.77969652861129,54.5318729939184],[-1.77613231485782,54.5067285041672],[-1.7821752755751,54.5070126931078],[-1.78717719757631,54.5010389912324],[-1.79297648414091,54.4844924287088],[-1.82244344250921,54.495177706224],[-1.82778688626019,54.5029294008921],[-1.83943329269054,54.5084372355978],[-1.84821673947602,54.5036629574766],[-1.85780051144888,54.503539794396],[-1.85912998438283,54.4818579024252],[-1.86725507782232,54.4821169159422],[-1.87760324451019,54.4780495566969],[-1.89343027732002,54.4668982622119],[-1.94254323627035,54.4533953541015],[-1.97005959181258,54.4515215410208],[-1.97612526417875,54.4597287832746],[-1.98553943940134,54.4599252873807],[-1.99676437249469,54.4669034483454],[-2.04472952149334,54.4751862733078],[-2.04319843418637,54.4835994475386],[-2.06128930394723,54.4805575869358],[-2.08639658819696,54.4683928867806],[-2.11659617374357,54.4622634779758],[-2.15012069733666,54.4599634777538],[-2.15926758918667,54.4554834833023],[-2.17021302340634,54.4581987846828],[-2.15938983654751,54.4710919554519],[-2.16647021230166,54.4899079300345],[-2.16239333141251,54.5039428001019],[-2.16870453079298,54.5196520986942],[-2.17449248079035,54.5217270436993],[-2.17239803091537,54.5324441152957],[-2.18228608321106,54.5358553612135],[-2.19753056810017,54.5327039650371],[-2.21014254095128,54.5436582505962],[-2.20948818801938,54.5517133723259],[-2.24596214870616,54.565062685696],[-2.27093649252133,54.5821991445047],[-2.30451453732035,54.5961978451873],[-2.3087580280871,54.6118832747256],[-2.32493776754246,54.6316502361691],[-2.28797868797798,54.6504801032182],[-2.29287495116333,54.6638852911182],[-2.30339697405212,54.6668241107937],[-2.30331719424786,54.6696299330074],[-2.32756945568455,54.6708733962367],[-2.32710665556777,54.6736667959364],[-2.33561634592756,54.6753275680513],[-2.35159375318484,54.6857364060566],[-2.3554731400299,54.6971977531255],[-2.34438205187696,54.7017721122644],[-2.34209502710379,54.7161480286359],[-2.32574674351607,54.7266292296878],[-2.33230578332374,54.7319961446206],[-2.32082249854183,54.7550039074844],[-2.32247866430232,54.7639707182398],[-2.3084868101346,54.7735427971225],[-2.31392402962035,54.7811134309462],[-2.31208952139602,54.7910150459368],[-2.29298604799158,54.793165505442],[-2.28267781083991,54.7982520758217],[-2.24866276990877,54.7879598588522],[-2.23552068865403,54.7867972942421],[-2.23406406973811,54.7841652205937],[-2.21890675191817,54.7823773828398],[-2.19860065839177,54.8067362773851],[-2.17741628749138,54.8068211376792],[-2.16947003967283,54.8036099733555],[-2.16426480622105,54.8158278498117],[-2.14313048753368,54.8269592158224],[-2.13816199851342,54.8423694891406],[-2.10348865185215,54.8401684432673],[-2.09745115418501,54.8367802226876],[-2.08257516389669,54.8381692430876],[-2.06804471005933,54.8447769748421],[-2.03965493918131,54.8482409855982],[-2.01176889533945,54.8667114491709],[-1.99536223967265,54.8700387727527],[-1.98023634067633,54.8681834567993],[-1.97069318131533,54.8634889406369],[-1.97476636329544,54.8620637558529],[-1.97246515964282,54.8602426280666],[-1.95243801524408,54.8542279744848],[-1.93913651941704,54.8517728466127],[-1.93273428183661,54.8541927135025],[-1.93180662254452,54.8508308410726],[-1.92263249797511,54.8498700836279],[-1.92098661260565,54.8424519754545],[-1.92713424142272,54.8411655450627],[-1.91811262088859,54.8407513260475],[-1.92086882110867,54.8379995714201],[-1.91543304452764,54.8339630652891],[-1.91100134689685,54.8366536397249],[-1.91407298666824,54.8395033253951],[-1.89747349392318,54.8457279373986],[-1.8875719655662,54.8436032512374],[-1.88138140121212,54.8465907311919],[-1.86660055632529,54.8553855627597],[-1.8696710885084,54.8615578065974],[-1.86127804135857,54.866430750434],[-1.86004929900233,54.8780342306841],[-1.85096380208336,54.8846885504055],[-1.85443666752614,54.8911845463918],[-1.84747485420255,54.8897821666625],[-1.84544907440161,54.8969031160933],[-1.83468655496164,54.8990259303547],[-1.82769671162814,54.9054935524834],[-1.82063707341034,54.9057710861713],[-1.80740599764171,54.9072499028312],[-1.79452230430584,54.9035741234168],[-1.79118285724646,54.9086975217419],[-1.78163702129734,54.9115565985377],[-1.77084934787774,54.9071792880513],[-1.76718732068159,54.9096418595073],[-1.76082563883465,54.9085115936539],[-1.75057195978431,54.9174197132398],[-1.7376067087798,54.9186889774254]]]},"properties":{"FID":8,"PFA23CD":"E23000008","PFA23NM":"Durham","BNG_E":410383,"BNG_N":532242,"LONG":-1.84047,"LAT":54.68513,"GlobalID":"661767d3-d365-4966-be6d-b1db29217d8d"}},{"type":"Feature","id":9,"geometry":{"type":"Polygon","coordinates":[[[-0.774184063692499,54.5532527221157],[-0.765172364272082,54.5486842506605],[-0.765416152855772,54.5483705850201],[-0.767257297448893,54.5464238354828],[-0.764852233974672,54.5457577654143],[-0.750948043643314,54.5419057182793],[-0.747332196023069,54.534224495589],[-0.748547355414325,54.5331551433014],[-0.745476430478725,54.5302810567057],[-0.744657289649001,54.5285401633387],[-0.731290023249869,54.5279153710483],[-0.721385266477457,54.5310139173887],[-0.720208475600829,54.5311203698209],[-0.720111597437353,54.5314122714044],[-0.712981157287476,54.5336420016407],[-0.693713316663246,54.5203901813714],[-0.682377849149916,54.5196731387896],[-0.677522516057554,54.5160964975663],[-0.677144645688413,54.513976945648],[-0.67315970891528,54.512881979004],[-0.672669483955874,54.5125207401198],[-0.675089283346688,54.5060466006146],[-0.670278678886381,54.5007549169857],[-0.640208641061033,54.4956715398371],[-0.639997776227128,54.4956358619647],[-0.617561108791435,54.491576307343],[-0.61423697920528,54.4909744367976],[-0.613163808004166,54.4939752738248],[-0.613068949901058,54.4937140173711],[-0.61327057175806,54.4897029113811],[-0.613411306290521,54.4869025502113],[-0.612877256914463,54.4908187807625],[-0.612642556442935,54.4925396100929],[-0.612453871242038,54.4920198967735],[-0.61232864813896,54.4933815109175],[-0.609896454587984,54.4910445882425],[-0.60983922085226,54.4910396897996],[-0.609346431860803,54.4905075836404],[-0.593332412332016,54.4878372249963],[-0.592422569012436,54.4881102359372],[-0.589569959217056,54.4889661328927],[-0.588164026431606,54.488639744721],[-0.585220563172056,54.4838832174324],[-0.56890838191931,54.4797474255955],[-0.556948758655429,54.4651205910824],[-0.521476959252688,54.4469678118003],[-0.52254870631944,54.4408871451797],[-0.531667453804413,54.4362922478795],[-0.531109728814527,54.4255089288488],[-0.522785329106211,54.4162747281739],[-0.502789279559828,54.4073712454297],[-0.491471132845961,54.4079116612301],[-0.484955401396252,54.4043183835029],[-0.483595833681908,54.4028555887566],[-0.47670831201493,54.3997689693148],[-0.471722570407676,54.3970179326325],[-0.461674641791293,54.3857711359904],[-0.461639780836586,54.3857321039814],[-0.461604919981113,54.3856930710641],[-0.449827050936879,54.372501050215],[-0.447078304676328,54.3597910032901],[-0.446985139391397,54.359360075064],[-0.433084499224217,54.3503119746166],[-0.432634531991137,54.3401434900203],[-0.423318253567165,54.339028865907],[-0.417052817354389,54.3314652372285],[-0.421601051529921,54.3259981331231],[-0.418870688230642,54.3198874137417],[-0.418825743622271,54.3195540733882],[-0.417605864530287,54.3105044580712],[-0.412259677308493,54.307673322075],[-0.411970350038661,54.3074230317891],[-0.411562779954012,54.3069103793054],[-0.411392526480589,54.3069231578075],[-0.411282368831237,54.3068278583713],[-0.410755279831088,54.3068765384646],[-0.407656148310063,54.3052349685253],[-0.408700090103184,54.3037016919731],[-0.409490738151108,54.3025403445604],[-0.406839002209741,54.294852855999],[-0.406906668821916,54.2945571651001],[-0.406699041059184,54.2944470218277],[-0.405890573536069,54.2921025900468],[-0.396806649205536,54.288030939948],[-0.39541080714326,54.288457385429],[-0.395137196949791,54.2883121701203],[-0.39384581871456,54.2889354724843],[-0.391413965565556,54.2896783059442],[-0.39104107273342,54.289792202312],[-0.386572044844315,54.2902519929584],[-0.384391947269967,54.2858633835154],[-0.384762727692611,54.2856314620432],[-0.397198626833328,54.2794326221123],[-0.397114738367496,54.2787297322586],[-0.396598182541091,54.2744010842467],[-0.36966441702688,54.2554570488111],[-0.369182136785285,54.2552526471536],[-0.367661185039829,54.2517306392207],[-0.369505123760274,54.2493254792115],[-0.363890554746246,54.2450950734651],[-0.350390387984304,54.2408798998031],[-0.338683928216684,54.2426138986989],[-0.334891879665977,54.238381149323],[-0.31397035179106,54.2320159174581],[-0.312710986534603,54.2286240688261],[-0.302546323776727,54.2271941423502],[-0.259259432499059,54.2158784445018],[-0.275394771128287,54.217669125622],[-0.280133637094091,54.2149136731372],[-0.285069908012207,54.2035489435552],[-0.285226577271916,54.2031881117274],[-0.282750812700331,54.1950775296238],[-0.275281527618684,54.1875006642192],[-0.274531199287862,54.1860097799625],[-0.272247501381746,54.1844220244902],[-0.264452670666596,54.1765101390551],[-0.263241506958962,54.1759477171838],[-0.232852441201026,54.1618271566389],[-0.212588945551436,54.1576037587846],[-0.212541832013545,54.1575952562373],[-0.221691468642107,54.1379729727226],[-0.229066116793716,54.1357275028102],[-0.22974662180302,54.1324403549047],[-0.237224729040343,54.1372494060163],[-0.265419797803465,54.1405585091454],[-0.269068758599639,54.1383332717879],[-0.290565593426195,54.1397558093709],[-0.304082978565382,54.1362704741551],[-0.304232620330929,54.1362622475507],[-0.304337129513581,54.1362713564766],[-0.313765357888331,54.1464026786193],[-0.322652969618712,54.1452764253104],[-0.323841934250232,54.1502969336548],[-0.346397161515299,54.1468729416295],[-0.360037535400827,54.1531203470311],[-0.37492744814463,54.1541131529061],[-0.374526021282871,54.1625640480485],[-0.39174303310904,54.1762876967921],[-0.392857949561326,54.1760023544176],[-0.3935890590046,54.1758575462332],[-0.418427787901165,54.1740253115175],[-0.418108814732908,54.1712203237654],[-0.424556655578574,54.1695754817664],[-0.422926588307771,54.1663146664259],[-0.433168631458221,54.1640727145254],[-0.432659399003479,54.1575207129892],[-0.427093852639448,54.1374425609976],[-0.458539666811106,54.1259736083534],[-0.454351131499513,54.1167625114625],[-0.4683253854375,54.1112505404399],[-0.465942458016893,54.1076329768827],[-0.496889387319965,54.0972318301196],[-0.524612344870749,54.0854747467338],[-0.527927668486058,54.0893389369671],[-0.534030883073929,54.0871798298045],[-0.541816327501079,54.0915284820667],[-0.563137247607814,54.093999525552],[-0.566466466891733,54.0903055738165],[-0.5910045583401,54.087061965492],[-0.615523445115742,54.0704937088086],[-0.660316933915928,54.0631000528856],[-0.644653954650704,54.0551130967941],[-0.658017650079895,54.0436447743332],[-0.659484342246755,54.0371698258022],[-0.679868649542032,54.0366735297833],[-0.68848368074748,54.0240107063762],[-0.6784159211839,54.0182387569905],[-0.681798469610617,54.0103552829452],[-0.70490243910112,54.0060723859726],[-0.710746124280855,54.0111713441486],[-0.730489261578151,54.0127008349522],[-0.734257303331504,54.0302587737849],[-0.799247602502679,54.0190518098512],[-0.798988065050018,54.0240906891086],[-0.820366075223259,54.0208734294572],[-0.84302968036232,54.0216109891899],[-0.859720671321206,54.0163947536504],[-0.878427062104742,54.01719964549],[-0.877668778591573,54.0135570042452],[-0.888555328533819,54.0095145278117],[-0.893534863052482,53.9997681023121],[-0.907829470689977,53.9973874719037],[-0.908582355017018,53.9969186517168],[-0.908829586338875,53.9967646967819],[-0.912876789104982,53.9921320978301],[-0.925294992911636,53.9915183740072],[-0.920313528868151,53.9900941612146],[-0.927825568610974,53.9840243528026],[-0.934111184574599,53.9686722067841],[-0.921212172316722,53.960422223829],[-0.927657046446027,53.9526666067384],[-0.923350645217941,53.9349326303819],[-0.927678514932419,53.9308315959366],[-0.921633570681166,53.9211934257656],[-0.931580320927001,53.9174618745834],[-0.932053587015443,53.9087124995497],[-0.938281055649471,53.9078702853354],[-0.940291212360484,53.8986387659531],[-0.949515260864281,53.8938463849157],[-0.922922402632639,53.890735361374],[-0.919678710441119,53.8893031780236],[-0.923618720517707,53.8876757085025],[-0.92340332414165,53.8807196183155],[-0.925105860710953,53.8779320845402],[-0.940587878223372,53.8742012160871],[-0.938920530410923,53.8678462798304],[-0.948123115019338,53.8619180039297],[-0.944933460579583,53.8575257752488],[-0.941996897056635,53.8548127037743],[-0.945627249749354,53.8466499862859],[-0.940558065537096,53.8234514147605],[-0.92008626888864,53.8159768073763],[-0.934499012722836,53.8017771890504],[-0.928046611848125,53.797158027619],[-0.936686320783792,53.7798718407242],[-0.928354077667595,53.770295858618],[-0.932093240664464,53.7621901646151],[-0.951578863520295,53.7537689744692],[-0.973593546117509,53.7498570421794],[-0.963130858299442,53.7464584609365],[-0.961062924648842,53.7360784732101],[-0.936511635645353,53.7319774564876],[-0.911911104185378,53.7329522378535],[-0.911557474995318,53.7282120392845],[-0.90667948792114,53.7271708343537],[-0.90524918728046,53.7170482887405],[-0.923399129904023,53.7186813416177],[-0.944083759740001,53.7125256818909],[-0.957714760664253,53.7148354856327],[-0.961272677176333,53.7076961687818],[-0.957673238859583,53.7050537830329],[-0.962649915494684,53.7007959036698],[-0.970098142886267,53.7022137735535],[-0.967865543920724,53.7067212541364],[-0.980546833755429,53.7049832379344],[-0.98013248655668,53.6969700410115],[-1.00021653670696,53.6989003620835],[-1.00682343190753,53.6953005532584],[-1.02240364474486,53.6980362500558],[-1.03908322703065,53.6938952409118],[-1.0457582152292,53.6986226115281],[-1.05362271873287,53.6968512884835],[-1.05403341734507,53.7014342405506],[-1.06247546370011,53.7068792101591],[-1.06953504905849,53.7028044988642],[-1.07491406055148,53.7039428059867],[-1.07870710033298,53.6940780146252],[-1.0850180422841,53.6869587638317],[-1.08105979945912,53.6845261154251],[-1.10176295409661,53.6743737891135],[-1.10335931463428,53.6694993141063],[-1.09139137666803,53.6686245756714],[-1.08563923446869,53.6623934744973],[-1.07106033334648,53.660021734657],[-1.07119009364024,53.6579051379127],[-1.06023004566856,53.6592686137099],[-1.04866263627315,53.6560574790882],[-1.05327754938186,53.6515369081499],[-1.06613883749557,53.6488548635137],[-1.0847972101813,53.6517244086967],[-1.12161806948654,53.6467498911622],[-1.12894048443944,53.6430168278049],[-1.12903265205062,53.6346685587376],[-1.13491215514482,53.632698060464],[-1.15509032420189,53.6431984757913],[-1.18924649793491,53.6359169754149],[-1.20982718259376,53.6431641287685],[-1.21089244222326,53.6409562919706],[-1.21564716881912,53.6419826841633],[-1.21938721338277,53.6366874717442],[-1.21746850825603,53.6242243259895],[-1.23284427243353,53.6211122455192],[-1.24288786502782,53.6346157136638],[-1.25366203263728,53.6411993771059],[-1.2552164861138,53.6489626110706],[-1.24877652500161,53.6496307232785],[-1.24696039199966,53.6556145293205],[-1.25231925834765,53.6666559818531],[-1.2439575788672,53.6732503540997],[-1.24442802583222,53.6924689577609],[-1.19906068308451,53.6948947169061],[-1.19876646275588,53.7007146053635],[-1.21844290990855,53.7070955707401],[-1.21981187384993,53.7144190168339],[-1.22632884303256,53.70986780975],[-1.22940808376884,53.7148899775928],[-1.24798800436946,53.7117252990318],[-1.26851709141282,53.714909151616],[-1.27196139481349,53.7249241869813],[-1.28376408894728,53.7320122261832],[-1.30196724055708,53.7416722163632],[-1.31535678189555,53.7436807023161],[-1.31223876959692,53.7558885043172],[-1.29494200882328,53.7554628326739],[-1.29674922164444,53.75895361436],[-1.29041541106661,53.7630787215612],[-1.29636216470596,53.7718627371124],[-1.30678747880904,53.7730441198235],[-1.30380192223829,53.7751229036305],[-1.30486041305447,53.7755880937075],[-1.30662109072771,53.7764236065017],[-1.30931464528818,53.777616548871],[-1.30959242162154,53.7778860498125],[-1.31027069344266,53.7781676902612],[-1.31064478109763,53.7783496586562],[-1.3121182293136,53.7790527580422],[-1.31259830869957,53.7792982044329],[-1.31213581633623,53.7794618820019],[-1.31160380195742,53.7796987498792],[-1.31174328268386,53.7798447757478],[-1.31202048259263,53.7800774816831],[-1.31276257617698,53.780479310015],[-1.31317048566305,53.7807818498706],[-1.31328334092105,53.7808914698021],[-1.3134354909026,53.7810471806187],[-1.31367452734367,53.7816043931686],[-1.31356206816442,53.7817098709326],[-1.31351619434794,53.7818219272585],[-1.31378605445903,53.7823079713765],[-1.31381121140654,53.7829022395544],[-1.31383821363373,53.7833872998305],[-1.31393291362548,53.7844839931082],[-1.31393812029405,53.7845163338024],[-1.3138643330078,53.7850322299797],[-1.31370843471135,53.7858551469502],[-1.31343512087657,53.7865151108822],[-1.31286801277607,53.7872255119473],[-1.31192117089609,53.7881360035046],[-1.31141540013752,53.7879709151786],[-1.31129747125968,53.7879428332748],[-1.31126866752195,53.7880280313737],[-1.31132355969451,53.788199164033],[-1.31141516487295,53.7882834729488],[-1.31160126574084,53.7885737504608],[-1.3117558697292,53.7887278416187],[-1.3120065471832,53.7888079467379],[-1.31282696264504,53.789363598107],[-1.31282458250035,53.7897079313372],[-1.31270715703264,53.7901871466244],[-1.31253109353883,53.7907506416384],[-1.31214274672309,53.7916797917953],[-1.31202994386106,53.7921606803105],[-1.31189965593879,53.7936259010641],[-1.31181685678226,53.7944505346593],[-1.31189749915558,53.7960751861145],[-1.31209786891374,53.7968402963455],[-1.31212866607991,53.796940297755],[-1.31223335766824,53.7972653425287],[-1.31226753082911,53.7974031084018],[-1.31261092250311,53.7985312895473],[-1.31275579464836,53.7987540006638],[-1.3132688515277,53.7999533936079],[-1.31343485711984,53.800297684281],[-1.31362421982743,53.8010672175629],[-1.31360561268124,53.80211519808],[-1.3136959417991,53.8029012393651],[-1.3138158832321,53.8032767158319],[-1.31401683468211,53.804157476849],[-1.3141681734226,53.8048580434633],[-1.31411493587983,53.8052841720666],[-1.31405326896006,53.8060383708689],[-1.3139638420127,53.8067132213669],[-1.3139578512964,53.806860281975],[-1.31487208408644,53.80955741395],[-1.31243493069353,53.8143756165957],[-1.30362345902206,53.8165359893521],[-1.31039837840596,53.819917790182],[-1.3096735441994,53.8228949699876],[-1.33609674496188,53.8335897524898],[-1.32520865713093,53.8353464382266],[-1.32655713555967,53.8404234294287],[-1.34213789386668,53.8451727534709],[-1.3384291426051,53.8517443123637],[-1.3529698771545,53.8567507511116],[-1.31260283640384,53.8653170007206],[-1.31969310243925,53.8789578744343],[-1.31560700707533,53.881682321449],[-1.32080439259427,53.8837880356113],[-1.31773090766349,53.8963492158609],[-1.32225151620624,53.9004265048445],[-1.3211420152514,53.9034568502754],[-1.31371896929962,53.9047124418119],[-1.30045310633845,53.9075195145808],[-1.29720289653827,53.9216377924664],[-1.30735579340276,53.9211502178813],[-1.30383182254375,53.9251007213971],[-1.2941150514381,53.9270314914749],[-1.30038292264878,53.9293770011245],[-1.30889461278843,53.9240397717431],[-1.30692669299596,53.9344220098251],[-1.33950102757291,53.9407834651939],[-1.34470601313736,53.9394989794911],[-1.34040516519185,53.9458881871319],[-1.36195324149665,53.9414835236322],[-1.39718249968378,53.9425351714559],[-1.40065796649851,53.9375004094474],[-1.40919709536893,53.935465604476],[-1.41062905552555,53.9301554375242],[-1.40670956648195,53.9278497077196],[-1.43016887345458,53.9287216057864],[-1.4335528510484,53.9263548740802],[-1.4324348073549,53.9112024645807],[-1.44050082727894,53.913864610125],[-1.45119177531536,53.9070528871748],[-1.46338707618014,53.9059213025234],[-1.46741399063788,53.9107574463588],[-1.48602668663656,53.9109121246927],[-1.49467167955443,53.915337473047],[-1.5285963244679,53.9086991314928],[-1.54941687166141,53.9106995717691],[-1.55257682983117,53.9030079176148],[-1.56288312390427,53.9039301062156],[-1.56868921225321,53.9109121878019],[-1.58429567907921,53.9090218955092],[-1.58666615355811,53.9013034050825],[-1.59926165849577,53.9039549746783],[-1.59983936879186,53.9097217711776],[-1.62065920104965,53.9033869898291],[-1.64212215917221,53.9074320209655],[-1.65206313807864,53.9056999497997],[-1.65508298511049,53.9124842980627],[-1.68462724326052,53.9105880902739],[-1.68917114424757,53.9126456097473],[-1.68770083340414,53.9164840795225],[-1.68777679380821,53.9165157253992],[-1.68979276286144,53.9166872645182],[-1.70708308020122,53.9191312550945],[-1.70611245972884,53.9170707189632],[-1.71642360381554,53.917619919268],[-1.71793091538948,53.9085507769358],[-1.72213529415405,53.9118584832012],[-1.72721731903531,53.9101672455184],[-1.74478028152553,53.9173639142365],[-1.74487129435147,53.9174252963833],[-1.74562604180612,53.9230037620901],[-1.75531289854299,53.9210267689786],[-1.76711053648494,53.9243974095362],[-1.7674729051064,53.9242531271582],[-1.77099314069416,53.9209802570306],[-1.77753621607093,53.9229212370803],[-1.78235531505586,53.9294432429466],[-1.79802799208594,53.9297153457629],[-1.79751258867977,53.9364948322318],[-1.80286281627586,53.9359569147506],[-1.80508916329937,53.939022668252],[-1.8302000445709,53.9380171784122],[-1.83012504613116,53.9403834972218],[-1.84773108570453,53.940800712712],[-1.8487805016132,53.9360227101134],[-1.83616699057491,53.9314114184039],[-1.85950243136223,53.9324750203893],[-1.8621011636559,53.9405486353563],[-1.87440466867294,53.9452956395974],[-1.87884813462452,53.9542479125137],[-1.87872339574187,53.9623919912272],[-1.88224199432317,53.9631370163757],[-1.8931382160266,53.9553835364033],[-1.90627361012441,53.9583783140969],[-1.92276981738759,53.9556344039853],[-1.92797977690032,53.950458844674],[-1.95065798396997,53.9566695710363],[-1.94936201870034,53.9530122728602],[-1.96617525840727,53.951561251017],[-1.9650488995494,53.9482354380801],[-1.96228947488857,53.9432077790604],[-1.97052671923081,53.9433331480359],[-1.96307646765848,53.9334042132592],[-1.96801858621176,53.9318246648338],[-1.96588946493996,53.9278874103506],[-1.9719217849876,53.929980432925],[-1.97686723160789,53.9264177664834],[-1.95322925644095,53.9117115165791],[-1.95241711483233,53.9035275232954],[-1.96967977149264,53.9034595588542],[-1.97934938736685,53.9011796076104],[-1.98116992366442,53.8969932012087],[-1.97697990138305,53.8756007363355],[-1.97702408016334,53.8755350623792],[-1.98765329122528,53.867737022901],[-1.99945538140006,53.8720652319785],[-2.01348456458694,53.8697375391881],[-2.02163070660002,53.8714970963167],[-2.03170847024056,53.8585935741621],[-2.04613032171259,53.8501412455596],[-2.07484949406931,53.862367340437],[-2.0811910243705,53.8699714222988],[-2.08991499194819,53.8681819720455],[-2.08245765008946,53.8775544982585],[-2.10341687197166,53.8918927626645],[-2.11317599133283,53.9046115598385],[-2.10746665577796,53.9080429752116],[-2.11309296486617,53.9154393014045],[-2.12175817199156,53.9173308355947],[-2.12435029675582,53.9232007381404],[-2.13222410689956,53.9265088503224],[-2.13997841255548,53.9283254643328],[-2.14179833499529,53.9256745764832],[-2.14943336734035,53.9260283741178],[-2.15171645617234,53.9294839660062],[-2.16287677864059,53.9272699363196],[-2.16426598029046,53.9347042728721],[-2.17160499948678,53.9376592275246],[-2.17592650861165,53.9342687825057],[-2.18226279072402,53.935410922771],[-2.18548776350961,53.9418871632753],[-2.17946680971232,53.9459857686744],[-2.18446422707568,53.9522113890033],[-2.1960183674942,53.9695758446194],[-2.20063536994884,53.9701263459605],[-2.20963876334706,53.9628992321293],[-2.21442066116374,53.9650990226041],[-2.22567381467208,53.9611195231592],[-2.22592212346691,53.9672774375262],[-2.23207092349159,53.9712009274005],[-2.22111218452458,53.9779017069844],[-2.23457238477004,53.9818564478276],[-2.28459539520561,53.9737892462307],[-2.29455000222391,53.9744666761166],[-2.298948683376,53.9765461302173],[-2.29687754801523,53.980582684894],[-2.31917729442185,53.9938205133544],[-2.33999932342476,53.9894768964455],[-2.35217648678239,53.9946124330005],[-2.35228494459096,54.0105532688523],[-2.35025319285128,54.0121830081688],[-2.34079366979368,54.0074896960098],[-2.33956433043647,54.0093207221731],[-2.34360354182356,54.0173271034288],[-2.35732329416741,54.0191170938826],[-2.36199948040014,54.0406696815782],[-2.37407297715162,54.0490890605674],[-2.42582648982368,54.0380949093938],[-2.43273399829039,54.04159335235],[-2.45877489102487,54.0404955274624],[-2.46954984634616,54.0462122422033],[-2.46434741774283,54.0752794321098],[-2.47072423697495,54.0765641879509],[-2.48075116398062,54.0853790229758],[-2.50630521952409,54.0914745819836],[-2.50952601849528,54.0954253298731],[-2.52400965394563,54.0946224792898],[-2.52410884993147,54.1021293833822],[-2.53676628071926,54.1040992590531],[-2.53620064852341,54.1086261833998],[-2.54583560408408,54.1143671662087],[-2.5447643187028,54.1171303315146],[-2.56348123404604,54.1246776048741],[-2.56341030273354,54.1404056820742],[-2.55787385630655,54.1433641928547],[-2.56050449737639,54.1530521175321],[-2.54732324388387,54.1533185076235],[-2.54368327175144,54.1575953148462],[-2.53397895530311,54.1576927128776],[-2.52875904200962,54.1694841194201],[-2.47994013195092,54.2023289897773],[-2.47369902061277,54.2152819802746],[-2.46086273483392,54.2267161351685],[-2.4414181648791,54.2257392138459],[-2.43542759127717,54.2228770156123],[-2.41197045087195,54.2266866346841],[-2.40563193679838,54.2249151681045],[-2.39677965225249,54.2393810797039],[-2.37302060410132,54.2400989034835],[-2.37232524199247,54.2482345937254],[-2.36231711509247,54.2497526288087],[-2.34805240648407,54.2378066814487],[-2.33765745303457,54.2375990705306],[-2.32564664212512,54.2414383475156],[-2.31909631949867,54.2571558301853],[-2.31551421488285,54.2702849265903],[-2.32589176655811,54.2796929160037],[-2.31719184100725,54.2871656647743],[-2.32417201077219,54.2936051520333],[-2.32039028854724,54.2990444642984],[-2.32452246431824,54.3031836220921],[-2.32040123114123,54.3067705958745],[-2.3230323098134,54.3110827863686],[-2.31497755786942,54.3135863704028],[-2.30984140863991,54.3243149774976],[-2.32020205365872,54.3317507584552],[-2.33474923494826,54.3349447249861],[-2.33576762127958,54.3404348262277],[-2.36771223910638,54.356070614351],[-2.36074911225142,54.3549476054283],[-2.34464790841351,54.3596285098932],[-2.32609228492058,54.3680956213595],[-2.31704255658246,54.3763105176709],[-2.2974404079712,54.3768987644415],[-2.29170338915819,54.39062970169],[-2.30544502560032,54.3970864171865],[-2.30814588994671,54.4197937715609],[-2.30337334570915,54.4262765258676],[-2.29185352910439,54.4314625386177],[-2.29286520125281,54.4393074909511],[-2.27134782102503,54.4409161654299],[-2.26537837452071,54.4429263064175],[-2.26790292597675,54.4472335738128],[-2.24953922329874,54.4519434353475],[-2.23561740343055,54.4482310567187],[-2.18931554536681,54.4489784731566],[-2.17750847989225,54.4616256747416],[-2.17057851371489,54.4611414406361],[-2.17021302340634,54.4581987846828],[-2.15926758918667,54.4554834833023],[-2.15012069733666,54.4599634777538],[-2.11659617374357,54.4622634779758],[-2.08639658819696,54.4683928867806],[-2.06128930394723,54.4805575869358],[-2.04319843418637,54.4835994475386],[-2.04472952149334,54.4751862733078],[-1.99676437249469,54.4669034483454],[-1.98553943940134,54.4599252873807],[-1.97612526417875,54.4597287832746],[-1.97005959181258,54.4515215410208],[-1.94254323627035,54.4533953541015],[-1.89343027732002,54.4668982622119],[-1.87760324451019,54.4780495566969],[-1.86725507782232,54.4821169159422],[-1.85912998438283,54.4818579024252],[-1.85780051144888,54.503539794396],[-1.84821673947602,54.5036629574766],[-1.83943329269054,54.5084372355978],[-1.82778688626019,54.5029294008921],[-1.82244344250921,54.495177706224],[-1.79297648414091,54.4844924287088],[-1.78717719757631,54.5010389912324],[-1.7821752755751,54.5070126931078],[-1.77613231485782,54.5067285041672],[-1.77969652861129,54.5318729939184],[-1.76972396932688,54.5328449077499],[-1.76121346135505,54.5289515279661],[-1.73309136190533,54.5277364123393],[-1.72730498994653,54.5304851191883],[-1.7213108898176,54.5423017243929],[-1.69692636355207,54.5360064288161],[-1.68225910524758,54.5333394135885],[-1.65793716561516,54.5345889222004],[-1.65467519937522,54.5246500961671],[-1.63377378148266,54.525364378957],[-1.6329311189945,54.5187043442705],[-1.64049845249066,54.5171891225],[-1.63344443619249,54.5141122913593],[-1.60952047903674,54.5199082252051],[-1.6006232763505,54.517097764642],[-1.60269996416242,54.5105369289187],[-1.57952722065321,54.5116270690244],[-1.58432455464599,54.5079706314111],[-1.59162276644808,54.5040043151316],[-1.57921485380734,54.5051876844863],[-1.58298032825201,54.4971007328169],[-1.57330393280191,54.4901596328879],[-1.55519520906131,54.4849781907925],[-1.54567271781715,54.4712384758728],[-1.53271984243502,54.4691491209424],[-1.51969374190879,54.4711152244878],[-1.53015082479877,54.475750924493],[-1.52883695102378,54.4848137377239],[-1.51413191899894,54.4837750912496],[-1.51134080604103,54.4750122607667],[-1.50524707362159,54.4824197964342],[-1.49152217227962,54.4860915234414],[-1.49905229173469,54.4756782303405],[-1.47537275452127,54.4738451780048],[-1.46761924250396,54.4621505168892],[-1.47205221947318,54.4555996004691],[-1.46173157505671,54.4511495549161],[-1.45472458308537,54.4536016929835],[-1.46274624066678,54.4611150918875],[-1.45391325690221,54.4661553701339],[-1.46385281919771,54.4737580498127],[-1.45759718214836,54.481362259061],[-1.46182748612818,54.4859514024196],[-1.45847354349528,54.4928394148308],[-1.4622413975124,54.4962937718383],[-1.47555932906158,54.4981083114132],[-1.46735265618934,54.5025273457375],[-1.45779803490864,54.5036478852807],[-1.43490529222604,54.4874931710252],[-1.42658318666795,54.4847793982714],[-1.43211777207151,54.479454565172],[-1.4127863622095,54.4771953983173],[-1.4070888004288,54.4935296381495],[-1.39921534726528,54.4928922201641],[-1.39505004776972,54.4856799721371],[-1.38306509657495,54.4872864918278],[-1.38101055095849,54.4940289306676],[-1.37077206698627,54.4856530477262],[-1.37095145975488,54.4855397942915],[-1.37477999807413,54.4824672452689],[-1.37256157635986,54.4723074609222],[-1.36441713758622,54.465952408782],[-1.35649046557565,54.472925854554],[-1.34491503450455,54.4724080083617],[-1.3436289617262,54.4641554121316],[-1.3183414734508,54.4720886350263],[-1.31311599747899,54.4772771960172],[-1.30327754750295,54.4783968079698],[-1.30043052365099,54.4758220047871],[-1.29159069524521,54.4834452741169],[-1.28671008771693,54.482734589345],[-1.28959195192554,54.4879864635201],[-1.28109315435744,54.490567247829],[-1.25740307371,54.4873218291368],[-1.25326239446654,54.4977824793089],[-1.25667466779605,54.5011079127846],[-1.24232075677082,54.501658038144],[-1.23438011814448,54.5061421447592],[-1.2348659056463,54.5103160445539],[-1.22013631075884,54.5109411330562],[-1.2072888371795,54.5081455336705],[-1.19548498997386,54.506632351657],[-1.18509381784434,54.5072853019312],[-1.17439150837431,54.5028942898151],[-1.14619694918505,54.5028216114721],[-1.11838000658732,54.498198569694],[-1.11178282493089,54.5043740280769],[-1.09473696863192,54.506695609022],[-1.06792656459548,54.5004482257668],[-1.0368514550928,54.4940440596311],[-1.02380033989238,54.5020450645543],[-1.00340105305077,54.5030120993885],[-0.967828726003033,54.4972684814954],[-0.952951598811726,54.4880355481098],[-0.89421261443467,54.4969120890723],[-0.880825023321814,54.4970468603547],[-0.875781199914727,54.4911646103066],[-0.866978786936943,54.48924095246],[-0.844139141102103,54.4895497721239],[-0.853321110841555,54.5027138369866],[-0.848647297024731,54.5300038288166],[-0.827081463556422,54.5485187051945],[-0.815676261931451,54.5525074853979],[-0.80041918962436,54.5510109253916],[-0.798787226851328,54.5556177648808],[-0.793346470967788,54.558308777279],[-0.774535975882038,54.5573994630192],[-0.774184063692499,54.5532527221157]]]},"properties":{"FID":9,"PFA23CD":"E23000009","PFA23NM":"North Yorkshire","BNG_E":429508,"BNG_N":466514,"LONG":-1.55033,"LAT":54.0937,"GlobalID":"c8e69d2b-a28c-4240-b24f-51d166d95324"}},{"type":"Feature","id":10,"geometry":{"type":"Polygon","coordinates":[[[-1.87872339574187,53.9623919912272],[-1.87884813462452,53.9542479125137],[-1.87440466867294,53.9452956395974],[-1.8621011636559,53.9405486353563],[-1.85950243136223,53.9324750203893],[-1.83616699057491,53.9314114184039],[-1.8487805016132,53.9360227101134],[-1.84773108570453,53.940800712712],[-1.83012504613116,53.9403834972218],[-1.8302000445709,53.9380171784122],[-1.80508916329937,53.939022668252],[-1.80286281627586,53.9359569147506],[-1.79751258867977,53.9364948322318],[-1.79802799208594,53.9297153457629],[-1.78235531505586,53.9294432429466],[-1.77753621607093,53.9229212370803],[-1.77099314069416,53.9209802570306],[-1.7674729051064,53.9242531271582],[-1.76711053648494,53.9243974095362],[-1.75531289854299,53.9210267689786],[-1.74562604180612,53.9230037620901],[-1.74487129435147,53.9174252963833],[-1.74478028152553,53.9173639142365],[-1.72721731903531,53.9101672455184],[-1.72213529415405,53.9118584832012],[-1.71793091538948,53.9085507769358],[-1.71642360381554,53.917619919268],[-1.70611245972884,53.9170707189632],[-1.70708308020122,53.9191312550945],[-1.68979276286144,53.9166872645182],[-1.68777679380821,53.9165157253992],[-1.68770083340414,53.9164840795225],[-1.68917114424757,53.9126456097473],[-1.68462724326052,53.9105880902739],[-1.65508298511049,53.9124842980627],[-1.65206313807864,53.9056999497997],[-1.64212215917221,53.9074320209655],[-1.62065920104965,53.9033869898291],[-1.59983936879186,53.9097217711776],[-1.59926165849577,53.9039549746783],[-1.58666615355811,53.9013034050825],[-1.58429567907921,53.9090218955092],[-1.56868921225321,53.9109121878019],[-1.56288312390427,53.9039301062156],[-1.55257682983117,53.9030079176148],[-1.54941687166141,53.9106995717691],[-1.5285963244679,53.9086991314928],[-1.49467167955443,53.915337473047],[-1.48602668663656,53.9109121246927],[-1.46741399063788,53.9107574463588],[-1.46338707618014,53.9059213025234],[-1.45119177531536,53.9070528871748],[-1.44050082727894,53.913864610125],[-1.4324348073549,53.9112024645807],[-1.4335528510484,53.9263548740802],[-1.43016887345458,53.9287216057864],[-1.40670956648195,53.9278497077196],[-1.41062905552555,53.9301554375242],[-1.40919709536893,53.935465604476],[-1.40065796649851,53.9375004094474],[-1.39718249968378,53.9425351714559],[-1.36195324149665,53.9414835236322],[-1.34040516519185,53.9458881871319],[-1.34470601313736,53.9394989794911],[-1.33950102757291,53.9407834651939],[-1.30692669299596,53.9344220098251],[-1.30889461278843,53.9240397717431],[-1.30038292264878,53.9293770011245],[-1.2941150514381,53.9270314914749],[-1.30383182254375,53.9251007213971],[-1.30735579340276,53.9211502178813],[-1.29720289653827,53.9216377924664],[-1.30045310633845,53.9075195145808],[-1.31371896929962,53.9047124418119],[-1.3211420152514,53.9034568502754],[-1.32225151620624,53.9004265048445],[-1.31773090766349,53.8963492158609],[-1.32080439259427,53.8837880356113],[-1.31560700707533,53.881682321449],[-1.31969310243925,53.8789578744343],[-1.31260283640384,53.8653170007206],[-1.3529698771545,53.8567507511116],[-1.3384291426051,53.8517443123637],[-1.34213789386668,53.8451727534709],[-1.32655713555967,53.8404234294287],[-1.32520865713093,53.8353464382266],[-1.33609674496188,53.8335897524898],[-1.3096735441994,53.8228949699876],[-1.31039837840596,53.819917790182],[-1.30362345902206,53.8165359893521],[-1.31243493069353,53.8143756165957],[-1.31487208408644,53.80955741395],[-1.3139578512964,53.806860281975],[-1.3139638420127,53.8067132213669],[-1.31405326896006,53.8060383708689],[-1.31411493587983,53.8052841720666],[-1.3141681734226,53.8048580434633],[-1.31401683468211,53.804157476849],[-1.3138158832321,53.8032767158319],[-1.3136959417991,53.8029012393651],[-1.31360561268124,53.80211519808],[-1.31362421982743,53.8010672175629],[-1.31343485711984,53.800297684281],[-1.3132688515277,53.7999533936079],[-1.31275579464836,53.7987540006638],[-1.31261092250311,53.7985312895473],[-1.31226753082911,53.7974031084018],[-1.31223335766824,53.7972653425287],[-1.31212866607991,53.796940297755],[-1.31209786891374,53.7968402963455],[-1.31189749915558,53.7960751861145],[-1.31181685678226,53.7944505346593],[-1.31189965593879,53.7936259010641],[-1.31202994386106,53.7921606803105],[-1.31214274672309,53.7916797917953],[-1.31253109353883,53.7907506416384],[-1.31270715703264,53.7901871466244],[-1.31282458250035,53.7897079313372],[-1.31282696264504,53.789363598107],[-1.3120065471832,53.7888079467379],[-1.3117558697292,53.7887278416187],[-1.31160126574084,53.7885737504608],[-1.31141516487295,53.7882834729488],[-1.31132355969451,53.788199164033],[-1.31126866752195,53.7880280313737],[-1.31129747125968,53.7879428332748],[-1.31141540013752,53.7879709151786],[-1.31192117089609,53.7881360035046],[-1.31286801277607,53.7872255119473],[-1.31343512087657,53.7865151108822],[-1.31370843471135,53.7858551469502],[-1.3138643330078,53.7850322299797],[-1.31393812029405,53.7845163338024],[-1.31393291362548,53.7844839931082],[-1.31383821363373,53.7833872998305],[-1.31381121140654,53.7829022395544],[-1.31378605445903,53.7823079713765],[-1.31351619434794,53.7818219272585],[-1.31356206816442,53.7817098709326],[-1.31367452734367,53.7816043931686],[-1.3134354909026,53.7810471806187],[-1.31328334092105,53.7808914698021],[-1.31317048566305,53.7807818498706],[-1.31276257617698,53.780479310015],[-1.31202048259263,53.7800774816831],[-1.31174328268386,53.7798447757478],[-1.31160380195742,53.7796987498792],[-1.31213581633623,53.7794618820019],[-1.31259830869957,53.7792982044329],[-1.3121182293136,53.7790527580422],[-1.31064478109763,53.7783496586562],[-1.31027069344266,53.7781676902612],[-1.30959242162154,53.7778860498125],[-1.30931464528818,53.777616548871],[-1.30662109072771,53.7764236065017],[-1.30486041305447,53.7755880937075],[-1.30380192223829,53.7751229036305],[-1.30678747880904,53.7730441198235],[-1.29636216470596,53.7718627371124],[-1.29041541106661,53.7630787215612],[-1.29674922164444,53.75895361436],[-1.29494200882328,53.7554628326739],[-1.31223876959692,53.7558885043172],[-1.31535678189555,53.7436807023161],[-1.30196724055708,53.7416722163632],[-1.28376408894728,53.7320122261832],[-1.27196139481349,53.7249241869813],[-1.26851709141282,53.714909151616],[-1.24798800436946,53.7117252990318],[-1.22940808376884,53.7148899775928],[-1.22632884303256,53.70986780975],[-1.21981187384993,53.7144190168339],[-1.21844290990855,53.7070955707401],[-1.19876646275588,53.7007146053635],[-1.19906068308451,53.6948947169061],[-1.24442802583222,53.6924689577609],[-1.2439575788672,53.6732503540997],[-1.25231925834765,53.6666559818531],[-1.24696039199966,53.6556145293205],[-1.24877652500161,53.6496307232785],[-1.2552164861138,53.6489626110706],[-1.25366203263728,53.6411993771059],[-1.24288786502782,53.6346157136638],[-1.23284427243353,53.6211122455192],[-1.22789207754961,53.6173428609013],[-1.23129834484332,53.6169090662494],[-1.24824986714938,53.6163532838009],[-1.24486470960384,53.6081631549899],[-1.25219991808845,53.6071126104223],[-1.24720997338638,53.600705188675],[-1.25763806983067,53.5998525137555],[-1.25291126681797,53.5971167686956],[-1.25802813621318,53.5919974489371],[-1.27669392278424,53.5899795221555],[-1.28228538741061,53.5830203214608],[-1.29864383186131,53.5774555136076],[-1.3078197080881,53.5753669698629],[-1.34873341137308,53.5833476291574],[-1.35143412568259,53.5810810413007],[-1.35390000506374,53.5834043718785],[-1.35611963714612,53.5953662136853],[-1.37670296002844,53.6064784179005],[-1.40018457395863,53.5986683481458],[-1.42489626723055,53.604483659701],[-1.43292460301189,53.608942432423],[-1.43919312584708,53.6070620564635],[-1.44763061376209,53.6127388197822],[-1.4839184659621,53.5948804844624],[-1.49213365249166,53.5969928386942],[-1.49158079213534,53.6027690067355],[-1.49511957803327,53.6031902320806],[-1.49656246300737,53.5973737488559],[-1.50138849637682,53.5998333871684],[-1.51036420901772,53.5968608356379],[-1.51867106657984,53.5997192957791],[-1.52838099818935,53.597033436276],[-1.53078144404236,53.593129379024],[-1.53540387734426,53.5938789671578],[-1.54732676271895,53.6031653913267],[-1.55759979962721,53.6059144651898],[-1.57198440210244,53.6086091680693],[-1.58200758120623,53.6057277040268],[-1.58645325959614,53.6071740546689],[-1.59115126334538,53.6067811923949],[-1.58519142647103,53.6005318948112],[-1.58797836748171,53.5934865500521],[-1.60175211286839,53.5877589589554],[-1.6002656679643,53.5773393515222],[-1.59619871324849,53.5769869074176],[-1.60965831843735,53.5720294875306],[-1.61563188440644,53.5630283208822],[-1.61940395616097,53.5631229838182],[-1.65656026625189,53.5605581147563],[-1.66393036379029,53.5575013744578],[-1.66191052764474,53.5536928289477],[-1.66946580092353,53.5532275154462],[-1.69903667978221,53.5538105063065],[-1.70412687028509,53.5602497675239],[-1.7231775076069,53.5599267406204],[-1.73008274770267,53.5467916746183],[-1.75581896258099,53.5366810582393],[-1.79743124240259,53.533887563438],[-1.80428301600162,53.5370133725765],[-1.82222878111984,53.521090920901],[-1.82715106039428,53.5235079165748],[-1.84182082823365,53.5199087793644],[-1.87349262570415,53.5404296499177],[-1.89410949217379,53.5336117783992],[-1.89932200438852,53.5381121276081],[-1.90962083195551,53.5383909856456],[-1.9128846428011,53.5516436140542],[-1.92566597193519,53.5531893004416],[-1.92752155724135,53.554637474598],[-1.94272585126694,53.5616412932109],[-1.94810941608059,53.5728482007354],[-1.98164621160679,53.5893378433976],[-2.00947078713106,53.6167795102388],[-2.02303595762586,53.6158394760088],[-2.02681574056412,53.6241671452053],[-2.0308867011242,53.6292400378947],[-2.02999663899538,53.6361692639832],[-2.04158005921817,53.6424873391294],[-2.03570938831999,53.659327666018],[-2.05291768111001,53.6703167293935],[-2.05485761475015,53.6756629222492],[-2.0507343300015,53.679516103231],[-2.05124217318775,53.6836917577465],[-2.05671364043473,53.6830520723641],[-2.0733456932543,53.6775118164612],[-2.08307752388252,53.6781042613117],[-2.08726453572912,53.6707514015823],[-2.11410455089095,53.6711191129124],[-2.12538675248139,53.6748383455378],[-2.13412727234523,53.6857340281759],[-2.14225755110277,53.6780058080643],[-2.14632807589576,53.6822315285494],[-2.14525470704119,53.6922949155996],[-2.16260484052451,53.6992002008284],[-2.16591242388391,53.7108398842512],[-2.17329132180093,53.7230096460328],[-2.1559976185174,53.7353253598666],[-2.14909278878936,53.733871109053],[-2.14530609129354,53.7360581182258],[-2.1417235451508,53.7457368210486],[-2.13343573748517,53.7496751096347],[-2.12952156680705,53.7545904610741],[-2.13023166798977,53.7703287620364],[-2.13636274882185,53.7801044586254],[-2.12481550058915,53.7880553415977],[-2.12952014645212,53.7922728395834],[-2.12835851818789,53.7990313029985],[-2.11227899052983,53.8057083882264],[-2.08497916890501,53.8185205738097],[-2.06122232901262,53.8256202144341],[-2.04692463706631,53.8295102810523],[-2.04613032171259,53.8501412455596],[-2.03170847024056,53.8585935741621],[-2.02163070660002,53.8714970963167],[-2.01348456458694,53.8697375391881],[-1.99945538140006,53.8720652319785],[-1.98765329122528,53.867737022901],[-1.97702408016334,53.8755350623792],[-1.97697990138305,53.8756007363355],[-1.98116992366442,53.8969932012087],[-1.97934938736685,53.9011796076104],[-1.96967977149264,53.9034595588542],[-1.95241711483233,53.9035275232954],[-1.95322925644095,53.9117115165791],[-1.97686723160789,53.9264177664834],[-1.9719217849876,53.929980432925],[-1.96588946493996,53.9278874103506],[-1.96801858621176,53.9318246648338],[-1.96307646765848,53.9334042132592],[-1.97052671923081,53.9433331480359],[-1.96228947488857,53.9432077790604],[-1.9650488995494,53.9482354380801],[-1.96617525840727,53.951561251017],[-1.94936201870034,53.9530122728602],[-1.95065798396997,53.9566695710363],[-1.92797977690032,53.950458844674],[-1.92276981738759,53.9556344039853],[-1.90627361012441,53.9583783140969],[-1.8931382160266,53.9553835364033],[-1.88224199432317,53.9631370163757],[-1.87872339574187,53.9623919912272]]]},"properties":{"FID":10,"PFA23CD":"E23000010","PFA23NM":"West Yorkshire","BNG_E":418683,"BNG_N":427238,"LONG":-1.71822,"LAT":53.7412,"GlobalID":"a8cf9990-1c2c-45d1-a3e8-e84295cb200a"}},{"type":"Feature","id":11,"geometry":{"type":"Polygon","coordinates":[[[-0.990459547125056,53.6612232807087],[-0.990234610099983,53.6589832556987],[-0.946844642823067,53.6591417665831],[-0.865338726025611,53.6377082321425],[-0.887392601501844,53.609958140621],[-0.886897108082056,53.6010269297001],[-0.897926451077773,53.5832774376931],[-0.896237894177222,53.5829167184803],[-0.901117807880235,53.5687242257127],[-0.890995208077955,53.5665589813911],[-0.900302887578595,53.5556587547458],[-0.899833391575567,53.5444776960611],[-0.892267922801329,53.5375943144394],[-0.898074461877893,53.5327589556505],[-0.943715825340442,53.5306430177669],[-0.948473546030531,53.5203729450254],[-0.950009087300711,53.5136574335677],[-0.932094163383945,53.510671822715],[-0.935564625288195,53.5025165284893],[-0.953259205587141,53.4844235283874],[-0.985978085087804,53.4716733710931],[-0.985547613494418,53.4613539670894],[-0.997518157485324,53.4436550467849],[-0.995669798894032,53.4369266834287],[-1.01245806584945,53.4327958706793],[-1.01435810855506,53.426297357497],[-1.0231689421522,53.4245143849214],[-1.03051529485536,53.425195309492],[-1.0309498187762,53.4309795254991],[-1.05705081935865,53.4253598754919],[-1.07326792409618,53.4280574415876],[-1.08043943279743,53.426867859038],[-1.07912295943339,53.4228091307237],[-1.08704609824437,53.4255440491046],[-1.09873738770383,53.4187347510545],[-1.10822686375117,53.4058817747945],[-1.11604100602787,53.4073493528943],[-1.11557938044441,53.3971857489981],[-1.12281104249626,53.3983123988667],[-1.13327807155101,53.3913783164297],[-1.13349259127567,53.3914806094812],[-1.12999587827008,53.3775655684886],[-1.13821895827,53.372252441413],[-1.144915555971,53.3712507064893],[-1.14644015470332,53.3657334886175],[-1.14517823272168,53.3633827999065],[-1.14055426651146,53.3640597089372],[-1.13853968203233,53.3559075133134],[-1.15169338424547,53.354485368199],[-1.16194934785768,53.3579088230968],[-1.16195415042171,53.3542126653857],[-1.15684339220656,53.3449694993649],[-1.14028636046273,53.3465276200277],[-1.13871810210376,53.3413828108768],[-1.14862053823827,53.3385066077954],[-1.15938481429022,53.3335089637025],[-1.17511085119313,53.3256773764623],[-1.17448181183083,53.3213908671433],[-1.19032335351259,53.3199319986666],[-1.19974282859,53.3114401844765],[-1.2032390468772,53.3042232396806],[-1.21987804757969,53.3040779715716],[-1.23044035253652,53.3085581386891],[-1.23606426389793,53.3066068036365],[-1.24332977849925,53.3016490537986],[-1.25429413883004,53.3017548273463],[-1.2735976013037,53.3104401014425],[-1.28201141324174,53.3094625893165],[-1.29567816421914,53.3150369715531],[-1.29515875672233,53.3217915202234],[-1.28858902654107,53.3262280540006],[-1.2990721903367,53.3325325923739],[-1.31229934658408,53.3341648261918],[-1.31053730161266,53.3293538370057],[-1.32165867760413,53.3256874304056],[-1.32466917492843,53.3288100130807],[-1.32830019566931,53.3289742087432],[-1.3402595397932,53.3155346839535],[-1.34723808333142,53.3188688907224],[-1.36177742459028,53.3184855500931],[-1.36262274042287,53.3150356338322],[-1.38507643737761,53.3177808761282],[-1.39200397141391,53.3226487135994],[-1.38657329018515,53.334884542305],[-1.38882296011694,53.3364466077023],[-1.40874684512064,53.3419650577052],[-1.42086649613,53.3345679515529],[-1.44213573422471,53.3373845190291],[-1.46170131382893,53.3284486140489],[-1.45522358182387,53.3218691402976],[-1.46786581929666,53.3171584863968],[-1.47438659301745,53.3184906937748],[-1.49612666412277,53.3163865553069],[-1.5104880908767,53.3160462490182],[-1.52618529691351,53.3104034479373],[-1.53121491084347,53.310651522755],[-1.5367688622067,53.3047486735244],[-1.54907599561487,53.3069826927071],[-1.55845761275355,53.3053224648267],[-1.56182692570391,53.3066022688792],[-1.55575188364951,53.3115488450082],[-1.56136488528553,53.3158211879588],[-1.58053389587991,53.3117380883258],[-1.58300458734422,53.3157224724702],[-1.57892430901633,53.3166951246412],[-1.58490201019108,53.3215879514643],[-1.59909327897252,53.3113181987842],[-1.60152504315608,53.318205401625],[-1.6092015844932,53.3226639601595],[-1.62759442860749,53.3162405746947],[-1.63272698677736,53.320839212062],[-1.61230306160512,53.3432186688852],[-1.60157558241263,53.3426090118115],[-1.59054795436381,53.3459209843409],[-1.62560375202567,53.3520618974478],[-1.63059203910695,53.3561609731087],[-1.66395050906038,53.366892925436],[-1.66329148162487,53.3742482318557],[-1.6535305185542,53.3848521072128],[-1.65381782187416,53.3919108262078],[-1.66808924679528,53.3930711909017],[-1.68182866242726,53.4017807007349],[-1.69452121635221,53.4011611620031],[-1.70496532088341,53.405055973056],[-1.70394502168919,53.4149085799229],[-1.71677795745528,53.4192980425679],[-1.72995113840574,53.4159856385031],[-1.74671906273467,53.4261649295363],[-1.74427301019628,53.4312966588394],[-1.74972822931623,53.4391192589743],[-1.74367441569702,53.4450137315161],[-1.74682471239449,53.4634099974418],[-1.76843734147339,53.4647669318847],[-1.77619997596228,53.4683257805663],[-1.77906318250375,53.4742211926421],[-1.79110661271706,53.4757816157479],[-1.80147063244941,53.4809917598487],[-1.80157653918677,53.4847949049598],[-1.80157175282453,53.4848354231447],[-1.80026299053966,53.4933551633381],[-1.79500092224839,53.4959187300478],[-1.79628821898355,53.5031529896704],[-1.81039889127308,53.5063401484474],[-1.80077865319122,53.5113785283363],[-1.81952377656311,53.5134280910315],[-1.82222878111984,53.521090920901],[-1.80428301600162,53.5370133725765],[-1.79743124240259,53.533887563438],[-1.75581896258099,53.5366810582393],[-1.73008274770267,53.5467916746183],[-1.7231775076069,53.5599267406204],[-1.70412687028509,53.5602497675239],[-1.69903667978221,53.5538105063065],[-1.66946580092353,53.5532275154462],[-1.66191052764474,53.5536928289477],[-1.66393036379029,53.5575013744578],[-1.65656026625189,53.5605581147563],[-1.61940395616097,53.5631229838182],[-1.61563188440644,53.5630283208822],[-1.60965831843735,53.5720294875306],[-1.59619871324849,53.5769869074176],[-1.6002656679643,53.5773393515222],[-1.60175211286839,53.5877589589554],[-1.58797836748171,53.5934865500521],[-1.58519142647103,53.6005318948112],[-1.59115126334538,53.6067811923949],[-1.58645325959614,53.6071740546689],[-1.58200758120623,53.6057277040268],[-1.57198440210244,53.6086091680693],[-1.55759979962721,53.6059144651898],[-1.54732676271895,53.6031653913267],[-1.53540387734426,53.5938789671578],[-1.53078144404236,53.593129379024],[-1.52838099818935,53.597033436276],[-1.51867106657984,53.5997192957791],[-1.51036420901772,53.5968608356379],[-1.50138849637682,53.5998333871684],[-1.49656246300737,53.5973737488559],[-1.49511957803327,53.6031902320806],[-1.49158079213534,53.6027690067355],[-1.49213365249166,53.5969928386942],[-1.4839184659621,53.5948804844624],[-1.44763061376209,53.6127388197822],[-1.43919312584708,53.6070620564635],[-1.43292460301189,53.608942432423],[-1.42489626723055,53.604483659701],[-1.40018457395863,53.5986683481458],[-1.37670296002844,53.6064784179005],[-1.35611963714612,53.5953662136853],[-1.35390000506374,53.5834043718785],[-1.35143412568259,53.5810810413007],[-1.34873341137308,53.5833476291574],[-1.3078197080881,53.5753669698629],[-1.29864383186131,53.5774555136076],[-1.28228538741061,53.5830203214608],[-1.27669392278424,53.5899795221555],[-1.25802813621318,53.5919974489371],[-1.25291126681797,53.5971167686956],[-1.25763806983067,53.5998525137555],[-1.24720997338638,53.600705188675],[-1.25219991808845,53.6071126104223],[-1.24486470960384,53.6081631549899],[-1.24824986714938,53.6163532838009],[-1.23129834484332,53.6169090662494],[-1.22789207754961,53.6173428609013],[-1.23284427243353,53.6211122455192],[-1.21746850825603,53.6242243259895],[-1.21938721338277,53.6366874717442],[-1.21564716881912,53.6419826841633],[-1.21089244222326,53.6409562919706],[-1.20982718259376,53.6431641287685],[-1.18924649793491,53.6359169754149],[-1.15509032420189,53.6431984757913],[-1.13491215514482,53.632698060464],[-1.12903265205062,53.6346685587376],[-1.12894048443944,53.6430168278049],[-1.12161806948654,53.6467498911622],[-1.0847972101813,53.6517244086967],[-1.06613883749557,53.6488548635137],[-1.05327754938186,53.6515369081499],[-1.04866263627315,53.6560574790882],[-1.02936207714353,53.654969722667],[-0.990459547125056,53.6612232807087]]]},"properties":{"FID":11,"PFA23CD":"E23000011","PFA23NM":"South Yorkshire","BNG_E":441052,"BNG_N":398663,"LONG":-1.38284,"LAT":53.48311,"GlobalID":"b1c349dc-a9a1-4742-a847-b55c90937427"}},{"type":"Feature","id":12,"geometry":{"type":"MultiPolygon","coordinates":[[[[-0.546408375512733,53.6899338455488],[-0.525113659420335,53.6852842992434],[-0.520604423154002,53.6856770201683],[-0.525235215350119,53.6831869274816],[-0.535830514281413,53.6812718207733],[-0.534320305553291,53.6833836982032],[-0.54357294197637,53.6828773037196],[-0.558599802283928,53.6894870633902],[-0.546408375512733,53.6899338455488]]],[[[-0.360037535400827,54.1531203470311],[-0.346397161515299,54.1468729416295],[-0.323841934250232,54.1502969336548],[-0.322652969618712,54.1452764253104],[-0.313765357888331,54.1464026786193],[-0.304337129513581,54.1362713564766],[-0.304232620330929,54.1362622475507],[-0.304082978565382,54.1362704741551],[-0.290565593426195,54.1397558093709],[-0.269068758599639,54.1383332717879],[-0.265419797803465,54.1405585091454],[-0.237224729040343,54.1372494060163],[-0.22974662180302,54.1324403549047],[-0.229066116793716,54.1357275028102],[-0.221691468642107,54.1379729727226],[-0.212541832013545,54.1575952562373],[-0.187070880227468,54.1536986212564],[-0.170541827208613,54.1507115424853],[-0.164250107913006,54.1483982639905],[-0.144336101840824,54.1410726316085],[-0.144023877512952,54.140971280674],[-0.135910553980098,54.138337186523],[-0.125754662553233,54.1346543648732],[-0.122895394278954,54.1341098263854],[-0.113646167363796,54.131104266202],[-0.110957672641625,54.1318354240119],[-0.107827749406132,54.1312388666589],[-0.106652845732454,54.1296272528281],[-0.10439388334791,54.1305842668502],[-0.095078738898567,54.1288079206297],[-0.0937516422985188,54.128400697414],[-0.0780371674347588,54.1160836758034],[-0.0771028581482827,54.1142692112098],[-0.105149133914301,54.1040103529591],[-0.140362192246847,54.1043832971431],[-0.164806205165983,54.0995799191185],[-0.166461256398675,54.0983360574796],[-0.18371458153008,54.0853633169609],[-0.183820927589165,54.0852833226859],[-0.184728007200933,54.0846009960692],[-0.18638064419422,54.0796501260011],[-0.186497304849422,54.0799444579657],[-0.187281417917482,54.0811384986938],[-0.189155174667137,54.0811161818227],[-0.19118582166173,54.0812001143747],[-0.187653719297268,54.0799761580787],[-0.191876171153166,54.0799571699729],[-0.192772678305068,54.0789332855732],[-0.198424021765174,54.077918637462],[-0.208530564194227,54.0638167121634],[-0.208547144526763,54.0637584073831],[-0.215782592214267,54.0382981998507],[-0.215280435365951,54.0227594214871],[-0.215056738521342,54.0158348958395],[-0.210784229695198,54.0065868680593],[-0.210778213568267,54.0065551302576],[-0.210524109487386,54.0060435725578],[-0.189265247000427,53.9600581371874],[-0.189015379845148,53.9596288796335],[-0.173700828359774,53.9333008383486],[-0.153965034285028,53.8993206902959],[-0.138461357807755,53.8837328960285],[-0.129572059759031,53.8734544322307],[-0.118356412828211,53.8634988191578],[-0.101814308553969,53.8468334643009],[-0.101530908865809,53.8465478186301],[-0.0954686017463823,53.8411374398235],[-0.0443966712013675,53.7954952243212],[-0.0442714974922277,53.7953832113591],[0.116999388408663,53.6622591240029],[0.117250966291247,53.6618506027618],[0.119787535900109,53.6577311677029],[0.141776539465768,53.6219856284916],[0.145671153540994,53.6084432244506],[0.146250004746449,53.6037523766591],[0.146626040286442,53.5996259953774],[0.141762505315534,53.5954159652675],[0.112896651109966,53.5747345223],[0.108346644001934,53.5714719452091],[0.107731131211551,53.57513186109],[0.113075316840731,53.578319288932],[0.137202440564732,53.5926996569703],[0.142047140119261,53.5962608774508],[0.145277307007693,53.6058468689192],[0.144688573137885,53.6085617946956],[0.124564050067233,53.62341542006],[0.115513383586415,53.62713173199],[0.0892392031458801,53.6379127529813],[0.0344835459387661,53.6492119943178],[0.019476619775574,53.6452506885127],[0.000576480566651833,53.6548606844262],[0.0173273886953013,53.6449156440165],[-0.0496809524193124,53.6321006887886],[-0.0538014838796825,53.6292146052584],[-0.056993793697097,53.6293838079768],[-0.103546755829809,53.6353418756986],[-0.124927139497302,53.6458124357864],[-0.130765634770085,53.652097035527],[-0.130790357765193,53.6521236429162],[-0.132503404838851,53.6512250781394],[-0.133375924963793,53.6507807914518],[-0.139367540614961,53.654492285499],[-0.151321275088268,53.6622232129936],[-0.16943088526352,53.6739277726658],[-0.173697985169477,53.6803169647549],[-0.184388099800018,53.6866946822366],[-0.210113909377048,53.7020309969032],[-0.227254981760063,53.7084938188361],[-0.236940426960676,53.7267051994924],[-0.235336509128956,53.7283770359741],[-0.243194652524143,53.7295764720248],[-0.242770216361124,53.7388085045054],[-0.243048048285932,53.73892797179],[-0.243167776819211,53.7387994806974],[-0.243285082392321,53.7386735896182],[-0.244137345886647,53.7377239022431],[-0.244338178291923,53.7375001039086],[-0.245242629594788,53.7364921945427],[-0.250247828993724,53.7333160077874],[-0.273243784773328,53.7409107080223],[-0.307204937877199,53.7419577166084],[-0.308866879629072,53.7417071378369],[-0.331134797333452,53.7383471869215],[-0.331186162894152,53.7383394314131],[-0.331103560038016,53.7385939952266],[-0.32695976581487,53.7446315518945],[-0.329973183512103,53.747522922662],[-0.330231957518233,53.7477711950492],[-0.332635073170785,53.7382905022068],[-0.384620196542874,53.7243475887539],[-0.396704970782307,53.7231951062628],[-0.396953642821273,53.7231551593836],[-0.418969672771267,53.7196149028524],[-0.419205999581549,53.7195768855887],[-0.431982494037863,53.7168247385855],[-0.434122193474567,53.7189884540384],[-0.434176024387595,53.7161944502047],[-0.447459519589752,53.7138639930056],[-0.463263622905399,53.7167493476005],[-0.464447031825057,53.716735813714],[-0.486189042977969,53.7164850769238],[-0.486747220804939,53.7164785880966],[-0.54255251540347,53.7084426891874],[-0.558576588921484,53.7115197276792],[-0.55920037838788,53.7116394593597],[-0.585354396382515,53.7271761688452],[-0.620730516014218,53.7302285864774],[-0.636989422503798,53.7277327105251],[-0.637838288512636,53.727582159233],[-0.672996309752412,53.7213403417837],[-0.687279326995338,53.7078813821736],[-0.700123518700436,53.7037597983977],[-0.742598638987552,53.7069814821203],[-0.779052120573226,53.6974662906486],[-0.789652372073199,53.7029339413737],[-0.794093339293045,53.7052239096623],[-0.80255167490414,53.7048066162599],[-0.811885120280041,53.7043454484476],[-0.789777762957166,53.6985611617531],[-0.775042839074174,53.6947026934224],[-0.753001777748803,53.701303919504],[-0.746257025151885,53.7033227340909],[-0.744372325533886,53.7034437756038],[-0.730587335042768,53.7043281696673],[-0.699975897211583,53.6988664795252],[-0.699897323849443,53.6961572984365],[-0.699725328190598,53.6956934031491],[-0.698493610813827,53.6846112501455],[-0.696202481006465,53.6895874085818],[-0.694941995673697,53.6923245830239],[-0.691396226568171,53.6967767041701],[-0.611423103252438,53.7146028982699],[-0.584326412874844,53.6961816010528],[-0.586254450924243,53.6933387508275],[-0.583502854508105,53.6954024019616],[-0.548710346068903,53.679624634173],[-0.525538761492673,53.6779805078407],[-0.503401763243773,53.6808563955782],[-0.489947339460609,53.6891579694494],[-0.488635403495871,53.6899671909231],[-0.487115726996997,53.6906585346203],[-0.470491491336252,53.6982186739619],[-0.443008085268306,53.6954645098768],[-0.442545946999724,53.6973955879126],[-0.407983571254342,53.6985832788037],[-0.407893377664873,53.6985863678885],[-0.406520540017006,53.6986333849385],[-0.395161311122574,53.7000742212867],[-0.393535097452903,53.6968748624305],[-0.393341927914811,53.7003573390322],[-0.387650816742898,53.7021804716252],[-0.361556952959579,53.7038923592097],[-0.332440331720814,53.7113410163098],[-0.289364002000774,53.7131988201614],[-0.26641783041436,53.6953895730262],[-0.263924166660674,53.6914988362615],[-0.268172702696113,53.690052803857],[-0.262768615416126,53.6902101061826],[-0.237811836891949,53.6637002237522],[-0.237486519142108,53.6636996690283],[-0.237855982165026,53.6635711523267],[-0.237214453548093,53.6637348791189],[-0.233942912772443,53.663924616149],[-0.233418079536936,53.663462270471],[-0.204635434798451,53.6380876400672],[-0.204422800569946,53.6379000446098],[-0.188797442454584,53.6311190130297],[-0.18805670461559,53.630538410152],[-0.187516899836659,53.6305631025192],[-0.186810326989124,53.6302563525193],[-0.152837942198458,53.6154975267695],[-0.130450265917461,53.6013555231706],[-0.129335974577611,53.6006512828406],[-0.111538965546167,53.5900487824585],[-0.0946292065298051,53.5817652801964],[-0.0942958546219058,53.581601975828],[-0.0932145186275363,53.5810722299436],[-0.0928209288271332,53.5813248643987],[-0.0922781112312654,53.5816712996173],[-0.0794577311451485,53.576930191082],[-0.0699628718370807,53.5830785336958],[-0.0698022234105712,53.5831803567718],[-0.0685643810431782,53.5830810757741],[-0.0602285028280816,53.5815780694896],[-0.0518683369436247,53.5766201317967],[-0.0509819225743809,53.576065308111],[-0.0293595810005496,53.5625249783876],[-0.0281401003252131,53.5617609441893],[-0.0201787947925524,53.5553141186394],[-0.0196679544300776,53.5548995497006],[0.00846378029178743,53.5351346754294],[0.00885275349766781,53.5348612140603],[0.0164201827845139,53.5263239355014],[0.00536645262810015,53.5196745969311],[-0.017430291488593,53.5150670076541],[-0.0195481409929984,53.5179752888566],[-0.0286386905351609,53.5173378896808],[-0.0396002030266638,53.5131165541705],[-0.0466135381137528,53.5200987293707],[-0.0605448943121237,53.5197491172312],[-0.0670959811294136,53.5168382208486],[-0.0752620038904992,53.4893357390255],[-0.0954884503108306,53.4859889956556],[-0.0898037355375292,53.4776824143987],[-0.10782063241139,53.4698627568227],[-0.0822093450711558,53.4511510054798],[-0.120343715760136,53.4335649224696],[-0.122786056566,53.4373458388718],[-0.131844979439125,53.4359255434669],[-0.134248023731181,53.4407383533175],[-0.144500351665103,53.4409034026144],[-0.149227746736442,53.446699664488],[-0.158507673042806,53.4615836690514],[-0.153680016923717,53.4656777570993],[-0.181804717740498,53.4686494113505],[-0.188565229273785,53.4845380575922],[-0.210604976147154,53.4862884742396],[-0.204086448790055,53.5117673419101],[-0.213624092361678,53.5263590353292],[-0.210589579218055,53.5317064641017],[-0.219882527217496,53.5326064907721],[-0.187529353437806,53.5636127656222],[-0.195185374970214,53.5716193566946],[-0.222558901329779,53.5680169273626],[-0.234668675193634,53.5862504184973],[-0.239163914049111,53.5881621113738],[-0.251395553409818,53.5846530760873],[-0.24847604907361,53.593663691688],[-0.254473495982278,53.5924882669515],[-0.259360321014557,53.5969696819416],[-0.283038930960544,53.6044969350018],[-0.281194446717386,53.6062629971731],[-0.29211512919743,53.6132674303182],[-0.298237327255288,53.6125616958864],[-0.300930360808404,53.6163880593414],[-0.308555246775199,53.6143287569587],[-0.300753915339974,53.5955399989843],[-0.303423841813591,53.5907900989405],[-0.310867879373955,53.5901545793183],[-0.335938821094677,53.5586265913365],[-0.348658806858916,53.5595128686266],[-0.34585530802965,53.5579585495497],[-0.349379719334232,53.5558093331508],[-0.419669109582517,53.5637727865167],[-0.429001046046789,53.5745247142208],[-0.439407349017745,53.5702930190125],[-0.450776025259325,53.5579662827286],[-0.456908706548813,53.5592905839509],[-0.465671732127895,53.5560233219709],[-0.467018371437879,53.5489606914837],[-0.490908801668391,53.5458737952132],[-0.500340142113534,53.5374689425659],[-0.430664749921137,53.5463371555556],[-0.421862353506164,53.5344480790828],[-0.414400079891137,53.5358416088035],[-0.408145080459695,53.5321088676971],[-0.405074524830151,53.5176169024623],[-0.444036592858546,53.5093918408842],[-0.475838532967563,53.5089789329026],[-0.48836488690652,53.5048357225888],[-0.480686587797683,53.4962453858493],[-0.487771884719746,53.4878143766387],[-0.486630004727343,53.4804701668812],[-0.471749465254693,53.4748729008679],[-0.551793099765091,53.4595200405489],[-0.59947987315379,53.4564021057489],[-0.629752674978015,53.4582189915595],[-0.62664950589938,53.4620613693688],[-0.634806791242606,53.4695518669221],[-0.634058429571641,53.4853992669682],[-0.630134286594633,53.4859943987618],[-0.625726537074686,53.4955809544153],[-0.628193216650824,53.5068231529788],[-0.624491104429227,53.5128392139564],[-0.675706725168171,53.5125254719015],[-0.687354907856837,53.5163887999974],[-0.701578281264133,53.5141826030997],[-0.739591684118626,53.5199359481765],[-0.752113860480161,53.5005306077545],[-0.768109606084077,53.4989256074396],[-0.775623671693964,53.4890249829015],[-0.771568244935175,53.479201559763],[-0.784388777567045,53.4766692148169],[-0.784364875033277,53.4633795456972],[-0.797483349537156,53.4550644460093],[-0.871919281432214,53.466310803053],[-0.873735876464382,53.4614784385629],[-0.916249020723134,53.4602956888135],[-0.920246794246959,53.4655076496685],[-0.9004706270826,53.4751558663774],[-0.935564625288195,53.5025165284893],[-0.932094163383945,53.510671822715],[-0.950009087300711,53.5136574335677],[-0.948473546030531,53.5203729450254],[-0.943715825340442,53.5306430177669],[-0.898074461877893,53.5327589556505],[-0.892267922801329,53.5375943144394],[-0.899833391575567,53.5444776960611],[-0.900302887578595,53.5556587547458],[-0.890995208077955,53.5665589813911],[-0.901117807880235,53.5687242257127],[-0.896237894177222,53.5829167184803],[-0.897926451077773,53.5832774376931],[-0.886897108082056,53.6010269297001],[-0.887392601501844,53.609958140621],[-0.865338726025611,53.6377082321425],[-0.946844642823067,53.6591417665831],[-0.990234610099983,53.6589832556987],[-0.990459547125056,53.6612232807087],[-1.02936207714353,53.654969722667],[-1.04866263627315,53.6560574790882],[-1.06023004566856,53.6592686137099],[-1.07119009364024,53.6579051379127],[-1.07106033334648,53.660021734657],[-1.08563923446869,53.6623934744973],[-1.09139137666803,53.6686245756714],[-1.10335931463428,53.6694993141063],[-1.10176295409661,53.6743737891135],[-1.08105979945912,53.6845261154251],[-1.0850180422841,53.6869587638317],[-1.07870710033298,53.6940780146252],[-1.07491406055148,53.7039428059867],[-1.06953504905849,53.7028044988642],[-1.06247546370011,53.7068792101591],[-1.05403341734507,53.7014342405506],[-1.05362271873287,53.6968512884835],[-1.0457582152292,53.6986226115281],[-1.03908322703065,53.6938952409118],[-1.02240364474486,53.6980362500558],[-1.00682343190753,53.6953005532584],[-1.00021653670696,53.6989003620835],[-0.98013248655668,53.6969700410115],[-0.980546833755429,53.7049832379344],[-0.967865543920724,53.7067212541364],[-0.970098142886267,53.7022137735535],[-0.962649915494684,53.7007959036698],[-0.957673238859583,53.7050537830329],[-0.961272677176333,53.7076961687818],[-0.957714760664253,53.7148354856327],[-0.944083759740001,53.7125256818909],[-0.923399129904023,53.7186813416177],[-0.90524918728046,53.7170482887405],[-0.90667948792114,53.7271708343537],[-0.911557474995318,53.7282120392845],[-0.911911104185378,53.7329522378535],[-0.936511635645353,53.7319774564876],[-0.961062924648842,53.7360784732101],[-0.963130858299442,53.7464584609365],[-0.973593546117509,53.7498570421794],[-0.951578863520295,53.7537689744692],[-0.932093240664464,53.7621901646151],[-0.928354077667595,53.770295858618],[-0.936686320783792,53.7798718407242],[-0.928046611848125,53.797158027619],[-0.934499012722836,53.8017771890504],[-0.92008626888864,53.8159768073763],[-0.940558065537096,53.8234514147605],[-0.945627249749354,53.8466499862859],[-0.941996897056635,53.8548127037743],[-0.944933460579583,53.8575257752488],[-0.948123115019338,53.8619180039297],[-0.938920530410923,53.8678462798304],[-0.940587878223372,53.8742012160871],[-0.925105860710953,53.8779320845402],[-0.92340332414165,53.8807196183155],[-0.923618720517707,53.8876757085025],[-0.919678710441119,53.8893031780236],[-0.922922402632639,53.890735361374],[-0.949515260864281,53.8938463849157],[-0.940291212360484,53.8986387659531],[-0.938281055649471,53.9078702853354],[-0.932053587015443,53.9087124995497],[-0.931580320927001,53.9174618745834],[-0.921633570681166,53.9211934257656],[-0.927678514932419,53.9308315959366],[-0.923350645217941,53.9349326303819],[-0.927657046446027,53.9526666067384],[-0.921212172316722,53.960422223829],[-0.934111184574599,53.9686722067841],[-0.927825568610974,53.9840243528026],[-0.920313528868151,53.9900941612146],[-0.925294992911636,53.9915183740072],[-0.912876789104982,53.9921320978301],[-0.908829586338875,53.9967646967819],[-0.908582355017018,53.9969186517168],[-0.907829470689977,53.9973874719037],[-0.893534863052482,53.9997681023121],[-0.888555328533819,54.0095145278117],[-0.877668778591573,54.0135570042452],[-0.878427062104742,54.01719964549],[-0.859720671321206,54.0163947536504],[-0.84302968036232,54.0216109891899],[-0.820366075223259,54.0208734294572],[-0.798988065050018,54.0240906891086],[-0.799247602502679,54.0190518098512],[-0.734257303331504,54.0302587737849],[-0.730489261578151,54.0127008349522],[-0.710746124280855,54.0111713441486],[-0.70490243910112,54.0060723859726],[-0.681798469610617,54.0103552829452],[-0.6784159211839,54.0182387569905],[-0.68848368074748,54.0240107063762],[-0.679868649542032,54.0366735297833],[-0.659484342246755,54.0371698258022],[-0.658017650079895,54.0436447743332],[-0.644653954650704,54.0551130967941],[-0.660316933915928,54.0631000528856],[-0.615523445115742,54.0704937088086],[-0.5910045583401,54.087061965492],[-0.566466466891733,54.0903055738165],[-0.563137247607814,54.093999525552],[-0.541816327501079,54.0915284820667],[-0.534030883073929,54.0871798298045],[-0.527927668486058,54.0893389369671],[-0.524612344870749,54.0854747467338],[-0.496889387319965,54.0972318301196],[-0.465942458016893,54.1076329768827],[-0.4683253854375,54.1112505404399],[-0.454351131499513,54.1167625114625],[-0.458539666811106,54.1259736083534],[-0.427093852639448,54.1374425609976],[-0.432659399003479,54.1575207129892],[-0.433168631458221,54.1640727145254],[-0.422926588307771,54.1663146664259],[-0.424556655578574,54.1695754817664],[-0.418108814732908,54.1712203237654],[-0.418427787901165,54.1740253115175],[-0.3935890590046,54.1758575462332],[-0.392857949561326,54.1760023544176],[-0.39174303310904,54.1762876967921],[-0.374526021282871,54.1625640480485],[-0.37492744814463,54.1541131529061],[-0.360037535400827,54.1531203470311]]]]},"properties":{"FID":12,"PFA23CD":"E23000012","PFA23NM":"Humberside","BNG_E":488056,"BNG_N":443597,"LONG":-0.66195,"LAT":53.88112,"GlobalID":"5ef8da02-25c7-4045-bc24-027eb293e6df"}},{"type":"Feature","id":13,"geometry":{"type":"MultiPolygon","coordinates":[[[[-1.24193513701543,54.7227237041839],[-1.24251971578362,54.7224307990019],[-1.24319929037027,54.7226325363635],[-1.24224977186981,54.7229622260154],[-1.24193513701543,54.7227237041839]]],[[[-1.25856139746239,54.7260554511218],[-1.25186499193155,54.7196229889565],[-1.24351651180576,54.7225223888936],[-1.24283952060187,54.7222638986501],[-1.23159383411259,54.7176999656514],[-1.21002901072878,54.7089421285019],[-1.17569729724445,54.6967465914717],[-1.17433678023129,54.6931621748631],[-1.17402616261033,54.6919931945106],[-1.17455342485774,54.6923560556303],[-1.17701764299862,54.6946474878241],[-1.18489073828338,54.6932915839951],[-1.19277511911233,54.7004914612059],[-1.19632938053034,54.6985649667341],[-1.18750965082326,54.6939094531825],[-1.1959399031887,54.6923614125333],[-1.19408689998301,54.6902198304169],[-1.1945192059421,54.6897157621526],[-1.19788237012063,54.6918053793625],[-1.19867872582023,54.6862575168224],[-1.19680601621656,54.6870491052513],[-1.19759897538427,54.6861243405612],[-1.19885420435152,54.6853833293903],[-1.19849609670622,54.6796429240427],[-1.19849239250194,54.6795835299739],[-1.19731505826709,54.6781671635313],[-1.17610694079305,54.6536285991937],[-1.16476091636409,54.6476052887914],[-1.15830866546583,54.6483237119619],[-1.15798025196481,54.648313452044],[-1.16879885892195,54.6442890507578],[-1.1617987909207,54.635423037741],[-1.1663887690271,54.6372637384789],[-1.16592472164367,54.6338941077572],[-1.16042471112156,54.6351924457567],[-1.16559110623118,54.6318760838332],[-1.18876265284135,54.6326511062476],[-1.20026300149,54.623411928169],[-1.20074362667607,54.6230256866669],[-1.20524163140224,54.622734363759],[-1.21246349364724,54.6222818727417],[-1.21263514524583,54.6217277289702],[-1.21276582137568,54.6214986239424],[-1.17347969079375,54.6215366566799],[-1.16781991844001,54.6293103937164],[-1.16484632932882,54.6282277215656],[-1.17204808009584,54.6217868971339],[-1.16724017559485,54.6197714814128],[-1.16204482781001,54.6226186130551],[-1.16058479247303,54.6103262801625],[-1.16574787623154,54.6101219825555],[-1.16743285551662,54.6047855592226],[-1.20445531433197,54.5826329234814],[-1.22901417375477,54.5854801090502],[-1.23050402399249,54.5856526586594],[-1.23126476207899,54.5860704808184],[-1.24538882798209,54.5938254714925],[-1.24501002900417,54.5916294141577],[-1.25251885086485,54.5923975965216],[-1.25858143284081,54.5888661576672],[-1.25942752203854,54.5809160715978],[-1.26020702726351,54.5729668000669],[-1.25715974098474,54.5871382286903],[-1.25170846105873,54.5906769518001],[-1.21570933882705,54.5810670930069],[-1.21978316515439,54.5788817028521],[-1.20481475828751,54.5799886220202],[-1.20697417243001,54.5767436214208],[-1.2037727320396,54.5769325389943],[-1.20247338032616,54.5804100010459],[-1.19707258434367,54.5817905631702],[-1.16380013008804,54.6021112503393],[-1.15139431318611,54.5961637404645],[-1.16349063398613,54.6021046071507],[-1.16025318686916,54.604540122118],[-1.14677026000937,54.5990951501693],[-1.15759190778504,54.6054499334996],[-1.14912904305,54.6143317447533],[-1.15462417114531,54.6275034978044],[-1.153299071145,54.6302054450543],[-1.15273983034454,54.6313456500682],[-1.14611921329267,54.6277264727713],[-1.14113399818843,54.6286099007235],[-1.13546007680997,54.6296157286284],[-1.14190907266081,54.6381694628453],[-1.13747557906455,54.6475831466519],[-1.13874620757824,54.6406929661972],[-1.11881251872714,54.6288614416471],[-1.0846206441754,54.6203975832227],[-1.07317157676239,54.6213368170792],[-1.07231952088698,54.6211309787847],[-1.05959649237511,54.6180564187768],[-1.05850636862159,54.6174934402429],[-1.03639976664779,54.6060714203758],[-1.03581472176515,54.6058427327377],[-1.0176925958509,54.5987563274409],[-1.01639413304144,54.5982483844675],[-0.98470916090586,54.5893897242919],[-0.984431769768939,54.5893121157946],[-0.960287944667573,54.5850306858465],[-0.943276093058768,54.5879200620229],[-0.938340629592815,54.5887578019004],[-0.919982195473937,54.5846698190308],[-0.904024163613736,54.5745856803747],[-0.90021580195012,54.5753423245885],[-0.898792679334638,54.5743664780708],[-0.898180943856563,54.5719568615449],[-0.897570026102181,54.5719039095003],[-0.875705131311908,54.5700066118595],[-0.871975861885777,54.5696825951365],[-0.869524791465038,54.5699491786397],[-0.853009737827309,54.5717439965636],[-0.846242723572737,54.5697292206504],[-0.808810703025369,54.5585740029559],[-0.78986748641371,54.5606385836252],[-0.789706090541521,54.5602608581818],[-0.794251723600609,54.5583524617884],[-0.793346470967788,54.558308777279],[-0.798787226851328,54.5556177648808],[-0.80041918962436,54.5510109253916],[-0.815676261931451,54.5525074853979],[-0.827081463556422,54.5485187051945],[-0.848647297024731,54.5300038288166],[-0.853321110841555,54.5027138369866],[-0.844139141102103,54.4895497721239],[-0.866978786936943,54.48924095246],[-0.875781199914727,54.4911646103066],[-0.880825023321814,54.4970468603547],[-0.89421261443467,54.4969120890723],[-0.952951598811726,54.4880355481098],[-0.967828726003033,54.4972684814954],[-1.00340105305077,54.5030120993885],[-1.02380033989238,54.5020450645543],[-1.0368514550928,54.4940440596311],[-1.06792656459548,54.5004482257668],[-1.09473696863192,54.506695609022],[-1.11178282493089,54.5043740280769],[-1.11838000658732,54.498198569694],[-1.14619694918505,54.5028216114721],[-1.17439150837431,54.5028942898151],[-1.18509381784434,54.5072853019312],[-1.19548498997386,54.506632351657],[-1.2072888371795,54.5081455336705],[-1.22013631075884,54.5109411330562],[-1.2348659056463,54.5103160445539],[-1.23438011814448,54.5061421447592],[-1.24232075677082,54.501658038144],[-1.25667466779605,54.5011079127846],[-1.25326239446654,54.4977824793089],[-1.25740307371,54.4873218291368],[-1.28109315435744,54.490567247829],[-1.28959195192554,54.4879864635201],[-1.28671008771693,54.482734589345],[-1.29159069524521,54.4834452741169],[-1.30043052365099,54.4758220047871],[-1.30327754750295,54.4783968079698],[-1.31311599747899,54.4772771960172],[-1.3183414734508,54.4720886350263],[-1.3436289617262,54.4641554121316],[-1.34491503450455,54.4724080083617],[-1.35649046557565,54.472925854554],[-1.36441713758622,54.465952408782],[-1.37256157635986,54.4723074609222],[-1.37477999807413,54.4824672452689],[-1.37095145975488,54.4855397942915],[-1.37077206698627,54.4856530477262],[-1.38101055095849,54.4940289306676],[-1.38306509657495,54.4872864918278],[-1.39505004776972,54.4856799721371],[-1.39921534726528,54.4928922201641],[-1.4070888004288,54.4935296381495],[-1.4127863622095,54.4771953983173],[-1.43211777207151,54.479454565172],[-1.42658318666795,54.4847793982714],[-1.43490529222604,54.4874931710252],[-1.43538149195425,54.4927105478771],[-1.42516137271388,54.5006502166731],[-1.42865860967695,54.5130643907456],[-1.42341883016166,54.5139822928243],[-1.42148546431813,54.5196376084032],[-1.43472699272647,54.5271863534754],[-1.44473884017848,54.5269873136654],[-1.44960745554185,54.5329679195821],[-1.44383904442085,54.5345385192721],[-1.44698943017572,54.5372184965908],[-1.44258214739122,54.5430873885812],[-1.44675561644352,54.5556683504143],[-1.42708005734723,54.5627746279895],[-1.41141938433307,54.5647926969057],[-1.41680788337626,54.5758295926273],[-1.40729171028139,54.5937284125877],[-1.42332719850805,54.603126865251],[-1.43136860066384,54.5953597936671],[-1.43835548898022,54.5950796110357],[-1.45078576373183,54.6046985262307],[-1.45089749591544,54.6105583859287],[-1.44219322725007,54.6102505059691],[-1.42996989703098,54.615322786888],[-1.4261707721545,54.6115187465554],[-1.41253632830273,54.6168008789531],[-1.40477977900409,54.6240456380954],[-1.39915808958827,54.624129326371],[-1.40159877406217,54.6263593079762],[-1.39423518707524,54.6288822524917],[-1.39550976562977,54.6310975399563],[-1.38827125280429,54.6316031240965],[-1.39044825228655,54.6391350522173],[-1.38084708286666,54.6438022238506],[-1.38376395297565,54.6462430013827],[-1.34122267082448,54.6502432606996],[-1.34787134473742,54.6624292314929],[-1.34354391967703,54.6686115404067],[-1.33306463906303,54.6726135520118],[-1.33094416840882,54.6821617184272],[-1.33449018998271,54.6890177013234],[-1.34460276908376,54.690826265503],[-1.31936389932285,54.6912974487955],[-1.3134958536303,54.6970865370104],[-1.31387919174122,54.7011971607502],[-1.30132484271011,54.7080916518783],[-1.30367367897698,54.7185076740542],[-1.29030145716217,54.7183978452972],[-1.2702517668578,54.7271686868921],[-1.25856139746239,54.7260554511218]]]]},"properties":{"FID":13,"PFA23CD":"E23000013","PFA23NM":"Cleveland","BNG_E":445425,"BNG_N":522495,"LONG":-1.29848,"LAT":54.59561,"GlobalID":"e3f25b75-5763-4b03-ac7d-aee127eef030"}},{"type":"Feature","id":14,"geometry":{"type":"Polygon","coordinates":[[[-1.95456973548851,52.6626411702411],[-1.9454019192549,52.6562986335338],[-1.93351994278229,52.6615291019265],[-1.92368354990336,52.6555279383317],[-1.91284218201852,52.6582337063402],[-1.90865983061504,52.6540000138041],[-1.91812069842629,52.6499509716371],[-1.90508380548937,52.6432075565444],[-1.91598526501652,52.635285780959],[-1.89432838207257,52.6226621906476],[-1.88514254979993,52.6126714020422],[-1.89062691945564,52.5980635174343],[-1.87256445035415,52.5849446948669],[-1.87249045582593,52.5850308937846],[-1.85279623242263,52.602492685896],[-1.83237033744878,52.6078065691233],[-1.80846977540344,52.6030903126525],[-1.7965280894026,52.5991229377717],[-1.7880812993329,52.5878626079121],[-1.78679966131804,52.5830722771481],[-1.77471005994695,52.5746003085289],[-1.76968817396814,52.5749827253228],[-1.76357709782207,52.5708528653122],[-1.77390765657733,52.565635825922],[-1.77015202479335,52.5635770798794],[-1.76533972140962,52.5566768875685],[-1.75639975933876,52.555879598915],[-1.75357675972706,52.5453024351312],[-1.74642783211678,52.5417130608161],[-1.75091450605661,52.5362780790967],[-1.74908599922833,52.53142236338],[-1.73942151465685,52.5319114221689],[-1.73975501172586,52.5291198312261],[-1.72885044838865,52.5244674365534],[-1.74582290579337,52.5200700211984],[-1.753810175173,52.5212131615173],[-1.75707693385447,52.5178270631412],[-1.75351881384396,52.5129615055519],[-1.74307904933239,52.5065016913203],[-1.73321302769397,52.4921489164017],[-1.73308021745514,52.491961588026],[-1.71527279230539,52.4784172254482],[-1.70851632767436,52.4657589794395],[-1.67715419118533,52.4363566263424],[-1.66658594082774,52.4354715656029],[-1.66228667335888,52.4442993235135],[-1.65486819323016,52.440754819198],[-1.64159005921899,52.4432713590923],[-1.62466196476492,52.4570296100445],[-1.62445220517117,52.4635386709049],[-1.61421254511723,52.46299967732],[-1.61071423782563,52.4586029079979],[-1.59854649387931,52.4543317154689],[-1.59548725924308,52.4559197581506],[-1.59492116060893,52.4606897369451],[-1.58986310702649,52.4619121081791],[-1.56119166726618,52.4552225685365],[-1.55142085388797,52.4570443021451],[-1.53979081939549,52.4647986859625],[-1.52967710442915,52.4570877476922],[-1.51756904133949,52.4567838763201],[-1.51965491847479,52.4533419268817],[-1.50002712685777,52.4510324598191],[-1.49170684427205,52.4550117416288],[-1.49278872769022,52.4584500764458],[-1.48275959245226,52.4580170846104],[-1.47081512972809,52.4569380626231],[-1.4639211641373,52.4583176534742],[-1.45905317416489,52.4551580328274],[-1.45216512896527,52.4496578767843],[-1.44364719055357,52.4474219642966],[-1.4464588257685,52.4430830211692],[-1.42414571781375,52.4340002029354],[-1.4323984678588,52.4156920598209],[-1.43805469152861,52.4101206972955],[-1.43224781406913,52.3958774469768],[-1.44496432719113,52.3863772900528],[-1.46313117977899,52.3796697119484],[-1.46292395816185,52.3764025493279],[-1.46118288251147,52.3752169519805],[-1.46401360334253,52.37326716734],[-1.46660878554623,52.3772040820471],[-1.48040989552119,52.3743183062406],[-1.48227797499042,52.3771188475099],[-1.50449893765669,52.3778071469403],[-1.5137217529505,52.3690162746426],[-1.52465132517521,52.3794009000629],[-1.53547931771897,52.3776089031757],[-1.54567712824214,52.3692705492204],[-1.54189288256097,52.3666334958655],[-1.55555538969844,52.3650403021534],[-1.55499309564031,52.374423969583],[-1.56263515278622,52.3768914971286],[-1.56779851824376,52.3847777917629],[-1.57670780014509,52.3827879723019],[-1.57578869048,52.3845755667565],[-1.60106738247379,52.3892994846473],[-1.61028260611013,52.3825065603405],[-1.60782846770139,52.3763099452682],[-1.61537102147016,52.3744554582423],[-1.61814504480596,52.376256182804],[-1.61901507463566,52.37055839217],[-1.62367545474847,52.3717788789593],[-1.62661583377347,52.3691944800278],[-1.62096632960557,52.3678837696536],[-1.62250698532454,52.366164430422],[-1.63645854945387,52.3651688443012],[-1.64841803963759,52.3567433955876],[-1.66088809306568,52.3656701056682],[-1.68402675265662,52.363252278141],[-1.68493052427009,52.3560109119504],[-1.69388500073929,52.3510133563022],[-1.69809152244686,52.3557323175404],[-1.7102698533246,52.3550210585008],[-1.71833684651638,52.3586922623668],[-1.7185353656547,52.3558178525138],[-1.72025822194711,52.3725740121221],[-1.73403112281356,52.3707177874998],[-1.7383229252413,52.3649718724727],[-1.74143676627234,52.3572349262262],[-1.7486752954666,52.3547416900019],[-1.75951498511587,52.3584030400719],[-1.76269979867317,52.3642104559815],[-1.77961371235848,52.3642761860134],[-1.7781848775617,52.3564451534883],[-1.77179981332959,52.3558562220755],[-1.77579036258067,52.3479652508883],[-1.78452242765323,52.3501123507043],[-1.78577146750373,52.35384644965],[-1.80419928026398,52.3628235898945],[-1.80791009025338,52.3666234558971],[-1.83506629796098,52.3673437378382],[-1.84288176844052,52.3651404776696],[-1.87202017377615,52.3676090052309],[-1.86676595099592,52.3727090927211],[-1.86135503431742,52.383848306581],[-1.84559793546976,52.3994272458318],[-1.86874678259764,52.4047375090017],[-1.8826972850066,52.3998129640257],[-1.88668851361268,52.4047021247881],[-1.88711491716094,52.4046854574529],[-1.90458785454367,52.4031456321079],[-1.91367502449958,52.4074643032542],[-1.91857786578453,52.3981927502641],[-1.93431470610424,52.387236378657],[-1.94544940926848,52.3906961060109],[-1.95254253088033,52.3933207000804],[-1.96043451281946,52.3890929126447],[-1.9649269608741,52.3921878637892],[-1.966361665048,52.3894651561014],[-1.98362447262023,52.3873341820359],[-1.99451104210707,52.3811811637955],[-2.00127910459127,52.3835651184609],[-2.01135254232925,52.3861805017265],[-2.02068654068459,52.3993561549035],[-2.02164677748029,52.4001893213525],[-2.03220823936371,52.4015480221136],[-2.02753442235217,52.4081049041119],[-2.01754876515636,52.4055824356978],[-2.00923773336184,52.4103880963102],[-1.99779772084586,52.4097378181257],[-1.98603705906246,52.4167261850783],[-1.9970611444877,52.4174261568436],[-2.00468631003248,52.428410162667],[-2.00974055226798,52.4265218765858],[-2.01699028095924,52.4326829300849],[-2.02476636851673,52.4348823128495],[-2.02970627999278,52.4273015300347],[-2.03698776266666,52.4275457066191],[-2.03788100010757,52.441557554194],[-2.05926358742543,52.4399826075424],[-2.06071299531874,52.4275376257299],[-2.06578767648413,52.4280869136475],[-2.06234948268488,52.432455329869],[-2.06754618376386,52.4325585118991],[-2.06805186468972,52.43519509507],[-2.07989188904816,52.4322720228666],[-2.08606132293397,52.4328746084017],[-2.09328034075516,52.4452825214717],[-2.10524933915254,52.4442078980607],[-2.10877723780402,52.4412226105375],[-2.11751850742379,52.4339439603954],[-2.1296969625812,52.4322104787125],[-2.13602683609072,52.4262682220361],[-2.14357493565654,52.4260547319091],[-2.16485128257998,52.4302041404019],[-2.17492345032422,52.4585783920817],[-2.16751258219809,52.4712155324568],[-2.17848230668637,52.4826958254703],[-2.18517593720853,52.4948131113825],[-2.18865957656525,52.4945073215843],[-2.18478380806703,52.5003471546394],[-2.1917488108249,52.5033970765717],[-2.18661911053264,52.504787140023],[-2.18798239526355,52.5083629807943],[-2.17824349374661,52.511648728407],[-2.1487812463097,52.5146949598383],[-2.1445828888359,52.5213842163693],[-2.1519892207291,52.5261989311609],[-2.13556384068747,52.5345085965747],[-2.1391505561962,52.5480647476521],[-2.13348672789088,52.5540666630405],[-2.1409567037919,52.5585394654884],[-2.15305435204993,52.5536751563045],[-2.17304882126826,52.5546408780829],[-2.17577313951411,52.5550136028832],[-2.17552631312987,52.5644866350297],[-2.17963133069319,52.5639895723328],[-2.18095867871054,52.5663959731023],[-2.17697462870266,52.5669585077243],[-2.18296345464224,52.5769299009265],[-2.18827737941816,52.5741752024882],[-2.18943139946547,52.5772703889516],[-2.20183199667445,52.5788182758482],[-2.20396239022653,52.5838627465358],[-2.19990064544878,52.5838454249842],[-2.20687697905067,52.5865833468677],[-2.19817609629595,52.5891768432097],[-2.19761637278453,52.5891622051021],[-2.18930941151633,52.5886086220473],[-2.18855253355869,52.5920969970397],[-2.18987251773871,52.5992885771843],[-2.19519867207527,52.607065907772],[-2.18720937458215,52.6090099451375],[-2.18031362008319,52.6049014620492],[-2.1724540888532,52.6102748247302],[-2.16915726306372,52.6093383607472],[-2.17096365028173,52.614334016602],[-2.16501689529906,52.6165126332238],[-2.16846253564829,52.6198933405872],[-2.16173145404507,52.6191296785145],[-2.16278649867635,52.6212218899376],[-2.15155405885778,52.6245909821469],[-2.15298298978926,52.6297528962883],[-2.13711233537054,52.6298149937739],[-2.13375419570882,52.6336218436867],[-2.13164409782653,52.637623081969],[-2.11824568737562,52.6377084209336],[-2.09924846254349,52.632761786329],[-2.09719071168871,52.6233683419735],[-2.08100174127972,52.6119049788423],[-2.06732536390014,52.612076413545],[-2.06870667843356,52.6181167452806],[-2.06400023828668,52.620746299773],[-2.05071786918317,52.6205226796725],[-2.03017319713815,52.6169536620926],[-2.03553484766995,52.6217562028578],[-2.01001776584619,52.6346166562425],[-1.99573639865882,52.6383207137045],[-1.99085589244034,52.636671728871],[-1.98655031223884,52.6404092773304],[-1.9640361274731,52.6418422173778],[-1.96028059215627,52.6441628916894],[-1.96055716611524,52.6537110007176],[-1.95507387081327,52.6541370247769],[-1.95994479808559,52.66203718293],[-1.95456973548851,52.6626411702411]]]},"properties":{"FID":14,"PFA23CD":"E23000014","PFA23NM":"West Midlands","BNG_E":402503,"BNG_N":289718,"LONG":-1.96454,"LAT":52.50536,"GlobalID":"70a31a29-23a9-4829-ab68-186563b88585"}},{"type":"Feature","id":15,"geometry":{"type":"Polygon","coordinates":[[[-1.93673167174513,53.2115000968818],[-1.90918436147004,53.1988105356101],[-1.89868254605192,53.2000419640284],[-1.88491002931378,53.1965458381468],[-1.87404306112304,53.195383700146],[-1.83719700723732,53.1757605741124],[-1.81617867494217,53.1587289233678],[-1.81208260717667,53.1527318553228],[-1.82215958998121,53.1379824405446],[-1.81409785638245,53.1319333546997],[-1.80093361132616,53.115158493623],[-1.78907634839941,53.1094930088637],[-1.78297133879583,53.0933342314566],[-1.79229496417896,53.091526059537],[-1.79423901989599,53.0883940561095],[-1.78860479463993,53.0809052914235],[-1.79135559873621,53.0781999893727],[-1.7855519527458,53.0631100451418],[-1.77565273133757,53.0593546407422],[-1.78414518174691,53.054707653773],[-1.77898682375688,53.0449180735128],[-1.77873412098345,53.0430137155168],[-1.7681938448564,53.0440381999147],[-1.75885937454528,53.0368769039442],[-1.76154345131445,53.0333990235866],[-1.7571882102809,53.0287959418896],[-1.76373080887802,53.0214280589325],[-1.75771862889042,53.0171443966994],[-1.76355817359426,53.0113890989479],[-1.76624027105953,53.006995508721],[-1.76240468835541,52.9998576821585],[-1.77002927094689,52.9973206184819],[-1.79000191514869,52.9924718969195],[-1.78752146310807,52.9894264282825],[-1.79339128565297,52.9896417292668],[-1.79659812901367,52.9851469543421],[-1.80478504602351,52.9855286561639],[-1.80152906115049,52.9830799257186],[-1.80590426563623,52.9804149958514],[-1.82678096538971,52.9770857580258],[-1.83018560463517,52.9713464835989],[-1.82555860409286,52.9618012735728],[-1.83448877600202,52.9548711603136],[-1.82875201069971,52.9477589307896],[-1.83566442215456,52.9452372959635],[-1.83309273117028,52.9412839321864],[-1.8393741336362,52.9414200253079],[-1.8494244031876,52.9355353500837],[-1.84960295730241,52.9310631144771],[-1.85421521986239,52.9306688076428],[-1.85592481634809,52.9215704994795],[-1.84787449811748,52.9203097707386],[-1.84892628212221,52.9166214669325],[-1.84780331471008,52.9128760570403],[-1.84265316543599,52.9130410785164],[-1.84813743448784,52.909984689071],[-1.84412419071169,52.9072232830939],[-1.83599394529566,52.9041204830441],[-1.82991189797525,52.8964314353908],[-1.8342494149755,52.8955136167311],[-1.83298599491922,52.8873796102174],[-1.82670890885525,52.8839859433897],[-1.82202392326266,52.8860385416225],[-1.82362238868557,52.8828802559305],[-1.81105273705371,52.8806531832428],[-1.80137781460864,52.8861730691096],[-1.78814837096325,52.8800168562257],[-1.78373028684108,52.8839642247792],[-1.77722065071375,52.8838147399446],[-1.77423194761186,52.8792595090782],[-1.75858465600575,52.8772206323961],[-1.75070306479113,52.8737102152893],[-1.75226722347909,52.8688078899074],[-1.74758636031624,52.8705789170866],[-1.74600328186458,52.8686931595903],[-1.74955798221329,52.8667738067235],[-1.7399802204546,52.8677109225297],[-1.73932807445915,52.8648838347747],[-1.72631739625331,52.8630708065453],[-1.72529467619722,52.8596659326497],[-1.72180436123277,52.863245005894],[-1.71680292178911,52.8604935940801],[-1.7141642182886,52.8628876703409],[-1.71767532042375,52.8645317632312],[-1.71206048032378,52.8659209380465],[-1.70346099030951,52.8663943183952],[-1.70060876646215,52.8605835227016],[-1.68999906430802,52.8645242498849],[-1.67461566983062,52.8611559730837],[-1.63515213139833,52.8529916830549],[-1.62653104160056,52.8543845562605],[-1.6281921137045,52.851836766867],[-1.61909429427346,52.8460074143438],[-1.60649893691502,52.843096675309],[-1.59890430514092,52.8377599029188],[-1.59128667483578,52.8362614010228],[-1.59189550105737,52.83227031918],[-1.58796362249841,52.8316098695532],[-1.58878061809761,52.828883657076],[-1.60300638681138,52.8261928081803],[-1.61034428778964,52.8156025248395],[-1.59169224196469,52.8092878382377],[-1.58894635200613,52.7998222122932],[-1.59351333803758,52.7969316304743],[-1.59785011420253,52.7983442505075],[-1.60354934407712,52.795455318601],[-1.60265842620209,52.7919850519436],[-1.61434537917712,52.7882740466862],[-1.60941662654359,52.7844535284852],[-1.61123024414259,52.7828094514254],[-1.61246242918384,52.7812182058403],[-1.61928932345148,52.7851679186915],[-1.62695771616391,52.7797724656211],[-1.63824276096365,52.7867285149923],[-1.64992983448513,52.7794820123588],[-1.66560381957049,52.7851627501463],[-1.67073946776933,52.7810705555407],[-1.67004708926369,52.7735947630034],[-1.67017911692501,52.7733955266483],[-1.6820666460962,52.7701916586326],[-1.6861764914816,52.7588625382215],[-1.69688659062422,52.7529893871616],[-1.69228823806625,52.7441636366866],[-1.69755616173096,52.7437850385369],[-1.69787486267365,52.7353914040447],[-1.70415800106741,52.7320787772205],[-1.69695168059392,52.7271945300814],[-1.67794426981137,52.7275040888106],[-1.67559468302182,52.7248699515452],[-1.65660772699026,52.7217484720003],[-1.65929092215423,52.7140834317401],[-1.65430141943156,52.7082086771178],[-1.6550635927941,52.6987757757077],[-1.63757757562975,52.699643624085],[-1.63529626395961,52.7024973561121],[-1.62526257606105,52.6974058844649],[-1.61549287520878,52.700701215048],[-1.60574579653471,52.6965009696517],[-1.59754104512465,52.7004217660413],[-1.58628530395622,52.694498447681],[-1.5896451852037,52.6872608072693],[-1.60428263194276,52.6789985462812],[-1.6042650474493,52.6737214996378],[-1.61554365797065,52.6719795727335],[-1.61558987141661,52.6687155040713],[-1.6449429538447,52.6575167788402],[-1.63424035317489,52.643045213346],[-1.64242246730325,52.6409402942524],[-1.63818865146622,52.6377009714616],[-1.64242207402158,52.6314895102846],[-1.63818075673866,52.625520738306],[-1.64308635231035,52.6232036918624],[-1.64153016030455,52.6202090738274],[-1.63601514632815,52.619616948522],[-1.63977736511557,52.6083930659662],[-1.64370705001515,52.6036448936737],[-1.65157754034906,52.5984182729748],[-1.6607813981187,52.5945102250397],[-1.66570790464282,52.5956658342024],[-1.66563959036358,52.5922522321029],[-1.67922341042278,52.5927094868903],[-1.68590019176515,52.5933484795598],[-1.68569088726036,52.5893509919512],[-1.69780143066728,52.5909878903767],[-1.70031606847152,52.5908845576892],[-1.70465358671429,52.5874950372801],[-1.72926113227933,52.587951341407],[-1.73901147427187,52.5892746459682],[-1.74228792519075,52.594318928282],[-1.76832767610038,52.5891134322383],[-1.77664992052135,52.5922108401346],[-1.7880812993329,52.5878626079121],[-1.7965280894026,52.5991229377717],[-1.80846977540344,52.6030903126525],[-1.83237033744878,52.6078065691233],[-1.85279623242263,52.602492685896],[-1.87249045582593,52.5850308937846],[-1.87256445035415,52.5849446948669],[-1.89062691945564,52.5980635174343],[-1.88514254979993,52.6126714020422],[-1.89432838207257,52.6226621906476],[-1.91598526501652,52.635285780959],[-1.90508380548937,52.6432075565444],[-1.91812069842629,52.6499509716371],[-1.90865983061504,52.6540000138041],[-1.91284218201852,52.6582337063402],[-1.92368354990336,52.6555279383317],[-1.93351994278229,52.6615291019265],[-1.9454019192549,52.6562986335338],[-1.95456973548851,52.6626411702411],[-1.95994479808559,52.66203718293],[-1.95507387081327,52.6541370247769],[-1.96055716611524,52.6537110007176],[-1.96028059215627,52.6441628916894],[-1.9640361274731,52.6418422173778],[-1.98655031223884,52.6404092773304],[-1.99085589244034,52.636671728871],[-1.99573639865882,52.6383207137045],[-2.01001776584619,52.6346166562425],[-2.03553484766995,52.6217562028578],[-2.03017319713815,52.6169536620926],[-2.05071786918317,52.6205226796725],[-2.06400023828668,52.620746299773],[-2.06870667843356,52.6181167452806],[-2.06732536390014,52.612076413545],[-2.08100174127972,52.6119049788423],[-2.09719071168871,52.6233683419735],[-2.09924846254349,52.632761786329],[-2.11824568737562,52.6377084209336],[-2.13164409782653,52.637623081969],[-2.13375419570882,52.6336218436867],[-2.13711233537054,52.6298149937739],[-2.15298298978926,52.6297528962883],[-2.15155405885778,52.6245909821469],[-2.16278649867635,52.6212218899376],[-2.16173145404507,52.6191296785145],[-2.16846253564829,52.6198933405872],[-2.16501689529906,52.6165126332238],[-2.17096365028173,52.614334016602],[-2.16915726306372,52.6093383607472],[-2.1724540888532,52.6102748247302],[-2.18031362008319,52.6049014620492],[-2.18720937458215,52.6090099451375],[-2.19519867207527,52.607065907772],[-2.18987251773871,52.5992885771843],[-2.18855253355869,52.5920969970397],[-2.18930941151633,52.5886086220473],[-2.19761637278453,52.5891622051021],[-2.19817609629595,52.5891768432097],[-2.20687697905067,52.5865833468677],[-2.19990064544878,52.5838454249842],[-2.20396239022653,52.5838627465358],[-2.20183199667445,52.5788182758482],[-2.18943139946547,52.5772703889516],[-2.18827737941816,52.5741752024882],[-2.18296345464224,52.5769299009265],[-2.17697462870266,52.5669585077243],[-2.18095867871054,52.5663959731023],[-2.17963133069319,52.5639895723328],[-2.17552631312987,52.5644866350297],[-2.17577313951411,52.5550136028832],[-2.17304882126826,52.5546408780829],[-2.15305435204993,52.5536751563045],[-2.1409567037919,52.5585394654884],[-2.13348672789088,52.5540666630405],[-2.1391505561962,52.5480647476521],[-2.13556384068747,52.5345085965747],[-2.1519892207291,52.5261989311609],[-2.1445828888359,52.5213842163693],[-2.1487812463097,52.5146949598383],[-2.17824349374661,52.511648728407],[-2.18798239526355,52.5083629807943],[-2.18661911053264,52.504787140023],[-2.1917488108249,52.5033970765717],[-2.18478380806703,52.5003471546394],[-2.18865957656525,52.4945073215843],[-2.18517593720853,52.4948131113825],[-2.17848230668637,52.4826958254703],[-2.16751258219809,52.4712155324568],[-2.17492345032422,52.4585783920817],[-2.16485128257998,52.4302041404019],[-2.16381069752851,52.4232580747001],[-2.16770663043039,52.4237803502067],[-2.18577020402948,52.4262307485116],[-2.19287601440949,52.4232923120568],[-2.19699508780597,52.4277842739938],[-2.21043414107301,52.429970385311],[-2.21787724424581,52.435368372462],[-2.2615026509419,52.4369411077762],[-2.26273121608001,52.4407052150861],[-2.26950475053342,52.4386159927672],[-2.28718691776708,52.4456539516062],[-2.2949641030381,52.4489476831453],[-2.28738237113974,52.4553169275928],[-2.29563026209249,52.4738915979187],[-2.3062771285085,52.4827322446092],[-2.3127491667011,52.4892088282464],[-2.30641499991294,52.4997537036509],[-2.29139000182827,52.5116799240514],[-2.26094318513366,52.5241024154944],[-2.2692153554449,52.5306887965921],[-2.25640506809536,52.5417964776052],[-2.26572950822596,52.5493130535512],[-2.28247661716922,52.5533960739274],[-2.26721208685902,52.5614910838044],[-2.26083602983262,52.5631576562142],[-2.26200399162808,52.5692763384854],[-2.27865522895248,52.5834188234347],[-2.29505618359773,52.5846276635361],[-2.30101607106506,52.5932428405658],[-2.30854602372366,52.5910936739178],[-2.32202449570949,52.593636047175],[-2.32547507277904,52.600099260158],[-2.32106209806238,52.6147257306116],[-2.31346163671815,52.6140552880445],[-2.30960125232346,52.6074012172522],[-2.27930537110748,52.6058136549617],[-2.26800074668408,52.6102322760862],[-2.25580397628643,52.609983325745],[-2.24779271018414,52.6254556498158],[-2.23688723626329,52.636067061984],[-2.23289449572096,52.6476942053338],[-2.23730348306223,52.6510852476262],[-2.23470907735918,52.6558541566262],[-2.24782379057032,52.6569888676491],[-2.23871532272218,52.6637013154921],[-2.24772940707176,52.6830743915287],[-2.27367679392543,52.6797763235394],[-2.30304049939528,52.6829527791184],[-2.30799526417698,52.6933320371171],[-2.3199078211235,52.6953977618642],[-2.3248336041539,52.7053358302013],[-2.30860350792447,52.7207461364614],[-2.31467895734629,52.724555228096],[-2.3156367525332,52.732939982822],[-2.31671752993342,52.737975881465],[-2.31220797845677,52.7408377141662],[-2.32150888669174,52.7499161692],[-2.33052721035944,52.7515844695682],[-2.33015613042756,52.7580213506908],[-2.35756869962092,52.7721980294353],[-2.36882800340452,52.7772768024874],[-2.36594868229912,52.7833967780023],[-2.37627707281625,52.7837716883351],[-2.38564736714621,52.7907548435311],[-2.381251302538,52.7907528939422],[-2.38054292178628,52.7947741982924],[-2.37132740406142,52.7953044367306],[-2.37765452619335,52.8116428146184],[-2.41634660240013,52.8270059900968],[-2.40765560028467,52.8346053342004],[-2.39709034279572,52.833853622677],[-2.39375624971319,52.8366200376671],[-2.38849547378221,52.8622340102117],[-2.38115582959556,52.8670627334912],[-2.38256047172945,52.876485048304],[-2.3753867232419,52.891440484345],[-2.37893788163928,52.8917205231384],[-2.3855545685442,52.8879883862511],[-2.41185800580277,52.8878901707181],[-2.42585066713744,52.8820022444586],[-2.44041158371091,52.8812272999022],[-2.446096803267,52.8740029893902],[-2.45762940962474,52.879100870851],[-2.45622447865008,52.8852622332083],[-2.46526298336018,52.8923153105211],[-2.47078185264882,52.9058783404726],[-2.46085451439693,52.9093835426602],[-2.45568695556611,52.9155684335101],[-2.45684114834141,52.9243740370664],[-2.44694552821835,52.9286063540535],[-2.43672273371605,52.9438698226931],[-2.42515061577032,52.9500126405709],[-2.40550267573913,52.9473175543741],[-2.40713382496691,52.9579080590078],[-2.4129171269442,52.9617707313238],[-2.39915353878102,52.9606508032836],[-2.39374310583741,52.9505519389655],[-2.3873373003015,52.9526781065101],[-2.3847502561597,52.9598221036728],[-2.37714158295841,52.9649354827833],[-2.38283206609993,52.9706579897747],[-2.37971828550886,52.9760652626118],[-2.37073679178673,52.9774663467388],[-2.37026915750574,52.9821621022701],[-2.37980679647327,52.9910655499051],[-2.37660894458356,52.9976442170461],[-2.38079367936827,52.9984110613486],[-2.38304468514478,53.0077867854542],[-2.37046780521562,53.0145758519325],[-2.38422739108102,53.0261675772583],[-2.37978504906831,53.0275914177364],[-2.38617066041113,53.0335638314002],[-2.3821591456346,53.0458496945839],[-2.38512366576312,53.0480909963744],[-2.37505980292515,53.0545307194747],[-2.36105942736563,53.0541578278047],[-2.35667986571572,53.0582152865446],[-2.35167520266234,53.0574401033093],[-2.35168051461553,53.0573681833599],[-2.35164556263916,53.0572900254457],[-2.34859444338724,53.0558257563933],[-2.33051505526749,53.0708604516159],[-2.32900939016106,53.0765798955192],[-2.31672798268146,53.0811150710968],[-2.30339645880176,53.0829611879324],[-2.29446090281441,53.0782958447336],[-2.28169021668553,53.0803160695046],[-2.27528900821487,53.0821891307371],[-2.2770593354098,53.085911608554],[-2.25589895456444,53.0906741590456],[-2.25324849091567,53.0939769926235],[-2.24650870143613,53.0902166568888],[-2.23795141697789,53.1010471437637],[-2.22307362111558,53.1037952179024],[-2.2113149262639,53.1158244632179],[-2.19350962891906,53.1296206483469],[-2.18653381017354,53.1359772700971],[-2.18629712117439,53.136219378502],[-2.1732802262854,53.1476049263659],[-2.15954293648532,53.1529060916312],[-2.15564486007666,53.1596189573796],[-2.14141084525282,53.1566523912043],[-2.14486585803342,53.1737677937403],[-2.14073970312318,53.1836007697515],[-2.13374418119402,53.1830396487522],[-2.12794651087515,53.1746481367747],[-2.11440593286975,53.1725770918065],[-2.11543228686677,53.1695365613525],[-2.10038095023658,53.1695664953904],[-2.0905607028178,53.1722382917365],[-2.0873983934952,53.1698365817316],[-2.07810071954617,53.1704155959834],[-2.05790374424751,53.1764590671589],[-2.05931749425628,53.1808356257999],[-2.04610965363786,53.1927771374014],[-2.02858093981241,53.193372064919],[-2.01823167804833,53.189084530687],[-2.00174927099309,53.1929557232904],[-1.98737982955689,53.2136037465838],[-1.96236461007117,53.2262417347362],[-1.95670722983203,53.2137476084528],[-1.93673167174513,53.2115000968818]]]},"properties":{"FID":15,"PFA23CD":"E23000015","PFA23NM":"Staffordshire","BNG_E":398242,"BNG_N":334649,"LONG":-2.02758,"LAT":52.90928,"GlobalID":"2d5f801d-d1da-4d18-ad9c-082259cb40b7"}},{"type":"Feature","id":16,"geometry":{"type":"Polygon","coordinates":[[[-2.37660894458356,52.9976442170461],[-2.37980679647327,52.9910655499051],[-2.37026915750574,52.9821621022701],[-2.37073679178673,52.9774663467388],[-2.37971828550886,52.9760652626118],[-2.38283206609993,52.9706579897747],[-2.37714158295841,52.9649354827833],[-2.3847502561597,52.9598221036728],[-2.3873373003015,52.9526781065101],[-2.39374310583741,52.9505519389655],[-2.39915353878102,52.9606508032836],[-2.4129171269442,52.9617707313238],[-2.40713382496691,52.9579080590078],[-2.40550267573913,52.9473175543741],[-2.42515061577032,52.9500126405709],[-2.43672273371605,52.9438698226931],[-2.44694552821835,52.9286063540535],[-2.45684114834141,52.9243740370664],[-2.45568695556611,52.9155684335101],[-2.46085451439693,52.9093835426602],[-2.47078185264882,52.9058783404726],[-2.46526298336018,52.8923153105211],[-2.45622447865008,52.8852622332083],[-2.45762940962474,52.879100870851],[-2.446096803267,52.8740029893902],[-2.44041158371091,52.8812272999022],[-2.42585066713744,52.8820022444586],[-2.41185800580277,52.8878901707181],[-2.3855545685442,52.8879883862511],[-2.37893788163928,52.8917205231384],[-2.3753867232419,52.891440484345],[-2.38256047172945,52.876485048304],[-2.38115582959556,52.8670627334912],[-2.38849547378221,52.8622340102117],[-2.39375624971319,52.8366200376671],[-2.39709034279572,52.833853622677],[-2.40765560028467,52.8346053342004],[-2.41634660240013,52.8270059900968],[-2.37765452619335,52.8116428146184],[-2.37132740406142,52.7953044367306],[-2.38054292178628,52.7947741982924],[-2.381251302538,52.7907528939422],[-2.38564736714621,52.7907548435311],[-2.37627707281625,52.7837716883351],[-2.36594868229912,52.7833967780023],[-2.36882800340452,52.7772768024874],[-2.35756869962092,52.7721980294353],[-2.33015613042756,52.7580213506908],[-2.33052721035944,52.7515844695682],[-2.32150888669174,52.7499161692],[-2.31220797845677,52.7408377141662],[-2.31671752993342,52.737975881465],[-2.3156367525332,52.732939982822],[-2.31467895734629,52.724555228096],[-2.30860350792447,52.7207461364614],[-2.3248336041539,52.7053358302013],[-2.3199078211235,52.6953977618642],[-2.30799526417698,52.6933320371171],[-2.30304049939528,52.6829527791184],[-2.27367679392543,52.6797763235394],[-2.24772940707176,52.6830743915287],[-2.23871532272218,52.6637013154921],[-2.24782379057032,52.6569888676491],[-2.23470907735918,52.6558541566262],[-2.23730348306223,52.6510852476262],[-2.23289449572096,52.6476942053338],[-2.23688723626329,52.636067061984],[-2.24779271018414,52.6254556498158],[-2.25580397628643,52.609983325745],[-2.26800074668408,52.6102322760862],[-2.27930537110748,52.6058136549617],[-2.30960125232346,52.6074012172522],[-2.31346163671815,52.6140552880445],[-2.32106209806238,52.6147257306116],[-2.32547507277904,52.600099260158],[-2.32202449570949,52.593636047175],[-2.30854602372366,52.5910936739178],[-2.30101607106506,52.5932428405658],[-2.29505618359773,52.5846276635361],[-2.27865522895248,52.5834188234347],[-2.26200399162808,52.5692763384854],[-2.26083602983262,52.5631576562142],[-2.26721208685902,52.5614910838044],[-2.28247661716922,52.5533960739274],[-2.26572950822596,52.5493130535512],[-2.25640506809536,52.5417964776052],[-2.2692153554449,52.5306887965921],[-2.26094318513366,52.5241024154944],[-2.29139000182827,52.5116799240514],[-2.30641499991294,52.4997537036509],[-2.3127491667011,52.4892088282464],[-2.3062771285085,52.4827322446092],[-2.29563026209249,52.4738915979187],[-2.28738237113974,52.4553169275928],[-2.2949641030381,52.4489476831453],[-2.28718691776708,52.4456539516062],[-2.26950475053342,52.4386159927672],[-2.26273121608001,52.4407052150861],[-2.2615026509419,52.4369411077762],[-2.21787724424581,52.435368372462],[-2.21043414107301,52.429970385311],[-2.19699508780597,52.4277842739938],[-2.19287601440949,52.4232923120568],[-2.18577020402948,52.4262307485116],[-2.16770663043039,52.4237803502067],[-2.16381069752851,52.4232580747001],[-2.16485128257998,52.4302041404019],[-2.14357493565654,52.4260547319091],[-2.13602683609072,52.4262682220361],[-2.1296969625812,52.4322104787125],[-2.11751850742379,52.4339439603954],[-2.10877723780402,52.4412226105375],[-2.10524933915254,52.4442078980607],[-2.09328034075516,52.4452825214717],[-2.08606132293397,52.4328746084017],[-2.07989188904816,52.4322720228666],[-2.06805186468972,52.43519509507],[-2.06754618376386,52.4325585118991],[-2.06234948268488,52.432455329869],[-2.06578767648413,52.4280869136475],[-2.06071299531874,52.4275376257299],[-2.05926358742543,52.4399826075424],[-2.03788100010757,52.441557554194],[-2.03698776266666,52.4275457066191],[-2.02970627999278,52.4273015300347],[-2.02476636851673,52.4348823128495],[-2.01699028095924,52.4326829300849],[-2.00974055226798,52.4265218765858],[-2.00468631003248,52.428410162667],[-1.9970611444877,52.4174261568436],[-1.98603705906246,52.4167261850783],[-1.99779772084586,52.4097378181257],[-2.00923773336184,52.4103880963102],[-2.01754876515636,52.4055824356978],[-2.02753442235217,52.4081049041119],[-2.03220823936371,52.4015480221136],[-2.02164677748029,52.4001893213525],[-2.02068654068459,52.3993561549035],[-2.01135254232925,52.3861805017265],[-2.00127910459127,52.3835651184609],[-1.99451104210707,52.3811811637955],[-1.98362447262023,52.3873341820359],[-1.966361665048,52.3894651561014],[-1.9649269608741,52.3921878637892],[-1.96043451281946,52.3890929126447],[-1.95254253088033,52.3933207000804],[-1.94544940926848,52.3906961060109],[-1.93431470610424,52.387236378657],[-1.91857786578453,52.3981927502641],[-1.91367502449958,52.4074643032542],[-1.90458785454367,52.4031456321079],[-1.88711491716094,52.4046854574529],[-1.88668851361268,52.4047021247881],[-1.8826972850066,52.3998129640257],[-1.86874678259764,52.4047375090017],[-1.84559793546976,52.3994272458318],[-1.86135503431742,52.383848306581],[-1.86676595099592,52.3727090927211],[-1.87202017377615,52.3676090052309],[-1.87612494019659,52.3635815583076],[-1.88897350255566,52.3610931430448],[-1.87282699868849,52.3370190657957],[-1.86487657654697,52.3331069910923],[-1.87037812360308,52.3125786195793],[-1.88095344910368,52.3108714821436],[-1.87520703557667,52.3054821819789],[-1.88042834681613,52.2983347900928],[-1.88639977519592,52.2867848463659],[-1.89788016062418,52.2835609669194],[-1.90103167247413,52.2833903021983],[-1.91454271211228,52.2753874126618],[-1.9211054332331,52.2764761056752],[-1.934266733762,52.2769454852376],[-1.93542189440179,52.2769330466901],[-1.93868701965673,52.2704978839032],[-1.93438721914327,52.2645943884293],[-1.93461083149063,52.2520178637463],[-1.92465114170177,52.2408753742477],[-1.91825411287121,52.2250324970676],[-1.92007490411581,52.2102912331798],[-1.93020441035354,52.2080384915886],[-1.93645018674316,52.2026553124421],[-1.93484099931597,52.1928925245533],[-1.94164148445488,52.1774063431526],[-1.94934897589591,52.1729623025425],[-1.961627884512,52.1726549776153],[-1.96040736772155,52.1686717304002],[-1.93548275837819,52.1695570844788],[-1.93411881977758,52.1653937334109],[-1.9443024167711,52.1553331518579],[-1.94005251880146,52.1530155197997],[-1.92185203017987,52.152954474507],[-1.9168779550102,52.1467158079656],[-1.90510005157564,52.1427368605655],[-1.90323776094578,52.1334480569292],[-1.88496698079471,52.147138903004],[-1.89422974637425,52.1482514753547],[-1.89181221904438,52.155065978171],[-1.88162131887808,52.1555370663787],[-1.86692724441238,52.1530079667494],[-1.86387745466432,52.1470383766827],[-1.86696223269006,52.1446396431337],[-1.85418798079449,52.1385209134843],[-1.84581026559189,52.1426541731734],[-1.84690834174665,52.1471859062224],[-1.85190379418204,52.1479698762684],[-1.84823028783256,52.1499728920788],[-1.8396721464105,52.1527136842714],[-1.83100377445367,52.1483070776403],[-1.83146961492221,52.1456743471539],[-1.82334774779545,52.1459250771193],[-1.8278448522805,52.1412448942987],[-1.82321733193223,52.1363823211799],[-1.80843385608566,52.1398755703821],[-1.78554803075531,52.1320586061614],[-1.79577421420185,52.1244418873733],[-1.7910043132328,52.1201935592745],[-1.78062748194959,52.1201433525239],[-1.76969956557554,52.1153144659332],[-1.75783398192087,52.1161296465009],[-1.7676920738422,52.1125783274844],[-1.78941728675708,52.1063748328607],[-1.79013499514956,52.100591533347],[-1.80228873762243,52.0969414685877],[-1.81273665650818,52.0787440005564],[-1.81894341276327,52.085404114207],[-1.83175334172358,52.0727693533542],[-1.84661960637666,52.0794210947487],[-1.85338863530379,52.0723674194912],[-1.85560691263515,52.0744406650098],[-1.86904499487076,52.0738565358953],[-1.87200505095905,52.0719168651456],[-1.87168224491349,52.0654261156667],[-1.86498840401184,52.0662781566403],[-1.86287745945827,52.0634319519335],[-1.86344917989937,52.0534177221476],[-1.8345888140813,52.0437330158037],[-1.82975128600407,52.0390716041666],[-1.83056034585543,52.0321390313493],[-1.8250228816679,52.0309334126422],[-1.83565953282706,52.0225025850846],[-1.8353091289734,52.0091624202505],[-1.83905030714283,52.0067831275768],[-1.86154357558555,52.0126276651864],[-1.86226882816264,52.0174853374754],[-1.91344602070409,52.0444612397009],[-1.92215719605332,52.0356149128372],[-1.9270448826783,52.0366609254568],[-1.93169767686998,52.0298892728558],[-1.94746507634291,52.0318013694595],[-1.95137076201915,52.0376994827586],[-1.98413574037062,52.0358792735091],[-1.9951896393208,52.0265631408397],[-1.99856512357771,52.0296677469089],[-2.02365946276158,52.0169532954999],[-2.02927127218363,52.0128396662462],[-2.02699699485911,52.0105880389455],[-2.03825256733375,52.0095626837447],[-2.03835621126119,52.0046006226081],[-2.04951417600198,52.0037962176657],[-2.048683005885,52.0071151028051],[-2.05929352374806,52.0094738294131],[-2.06077974233804,52.0146632884129],[-2.07145144628413,52.0121930935774],[-2.08487319407292,52.0104785837075],[-2.10872419018119,52.0142790404489],[-2.11805411412913,52.0143850637873],[-2.12111733790517,52.0112926933427],[-2.1315234008533,52.0059068019949],[-2.13520211576955,51.9997043397132],[-2.14185772526002,51.9998152156871],[-2.13906369390974,52.003949819417],[-2.15078195954122,52.0066280407731],[-2.14965530887931,52.0112561677635],[-2.13939720724878,52.0278918487723],[-2.11721985481579,52.0336144270826],[-2.11838638193208,52.0421167569588],[-2.16183573315993,52.0505948860808],[-2.17136924553862,52.047610534044],[-2.18067935412919,52.0417281229636],[-2.17690606521531,52.0225592291],[-2.18768330302322,52.0190801567564],[-2.18406559054382,52.0139009421301],[-2.16412790281408,52.0034004426575],[-2.16472740060025,51.9960730088621],[-2.1749071210172,51.9961409710497],[-2.18110637903987,51.9994833903341],[-2.17942583356144,51.9948475683839],[-2.18508403441562,51.9905609779425],[-2.20288600060755,51.9963629904356],[-2.2206132435217,51.9954966439335],[-2.25135998124032,51.9665649333006],[-2.27055558557873,51.9689390800587],[-2.28829064497739,51.9706681633801],[-2.30043302609069,51.9667752636857],[-2.30946536146718,51.9706466986844],[-2.31261970069138,51.9765049736609],[-2.32653883120796,51.9757909459813],[-2.32065696637927,51.9921284113593],[-2.32470967818414,52.0035672774164],[-2.32942304043216,52.0068286017653],[-2.3404932556809,52.0067404415382],[-2.35254266829771,52.0135353093701],[-2.35137852244174,52.0213590281247],[-2.38698268471681,52.0121665262028],[-2.39289223171328,52.0129587691277],[-2.3990184898963,51.9961459469645],[-2.41319627507641,51.9940903068968],[-2.43660749577437,51.9968432300216],[-2.4361213982017,52.0145914684016],[-2.46337278472343,52.0140424468424],[-2.46251149742554,52.02183846222],[-2.46619200280129,52.023746323885],[-2.47893230092191,52.0225304101253],[-2.48036569317797,52.0160607832299],[-2.49125236025256,52.0104908363663],[-2.4854967162393,52.0003323090956],[-2.47764646244236,52.0001505288547],[-2.47097993694179,51.9947774688723],[-2.48863786343256,51.9874076047794],[-2.49491293332375,51.9810752059117],[-2.49224484623915,51.964128776399],[-2.49903014476934,51.963718081246],[-2.50090645407367,51.9606091433712],[-2.49018750591508,51.9549792912077],[-2.4861074430909,51.9574201959719],[-2.47372852291771,51.9565383741247],[-2.46557353500141,51.9517045843731],[-2.46338406597602,51.9392716139048],[-2.46787865506536,51.9373797825606],[-2.4660430006938,51.9279745026219],[-2.44644962304205,51.9150883084715],[-2.44008129841439,51.9024199624109],[-2.44531994517423,51.9005581660893],[-2.43923080771773,51.899521223574],[-2.44602000055253,51.8939972287755],[-2.44638985265459,51.8940920672145],[-2.46521347137183,51.8929913173463],[-2.47340817682411,51.8855536333177],[-2.48073427086485,51.8857252248705],[-2.48672835462937,51.8847160378116],[-2.48779469274655,51.8804175449928],[-2.49386126494357,51.8800028148504],[-2.49465604213406,51.8842397004992],[-2.50025379604018,51.881738049498],[-2.5018679321442,51.8863121443894],[-2.50862440109418,51.8851690560296],[-2.52223340432222,51.8646959983026],[-2.53405179974821,51.8603963175063],[-2.56161946666289,51.8642711715507],[-2.57584154693707,51.8625419088354],[-2.58520409059383,51.8599145479902],[-2.57882169171365,51.8518494047763],[-2.58619788884871,51.8497853251847],[-2.59953949895494,51.8565314425971],[-2.60640062095109,51.8520257881789],[-2.60943413562022,51.8467969245371],[-2.62159359642244,51.8433246698416],[-2.62546695815918,51.8389640015383],[-2.63671005341688,51.8430952603725],[-2.63630654696853,51.8394910954852],[-2.65040070567432,51.8261246880221],[-2.65685722559277,51.8268809144197],[-2.65813703622344,51.8326542078917],[-2.6648132428822,51.8351503278707],[-2.6653839340164,51.8353710026876],[-2.68285081365734,51.8384562829004],[-2.68677146220752,51.836378948732],[-2.68619904659978,51.8360504508586],[-2.6864335256877,51.8358198505527],[-2.68700248327029,51.8330561769206],[-2.69336566959471,51.8338729566316],[-2.69733677490444,51.8447981340223],[-2.70511266084999,51.8456957693146],[-2.71022269587742,51.8390689526682],[-2.71610134718433,51.8407352516914],[-2.71966531119947,51.8488696891103],[-2.72758042926545,51.8401422458282],[-2.73154290806487,51.8413916861337],[-2.73884858634764,51.8366165094632],[-2.74126843487032,51.8425598203494],[-2.75699280317543,51.8459905055195],[-2.76911569646707,51.8614002456974],[-2.76916519376852,51.8614943037745],[-2.77879887552431,51.865859065782],[-2.77641599479149,51.8736406786977],[-2.77623154956349,51.8737236950712],[-2.77272206180189,51.876794716052],[-2.76845708326348,51.8805382700943],[-2.7969945688002,51.8884132195493],[-2.80867045189898,51.8962278759298],[-2.82376051160823,51.9052989462739],[-2.83614469601679,51.9060748456053],[-2.84201407836682,51.9177501581602],[-2.84516386201871,51.9152035172536],[-2.85371032628077,51.9157353724162],[-2.8541179863612,51.9132994469426],[-2.86187161480982,51.9139790704284],[-2.86333336574936,51.9171762759246],[-2.84644674545594,51.9198987123992],[-2.84515682480003,51.9222658623175],[-2.85943881337434,51.9277489770801],[-2.86990040075651,51.9267875260882],[-2.87542257173629,51.9330887259947],[-2.88269920691322,51.9343421613431],[-2.88865716334539,51.9334624609877],[-2.88704864911808,51.9281634657987],[-2.89227371982282,51.9254283158554],[-2.90413542883235,51.9251822002523],[-2.91624346108662,51.917692135466],[-2.92804857964451,51.913891573869],[-2.93392452368646,51.9150507172738],[-2.9422393271386,51.9094924812545],[-2.95571990531287,51.9064139128436],[-2.95601563705117,51.9065121847673],[-2.95694687374331,51.9066232669171],[-2.95742272516996,51.9067821824233],[-2.95789963503367,51.9068556050309],[-2.95800131660172,51.9068520798756],[-2.95864841279318,51.9067955747605],[-2.97275848557235,51.9058894127876],[-2.97537120273871,51.9096009909526],[-2.97117237544611,51.9134201490423],[-2.97752817985425,51.9275108960613],[-2.97857956458355,51.9271038603126],[-2.97929116568277,51.92699097141],[-2.97956595917695,51.9271873360988],[-2.97977363425922,51.9273079440112],[-2.98025916884007,51.9275672704956],[-2.98074428384212,51.9276037661548],[-2.98079355629604,51.9272625904242],[-2.98160609195911,51.92644025841],[-2.9818549367656,51.9263815521304],[-2.98250460826444,51.9262340153836],[-2.98321191087693,51.9260573181181],[-2.98335297942071,51.9259887225403],[-2.98354917864914,51.9257874414671],[-2.9860998297912,51.9256456449212],[-2.98656162835949,51.9255491013058],[-2.98703592648441,51.9256233273755],[-2.98702843972327,51.9256810085785],[-2.98712923904948,51.9257664551429],[-2.98779820458396,51.925635899167],[-2.98819107278481,51.9255129608052],[-2.98868728242665,51.9254602550198],[-2.98883053074591,51.9254257927145],[-2.99007020511377,51.9251249469512],[-2.99252079732485,51.924607951873],[-2.99674928138649,51.923865528476],[-2.99889469993679,51.9234886019757],[-3.00823373586958,51.9272581388503],[-3.01235948383486,51.9437846835167],[-3.01243443968892,51.9438829418489],[-3.01308987163877,51.9448843148724],[-3.01333434110123,51.945080015969],[-3.01349657884167,51.9451775217197],[-3.0140191073784,51.945380626105],[-3.01433281432052,51.9454850070451],[-3.0237724912231,51.9544637260211],[-3.02383222702091,51.9545563543273],[-3.02418279892794,51.955035946998],[-3.02468646077166,51.9557003216937],[-3.02524446675457,51.9563732116813],[-3.02542853121262,51.9567356581847],[-3.02592825998755,51.957270769139],[-3.02634837242546,51.9575053699195],[-3.02802290125686,51.9581830670891],[-3.02910036634647,51.9585243014934],[-3.03005959008402,51.9587856411888],[-3.03088591288428,51.9589627222365],[-3.03147040532427,51.9590654931704],[-3.03409223997037,51.9594785487991],[-3.03519609194751,51.9596981168801],[-3.03538711571702,51.9597773565833],[-3.03555745337733,51.9599062291714],[-3.03572976040522,51.9601204998402],[-3.03575820011371,51.9602064357532],[-3.03598788076167,51.960900455541],[-3.03622391178072,51.9610377399314],[-3.03658953964873,51.9614301293496],[-3.03677151821421,51.9617477110872],[-3.03695274362785,51.962663208526],[-3.0373817983565,51.9629651252502],[-3.03753801681894,51.9631121015316],[-3.03785502484053,51.9636038176913],[-3.03798581887678,51.9639038665261],[-3.03807660635454,51.9646897882754],[-3.03832700255396,51.9651326394118],[-3.04211364208475,51.9680527493567],[-3.04297450964872,51.9684542187056],[-3.04334273606452,51.9685897235076],[-3.04450631996317,51.9689126661458],[-3.04600151145392,51.9696726212773],[-3.0467783106612,51.9698994829035],[-3.0480364872856,51.9705721256935],[-3.04826713275532,51.9706954298682],[-3.04938406136942,51.9711485169779],[-3.05010455206501,51.9714804457613],[-3.05126034528987,51.9720128984105],[-3.05139312518511,51.9720881367323],[-3.05176520007516,51.9724354656169],[-3.05189977148966,51.9725871118101],[-3.05205922874621,51.9728689064159],[-3.05224432370457,51.9730021183932],[-3.05324027841794,51.9732584480403],[-3.05350511513961,51.9733774577917],[-3.05503826566021,51.9741909066677],[-3.05600495254958,51.9747486771061],[-3.05646431248561,51.9750907123041],[-3.05670171649127,51.9751623136172],[-3.0570288282167,51.9752609704874],[-3.05731634657223,51.9760212721091],[-3.05736410277263,51.976206521268],[-3.057374978888,51.9763592724715],[-3.05742941741415,51.9765071367574],[-3.05762461732263,51.9766525269575],[-3.05791844940301,51.9768713778402],[-3.05855442915421,51.9772927375514],[-3.05951451784957,51.9781832098007],[-3.05950653585757,51.9784620059865],[-3.05959062739978,51.9786320800155],[-3.06285195236337,51.9801671265997],[-3.06338516324162,51.9805489276561],[-3.06437147728706,51.9811125061366],[-3.06479477896391,51.9813543734678],[-3.06546021139489,51.9817844196802],[-3.06737674091607,51.9831362965463],[-3.08408810673976,52.0041082533495],[-3.08689696098424,52.0139113856829],[-3.09919890693024,52.0226858076554],[-3.08649189284935,52.0411428326716],[-3.09281242205453,52.0474787910002],[-3.09078087745997,52.0508252935815],[-3.1098160125025,52.063288951806],[-3.10994989815687,52.0633335310343],[-3.11833311578482,52.0701639267648],[-3.12589457339956,52.0783105771297],[-3.11882417854068,52.0886528271608],[-3.12116979268074,52.104074604417],[-3.12103651230468,52.1041163330185],[-3.10534931223889,52.105417821816],[-3.10783374698134,52.1134056719097],[-3.10784629665687,52.1135174030185],[-3.10492212967307,52.1167418928952],[-3.12806150953142,52.1245704997672],[-3.13681484638137,52.1233202545313],[-3.14122947075569,52.1299219958831],[-3.13413719876664,52.1335779159902],[-3.13587330508285,52.137908391339],[-3.09369007605061,52.1443059955093],[-3.0725382658941,52.1557732338737],[-3.0715715098143,52.1581897488746],[-3.08254318096633,52.1630471599712],[-3.09889603996449,52.1547338851738],[-3.12243047087079,52.1634196046664],[-3.12199485648723,52.1669168319366],[-3.11245934549557,52.1702313021258],[-3.11248966538687,52.1736233334651],[-3.10140991621773,52.1772661370058],[-3.09465104889233,52.1837422721208],[-3.10208187078616,52.2027204247282],[-3.10195084173338,52.202691088375],[-3.10153590128469,52.2027147376556],[-3.10097855602133,52.2026048894602],[-3.09885164004545,52.20251317385],[-3.09838990162873,52.2026010651867],[-3.09832711365689,52.2026088407089],[-3.09819513003313,52.2026533031935],[-3.09809162721944,52.2026686485401],[-3.097848305511,52.2027140570145],[-3.09739316979575,52.2028890707162],[-3.09726659710755,52.2029181118285],[-3.09508415016077,52.2034302330017],[-3.09392842859887,52.2038590036516],[-3.09349010511775,52.2041894341996],[-3.09179896839144,52.2051644239234],[-3.09157493574685,52.2053382640628],[-3.09093146675872,52.2057775442217],[-3.07722199754993,52.213095363929],[-3.07542574072464,52.2133536122554],[-3.07541814668195,52.2133132620185],[-3.0724958760961,52.2129901061433],[-3.07246579213586,52.2129472081063],[-3.07210637947488,52.2132868024623],[-3.07227191360337,52.2139434051094],[-3.0722012462501,52.2142919852077],[-3.07220573826102,52.2144789010064],[-3.07220950875477,52.2149940871371],[-3.07801192761048,52.2160480104788],[-3.07222727732273,52.2233536754233],[-3.07304708613732,52.2235116250442],[-3.0713741025935,52.2278136954117],[-3.07140630619531,52.2278466233282],[-3.07148552571894,52.2308678090151],[-3.07156430139133,52.230915631597],[-3.07169042455722,52.2311050384675],[-3.07185465619934,52.2312977816013],[-3.07197696723409,52.2314540563542],[-3.07256715366849,52.2320042584924],[-3.07254150061554,52.2322975627738],[-3.07264228402046,52.2323875890879],[-3.07272652723884,52.2324559988216],[-3.07293218670803,52.2326679763753],[-3.07295407901101,52.2326912209568],[-3.07393705261248,52.2341386839317],[-3.07400227544547,52.234200256831],[-3.06726335376623,52.236514529887],[-3.06743978183036,52.2362387876104],[-3.06683644869051,52.235943872417],[-3.06678745143738,52.2359066392357],[-3.06611065714568,52.2358937931943],[-3.06605322539088,52.2358197111847],[-3.06334434487353,52.2367432692483],[-3.06327954119033,52.2362997413226],[-3.05992599182343,52.2363577917075],[-3.06004562724192,52.236111272737],[-3.05524660939447,52.237623426686],[-3.05443397017436,52.2379372868537],[-3.05443249446866,52.2377475569892],[-3.04595703247197,52.2386003489677],[-3.04541816792801,52.2387700568567],[-3.04540889513049,52.2387005036943],[-3.04539165790517,52.2385769534981],[-3.0440895878639,52.2385678156122],[-3.04424008690469,52.2391158490461],[-3.04414636917664,52.2393055235141],[-3.04530448498781,52.2406078451554],[-3.04540603725014,52.2406860414572],[-3.04552405340839,52.2407857372817],[-3.0441721471281,52.2413240520285],[-3.04394586529342,52.2414852955811],[-3.04382229680065,52.2415363265196],[-3.04384069594838,52.2416979528866],[-3.04307032810542,52.2427558618798],[-3.04320711477793,52.242909252071],[-3.04284500189802,52.243957165623],[-3.04311576703006,52.2445715492578],[-3.04311779047196,52.244657907666],[-3.04311707076078,52.2448179058787],[-3.04331255121007,52.2449807467698],[-3.04339049819955,52.2450456780551],[-3.04386491802779,52.2453525653629],[-3.04367892074279,52.2455421568466],[-3.04971483317865,52.2448439197302],[-3.04976414021989,52.2448461511546],[-3.04986687160153,52.2449262050323],[-3.04776106765415,52.2459205757239],[-3.04707461458447,52.2462017220854],[-3.04576677500861,52.246697342801],[-3.04553989632351,52.2475126297692],[-3.04729827693336,52.2486747666064],[-3.04770118790928,52.2491333670164],[-3.04795596842785,52.2494718506097],[-3.04795202623865,52.249612191891],[-3.04815513530056,52.249978018666],[-3.04831298631203,52.2502248727737],[-3.04515555416922,52.253352942051],[-3.04505386674219,52.2533458331127],[-3.04344982261623,52.2535550276502],[-3.03884247350455,52.2536177675235],[-3.03826777759381,52.2542101021572],[-3.02946772626367,52.2578749920102],[-3.02922285478879,52.2579492940519],[-3.02680167793675,52.2580554000033],[-3.02078286361239,52.26015031641],[-3.0202484430321,52.2602296324623],[-3.00550225677038,52.2642717226502],[-2.99502281188851,52.2610699771978],[-2.97721675382983,52.2608843466208],[-2.97743511438894,52.2608213276779],[-2.97750294290696,52.2597733676699],[-2.96596193953717,52.2618931463824],[-2.96464084116097,52.2634422431141],[-2.96465908437432,52.2634709364261],[-2.96503838029795,52.2681249998257],[-2.95590871351638,52.2709118633744],[-2.94962136496068,52.2695258649155],[-2.96509455336909,52.2743290643018],[-2.99270576274024,52.2728132973985],[-3.01261128212472,52.2794137726788],[-3.0094591527071,52.2832805079554],[-3.00955786648255,52.2834333620469],[-3.00983893064233,52.2853513814979],[-3.0097812395321,52.2853924111239],[-3.01171756142912,52.2875739853386],[-3.01192729310232,52.2877709167547],[-3.00560327992807,52.2906480881234],[-3.00132035214736,52.2999441509363],[-3.0015573466969,52.3203430492007],[-3.00148078939084,52.3207887021898],[-3.00094585848268,52.3216572705086],[-3.0007270864235,52.3218478765057],[-2.99697919209331,52.324557965043],[-2.98726925234319,52.3235966660514],[-2.98698969506279,52.3235593660713],[-2.97397639341177,52.3282913882919],[-2.9730491036733,52.3288295152482],[-2.96680116367831,52.3294490737256],[-2.96396216309505,52.3343937361767],[-2.96345165238923,52.3346721296057],[-2.95465135625057,52.3491547619378],[-2.97053014603474,52.3513565764685],[-2.97450325778266,52.3547007710804],[-2.98592499272817,52.3508784279636],[-3.0000046271936,52.3517202440973],[-3.04017440612675,52.344326448647],[-3.06329658078396,52.3492111267604],[-3.07054415760182,52.355976863575],[-3.10075927452106,52.3677997607946],[-3.11060650812059,52.3771928577085],[-3.12021271534894,52.3774806681785],[-3.12954138427134,52.3845025362617],[-3.15444662965246,52.3877151712535],[-3.16152977033761,52.3921555563547],[-3.16058150132304,52.3999292606892],[-3.17885189317182,52.4094453010763],[-3.21954231380943,52.4212465653009],[-3.22227943576437,52.4267746235593],[-3.23066768403844,52.4305072783284],[-3.22834594121455,52.4395219151629],[-3.23555343310675,52.4425111831888],[-3.23087399741286,52.4532282352122],[-3.19724017301225,52.4759894035959],[-3.18059181517014,52.4738363444172],[-3.14532921465855,52.4885481350057],[-3.14492544498911,52.4887936413806],[-3.10812426801194,52.4993008929303],[-3.02920219998827,52.5012680249874],[-3.03671093415921,52.5132773592118],[-3.03079603663291,52.5195215604688],[-3.03237893922629,52.5237313424194],[-3.00387364775971,52.5198330362371],[-3.000905364938,52.5241105167978],[-3.00507490611383,52.5294612084802],[-2.99430716764492,52.5530480800461],[-2.99972006074677,52.5546693366534],[-2.99760358607628,52.5638436708026],[-3.00648394147031,52.5738404335206],[-3.01443998659297,52.5754974436957],[-3.03477476080113,52.5721649923178],[-3.05981644852868,52.5555605876821],[-3.06500385767174,52.5568292804623],[-3.09231115400474,52.5478301849296],[-3.09394324649299,52.5449022869698],[-3.0807509267608,52.539143834134],[-3.08541228712571,52.534502701906],[-3.10868277600728,52.5291669310088],[-3.13308143025898,52.5274741129364],[-3.13716063405154,52.5333937018633],[-3.11149542440582,52.5413637639296],[-3.12736020564463,52.5660502524095],[-3.13770789110085,52.5738340070736],[-3.13858558515981,52.5829318218794],[-3.13497843262842,52.5836748664779],[-3.13950076571608,52.5857198071629],[-3.12214252075826,52.587636037295],[-3.11741414899447,52.5857631466243],[-3.10042113203173,52.5976338414433],[-3.08955816271373,52.5995062971115],[-3.09362257365342,52.6093390867467],[-3.08260092033823,52.6156327768547],[-3.08254159156423,52.6195815482737],[-3.07205753373732,52.6260951721392],[-3.07318689672821,52.6289626614398],[-3.05980887011232,52.6307546624332],[-3.06957552666757,52.6374963543911],[-3.08356627752097,52.6412925192923],[-3.06959114609825,52.6458441672484],[-3.05112433418108,52.6473703190466],[-3.05086901030178,52.6534124802857],[-3.04493214125485,52.6559693668366],[-3.049109580426,52.6623438871931],[-3.04471113927556,52.6656128876261],[-3.03858027691564,52.6753731659248],[-3.0456565899251,52.6754637097909],[-3.0420819552301,52.6814970321144],[-3.04704782420661,52.6912658400172],[-3.03422412874811,52.6934407099899],[-3.03212276393134,52.6998896098082],[-3.0224859512498,52.7066679412475],[-3.02533813131382,52.7165116393287],[-3.02147728971123,52.7242448164798],[-3.0190403818907,52.7253337579646],[-3.01837994395229,52.7212661762484],[-3.00055465557069,52.7202753098192],[-2.97759195389928,52.7265916751035],[-2.97810302517224,52.715357324982],[-2.96559952342559,52.7144079645253],[-2.96109991405064,52.716387247975],[-2.96172224613079,52.7255645497863],[-2.96669784921881,52.725646296741],[-2.96506569361931,52.7322680639285],[-2.97365263508716,52.735735350564],[-2.99103015995307,52.7337178766621],[-2.99738295007643,52.7383546448533],[-2.99253721979029,52.7385796374964],[-2.99199278312435,52.7437560376404],[-3.00976876243176,52.7503466672211],[-3.01664249738085,52.748531272207],[-3.02189115209444,52.7523788410907],[-3.014359474155,52.7529936189516],[-3.01062003161084,52.7616446387898],[-3.01719151424293,52.7676407153281],[-3.02278646792633,52.7641171993071],[-3.02678561987293,52.7670457990696],[-3.03553234089734,52.7640491157192],[-3.03263394728735,52.7672500656626],[-3.03898545182156,52.7703947262685],[-3.04662733522515,52.7670325621824],[-3.05254038732917,52.7685883478595],[-3.04779141568697,52.7726355733758],[-3.05792568495652,52.7736853966648],[-3.06261034088793,52.7690748103203],[-3.06955621698082,52.7742220675038],[-3.07424570776923,52.7696172625617],[-3.07951607132088,52.771513911764],[-3.08064859414838,52.777440547284],[-3.08881964933085,52.7775393640165],[-3.09169361801942,52.786751850201],[-3.085738068899,52.7903035723121],[-3.08663218442715,52.7955931558439],[-3.09773093721515,52.7913736035839],[-3.10610108099855,52.7929553760174],[-3.10974828036882,52.7866867748829],[-3.119066338311,52.7847779418166],[-3.11890970948157,52.7872237200157],[-3.14245428509554,52.790326537104],[-3.144552385033,52.7885091930814],[-3.14799808832453,52.7920908113836],[-3.15842528976348,52.7934881029228],[-3.1619145375707,52.7992533761367],[-3.15412062361283,52.8025208769109],[-3.15430123218108,52.8074878946445],[-3.16141222613193,52.8035763651799],[-3.16820515656899,52.807328442099],[-3.16788753046969,52.819266678782],[-3.15511212127461,52.8307236043798],[-3.15647859472833,52.8370140528747],[-3.15174482669583,52.8418626217321],[-3.16264040154044,52.8479872102473],[-3.12771287514737,52.8671030319031],[-3.15241672487316,52.878747886248],[-3.14704141058896,52.8846972505021],[-3.13552413220342,52.8850136660634],[-3.14750393983102,52.8901693448939],[-3.13751787901147,52.894916686259],[-3.11416217688046,52.8939782156026],[-3.11689429004674,52.8996934187183],[-3.1095771488456,52.9184436235482],[-3.09595322236249,52.9302818594646],[-3.07651316772971,52.92547934312],[-3.05757082479085,52.92824615638],[-3.03500585010775,52.9295082828756],[-3.02832035005653,52.9367838186056],[-3.02386813203466,52.9364414080422],[-3.020061925965,52.9459711405581],[-3.01703910434808,52.9487079360218],[-3.01324979372048,52.9487262575615],[-3.0086136534051,52.9565913094277],[-2.98202234589558,52.9591982537615],[-2.97740339424664,52.9672651011871],[-2.97477008589386,52.9689516069911],[-2.96848677225909,52.9641755888793],[-2.97282828144283,52.9604623920952],[-2.96182411649713,52.9556588953614],[-2.9598133204483,52.9511695547838],[-2.9288886576968,52.9386788293684],[-2.92027801788374,52.9433953625795],[-2.90818770231576,52.9420852038531],[-2.89829195826508,52.9502754588551],[-2.88743132915924,52.9525298899764],[-2.88366209558834,52.9466688604705],[-2.87156393212405,52.9452578200538],[-2.84101496067848,52.9426237140995],[-2.83849605180922,52.9321838564903],[-2.8130262985268,52.9149406341665],[-2.81297600685658,52.9095625760671],[-2.80047694829725,52.8955151282304],[-2.77210967293473,52.9142659280937],[-2.75532645758129,52.9246280363585],[-2.72854141965598,52.9251781184273],[-2.72816319297404,52.9469922787728],[-2.72417751071701,52.9571216546992],[-2.72748124602623,52.9663551682854],[-2.73529356518204,52.9699461891475],[-2.7268406065337,52.9832729453915],[-2.71187868342735,52.9860844160473],[-2.69929243706707,52.9954387977652],[-2.6870784850997,52.9868304768235],[-2.67466228547344,52.9856628094808],[-2.65235683870577,52.9949944619321],[-2.64280514793621,52.9934806728437],[-2.63507452063149,52.9967342119995],[-2.6280281628417,52.99516898555],[-2.62194000405297,52.9867422315979],[-2.60773406479019,52.9883621463089],[-2.60567940537261,52.979395099135],[-2.59488906784906,52.9796071465965],[-2.59962988507348,52.9754329316325],[-2.59275619461528,52.9741694704706],[-2.59844664203957,52.9717182394102],[-2.59769347128031,52.9630059890586],[-2.5890959475342,52.9586496129545],[-2.58620298549954,52.9553144340219],[-2.57814373223453,52.9557288904617],[-2.57029254408744,52.9597428330896],[-2.57349244635109,52.9627164248892],[-2.56126288258472,52.9649521042076],[-2.5536974510078,52.9574662044934],[-2.54635522864471,52.9568377021642],[-2.52951582206291,52.9471648765937],[-2.52328068180159,52.9543552864447],[-2.52133205918769,52.9743455397525],[-2.50689718718958,52.964912612579],[-2.49902312961341,52.9684347473606],[-2.4917008089993,52.9676840784677],[-2.48113332913399,52.9588365842155],[-2.47523842807287,52.9624761520618],[-2.45026456170226,52.9660541975956],[-2.44299126881095,52.9707813194992],[-2.43466847192472,52.9695572514768],[-2.43816862955627,52.9855677220219],[-2.41086210522397,52.9879253157336],[-2.40447509904863,52.9916535761207],[-2.40698671538335,52.9959166235157],[-2.38973475249817,52.9953922023089],[-2.38079367936827,52.9984110613486],[-2.37660894458356,52.9976442170461]]]},"properties":{"FID":16,"PFA23CD":"E23000016","PFA23NM":"West Mercia","BNG_E":366411,"BNG_N":287999,"LONG":-2.49609,"LAT":52.48887,"GlobalID":"836e2196-60c9-4985-a694-15f7db28c208"}},{"type":"Feature","id":17,"geometry":{"type":"Polygon","coordinates":[[[-1.5896451852037,52.6872608072693],[-1.57760844633783,52.6785784834079],[-1.569106299685,52.6796671735467],[-1.56647470269796,52.6776015977985],[-1.57042771087891,52.6758431666892],[-1.55177141577137,52.6674551055518],[-1.54728936256915,52.655973419684],[-1.54242198174715,52.6536264362545],[-1.54280378580269,52.6476200706672],[-1.55604679633242,52.6382762002005],[-1.57100016052294,52.6361199019656],[-1.56461026146334,52.631242092923],[-1.56753500109231,52.6225838381453],[-1.55445233721977,52.6147620835865],[-1.56069803676403,52.5961193274393],[-1.54746875433889,52.5919305224963],[-1.5271552279268,52.5827378307652],[-1.52474703178799,52.5737986404801],[-1.52268732942375,52.5704270757305],[-1.50270561859239,52.5644709218517],[-1.48303467600142,52.5586832776452],[-1.45999402369308,52.5515899264079],[-1.42408394807535,52.5395883482972],[-1.41895772172901,52.5377680021004],[-1.41734425186395,52.5344553061509],[-1.39500694098913,52.5270017442481],[-1.32512125577365,52.5010544836661],[-1.30594754120562,52.4933952796498],[-1.25783058976019,52.4538925806261],[-1.24037157923594,52.4397587122011],[-1.23675360283845,52.4360394944329],[-1.23644413534428,52.4357273312437],[-1.20163348439696,52.3967344074221],[-1.2026498595289,52.3966218592514],[-1.20218626843609,52.3960082729635],[-1.18708312435186,52.3785988222827],[-1.17212636579044,52.3613009280645],[-1.17501926869347,52.3562513919789],[-1.19201900085971,52.3510448343135],[-1.19822022032239,52.3529318343113],[-1.22419489149818,52.3480980381355],[-1.23813869470177,52.3441526982835],[-1.25801614901147,52.3372594469133],[-1.26526665785692,52.3283772112106],[-1.24638416838688,52.3216125841815],[-1.20923383158981,52.315204078762],[-1.23378294833003,52.2903281059315],[-1.22356746317675,52.2868387272501],[-1.21689004350621,52.2675148554293],[-1.21785526454163,52.2618007957161],[-1.23299880379763,52.2532588490415],[-1.23776633635443,52.2484347089659],[-1.25447946475006,52.2475675684728],[-1.26615184417816,52.2408300584278],[-1.26685236231198,52.2352486382326],[-1.28468313165692,52.2385190524601],[-1.27836308556458,52.2287159769472],[-1.27257894003583,52.2275350919314],[-1.27691485457444,52.2251204512719],[-1.27505353190974,52.2218347082181],[-1.26092950780405,52.2160027140175],[-1.25477999303111,52.1988889665871],[-1.26253921767077,52.1959617571339],[-1.28113766304511,52.1957754857056],[-1.28119486794835,52.1919529434368],[-1.31313453207951,52.1904676293781],[-1.3181909212033,52.1814171402792],[-1.32281266730327,52.1818007263216],[-1.33148214745376,52.1741370496518],[-1.3318971346503,52.1684850552835],[-1.33400533044645,52.1590808603135],[-1.34345868249695,52.1532350087389],[-1.34104036067521,52.1448563441117],[-1.34993649836799,52.141591801212],[-1.34870798028103,52.1351321985152],[-1.36614709694777,52.1360752375012],[-1.38546286731994,52.1284031599991],[-1.39330253064253,52.1189629040259],[-1.39070028494808,52.1167889388405],[-1.37084214071868,52.1175341825775],[-1.3703665205399,52.1127178344561],[-1.36518340095581,52.1113018412119],[-1.35776965526573,52.10131042365],[-1.37442365977537,52.0997260018082],[-1.38539981246728,52.0941455721548],[-1.40389417532836,52.1100898588922],[-1.42074614443755,52.1178181094561],[-1.45158043141816,52.114449445239],[-1.44718785165916,52.097625032042],[-1.46755929874001,52.0970564711678],[-1.47730164801721,52.1013509440553],[-1.48006671913531,52.0935584784034],[-1.48780444309778,52.093957432128],[-1.48560745557967,52.0877334385848],[-1.49435496612554,52.0822274591345],[-1.4906652806865,52.0771353198176],[-1.50185527404318,52.0716266297433],[-1.49934270438866,52.0635996652849],[-1.49735329861192,52.058954541848],[-1.51020903963635,52.0254963248403],[-1.52282569381325,51.9968433223434],[-1.52792904821891,51.9917543149357],[-1.54174159477537,51.9964320593799],[-1.55722360987893,51.9916576647463],[-1.5496712341503,51.9808596581308],[-1.56353907898642,51.9770403695739],[-1.58057305586184,51.9729959908424],[-1.60030155963125,51.9769415553217],[-1.5916338243768,51.9704499705292],[-1.61234247849955,51.955403416263],[-1.63831467408256,51.9751718369391],[-1.66575430454863,51.9874888210715],[-1.66993446038091,51.9931648127938],[-1.66575091348295,51.9974047833333],[-1.64287860261692,52.009223003306],[-1.63862773951566,52.0205312919744],[-1.62833683694736,52.0271924008074],[-1.62011034658381,52.0277381883698],[-1.61779622458016,52.0319314971566],[-1.62446030247049,52.0389532635568],[-1.64711550967444,52.0344925472481],[-1.6535821038503,52.0354004993505],[-1.66106546140919,52.0316171307969],[-1.66745219060359,52.0362441741677],[-1.69398075504565,52.0395278979871],[-1.69017978736201,52.0547355748437],[-1.69967286651981,52.0546484984144],[-1.70505254003613,52.0596336077601],[-1.70169911871026,52.0728344030857],[-1.70985855869454,52.0733064029702],[-1.71311213593006,52.0665529393768],[-1.73065604717972,52.0732913537538],[-1.72856052811281,52.1001203046394],[-1.73855957362033,52.0913584304027],[-1.74234937901402,52.0919845052264],[-1.75363062414134,52.0976237115526],[-1.7676920738422,52.1125783274844],[-1.75783398192087,52.1161296465009],[-1.76969956557554,52.1153144659332],[-1.78062748194959,52.1201433525239],[-1.7910043132328,52.1201935592745],[-1.79577421420185,52.1244418873733],[-1.78554803075531,52.1320586061614],[-1.80843385608566,52.1398755703821],[-1.82321733193223,52.1363823211799],[-1.8278448522805,52.1412448942987],[-1.82334774779545,52.1459250771193],[-1.83146961492221,52.1456743471539],[-1.83100377445367,52.1483070776403],[-1.8396721464105,52.1527136842714],[-1.84823028783256,52.1499728920788],[-1.85190379418204,52.1479698762684],[-1.84690834174665,52.1471859062224],[-1.84581026559189,52.1426541731734],[-1.85418798079449,52.1385209134843],[-1.86696223269006,52.1446396431337],[-1.86387745466432,52.1470383766827],[-1.86692724441238,52.1530079667494],[-1.88162131887808,52.1555370663787],[-1.89181221904438,52.155065978171],[-1.89422974637425,52.1482514753547],[-1.88496698079471,52.147138903004],[-1.90323776094578,52.1334480569292],[-1.90510005157564,52.1427368605655],[-1.9168779550102,52.1467158079656],[-1.92185203017987,52.152954474507],[-1.94005251880146,52.1530155197997],[-1.9443024167711,52.1553331518579],[-1.93411881977758,52.1653937334109],[-1.93548275837819,52.1695570844788],[-1.96040736772155,52.1686717304002],[-1.961627884512,52.1726549776153],[-1.94934897589591,52.1729623025425],[-1.94164148445488,52.1774063431526],[-1.93484099931597,52.1928925245533],[-1.93645018674316,52.2026553124421],[-1.93020441035354,52.2080384915886],[-1.92007490411581,52.2102912331798],[-1.91825411287121,52.2250324970676],[-1.92465114170177,52.2408753742477],[-1.93461083149063,52.2520178637463],[-1.93438721914327,52.2645943884293],[-1.93868701965673,52.2704978839032],[-1.93542189440179,52.2769330466901],[-1.934266733762,52.2769454852376],[-1.9211054332331,52.2764761056752],[-1.91454271211228,52.2753874126618],[-1.90103167247413,52.2833903021983],[-1.89788016062418,52.2835609669194],[-1.88639977519592,52.2867848463659],[-1.88042834681613,52.2983347900928],[-1.87520703557667,52.3054821819789],[-1.88095344910368,52.3108714821436],[-1.87037812360308,52.3125786195793],[-1.86487657654697,52.3331069910923],[-1.87282699868849,52.3370190657957],[-1.88897350255566,52.3610931430448],[-1.87612494019659,52.3635815583076],[-1.87202017377615,52.3676090052309],[-1.84288176844052,52.3651404776696],[-1.83506629796098,52.3673437378382],[-1.80791009025338,52.3666234558971],[-1.80419928026398,52.3628235898945],[-1.78577146750373,52.35384644965],[-1.78452242765323,52.3501123507043],[-1.77579036258067,52.3479652508883],[-1.77179981332959,52.3558562220755],[-1.7781848775617,52.3564451534883],[-1.77961371235848,52.3642761860134],[-1.76269979867317,52.3642104559815],[-1.75951498511587,52.3584030400719],[-1.7486752954666,52.3547416900019],[-1.74143676627234,52.3572349262262],[-1.7383229252413,52.3649718724727],[-1.73403112281356,52.3707177874998],[-1.72025822194711,52.3725740121221],[-1.7185353656547,52.3558178525138],[-1.71833684651638,52.3586922623668],[-1.7102698533246,52.3550210585008],[-1.69809152244686,52.3557323175404],[-1.69388500073929,52.3510133563022],[-1.68493052427009,52.3560109119504],[-1.68402675265662,52.363252278141],[-1.66088809306568,52.3656701056682],[-1.64841803963759,52.3567433955876],[-1.63645854945387,52.3651688443012],[-1.62250698532454,52.366164430422],[-1.62096632960557,52.3678837696536],[-1.62661583377347,52.3691944800278],[-1.62367545474847,52.3717788789593],[-1.61901507463566,52.37055839217],[-1.61814504480596,52.376256182804],[-1.61537102147016,52.3744554582423],[-1.60782846770139,52.3763099452682],[-1.61028260611013,52.3825065603405],[-1.60106738247379,52.3892994846473],[-1.57578869048,52.3845755667565],[-1.57670780014509,52.3827879723019],[-1.56779851824376,52.3847777917629],[-1.56263515278622,52.3768914971286],[-1.55499309564031,52.374423969583],[-1.55555538969844,52.3650403021534],[-1.54189288256097,52.3666334958655],[-1.54567712824214,52.3692705492204],[-1.53547931771897,52.3776089031757],[-1.52465132517521,52.3794009000629],[-1.5137217529505,52.3690162746426],[-1.50449893765669,52.3778071469403],[-1.48227797499042,52.3771188475099],[-1.48040989552119,52.3743183062406],[-1.46660878554623,52.3772040820471],[-1.46401360334253,52.37326716734],[-1.46118288251147,52.3752169519805],[-1.46292395816185,52.3764025493279],[-1.46313117977899,52.3796697119484],[-1.44496432719113,52.3863772900528],[-1.43224781406913,52.3958774469768],[-1.43805469152861,52.4101206972955],[-1.4323984678588,52.4156920598209],[-1.42414571781375,52.4340002029354],[-1.4464588257685,52.4430830211692],[-1.44364719055357,52.4474219642966],[-1.45216512896527,52.4496578767843],[-1.45905317416489,52.4551580328274],[-1.4639211641373,52.4583176534742],[-1.47081512972809,52.4569380626231],[-1.48275959245226,52.4580170846104],[-1.49278872769022,52.4584500764458],[-1.49170684427205,52.4550117416288],[-1.50002712685777,52.4510324598191],[-1.51965491847479,52.4533419268817],[-1.51756904133949,52.4567838763201],[-1.52967710442915,52.4570877476922],[-1.53979081939549,52.4647986859625],[-1.55142085388797,52.4570443021451],[-1.56119166726618,52.4552225685365],[-1.58986310702649,52.4619121081791],[-1.59492116060893,52.4606897369451],[-1.59548725924308,52.4559197581506],[-1.59854649387931,52.4543317154689],[-1.61071423782563,52.4586029079979],[-1.61421254511723,52.46299967732],[-1.62445220517117,52.4635386709049],[-1.62466196476492,52.4570296100445],[-1.64159005921899,52.4432713590923],[-1.65486819323016,52.440754819198],[-1.66228667335888,52.4442993235135],[-1.66658594082774,52.4354715656029],[-1.67715419118533,52.4363566263424],[-1.70851632767436,52.4657589794395],[-1.71527279230539,52.4784172254482],[-1.73308021745514,52.491961588026],[-1.73321302769397,52.4921489164017],[-1.74307904933239,52.5065016913203],[-1.75351881384396,52.5129615055519],[-1.75707693385447,52.5178270631412],[-1.753810175173,52.5212131615173],[-1.74582290579337,52.5200700211984],[-1.72885044838865,52.5244674365534],[-1.73975501172586,52.5291198312261],[-1.73942151465685,52.5319114221689],[-1.74908599922833,52.53142236338],[-1.75091450605661,52.5362780790967],[-1.74642783211678,52.5417130608161],[-1.75357675972706,52.5453024351312],[-1.75639975933876,52.555879598915],[-1.76533972140962,52.5566768875685],[-1.77015202479335,52.5635770798794],[-1.77390765657733,52.565635825922],[-1.76357709782207,52.5708528653122],[-1.76968817396814,52.5749827253228],[-1.77471005994695,52.5746003085289],[-1.78679966131804,52.5830722771481],[-1.7880812993329,52.5878626079121],[-1.77664992052135,52.5922108401346],[-1.76832767610038,52.5891134322383],[-1.74228792519075,52.594318928282],[-1.73901147427187,52.5892746459682],[-1.72926113227933,52.587951341407],[-1.70465358671429,52.5874950372801],[-1.70031606847152,52.5908845576892],[-1.69780143066728,52.5909878903767],[-1.68569088726036,52.5893509919512],[-1.68590019176515,52.5933484795598],[-1.67922341042278,52.5927094868903],[-1.66563959036358,52.5922522321029],[-1.66570790464282,52.5956658342024],[-1.6607813981187,52.5945102250397],[-1.65157754034906,52.5984182729748],[-1.64370705001515,52.6036448936737],[-1.63977736511557,52.6083930659662],[-1.63601514632815,52.619616948522],[-1.64153016030455,52.6202090738274],[-1.64308635231035,52.6232036918624],[-1.63818075673866,52.625520738306],[-1.64242207402158,52.6314895102846],[-1.63818865146622,52.6377009714616],[-1.64242246730325,52.6409402942524],[-1.63424035317489,52.643045213346],[-1.6449429538447,52.6575167788402],[-1.61558987141661,52.6687155040713],[-1.61554365797065,52.6719795727335],[-1.6042650474493,52.6737214996378],[-1.60428263194276,52.6789985462812],[-1.5896451852037,52.6872608072693]]]},"properties":{"FID":17,"PFA23CD":"E23000017","PFA23NM":"Warwickshire","BNG_E":429584,"BNG_N":253588,"LONG":-1.56874,"LAT":52.17977,"GlobalID":"de59d4bf-ec3f-4ebe-b2fb-c74f174e3aba"}},{"type":"Feature","id":18,"geometry":{"type":"Polygon","coordinates":[[[-1.87349262570415,53.5404296499177],[-1.84182082823365,53.5199087793644],[-1.82715106039428,53.5235079165748],[-1.82222878111984,53.521090920901],[-1.81952377656311,53.5134280910315],[-1.80077865319122,53.5113785283363],[-1.81039889127308,53.5063401484474],[-1.79628821898355,53.5031529896704],[-1.79500092224839,53.4959187300478],[-1.80026299053966,53.4933551633381],[-1.80157175282453,53.4848354231447],[-1.80157653918677,53.4847949049598],[-1.80147063244941,53.4809917598487],[-1.79110661271706,53.4757816157479],[-1.77906318250375,53.4742211926421],[-1.77619997596228,53.4683257805663],[-1.76843734147339,53.4647669318847],[-1.74682471239449,53.4634099974418],[-1.74367441569702,53.4450137315161],[-1.74972822931623,53.4391192589743],[-1.74427301019628,53.4312966588394],[-1.74671906273467,53.4261649295363],[-1.72995113840574,53.4159856385031],[-1.71677795745528,53.4192980425679],[-1.70394502168919,53.4149085799229],[-1.70496532088341,53.405055973056],[-1.69452121635221,53.4011611620031],[-1.68182866242726,53.4017807007349],[-1.66808924679528,53.3930711909017],[-1.65381782187416,53.3919108262078],[-1.6535305185542,53.3848521072128],[-1.66329148162487,53.3742482318557],[-1.66395050906038,53.366892925436],[-1.63059203910695,53.3561609731087],[-1.62560375202567,53.3520618974478],[-1.59054795436381,53.3459209843409],[-1.60157558241263,53.3426090118115],[-1.61230306160512,53.3432186688852],[-1.63272698677736,53.320839212062],[-1.62759442860749,53.3162405746947],[-1.6092015844932,53.3226639601595],[-1.60152504315608,53.318205401625],[-1.59909327897252,53.3113181987842],[-1.58490201019108,53.3215879514643],[-1.57892430901633,53.3166951246412],[-1.58300458734422,53.3157224724702],[-1.58053389587991,53.3117380883258],[-1.56136488528553,53.3158211879588],[-1.55575188364951,53.3115488450082],[-1.56182692570391,53.3066022688792],[-1.55845761275355,53.3053224648267],[-1.54907599561487,53.3069826927071],[-1.5367688622067,53.3047486735244],[-1.53121491084347,53.310651522755],[-1.52618529691351,53.3104034479373],[-1.5104880908767,53.3160462490182],[-1.49612666412277,53.3163865553069],[-1.47438659301745,53.3184906937748],[-1.46786581929666,53.3171584863968],[-1.45522358182387,53.3218691402976],[-1.46170131382893,53.3284486140489],[-1.44213573422471,53.3373845190291],[-1.42086649613,53.3345679515529],[-1.40874684512064,53.3419650577052],[-1.38882296011694,53.3364466077023],[-1.38657329018515,53.334884542305],[-1.39200397141391,53.3226487135994],[-1.38507643737761,53.3177808761282],[-1.36262274042287,53.3150356338322],[-1.36177742459028,53.3184855500931],[-1.34723808333142,53.3188688907224],[-1.3402595397932,53.3155346839535],[-1.32830019566931,53.3289742087432],[-1.32466917492843,53.3288100130807],[-1.32165867760413,53.3256874304056],[-1.31053730161266,53.3293538370057],[-1.31229934658408,53.3341648261918],[-1.2990721903367,53.3325325923739],[-1.28858902654107,53.3262280540006],[-1.29515875672233,53.3217915202234],[-1.29567816421914,53.3150369715531],[-1.28201141324174,53.3094625893165],[-1.2735976013037,53.3104401014425],[-1.25429413883004,53.3017548273463],[-1.24332977849925,53.3016490537986],[-1.23606426389793,53.3066068036365],[-1.23044035253652,53.3085581386891],[-1.21987804757969,53.3040779715716],[-1.2032390468772,53.3042232396806],[-1.19974282859,53.3114401844765],[-1.18720278700898,53.3039472531719],[-1.17950634547658,53.3064115630667],[-1.17417585699507,53.3025331121448],[-1.17432521143318,53.2983641551796],[-1.17156289293514,53.2946379721113],[-1.1801170205129,53.2871347450317],[-1.1664875414478,53.2776553673573],[-1.18154150249029,53.270032062725],[-1.17479721143818,53.2651132420067],[-1.20252032201365,53.2611600910403],[-1.21245933128975,53.2455858737999],[-1.20204335247706,53.2355423008125],[-1.20941304066261,53.2176869855416],[-1.20481569946575,53.2082773283382],[-1.20096847797189,53.203962865271],[-1.20103197902232,53.2039942241524],[-1.19511732495838,53.1894159265496],[-1.19872721860762,53.1830287895441],[-1.20429187252152,53.1823583408195],[-1.21566099193439,53.1809072909033],[-1.23060824078011,53.1783001265661],[-1.24168910780375,53.1781488074093],[-1.25317195893866,53.1655178802386],[-1.25992533857434,53.164479441946],[-1.26896551952853,53.1681771726108],[-1.28199176123518,53.1674240593353],[-1.29074206518232,53.1714250570765],[-1.29660420039115,53.1709207883084],[-1.30191319509311,53.1638641614828],[-1.3165948540474,53.1653643616126],[-1.32345886972401,53.1623313942214],[-1.32558340645085,53.1564748859141],[-1.31881519142676,53.1397185457344],[-1.31513872250266,53.136080275881],[-1.3217802282925,53.130650305486],[-1.31424760648306,53.1249143160537],[-1.31229251664658,53.1163203048302],[-1.31066232067538,53.1102567481413],[-1.31183281292282,53.1087057268582],[-1.30072893365452,53.1016202832833],[-1.30925140895617,53.096770173355],[-1.30323570997794,53.088083752857],[-1.33163547679324,53.0809878867612],[-1.33471712413769,53.0775721198812],[-1.34383457830861,53.0687295607139],[-1.34411229730592,53.0623315660254],[-1.33586846310334,53.0529658457864],[-1.33576538649243,53.0507544144683],[-1.33320341789695,53.0339409850995],[-1.32803608717236,53.0293305268197],[-1.3226987084974,53.0215917456154],[-1.31335542530561,53.005238884816],[-1.30798563898118,53.0038728192723],[-1.30742618330068,53.003624607579],[-1.30632333853609,53.0032875683765],[-1.297763250917,52.9896880517759],[-1.29498660469883,52.9798645208289],[-1.28774933165725,52.9696624532511],[-1.29056289692332,52.9597737737609],[-1.29250116524851,52.9555736766533],[-1.28241369178995,52.9512352037908],[-1.28277223488479,52.9455569086696],[-1.28113338190219,52.9408050649224],[-1.28111953782346,52.9407702683192],[-1.28104338581197,52.9405788594925],[-1.27915907684773,52.9368278160299],[-1.2781319803867,52.9336276306544],[-1.28577706138121,52.9260650748836],[-1.28282150884071,52.9192889436568],[-1.28196038851704,52.910789854613],[-1.2716868572134,52.9051130322679],[-1.25641958436472,52.9017888822539],[-1.24658273397341,52.90308229994],[-1.24751124790639,52.8987915165324],[-1.23970599304057,52.8922892365889],[-1.24639858780154,52.8891378615512],[-1.23898534810158,52.8835243363653],[-1.24005549011668,52.8801088563322],[-1.25361099778125,52.879285827391],[-1.26610427530758,52.8733118207918],[-1.26788907937114,52.8733686505522],[-1.27842748173134,52.8755932224513],[-1.28948669216352,52.8724577276067],[-1.30599463322981,52.877080445453],[-1.30933158402117,52.8733548300217],[-1.31930687515051,52.8728694270043],[-1.32037894510166,52.8690926796015],[-1.33913956317551,52.8645776558723],[-1.34475931582336,52.8675891350854],[-1.34271449285807,52.8628241836603],[-1.35226274980323,52.857690342606],[-1.35061847519868,52.8536109152681],[-1.35798206493343,52.8560888560957],[-1.36553726594229,52.8515735155854],[-1.38093783277863,52.8461218305657],[-1.3882411683017,52.8394250839117],[-1.39435989220902,52.8367669733472],[-1.38792159927392,52.8329824860234],[-1.39779374630728,52.8235227664584],[-1.41770445879577,52.801615500287],[-1.4435261327813,52.8027315203551],[-1.44186065040431,52.7935800412295],[-1.4548653947671,52.7889769386998],[-1.46280774702283,52.78679259293],[-1.45761491851346,52.7843712724102],[-1.45952126182568,52.7770541891918],[-1.45590921411606,52.7770824090656],[-1.46660684829904,52.7679073811999],[-1.47845134503137,52.7636548355155],[-1.49242760083499,52.7594525185678],[-1.49575676445072,52.7598909748537],[-1.50392763096907,52.7674941028421],[-1.52534823948472,52.7655279879638],[-1.52958418964007,52.7610939566383],[-1.53961993387858,52.7600859714778],[-1.54744213285114,52.7641344056639],[-1.55484256321815,52.7620210175243],[-1.56249262187869,52.7505868360709],[-1.55621249655523,52.7397111002106],[-1.54528347905584,52.7327564431191],[-1.54536538760796,52.7282389560744],[-1.55024162370648,52.7257172684774],[-1.55011428989921,52.7203369177006],[-1.56684994836078,52.7100434932773],[-1.57715101839918,52.7117450250639],[-1.59754104512465,52.7004217660413],[-1.60574579653471,52.6965009696517],[-1.61549287520878,52.700701215048],[-1.62526257606105,52.6974058844649],[-1.63529626395961,52.7024973561121],[-1.63757757562975,52.699643624085],[-1.6550635927941,52.6987757757077],[-1.65430141943156,52.7082086771178],[-1.65929092215423,52.7140834317401],[-1.65660772699026,52.7217484720003],[-1.67559468302182,52.7248699515452],[-1.67794426981137,52.7275040888106],[-1.69695168059392,52.7271945300814],[-1.70415800106741,52.7320787772205],[-1.69787486267365,52.7353914040447],[-1.69755616173096,52.7437850385369],[-1.69228823806625,52.7441636366866],[-1.69688659062422,52.7529893871616],[-1.6861764914816,52.7588625382215],[-1.6820666460962,52.7701916586326],[-1.67017911692501,52.7733955266483],[-1.67004708926369,52.7735947630034],[-1.67073946776933,52.7810705555407],[-1.66560381957049,52.7851627501463],[-1.64992983448513,52.7794820123588],[-1.63824276096365,52.7867285149923],[-1.62695771616391,52.7797724656211],[-1.61928932345148,52.7851679186915],[-1.61246242918384,52.7812182058403],[-1.61123024414259,52.7828094514254],[-1.60941662654359,52.7844535284852],[-1.61434537917712,52.7882740466862],[-1.60265842620209,52.7919850519436],[-1.60354934407712,52.795455318601],[-1.59785011420253,52.7983442505075],[-1.59351333803758,52.7969316304743],[-1.58894635200613,52.7998222122932],[-1.59169224196469,52.8092878382377],[-1.61034428778964,52.8156025248395],[-1.60300638681138,52.8261928081803],[-1.58878061809761,52.828883657076],[-1.58796362249841,52.8316098695532],[-1.59189550105737,52.83227031918],[-1.59128667483578,52.8362614010228],[-1.59890430514092,52.8377599029188],[-1.60649893691502,52.843096675309],[-1.61909429427346,52.8460074143438],[-1.6281921137045,52.851836766867],[-1.62653104160056,52.8543845562605],[-1.63515213139833,52.8529916830549],[-1.67461566983062,52.8611559730837],[-1.68999906430802,52.8645242498849],[-1.70060876646215,52.8605835227016],[-1.70346099030951,52.8663943183952],[-1.71206048032378,52.8659209380465],[-1.71767532042375,52.8645317632312],[-1.7141642182886,52.8628876703409],[-1.71680292178911,52.8604935940801],[-1.72180436123277,52.863245005894],[-1.72529467619722,52.8596659326497],[-1.72631739625331,52.8630708065453],[-1.73932807445915,52.8648838347747],[-1.7399802204546,52.8677109225297],[-1.74955798221329,52.8667738067235],[-1.74600328186458,52.8686931595903],[-1.74758636031624,52.8705789170866],[-1.75226722347909,52.8688078899074],[-1.75070306479113,52.8737102152893],[-1.75858465600575,52.8772206323961],[-1.77423194761186,52.8792595090782],[-1.77722065071375,52.8838147399446],[-1.78373028684108,52.8839642247792],[-1.78814837096325,52.8800168562257],[-1.80137781460864,52.8861730691096],[-1.81105273705371,52.8806531832428],[-1.82362238868557,52.8828802559305],[-1.82202392326266,52.8860385416225],[-1.82670890885525,52.8839859433897],[-1.83298599491922,52.8873796102174],[-1.8342494149755,52.8955136167311],[-1.82991189797525,52.8964314353908],[-1.83599394529566,52.9041204830441],[-1.84412419071169,52.9072232830939],[-1.84813743448784,52.909984689071],[-1.84265316543599,52.9130410785164],[-1.84780331471008,52.9128760570403],[-1.84892628212221,52.9166214669325],[-1.84787449811748,52.9203097707386],[-1.85592481634809,52.9215704994795],[-1.85421521986239,52.9306688076428],[-1.84960295730241,52.9310631144771],[-1.8494244031876,52.9355353500837],[-1.8393741336362,52.9414200253079],[-1.83309273117028,52.9412839321864],[-1.83566442215456,52.9452372959635],[-1.82875201069971,52.9477589307896],[-1.83448877600202,52.9548711603136],[-1.82555860409286,52.9618012735728],[-1.83018560463517,52.9713464835989],[-1.82678096538971,52.9770857580258],[-1.80590426563623,52.9804149958514],[-1.80152906115049,52.9830799257186],[-1.80478504602351,52.9855286561639],[-1.79659812901367,52.9851469543421],[-1.79339128565297,52.9896417292668],[-1.78752146310807,52.9894264282825],[-1.79000191514869,52.9924718969195],[-1.77002927094689,52.9973206184819],[-1.76240468835541,52.9998576821585],[-1.76624027105953,53.006995508721],[-1.76355817359426,53.0113890989479],[-1.75771862889042,53.0171443966994],[-1.76373080887802,53.0214280589325],[-1.7571882102809,53.0287959418896],[-1.76154345131445,53.0333990235866],[-1.75885937454528,53.0368769039442],[-1.7681938448564,53.0440381999147],[-1.77873412098345,53.0430137155168],[-1.77898682375688,53.0449180735128],[-1.78414518174691,53.054707653773],[-1.77565273133757,53.0593546407422],[-1.7855519527458,53.0631100451418],[-1.79135559873621,53.0781999893727],[-1.78860479463993,53.0809052914235],[-1.79423901989599,53.0883940561095],[-1.79229496417896,53.091526059537],[-1.78297133879583,53.0933342314566],[-1.78907634839941,53.1094930088637],[-1.80093361132616,53.115158493623],[-1.81409785638245,53.1319333546997],[-1.82215958998121,53.1379824405446],[-1.81208260717667,53.1527318553228],[-1.81617867494217,53.1587289233678],[-1.83719700723732,53.1757605741124],[-1.87404306112304,53.195383700146],[-1.88491002931378,53.1965458381468],[-1.89868254605192,53.2000419640284],[-1.90918436147004,53.1988105356101],[-1.93673167174513,53.2115000968818],[-1.95670722983203,53.2137476084528],[-1.96236461007117,53.2262417347362],[-1.98737982955689,53.2136037465838],[-1.99024867768893,53.223022290227],[-1.9759001975315,53.2275890305528],[-1.97482743779671,53.2308201510558],[-1.98190271551104,53.238560507728],[-1.9997102595907,53.2450201354016],[-2.00035518473734,53.2554017561729],[-2.0094248420728,53.2606147227429],[-2.00519729687241,53.2690399512811],[-2.00813437677626,53.2874882734792],[-2.00932914808122,53.3023141537925],[-2.00155104700482,53.3189218118205],[-2.01026597066413,53.3228970354063],[-2.00928300059074,53.3313885877341],[-2.01364994432454,53.3324201557635],[-2.01431920100564,53.3400585117504],[-2.00465983481896,53.3460096593325],[-2.00806522440504,53.3549666995284],[-2.00904863149536,53.3620077507348],[-2.0218055199272,53.3667782302738],[-2.02704598765493,53.3637115925575],[-2.03410654547034,53.3677953642894],[-2.031058463243,53.3702623852066],[-2.03377543264394,53.3755415688756],[-2.026208991537,53.3736181406119],[-2.02199563874542,53.3759578030538],[-2.01708408317754,53.377832755443],[-2.01971446141798,53.3805954637866],[-2.00464286724195,53.3863272765984],[-2.00505225890324,53.3905393748227],[-1.99232947055908,53.415193132135],[-2.0136971820304,53.4158901088998],[-2.02370962953136,53.4205517125975],[-2.01972433303058,53.4251186784672],[-2.0262554175393,53.4298651605263],[-2.02732262238544,53.4324005859086],[-2.01365546338078,53.4398832337553],[-2.00421605197447,53.4359217849539],[-2.00830558547645,53.4414522450963],[-1.99821418115247,53.4457724806796],[-1.98690112931495,53.4543163392669],[-1.98742978267746,53.4589033064686],[-1.98153249272799,53.4645050562824],[-1.98868200213618,53.4746834175865],[-1.98739900736179,53.4815760079419],[-1.97427777091406,53.4883844180113],[-1.97271965323536,53.5024861294823],[-1.96338598926022,53.5098272597675],[-1.95133267475833,53.504198837989],[-1.92197284577495,53.5099546839903],[-1.91676643607638,53.5144957591151],[-1.92678065561025,53.5209487487883],[-1.92244468164089,53.5308150611647],[-1.90962083195551,53.5383909856456],[-1.89932200438852,53.5381121276081],[-1.89410949217379,53.5336117783992],[-1.87349262570415,53.5404296499177]]]},"properties":{"FID":18,"PFA23CD":"E23000018","PFA23NM":"Derbyshire","BNG_E":426751,"BNG_N":353559,"LONG":-1.60212,"LAT":53.07861,"GlobalID":"450d26d6-f0c1-419a-abd1-85ca58025710"}},{"type":"Feature","id":19,"geometry":{"type":"Polygon","coordinates":[[[-0.920246794246959,53.4655076496685],[-0.916249020723134,53.4602956888135],[-0.873735876464382,53.4614784385629],[-0.871919281432214,53.466310803053],[-0.797483349537156,53.4550644460093],[-0.809539970863044,53.4436126652255],[-0.82016310807637,53.4411291120196],[-0.81940272945888,53.4371628895818],[-0.817002950376436,53.4256646214701],[-0.803632365577952,53.41714296414],[-0.788421349108204,53.4143576025961],[-0.791397571558166,53.4105152937113],[-0.785690561156439,53.4021182045163],[-0.777442868144384,53.3974083371418],[-0.776344733287152,53.3914822337747],[-0.790219652697241,53.3862921118493],[-0.786757536962154,53.384309064405],[-0.775569382196442,53.3774026404489],[-0.786036473216742,53.3745529923786],[-0.791098332994525,53.3634793021848],[-0.780831843590512,53.3612471650697],[-0.773442568588354,53.3639877946626],[-0.75861635902076,53.3538375865797],[-0.764811639794798,53.3463239499122],[-0.758053842009266,53.3419101841855],[-0.766473605946302,53.3301074974362],[-0.760118268979831,53.3246858161694],[-0.750051550807065,53.3243173723206],[-0.75368613288448,53.320251788919],[-0.753294826874351,53.3104402993605],[-0.74715298067211,53.3044448770501],[-0.750179231138818,53.2945415884904],[-0.757884107084989,53.2928178965084],[-0.762983371728216,53.2995796794468],[-0.768526322343814,53.290575775663],[-0.778205595813031,53.2836087946916],[-0.764279778594267,53.2727392380073],[-0.773098858740922,53.2607361077216],[-0.770175411225677,53.2530973735233],[-0.778486870404097,53.2519926941009],[-0.77707445272525,53.2469081686772],[-0.73508333879074,53.2438739822444],[-0.734150803388177,53.2540040449987],[-0.694764022450452,53.2584022621852],[-0.688027280325921,53.2583912397992],[-0.666577004989044,53.2397024956129],[-0.675872140728609,53.2176443555061],[-0.697616436379696,53.2202372898823],[-0.714752926702038,53.2076077687376],[-0.730569016450559,53.2107564493142],[-0.753766368007178,53.1881562839616],[-0.762167689470256,53.1882393667785],[-0.764137929460812,53.1815438018648],[-0.730266087349708,53.1800953605776],[-0.718160267478104,53.1772877890782],[-0.716028276283723,53.1704120810412],[-0.723232204800026,53.1551038696816],[-0.715375394751415,53.136882862701],[-0.732407362918311,53.1278015868525],[-0.731091968342561,53.1240029543808],[-0.716882507111126,53.1194439617821],[-0.721250544059523,53.1042679766707],[-0.729617825692047,53.0979020202009],[-0.724383220773675,53.0925890222903],[-0.706149360039511,53.0833784249105],[-0.710358283072346,53.0793778165798],[-0.698482165063602,53.0754675814142],[-0.698805874616782,53.0677463394825],[-0.695161400895855,53.0662114576731],[-0.701539000308792,53.0636633107331],[-0.713466500275659,53.0660465531111],[-0.716203841365838,53.059058700743],[-0.722597608787722,53.0599221880462],[-0.73107451400749,53.0543457334075],[-0.749551780121272,53.0551156525153],[-0.753330872400811,53.0482422730301],[-0.760826457019771,53.0294103382527],[-0.776672919807498,53.0247111265438],[-0.788413809258192,53.025853354781],[-0.795824908778034,53.0105980771812],[-0.804273711459655,53.0122456796307],[-0.800189486885073,53.0021937303446],[-0.777554194191861,52.9838066690348],[-0.778278647253454,52.9769233786035],[-0.796150034418614,52.9767315018684],[-0.809812386920476,52.9659796016421],[-0.812850938336058,52.9574642117888],[-0.820021885123097,52.9604644285062],[-0.833908629870818,52.9458805023764],[-0.822811634981401,52.9437070806705],[-0.834926389186456,52.9393882512599],[-0.841383529620573,52.9283748166659],[-0.862893425264728,52.9131138443477],[-0.85763357391753,52.9056423191723],[-0.874319910598358,52.89821781916],[-0.912011034891197,52.8835972871959],[-0.916775334007956,52.8788759487505],[-0.940563980212635,52.8768295757612],[-0.928121482481403,52.8660833086384],[-0.940827057037893,52.8615639313521],[-0.941217425224809,52.8539726252636],[-0.952831327943395,52.8504398567606],[-0.960863786048525,52.8433591893817],[-0.970612529973507,52.8449852729794],[-0.977074582062935,52.8407376623975],[-0.975051215913303,52.8292284265166],[-0.989003720968529,52.8182501362447],[-0.995682812410669,52.8212717586571],[-1.02148752134774,52.8220742778664],[-1.03639486975401,52.8159009048952],[-1.03670377278903,52.8159897509694],[-1.04976617823858,52.8134480911033],[-1.0592050477107,52.8172496249323],[-1.07173821252654,52.8140112108253],[-1.06881230510079,52.8212360444825],[-1.07443530143318,52.8247266334987],[-1.09148493631761,52.8200801953391],[-1.09419106682462,52.8219689342816],[-1.11916312408012,52.8191505325855],[-1.12124801302487,52.8123661244777],[-1.13089307263852,52.8058269107226],[-1.14396361539544,52.8038765827816],[-1.16187786123771,52.8063937493938],[-1.17667671245216,52.8026334415535],[-1.19632375703134,52.7900821694591],[-1.20028897382006,52.7937878724787],[-1.21167072906336,52.7949615924527],[-1.22537224424817,52.7917209491097],[-1.22840698829114,52.7931079850609],[-1.23452948193383,52.8021094156454],[-1.24530195335046,52.8061381463112],[-1.25528523873055,52.8040982919317],[-1.26194492511641,52.8104472950929],[-1.26094180629794,52.8179778233201],[-1.27003719602656,52.8233172116872],[-1.27436347501172,52.8361295173861],[-1.26693362244919,52.837470202118],[-1.26907219041563,52.8403339513131],[-1.26621223436405,52.8427534366636],[-1.27221161695204,52.8494824551064],[-1.26457245923038,52.8581895044701],[-1.27528282314089,52.8603800392582],[-1.26788907937114,52.8733686505522],[-1.26610427530758,52.8733118207918],[-1.25361099778125,52.879285827391],[-1.24005549011668,52.8801088563322],[-1.23898534810158,52.8835243363653],[-1.24639858780154,52.8891378615512],[-1.23970599304057,52.8922892365889],[-1.24751124790639,52.8987915165324],[-1.24658273397341,52.90308229994],[-1.25641958436472,52.9017888822539],[-1.2716868572134,52.9051130322679],[-1.28196038851704,52.910789854613],[-1.28282150884071,52.9192889436568],[-1.28577706138121,52.9260650748836],[-1.2781319803867,52.9336276306544],[-1.27915907684773,52.9368278160299],[-1.28104338581197,52.9405788594925],[-1.28111953782346,52.9407702683192],[-1.28113338190219,52.9408050649224],[-1.28277223488479,52.9455569086696],[-1.28241369178995,52.9512352037908],[-1.29250116524851,52.9555736766533],[-1.29056289692332,52.9597737737609],[-1.28774933165725,52.9696624532511],[-1.29498660469883,52.9798645208289],[-1.297763250917,52.9896880517759],[-1.30632333853609,53.0032875683765],[-1.30742618330068,53.003624607579],[-1.30798563898118,53.0038728192723],[-1.31335542530561,53.005238884816],[-1.3226987084974,53.0215917456154],[-1.32803608717236,53.0293305268197],[-1.33320341789695,53.0339409850995],[-1.33576538649243,53.0507544144683],[-1.33586846310334,53.0529658457864],[-1.34411229730592,53.0623315660254],[-1.34383457830861,53.0687295607139],[-1.33471712413769,53.0775721198812],[-1.33163547679324,53.0809878867612],[-1.30323570997794,53.088083752857],[-1.30925140895617,53.096770173355],[-1.30072893365452,53.1016202832833],[-1.31183281292282,53.1087057268582],[-1.31066232067538,53.1102567481413],[-1.31229251664658,53.1163203048302],[-1.31424760648306,53.1249143160537],[-1.3217802282925,53.130650305486],[-1.31513872250266,53.136080275881],[-1.31881519142676,53.1397185457344],[-1.32558340645085,53.1564748859141],[-1.32345886972401,53.1623313942214],[-1.3165948540474,53.1653643616126],[-1.30191319509311,53.1638641614828],[-1.29660420039115,53.1709207883084],[-1.29074206518232,53.1714250570765],[-1.28199176123518,53.1674240593353],[-1.26896551952853,53.1681771726108],[-1.25992533857434,53.164479441946],[-1.25317195893866,53.1655178802386],[-1.24168910780375,53.1781488074093],[-1.23060824078011,53.1783001265661],[-1.21566099193439,53.1809072909033],[-1.20429187252152,53.1823583408195],[-1.19872721860762,53.1830287895441],[-1.19511732495838,53.1894159265496],[-1.20103197902232,53.2039942241524],[-1.20096847797189,53.203962865271],[-1.20481569946575,53.2082773283382],[-1.20941304066261,53.2176869855416],[-1.20204335247706,53.2355423008125],[-1.21245933128975,53.2455858737999],[-1.20252032201365,53.2611600910403],[-1.17479721143818,53.2651132420067],[-1.18154150249029,53.270032062725],[-1.1664875414478,53.2776553673573],[-1.1801170205129,53.2871347450317],[-1.17156289293514,53.2946379721113],[-1.17432521143318,53.2983641551796],[-1.17417585699507,53.3025331121448],[-1.17950634547658,53.3064115630667],[-1.18720278700898,53.3039472531719],[-1.19974282859,53.3114401844765],[-1.19032335351259,53.3199319986666],[-1.17448181183083,53.3213908671433],[-1.17511085119313,53.3256773764623],[-1.15938481429022,53.3335089637025],[-1.14862053823827,53.3385066077954],[-1.13871810210376,53.3413828108768],[-1.14028636046273,53.3465276200277],[-1.15684339220656,53.3449694993649],[-1.16195415042171,53.3542126653857],[-1.16194934785768,53.3579088230968],[-1.15169338424547,53.354485368199],[-1.13853968203233,53.3559075133134],[-1.14055426651146,53.3640597089372],[-1.14517823272168,53.3633827999065],[-1.14644015470332,53.3657334886175],[-1.144915555971,53.3712507064893],[-1.13821895827,53.372252441413],[-1.12999587827008,53.3775655684886],[-1.13349259127567,53.3914806094812],[-1.13327807155101,53.3913783164297],[-1.12281104249626,53.3983123988667],[-1.11557938044441,53.3971857489981],[-1.11604100602787,53.4073493528943],[-1.10822686375117,53.4058817747945],[-1.09873738770383,53.4187347510545],[-1.08704609824437,53.4255440491046],[-1.07912295943339,53.4228091307237],[-1.08043943279743,53.426867859038],[-1.07326792409618,53.4280574415876],[-1.05705081935865,53.4253598754919],[-1.0309498187762,53.4309795254991],[-1.03051529485536,53.425195309492],[-1.0231689421522,53.4245143849214],[-1.01435810855506,53.426297357497],[-1.01245806584945,53.4327958706793],[-0.995669798894032,53.4369266834287],[-0.997518157485324,53.4436550467849],[-0.985547613494418,53.4613539670894],[-0.985978085087804,53.4716733710931],[-0.953259205587141,53.4844235283874],[-0.935564625288195,53.5025165284893],[-0.9004706270826,53.4751558663774],[-0.920246794246959,53.4655076496685]]]},"properties":{"FID":19,"PFA23CD":"E23000019","PFA23NM":"Nottinghamshire","BNG_E":466570,"BNG_N":359496,"LONG":-1.00656,"LAT":53.1285,"GlobalID":"cbdb7764-b00b-417b-a56a-2995b204af7b"}},{"type":"Feature","id":20,"geometry":{"type":"Polygon","coordinates":[[[-0.300930360808404,53.6163880593414],[-0.298237327255288,53.6125616958864],[-0.29211512919743,53.6132674303182],[-0.281194446717386,53.6062629971731],[-0.283038930960544,53.6044969350018],[-0.259360321014557,53.5969696819416],[-0.254473495982278,53.5924882669515],[-0.24847604907361,53.593663691688],[-0.251395553409818,53.5846530760873],[-0.239163914049111,53.5881621113738],[-0.234668675193634,53.5862504184973],[-0.222558901329779,53.5680169273626],[-0.195185374970214,53.5716193566946],[-0.187529353437806,53.5636127656222],[-0.219882527217496,53.5326064907721],[-0.210589579218055,53.5317064641017],[-0.213624092361678,53.5263590353292],[-0.204086448790055,53.5117673419101],[-0.210604976147154,53.4862884742396],[-0.188565229273785,53.4845380575922],[-0.181804717740498,53.4686494113505],[-0.153680016923717,53.4656777570993],[-0.158507673042806,53.4615836690514],[-0.149227746736442,53.446699664488],[-0.144500351665103,53.4409034026144],[-0.134248023731181,53.4407383533175],[-0.131844979439125,53.4359255434669],[-0.122786056566,53.4373458388718],[-0.120343715760136,53.4335649224696],[-0.0822093450711558,53.4511510054798],[-0.10782063241139,53.4698627568227],[-0.0898037355375292,53.4776824143987],[-0.0954884503108306,53.4859889956556],[-0.0752620038904992,53.4893357390255],[-0.0670959811294136,53.5168382208486],[-0.0605448943121237,53.5197491172312],[-0.0466135381137528,53.5200987293707],[-0.0396002030266638,53.5131165541705],[-0.0286386905351609,53.5173378896808],[-0.0195481409929984,53.5179752888566],[-0.017430291488593,53.5150670076541],[0.00536645262810015,53.5196745969311],[0.0164201827845139,53.5263239355014],[0.0219796923201741,53.5199035927079],[0.0323910752347674,53.517944342504],[0.0393860680309263,53.5115855220343],[0.0382731299524353,53.5138399936578],[0.0523778338732123,53.5139186141501],[0.0612465115947415,53.514323320785],[0.0514035649103361,53.5143578609155],[0.0532258282349731,53.5153685030045],[0.0473833504052355,53.5146596656983],[0.045700706890171,53.5185578251754],[0.037764221072505,53.5267195896892],[0.0563459957233678,53.519151797069],[0.056576922143064,53.5212721270274],[0.0699250406638598,53.5175670223667],[0.0705704838983745,53.513788128431],[0.0778054595431449,53.5112532415872],[0.0824909246195165,53.5126892016528],[0.0794589650691428,53.5166571151817],[0.0849996736028064,53.5163573916851],[0.0896748487799423,53.5106056799717],[0.0837627895843164,53.5117751740343],[0.0782807167891676,53.507310005268],[0.0849958704864657,53.4969670550654],[0.0850734376675885,53.4969389154178],[0.0931288257797784,53.4940161242386],[0.0900042535753851,53.4926433796016],[0.0957583216902167,53.494724288128],[0.096544594077181,53.4913167304429],[0.101770960701664,53.4927783800458],[0.0932554008812956,53.4886739923404],[0.0959879296767808,53.4885241588001],[0.101886490556781,53.4922180692639],[0.0993066066763707,53.4897030695888],[0.102838149295508,53.4915558351978],[0.104907796849098,53.4877453103033],[0.105056725578546,53.4878639245564],[0.105675054779582,53.4885984647239],[0.107587440476716,53.4854847607414],[0.108467723375028,53.4874735166067],[0.108557616148482,53.4874417716547],[0.118779556910812,53.4838312192249],[0.108651528105328,53.4893367434054],[0.104190003288958,53.4917612778576],[0.108670911901127,53.4897278392599],[0.12153020351242,53.4838902846207],[0.110035650252343,53.4894421014652],[0.115847129063787,53.4897519588113],[0.110005340171165,53.4922683689836],[0.113578782831661,53.4943459704902],[0.10878651191317,53.5042852278836],[0.121349290726328,53.5007787618508],[0.121800008110846,53.4981492196848],[0.125807525632776,53.4996251783105],[0.132042478097478,53.4964727087346],[0.122463906183713,53.4953420791636],[0.131851186111601,53.4856603421204],[0.143472570355748,53.4818255000533],[0.148133891617855,53.4877858241245],[0.144179748345709,53.4927430128543],[0.147537042817011,53.4941148258864],[0.153988692114059,53.4904052675466],[0.168164852774028,53.4767973544079],[0.159396626064545,53.4772216496379],[0.166755264255973,53.4710485324825],[0.172089203724995,53.471930689488],[0.178618518718068,53.4648407067698],[0.172913893255748,53.4670411484365],[0.185024491088223,53.4570343107302],[0.179528725718248,53.4584320169762],[0.182053750963095,53.4525036351666],[0.191098184991299,53.4498971476934],[0.183793440587882,53.4479541707916],[0.185045514342218,53.4435044581504],[0.193845247579647,53.4428531804449],[0.200407582640514,53.4368482256312],[0.190172460422987,53.4402747114942],[0.187804612702328,53.4377082510985],[0.194774514410723,53.4299988247338],[0.20436375147295,53.4299704697166],[0.212471923780209,53.4213938363697],[0.204811531203375,53.4182594722622],[0.210590504431269,53.4173290663179],[0.189536114641344,53.417319763107],[0.210577797718783,53.4169688105797],[0.201369387365113,53.4151646990468],[0.208506792611846,53.415597488563],[0.20380598903533,53.4119677296306],[0.207627918083997,53.4133022882952],[0.206451293512394,53.4099895474917],[0.212043633014834,53.4159832803568],[0.208109331161369,53.4105108630521],[0.21458770574022,53.4096554398913],[0.217664700271258,53.4134156192635],[0.22853968605841,53.4025594451535],[0.228930969471723,53.4020938678915],[0.23285478022409,53.3974244072965],[0.228665828837893,53.4014899493723],[0.227040522221066,53.3966672530285],[0.231274589437193,53.3906230268717],[0.234613116265788,53.3922247085784],[0.243588582957918,53.3723935029005],[0.243668256790191,53.3722173817508],[0.280622408522652,53.3202669926405],[0.281294844942021,53.3193204126033],[0.299739622757998,53.2947902754656],[0.300027852735005,53.2944099071964],[0.300050545092329,53.2943813067937],[0.321897176885143,53.2668279681352],[0.322179964590588,53.2664710588804],[0.337184186535268,53.2403514764867],[0.347013744440652,53.209567445615],[0.347399414366985,53.2083587318815],[0.355627376907466,53.1920584275719],[0.352744258511821,53.1730642050808],[0.352564087677102,53.1718766104007],[0.349562888736918,53.1447811091791],[0.349538305649106,53.1445590445388],[0.348043626178442,53.1210498665058],[0.348041336269881,53.121013809194],[0.348025421237048,53.120763230071],[0.348133250407928,53.1140276809903],[0.348210789726189,53.1091843370873],[0.338917695390133,53.1017892752303],[0.337434160673566,53.0944772539707],[0.337337298133176,53.0943283966686],[0.333032535462736,53.0877116970555],[0.332372870503056,53.0866975495652],[0.330159815418528,53.0904614780286],[0.323682968874766,53.0911914475359],[0.326291631890571,53.092511637169],[0.318570590231509,53.09213541276],[0.319268976243647,53.091402534693],[0.311295104862479,53.0948602033875],[0.313873095746664,53.0916847525133],[0.31567149310597,53.0887113681932],[0.294455213908171,53.0804082566449],[0.266347472165446,53.0613266130556],[0.265921065017401,53.0610852002029],[0.239196633060485,53.0459464165076],[0.199564402696666,53.0326408710717],[0.163148530341624,53.0131479904991],[0.163109163812097,53.0131269026729],[0.151425050200805,53.008107120262],[0.106720637223563,52.9664133224997],[0.0934371711236726,52.9594442521862],[0.0821340490323814,52.9458160386287],[0.0789932459074924,52.9420274162378],[0.0790057045581932,52.9392145169901],[0.0790288842584203,52.9339833845618],[0.0740674602817707,52.9324935936391],[0.0564642829438318,52.9301250522413],[0.0760445820772108,52.9316503383665],[0.0762678282128914,52.9315566611727],[0.076505089631619,52.93145094143],[0.0516750687059226,52.9171952455835],[0.0426433700650574,52.9278225969433],[0.0445279660500216,52.9238318046773],[0.0450621626357724,52.9227004514608],[0.0494303723010061,52.9164939939121],[0.0494733119793804,52.9164869384423],[0.0499189217247257,52.9164137185988],[0.0531717545197117,52.9158791792566],[0.0383794357951333,52.9058689025763],[0.0358348512866579,52.9133526296235],[0.0360667918113368,52.904083769908],[0.0356285172555065,52.9038234996467],[0.0208417678534388,52.9040647473697],[0.0346521819249862,52.9033912819587],[0.00928512202967654,52.8942683512646],[0.0279972397266977,52.899039396981],[0.027124639557576,52.8984938201396],[0.0280614906730851,52.8990557726275],[0.0325224002454013,52.900192580186],[0.0685508565176829,52.9187349186753],[0.0654593143383007,52.9120965960104],[0.069157797580135,52.9082155329059],[0.0563762601847459,52.9033926260967],[0.0733777427185805,52.9060848410489],[0.0719403837998532,52.9031985424981],[0.0799732972870037,52.9007461856636],[0.0825582728427406,52.8999568489488],[0.0798922905408875,52.8990555539236],[0.0769905204523366,52.898074434521],[0.0798727217550926,52.8986471105453],[0.0859118310846719,52.8998467687776],[0.0883820805446973,52.895125272012],[0.116162412281421,52.8936778144307],[0.145014386349435,52.8850924726062],[0.146809608141591,52.8819868005967],[0.145693278395232,52.8812353129206],[0.135877444122425,52.8746244644268],[0.139149628161661,52.8763890523919],[0.149768367248977,52.8821138073715],[0.150286836905936,52.8823932986521],[0.150349936678985,52.8822391669292],[0.151318472156955,52.8798732383871],[0.159371809046963,52.8803133635125],[0.176331510149807,52.8741162233266],[0.185246737591413,52.8557018650209],[0.192806516584825,52.8523273124693],[0.201273942588601,52.8383436115692],[0.214600169799844,52.8288232370839],[0.215079923686475,52.8284803920618],[0.211124513891594,52.8221903810769],[0.210926731243974,52.8218758076073],[0.209444563137556,52.8195182561994],[0.214905639995518,52.8226291973444],[0.216813149561601,52.8208833998008],[0.234338101479471,52.8233314951349],[0.245249322896739,52.8221806017719],[0.260734529109711,52.8152832172869],[0.268804540123313,52.8158361798832],[0.262782544599451,52.8037524313304],[0.253117286064436,52.7974055299988],[0.260960642472351,52.7960760413384],[0.25199188068735,52.7925718539237],[0.245037550842594,52.7844699906207],[0.272228339358099,52.7728129916084],[0.225705133084464,52.7564524299505],[0.186323197484379,52.7353486304287],[0.171626068420179,52.7380317015671],[0.170180985553627,52.7398941469324],[0.132975309366633,52.7393044762982],[0.113685341276425,52.7299901116879],[0.0987889898991489,52.7303403150946],[0.0890116953988098,52.7236301650923],[0.0639041998676963,52.7274361157372],[0.0480184239266773,52.7187851060247],[0.0441494759872833,52.7143823487219],[0.0445628839644501,52.6925857623172],[0.0489738816974841,52.6840110493042],[0.0215003524278174,52.6648872875554],[-0.0312706832650579,52.6615327430761],[-0.0321028836949381,52.6653607078577],[-0.0450005150017718,52.6691383580278],[-0.0580237077207774,52.6740916461502],[-0.0637851804858538,52.6752243722347],[-0.0654453895824364,52.6719958311157],[-0.0746108805843772,52.6720740970425],[-0.0878370168241101,52.6667802654775],[-0.102195958212229,52.6722061944761],[-0.139501708622985,52.6548617576752],[-0.14106199482318,52.6515074238731],[-0.180020104975691,52.6605611576378],[-0.192867813968712,52.6524385101436],[-0.206037616936727,52.6680733115502],[-0.212501332962663,52.6666794921145],[-0.224008234801636,52.6656620369707],[-0.258664797827536,52.6516453724143],[-0.279083338474977,52.6660041700752],[-0.309971999601339,52.6734783328157],[-0.335037147761973,52.674865972717],[-0.340893711753662,52.6655073014032],[-0.359339821941968,52.6600642996655],[-0.362807605045879,52.6601061460588],[-0.417205884461452,52.6468115396581],[-0.450477949265624,52.6541246579738],[-0.453115493227297,52.6492722499548],[-0.467636162684949,52.6498991979609],[-0.475831476553136,52.648714748191],[-0.475244651771167,52.6450578144044],[-0.484320104749261,52.6461290838499],[-0.494688679013636,52.6402652600307],[-0.495025802128916,52.6402363843376],[-0.523586001633851,52.6652337193386],[-0.519017410629439,52.6665263099884],[-0.50667432122478,52.6595259203847],[-0.493865929905271,52.6607168953684],[-0.494711775021688,52.6646323624577],[-0.483879517324992,52.6654535666537],[-0.461677840625561,52.6690687500769],[-0.432893622745984,52.6862565596863],[-0.430443229209799,52.7054219465724],[-0.444722185366354,52.706172987158],[-0.451092101190137,52.7095802657507],[-0.49453090710973,52.7096532788683],[-0.505721256322316,52.7136049347219],[-0.512641138656786,52.7196804293604],[-0.542433641184147,52.7232814485297],[-0.539974276076003,52.7384017538629],[-0.560034137998978,52.7454723061329],[-0.566110752939568,52.7449876728711],[-0.572636470370485,52.7531090372123],[-0.5895658127116,52.7537745664992],[-0.6054438425778,52.7504929435092],[-0.608593611318584,52.7597134352921],[-0.664101453534753,52.7567104600276],[-0.675659473943573,52.7775400217458],[-0.674109433892729,52.7877680247427],[-0.683106687063742,52.7946828745687],[-0.682041197399814,52.8117955924278],[-0.692399609579355,52.8217805906953],[-0.70583123012461,52.8380525265866],[-0.733673205773135,52.866922202578],[-0.742722542356135,52.8831571774551],[-0.766592056271416,52.8867983625418],[-0.758468269907546,52.9004900488763],[-0.763966643031735,52.9031418367671],[-0.773801109125731,52.9025362114708],[-0.774542835459734,52.9073426691198],[-0.76748321983487,52.9224644800924],[-0.762918863545684,52.9237960882836],[-0.766106812740015,52.92802566017],[-0.755313033756398,52.9513786748768],[-0.778437336497995,52.9593138194974],[-0.778278647253454,52.9769233786035],[-0.777554194191861,52.9838066690348],[-0.800189486885073,53.0021937303446],[-0.804273711459655,53.0122456796307],[-0.795824908778034,53.0105980771812],[-0.788413809258192,53.025853354781],[-0.776672919807498,53.0247111265438],[-0.760826457019771,53.0294103382527],[-0.753330872400811,53.0482422730301],[-0.749551780121272,53.0551156525153],[-0.73107451400749,53.0543457334075],[-0.722597608787722,53.0599221880462],[-0.716203841365838,53.059058700743],[-0.713466500275659,53.0660465531111],[-0.701539000308792,53.0636633107331],[-0.695161400895855,53.0662114576731],[-0.698805874616782,53.0677463394825],[-0.698482165063602,53.0754675814142],[-0.710358283072346,53.0793778165798],[-0.706149360039511,53.0833784249105],[-0.724383220773675,53.0925890222903],[-0.729617825692047,53.0979020202009],[-0.721250544059523,53.1042679766707],[-0.716882507111126,53.1194439617821],[-0.731091968342561,53.1240029543808],[-0.732407362918311,53.1278015868525],[-0.715375394751415,53.136882862701],[-0.723232204800026,53.1551038696816],[-0.716028276283723,53.1704120810412],[-0.718160267478104,53.1772877890782],[-0.730266087349708,53.1800953605776],[-0.764137929460812,53.1815438018648],[-0.762167689470256,53.1882393667785],[-0.753766368007178,53.1881562839616],[-0.730569016450559,53.2107564493142],[-0.714752926702038,53.2076077687376],[-0.697616436379696,53.2202372898823],[-0.675872140728609,53.2176443555061],[-0.666577004989044,53.2397024956129],[-0.688027280325921,53.2583912397992],[-0.694764022450452,53.2584022621852],[-0.734150803388177,53.2540040449987],[-0.73508333879074,53.2438739822444],[-0.77707445272525,53.2469081686772],[-0.778486870404097,53.2519926941009],[-0.770175411225677,53.2530973735233],[-0.773098858740922,53.2607361077216],[-0.764279778594267,53.2727392380073],[-0.778205595813031,53.2836087946916],[-0.768526322343814,53.290575775663],[-0.762983371728216,53.2995796794468],[-0.757884107084989,53.2928178965084],[-0.750179231138818,53.2945415884904],[-0.74715298067211,53.3044448770501],[-0.753294826874351,53.3104402993605],[-0.75368613288448,53.320251788919],[-0.750051550807065,53.3243173723206],[-0.760118268979831,53.3246858161694],[-0.766473605946302,53.3301074974362],[-0.758053842009266,53.3419101841855],[-0.764811639794798,53.3463239499122],[-0.75861635902076,53.3538375865797],[-0.773442568588354,53.3639877946626],[-0.780831843590512,53.3612471650697],[-0.791098332994525,53.3634793021848],[-0.786036473216742,53.3745529923786],[-0.775569382196442,53.3774026404489],[-0.786757536962154,53.384309064405],[-0.790219652697241,53.3862921118493],[-0.776344733287152,53.3914822337747],[-0.777442868144384,53.3974083371418],[-0.785690561156439,53.4021182045163],[-0.791397571558166,53.4105152937113],[-0.788421349108204,53.4143576025961],[-0.803632365577952,53.41714296414],[-0.817002950376436,53.4256646214701],[-0.81940272945888,53.4371628895818],[-0.82016310807637,53.4411291120196],[-0.809539970863044,53.4436126652255],[-0.797483349537156,53.4550644460093],[-0.784364875033277,53.4633795456972],[-0.784388777567045,53.4766692148169],[-0.771568244935175,53.479201559763],[-0.775623671693964,53.4890249829015],[-0.768109606084077,53.4989256074396],[-0.752113860480161,53.5005306077545],[-0.739591684118626,53.5199359481765],[-0.701578281264133,53.5141826030997],[-0.687354907856837,53.5163887999974],[-0.675706725168171,53.5125254719015],[-0.624491104429227,53.5128392139564],[-0.628193216650824,53.5068231529788],[-0.625726537074686,53.4955809544153],[-0.630134286594633,53.4859943987618],[-0.634058429571641,53.4853992669682],[-0.634806791242606,53.4695518669221],[-0.62664950589938,53.4620613693688],[-0.629752674978015,53.4582189915595],[-0.59947987315379,53.4564021057489],[-0.551793099765091,53.4595200405489],[-0.471749465254693,53.4748729008679],[-0.486630004727343,53.4804701668812],[-0.487771884719746,53.4878143766387],[-0.480686587797683,53.4962453858493],[-0.48836488690652,53.5048357225888],[-0.475838532967563,53.5089789329026],[-0.444036592858546,53.5093918408842],[-0.405074524830151,53.5176169024623],[-0.408145080459695,53.5321088676971],[-0.414400079891137,53.5358416088035],[-0.421862353506164,53.5344480790828],[-0.430664749921137,53.5463371555556],[-0.500340142113534,53.5374689425659],[-0.490908801668391,53.5458737952132],[-0.467018371437879,53.5489606914837],[-0.465671732127895,53.5560233219709],[-0.456908706548813,53.5592905839509],[-0.450776025259325,53.5579662827286],[-0.439407349017745,53.5702930190125],[-0.429001046046789,53.5745247142208],[-0.419669109582517,53.5637727865167],[-0.349379719334232,53.5558093331508],[-0.34585530802965,53.5579585495497],[-0.348658806858916,53.5595128686266],[-0.335938821094677,53.5586265913365],[-0.310867879373955,53.5901545793183],[-0.303423841813591,53.5907900989405],[-0.300753915339974,53.5955399989843],[-0.308555246775199,53.6143287569587],[-0.300930360808404,53.6163880593414]]]},"properties":{"FID":20,"PFA23CD":"E23000020","PFA23NM":"Lincolnshire","BNG_E":517984,"BNG_N":358539,"LONG":-0.23884,"LAT":53.11102,"GlobalID":"bfece2d7-618c-40b3-8497-20b0129d4f5b"}},{"type":"Feature","id":21,"geometry":{"type":"Polygon","coordinates":[[[-0.778437336497995,52.9593138194974],[-0.755313033756398,52.9513786748768],[-0.766106812740015,52.92802566017],[-0.762918863545684,52.9237960882836],[-0.76748321983487,52.9224644800924],[-0.774542835459734,52.9073426691198],[-0.773801109125731,52.9025362114708],[-0.763966643031735,52.9031418367671],[-0.758468269907546,52.9004900488763],[-0.766592056271416,52.8867983625418],[-0.742722542356135,52.8831571774551],[-0.733673205773135,52.866922202578],[-0.70583123012461,52.8380525265866],[-0.692399609579355,52.8217805906953],[-0.682041197399814,52.8117955924278],[-0.683106687063742,52.7946828745687],[-0.674109433892729,52.7877680247427],[-0.675659473943573,52.7775400217458],[-0.664101453534753,52.7567104600276],[-0.608593611318584,52.7597134352921],[-0.6054438425778,52.7504929435092],[-0.5895658127116,52.7537745664992],[-0.572636470370485,52.7531090372123],[-0.566110752939568,52.7449876728711],[-0.560034137998978,52.7454723061329],[-0.539974276076003,52.7384017538629],[-0.542433641184147,52.7232814485297],[-0.512641138656786,52.7196804293604],[-0.505721256322316,52.7136049347219],[-0.49453090710973,52.7096532788683],[-0.451092101190137,52.7095802657507],[-0.444722185366354,52.706172987158],[-0.430443229209799,52.7054219465724],[-0.432893622745984,52.6862565596863],[-0.461677840625561,52.6690687500769],[-0.483879517324992,52.6654535666537],[-0.494711775021688,52.6646323624577],[-0.493865929905271,52.6607168953684],[-0.50667432122478,52.6595259203847],[-0.519017410629439,52.6665263099884],[-0.523586001633851,52.6652337193386],[-0.495025802128916,52.6402363843376],[-0.517203112387242,52.6424417322202],[-0.523630693170712,52.6348871598351],[-0.540260653382861,52.62596576825],[-0.539057032232578,52.617875614472],[-0.550130858914181,52.6122506428931],[-0.54755896961044,52.6069561140329],[-0.552938000985828,52.6014118623407],[-0.542977837287396,52.5957345104935],[-0.544175784928157,52.5928658563635],[-0.558080856418455,52.5945092136907],[-0.562518403335566,52.5862751057836],[-0.571903726305604,52.5858033689047],[-0.577955798040501,52.5878981540137],[-0.58147859321182,52.5958833503195],[-0.588743270020906,52.5867933340892],[-0.602968554664781,52.5886516115265],[-0.637847507383859,52.571812288553],[-0.642233099225361,52.5730026096196],[-0.660912737595725,52.568945704532],[-0.674864344204412,52.5586383817388],[-0.688448487446295,52.5461371211466],[-0.697833336432589,52.5457021897888],[-0.69643038488804,52.5385464318034],[-0.713658337963826,52.5249639674475],[-0.715759937485516,52.522344389141],[-0.726833413245234,52.5231636172402],[-0.746841685281296,52.5168661965391],[-0.756156309515431,52.5109947120301],[-0.774866784894676,52.5182763352551],[-0.787781835781209,52.5137117776446],[-0.796160634816982,52.5163651336763],[-0.81086689992306,52.5193673849712],[-0.812590397772968,52.5159521200422],[-0.820121757601639,52.5155409999356],[-0.830626939482888,52.5194589012678],[-0.845386596838955,52.5193474920984],[-0.845280865744398,52.5217071443379],[-0.848413824500111,52.5202723958086],[-0.863299651840701,52.5283330707755],[-0.87099333364688,52.5247520447234],[-0.872610669221736,52.5183996328158],[-0.883408901784581,52.513808054117],[-0.879459165203939,52.4982139573604],[-0.883721468945801,52.4922629352096],[-0.895601523154075,52.4920443929896],[-0.896921169454828,52.4855072137134],[-0.884534583724469,52.4813068138384],[-0.882361450241335,52.4714057478916],[-0.889556847841393,52.470440531042],[-0.9012806064268,52.4597558591954],[-0.904577930628361,52.4628792457505],[-0.916746124086227,52.4626461253458],[-0.942191918774036,52.4677725216198],[-0.947088989618786,52.475699985188],[-0.96784897538398,52.4772098232878],[-0.979219922340037,52.4700264885089],[-1.00069265209655,52.470940416852],[-1.00563676185312,52.4650259245219],[-1.02774073530018,52.4585046010835],[-1.04451053126691,52.4457480934585],[-1.03513382541734,52.443246361881],[-1.03427367925882,52.4362852721236],[-1.04949662165329,52.4258402907049],[-1.04986022467205,52.4222623616331],[-1.05990322048017,52.4234789787192],[-1.06932517287747,52.4335463794541],[-1.07939151039954,52.4363340656603],[-1.09088423067457,52.4331226325963],[-1.09335936923599,52.4276827267937],[-1.10192187303628,52.424818276117],[-1.12570548877858,52.4177010196716],[-1.13439150656399,52.4123012657995],[-1.13853571759182,52.4020437000002],[-1.14946966184269,52.3970082108639],[-1.15658234177901,52.4000511631543],[-1.1642206336604,52.3992036594766],[-1.18397472701336,52.3921717358566],[-1.18946217839194,52.3964468814317],[-1.20163348439696,52.3967344074221],[-1.23644413534428,52.4357273312437],[-1.23675360283845,52.4360394944329],[-1.24037157923594,52.4397587122011],[-1.25783058976019,52.4538925806261],[-1.30594754120562,52.4933952796498],[-1.32512125577365,52.5010544836661],[-1.39500694098913,52.5270017442481],[-1.41734425186395,52.5344553061509],[-1.41895772172901,52.5377680021004],[-1.42408394807535,52.5395883482972],[-1.45999402369308,52.5515899264079],[-1.48303467600142,52.5586832776452],[-1.50270561859239,52.5644709218517],[-1.52268732942375,52.5704270757305],[-1.52474703178799,52.5737986404801],[-1.5271552279268,52.5827378307652],[-1.54746875433889,52.5919305224963],[-1.56069803676403,52.5961193274393],[-1.55445233721977,52.6147620835865],[-1.56753500109231,52.6225838381453],[-1.56461026146334,52.631242092923],[-1.57100016052294,52.6361199019656],[-1.55604679633242,52.6382762002005],[-1.54280378580269,52.6476200706672],[-1.54242198174715,52.6536264362545],[-1.54728936256915,52.655973419684],[-1.55177141577137,52.6674551055518],[-1.57042771087891,52.6758431666892],[-1.56647470269796,52.6776015977985],[-1.569106299685,52.6796671735467],[-1.57760844633783,52.6785784834079],[-1.5896451852037,52.6872608072693],[-1.58628530395622,52.694498447681],[-1.59754104512465,52.7004217660413],[-1.57715101839918,52.7117450250639],[-1.56684994836078,52.7100434932773],[-1.55011428989921,52.7203369177006],[-1.55024162370648,52.7257172684774],[-1.54536538760796,52.7282389560744],[-1.54528347905584,52.7327564431191],[-1.55621249655523,52.7397111002106],[-1.56249262187869,52.7505868360709],[-1.55484256321815,52.7620210175243],[-1.54744213285114,52.7641344056639],[-1.53961993387858,52.7600859714778],[-1.52958418964007,52.7610939566383],[-1.52534823948472,52.7655279879638],[-1.50392763096907,52.7674941028421],[-1.49575676445072,52.7598909748537],[-1.49242760083499,52.7594525185678],[-1.47845134503137,52.7636548355155],[-1.46660684829904,52.7679073811999],[-1.45590921411606,52.7770824090656],[-1.45952126182568,52.7770541891918],[-1.45761491851346,52.7843712724102],[-1.46280774702283,52.78679259293],[-1.4548653947671,52.7889769386998],[-1.44186065040431,52.7935800412295],[-1.4435261327813,52.8027315203551],[-1.41770445879577,52.801615500287],[-1.39779374630728,52.8235227664584],[-1.38792159927392,52.8329824860234],[-1.39435989220902,52.8367669733472],[-1.3882411683017,52.8394250839117],[-1.38093783277863,52.8461218305657],[-1.36553726594229,52.8515735155854],[-1.35798206493343,52.8560888560957],[-1.35061847519868,52.8536109152681],[-1.35226274980323,52.857690342606],[-1.34271449285807,52.8628241836603],[-1.34475931582336,52.8675891350854],[-1.33913956317551,52.8645776558723],[-1.32037894510166,52.8690926796015],[-1.31930687515051,52.8728694270043],[-1.30933158402117,52.8733548300217],[-1.30599463322981,52.877080445453],[-1.28948669216352,52.8724577276067],[-1.27842748173134,52.8755932224513],[-1.26788907937114,52.8733686505522],[-1.27528282314089,52.8603800392582],[-1.26457245923038,52.8581895044701],[-1.27221161695204,52.8494824551064],[-1.26621223436405,52.8427534366636],[-1.26907219041563,52.8403339513131],[-1.26693362244919,52.837470202118],[-1.27436347501172,52.8361295173861],[-1.27003719602656,52.8233172116872],[-1.26094180629794,52.8179778233201],[-1.26194492511641,52.8104472950929],[-1.25528523873055,52.8040982919317],[-1.24530195335046,52.8061381463112],[-1.23452948193383,52.8021094156454],[-1.22840698829114,52.7931079850609],[-1.22537224424817,52.7917209491097],[-1.21167072906336,52.7949615924527],[-1.20028897382006,52.7937878724787],[-1.19632375703134,52.7900821694591],[-1.17667671245216,52.8026334415535],[-1.16187786123771,52.8063937493938],[-1.14396361539544,52.8038765827816],[-1.13089307263852,52.8058269107226],[-1.12124801302487,52.8123661244777],[-1.11916312408012,52.8191505325855],[-1.09419106682462,52.8219689342816],[-1.09148493631761,52.8200801953391],[-1.07443530143318,52.8247266334987],[-1.06881230510079,52.8212360444825],[-1.07173821252654,52.8140112108253],[-1.0592050477107,52.8172496249323],[-1.04976617823858,52.8134480911033],[-1.03670377278903,52.8159897509694],[-1.03639486975401,52.8159009048952],[-1.02148752134774,52.8220742778664],[-0.995682812410669,52.8212717586571],[-0.989003720968529,52.8182501362447],[-0.975051215913303,52.8292284265166],[-0.977074582062935,52.8407376623975],[-0.970612529973507,52.8449852729794],[-0.960863786048525,52.8433591893817],[-0.952831327943395,52.8504398567606],[-0.941217425224809,52.8539726252636],[-0.940827057037893,52.8615639313521],[-0.928121482481403,52.8660833086384],[-0.940563980212635,52.8768295757612],[-0.916775334007956,52.8788759487505],[-0.912011034891197,52.8835972871959],[-0.874319910598358,52.89821781916],[-0.85763357391753,52.9056423191723],[-0.862893425264728,52.9131138443477],[-0.841383529620573,52.9283748166659],[-0.834926389186456,52.9393882512599],[-0.822811634981401,52.9437070806705],[-0.833908629870818,52.9458805023764],[-0.820021885123097,52.9604644285062],[-0.812850938336058,52.9574642117888],[-0.809812386920476,52.9659796016421],[-0.796150034418614,52.9767315018684],[-0.778278647253454,52.9769233786035],[-0.778437336497995,52.9593138194974]]]},"properties":{"FID":21,"PFA23CD":"E23000021","PFA23NM":"Leicestershire","BNG_E":466555,"BNG_N":310191,"LONG":-1.01686,"LAT":52.68535,"GlobalID":"0ac9822f-46ef-4848-b1a7-f4f6aa12cc91"}},{"type":"Feature","id":22,"geometry":{"type":"Polygon","coordinates":[[[-0.517203112387242,52.6424417322202],[-0.495025802128916,52.6402363843376],[-0.494688679013636,52.6402652600307],[-0.488823841117811,52.6328308990305],[-0.486107690989908,52.6344217248635],[-0.473503473924115,52.6282344990877],[-0.470961263649924,52.6179533103126],[-0.473729251125261,52.6144332086776],[-0.479636967183359,52.6144498261008],[-0.481024270619405,52.6027868885095],[-0.4854397912319,52.6021799368034],[-0.490706771078668,52.5905342872734],[-0.497651443767072,52.5868509757882],[-0.492359814763782,52.5816716782785],[-0.478834287538596,52.5774385731288],[-0.478814868225147,52.5736451461549],[-0.425027614243866,52.5824127238353],[-0.415381402678347,52.5787426388379],[-0.41569532371087,52.5701041446215],[-0.407290921113568,52.5640548539069],[-0.419593787330186,52.5589619541331],[-0.415338798339301,52.5515533440422],[-0.402060473161994,52.5483216257755],[-0.401283297186851,52.5386846816118],[-0.404668302768303,52.5323072006555],[-0.413345810543271,52.5284300104654],[-0.411846469441588,52.5247533747707],[-0.390749004399196,52.5194399057537],[-0.377926602923271,52.5106578542283],[-0.354345203263394,52.506495071408],[-0.352147715665635,52.5033528184876],[-0.35934356589595,52.4971080968872],[-0.359404306001708,52.4898300882408],[-0.350063414525822,52.4825692697657],[-0.349718273910449,52.472887812367],[-0.341590492473876,52.4669426264393],[-0.352892337192092,52.4610603143337],[-0.370217036825639,52.4399302705061],[-0.371866772917785,52.4368429669913],[-0.362408041008102,52.4335312771171],[-0.389544747421009,52.4217659549085],[-0.410834122698877,52.4127939686582],[-0.417072832141305,52.4115991100394],[-0.419611916479489,52.4073246135986],[-0.416156971603511,52.4035893343053],[-0.432934869499542,52.3962773071092],[-0.443761325863617,52.3838572260705],[-0.454937588159616,52.3857021556765],[-0.45683167428787,52.3823291643188],[-0.46829043845482,52.3828935897361],[-0.469888285346607,52.3798959635843],[-0.484760700570653,52.3816312416911],[-0.486737594777736,52.3790312190508],[-0.495946267815481,52.3795155293678],[-0.488518815845791,52.3740235410232],[-0.499486806912858,52.3669929177166],[-0.498699838187518,52.3600958379159],[-0.477338735545641,52.3484094142989],[-0.483264192761938,52.3409032965452],[-0.466656737619639,52.3389275754879],[-0.465365756545097,52.3229532803249],[-0.476261345982474,52.3180638519816],[-0.487140256860804,52.3210826545514],[-0.519829880170178,52.3176925671775],[-0.514051195755829,52.3146970752555],[-0.540604794738771,52.2914918578457],[-0.531190184929433,52.2704024294568],[-0.539324957851375,52.2660949032487],[-0.541311924118424,52.2563172697909],[-0.554738089361645,52.258179816902],[-0.565693055132987,52.2534682255308],[-0.588111036843781,52.2707783574576],[-0.586335338989988,52.2728313332385],[-0.600305442964075,52.2778871804773],[-0.610617039099608,52.2794979463594],[-0.626978099135445,52.2748773871587],[-0.631412540233443,52.2700475935476],[-0.639908260903836,52.2724420097914],[-0.653655470981071,52.2682893062583],[-0.63733162156624,52.2273176308065],[-0.66146038898971,52.2081261888908],[-0.668135637658982,52.1950341108626],[-0.684788350101691,52.196355074003],[-0.705455584072188,52.1915706998724],[-0.749734768722189,52.1668767675297],[-0.756810334647392,52.1674498419171],[-0.762047571674838,52.1634464282375],[-0.76533176234871,52.1710991317795],[-0.777975100575612,52.1687324920773],[-0.792091270533438,52.1513294595377],[-0.80195676837323,52.1586788059723],[-0.807587882658753,52.1569790134712],[-0.814018926401135,52.1424745134984],[-0.831966629471785,52.1436835078038],[-0.828204674516664,52.1326105518988],[-0.846738589125484,52.1294100265076],[-0.853529246702118,52.1316736990081],[-0.869005114170011,52.1306481135211],[-0.879893431158994,52.126633690271],[-0.887033141552335,52.1142149331636],[-0.871472753510848,52.1117797310542],[-0.865270163728431,52.1029376742696],[-0.869530890831007,52.1000376594131],[-0.857917320685032,52.0975079509169],[-0.854779097883618,52.09235438876],[-0.846712543491745,52.0915087025577],[-0.831313005313099,52.0720063376628],[-0.839594622604854,52.063795932375],[-0.853076200507597,52.0643474947701],[-0.863016447635707,52.0602718713451],[-0.852901031825707,52.0499974306262],[-0.859422789604718,52.0446022383552],[-0.867734173262596,52.0462209348997],[-0.871273944930241,52.0402199265888],[-0.877557824518293,52.0299049686966],[-0.88318593227775,52.0282600492939],[-0.890117418394569,52.0315336010724],[-0.906030231113269,52.0212211082569],[-0.930207238809054,52.0431269416399],[-0.9378800409838,52.0612019000316],[-0.933744232825951,52.0626364573007],[-0.939316084838664,52.0621597882973],[-0.939279156357086,52.0673536609106],[-0.94439062513629,52.0700320748176],[-0.940055794165603,52.0758419446064],[-0.951872932630787,52.0815336213379],[-0.960762853813877,52.0786443618835],[-0.967805300661276,52.0709109272462],[-1.00757844612401,52.0720956580078],[-1.02631813741674,52.0756755631199],[-1.04206410377149,52.0739350792693],[-1.02980217712759,52.0701882492239],[-1.02640491077933,52.0644170276332],[-1.03094696358392,52.0628971973759],[-1.04004871367694,52.0659243082123],[-1.05295894974226,52.059660412825],[-1.06206502018462,52.0627354070484],[-1.07165653508678,52.0581350803897],[-1.07665188380507,52.0588513135289],[-1.08327537226131,52.0523610918057],[-1.11722422057839,52.0473450432482],[-1.13118628599119,52.0328462166026],[-1.13615988100238,52.0200657653404],[-1.11808639729751,52.0154261711703],[-1.13125300387364,52.0048847612761],[-1.13432869833779,51.9972963869661],[-1.15665084555343,51.9922344476678],[-1.16382348465592,51.9934122258321],[-1.17605459021517,51.9820454247069],[-1.19069010919795,51.9815229342576],[-1.19625975033443,51.9774314422917],[-1.20064173500788,51.9779449483657],[-1.22970036353007,51.9813672873228],[-1.24161223468245,51.9862933629289],[-1.26091547858507,51.9809261478638],[-1.2808650876571,51.9823640575102],[-1.28269238868885,51.9792472686717],[-1.28882904917296,51.9897442604017],[-1.28299500012452,51.9915127669271],[-1.2834150014834,51.9994590088566],[-1.27706599557563,52.0053594549642],[-1.28452102411918,52.0108219634969],[-1.2786317866307,52.0113677963274],[-1.27816401885651,52.0142726684525],[-1.28531659980946,52.0264773074783],[-1.29431272330077,52.0280357029498],[-1.2916993923757,52.0309780001737],[-1.29644459613463,52.0408621365326],[-1.30907966545241,52.0487928540207],[-1.31292004347286,52.0514526625255],[-1.30737005834532,52.0575754470874],[-1.30770457510563,52.0642603216393],[-1.30217547762678,52.065018871932],[-1.30006694932791,52.0693633731008],[-1.30690320754818,52.0703135403279],[-1.29750881413832,52.078056693896],[-1.29936065291899,52.0801015004395],[-1.31661509018271,52.079605722715],[-1.32054194077096,52.0821953204239],[-1.32086888626735,52.0875688479362],[-1.30801927454681,52.092282884113],[-1.28724043114519,52.0926102299929],[-1.27166878436765,52.0979399002611],[-1.24795234966775,52.0957548064752],[-1.25292760020494,52.1038744790221],[-1.27682955803015,52.1170764121788],[-1.3084327474021,52.1435085998079],[-1.30642973044051,52.1455530821597],[-1.3318971346503,52.1684850552835],[-1.33148214745376,52.1741370496518],[-1.32281266730327,52.1818007263216],[-1.3181909212033,52.1814171402792],[-1.31313453207951,52.1904676293781],[-1.28119486794835,52.1919529434368],[-1.28113766304511,52.1957754857056],[-1.26253921767077,52.1959617571339],[-1.25477999303111,52.1988889665871],[-1.26092950780405,52.2160027140175],[-1.27505353190974,52.2218347082181],[-1.27691485457444,52.2251204512719],[-1.27257894003583,52.2275350919314],[-1.27836308556458,52.2287159769472],[-1.28468313165692,52.2385190524601],[-1.26685236231198,52.2352486382326],[-1.26615184417816,52.2408300584278],[-1.25447946475006,52.2475675684728],[-1.23776633635443,52.2484347089659],[-1.23299880379763,52.2532588490415],[-1.21785526454163,52.2618007957161],[-1.21689004350621,52.2675148554293],[-1.22356746317675,52.2868387272501],[-1.23378294833003,52.2903281059315],[-1.20923383158981,52.315204078762],[-1.24638416838688,52.3216125841815],[-1.26526665785692,52.3283772112106],[-1.25801614901147,52.3372594469133],[-1.23813869470177,52.3441526982835],[-1.22419489149818,52.3480980381355],[-1.19822022032239,52.3529318343113],[-1.19201900085971,52.3510448343135],[-1.17501926869347,52.3562513919789],[-1.17212636579044,52.3613009280645],[-1.18708312435186,52.3785988222827],[-1.20218626843609,52.3960082729635],[-1.2026498595289,52.3966218592514],[-1.20163348439696,52.3967344074221],[-1.18946217839194,52.3964468814317],[-1.18397472701336,52.3921717358566],[-1.1642206336604,52.3992036594766],[-1.15658234177901,52.4000511631543],[-1.14946966184269,52.3970082108639],[-1.13853571759182,52.4020437000002],[-1.13439150656399,52.4123012657995],[-1.12570548877858,52.4177010196716],[-1.10192187303628,52.424818276117],[-1.09335936923599,52.4276827267937],[-1.09088423067457,52.4331226325963],[-1.07939151039954,52.4363340656603],[-1.06932517287747,52.4335463794541],[-1.05990322048017,52.4234789787192],[-1.04986022467205,52.4222623616331],[-1.04949662165329,52.4258402907049],[-1.03427367925882,52.4362852721236],[-1.03513382541734,52.443246361881],[-1.04451053126691,52.4457480934585],[-1.02774073530018,52.4585046010835],[-1.00563676185312,52.4650259245219],[-1.00069265209655,52.470940416852],[-0.979219922340037,52.4700264885089],[-0.96784897538398,52.4772098232878],[-0.947088989618786,52.475699985188],[-0.942191918774036,52.4677725216198],[-0.916746124086227,52.4626461253458],[-0.904577930628361,52.4628792457505],[-0.9012806064268,52.4597558591954],[-0.889556847841393,52.470440531042],[-0.882361450241335,52.4714057478916],[-0.884534583724469,52.4813068138384],[-0.896921169454828,52.4855072137134],[-0.895601523154075,52.4920443929896],[-0.883721468945801,52.4922629352096],[-0.879459165203939,52.4982139573604],[-0.883408901784581,52.513808054117],[-0.872610669221736,52.5183996328158],[-0.87099333364688,52.5247520447234],[-0.863299651840701,52.5283330707755],[-0.848413824500111,52.5202723958086],[-0.845280865744398,52.5217071443379],[-0.845386596838955,52.5193474920984],[-0.830626939482888,52.5194589012678],[-0.820121757601639,52.5155409999356],[-0.812590397772968,52.5159521200422],[-0.81086689992306,52.5193673849712],[-0.796160634816982,52.5163651336763],[-0.787781835781209,52.5137117776446],[-0.774866784894676,52.5182763352551],[-0.756156309515431,52.5109947120301],[-0.746841685281296,52.5168661965391],[-0.726833413245234,52.5231636172402],[-0.715759937485516,52.522344389141],[-0.713658337963826,52.5249639674475],[-0.69643038488804,52.5385464318034],[-0.697833336432589,52.5457021897888],[-0.688448487446295,52.5461371211466],[-0.674864344204412,52.5586383817388],[-0.660912737595725,52.568945704532],[-0.642233099225361,52.5730026096196],[-0.637847507383859,52.571812288553],[-0.602968554664781,52.5886516115265],[-0.588743270020906,52.5867933340892],[-0.58147859321182,52.5958833503195],[-0.577955798040501,52.5878981540137],[-0.571903726305604,52.5858033689047],[-0.562518403335566,52.5862751057836],[-0.558080856418455,52.5945092136907],[-0.544175784928157,52.5928658563635],[-0.542977837287396,52.5957345104935],[-0.552938000985828,52.6014118623407],[-0.54755896961044,52.6069561140329],[-0.550130858914181,52.6122506428931],[-0.539057032232578,52.617875614472],[-0.540260653382861,52.62596576825],[-0.523630693170712,52.6348871598351],[-0.517203112387242,52.6424417322202]]]},"properties":{"FID":22,"PFA23CD":"E23000022","PFA23NM":"Northamptonshire","BNG_E":477356,"BNG_N":268707,"LONG":-0.86673,"LAT":52.31105,"GlobalID":"155ec87a-7f32-463c-bc54-1fc76d75483a"}},{"type":"Feature","id":23,"geometry":{"type":"Polygon","coordinates":[[[0.171626068420179,52.7380317015671],[0.15635300101668,52.7078349563417],[0.153643849693306,52.6821777172666],[0.164624819500582,52.6800013269904],[0.184716621631441,52.6778946654604],[0.180836229983324,52.6732590633725],[0.184429622077569,52.6721408161659],[0.18384177886579,52.6556620728782],[0.176278783416009,52.6556914413413],[0.178340341577839,52.6526360519733],[0.169595150039996,52.6527560222457],[0.172059654600112,52.6486943217039],[0.192027889277547,52.6342655472793],[0.219064834307513,52.6219805201084],[0.210864677693126,52.6179283726595],[0.217386506848081,52.614525470222],[0.205613747965295,52.6118030463025],[0.201513388613719,52.6031576155916],[0.191599589117174,52.6015168565558],[0.193872729180643,52.5921037056049],[0.199160458330163,52.5917732386189],[0.202713804698235,52.5800840167255],[0.21578782613918,52.5794583272541],[0.218466917733917,52.5721329970224],[0.205699690782256,52.5656622957583],[0.217230675310393,52.5604815443468],[0.214092772429546,52.5561948514349],[0.204732303268133,52.5546669960533],[0.205247887435987,52.5478379016588],[0.214613318400706,52.549117801569],[0.210215578743162,52.544900294688],[0.203827914065556,52.5454044268561],[0.213130504296682,52.5381577137314],[0.205847680791922,52.5338580244069],[0.207977457043453,52.5300279116954],[0.21492158379207,52.5320607728863],[0.220292412228595,52.5289210158372],[0.225604584567381,52.5325698622667],[0.230591211600485,52.527909943084],[0.222386750717899,52.5239101974195],[0.223173329346949,52.5213840049063],[0.219706573975459,52.5231467337887],[0.206123341125585,52.5196351206314],[0.236319141863767,52.5072905684256],[0.238790828472901,52.5091851270986],[0.246040899012424,52.4998913000304],[0.256476359467244,52.5077142909197],[0.309360655162502,52.5136222727616],[0.317292909515966,52.5130077662307],[0.318305492988394,52.5076575254578],[0.330937655942884,52.509135776789],[0.345033484930949,52.5016852715399],[0.362092920592118,52.4989325344218],[0.367062169051718,52.5011737846265],[0.367143783376751,52.495943282364],[0.380706411169306,52.4795394578116],[0.391915782314741,52.4755285564914],[0.402089510181204,52.4653483052419],[0.428529094955595,52.4546526137199],[0.423354805286904,52.4537049108163],[0.429297962734167,52.4364525830394],[0.423207624813538,52.4339655551211],[0.425313414692045,52.4303272432038],[0.374777423612123,52.4097288643797],[0.382085581540506,52.3962733452683],[0.407691561003436,52.3615120476696],[0.419224796208912,52.3579359056723],[0.420053117982932,52.3521548445521],[0.42752166267697,52.3537039162072],[0.442570138660837,52.3488134391469],[0.436276280019055,52.333526778896],[0.424188661743469,52.3292291294186],[0.431376631558306,52.315825429636],[0.45750008160979,52.3162957257737],[0.46209292186592,52.308814646693],[0.47294076501781,52.3039121030175],[0.504568517787182,52.2864726008444],[0.4958344375791,52.2804038874088],[0.498852649660747,52.2730145394587],[0.424198050649824,52.2558764310225],[0.419626953677378,52.2597600596405],[0.409547153241636,52.26903529617],[0.395354187741072,52.2804547417976],[0.385362779142747,52.2829977639047],[0.382723057789948,52.2932662503857],[0.37786942403728,52.2912518707401],[0.360736448039976,52.2978137027667],[0.359172356266337,52.2891375542479],[0.350532111122308,52.2829491138474],[0.355241041288966,52.2793362539126],[0.339943777893116,52.2677478531284],[0.360815191641475,52.2495680492031],[0.356664169929234,52.246288638793],[0.342684099441605,52.2423433452495],[0.35742293324045,52.2341583278316],[0.371248919207141,52.2265901694376],[0.384609114446796,52.2340628308507],[0.394878423540945,52.2307230856746],[0.408781165666098,52.2390676098823],[0.421335031399158,52.2396913201039],[0.414517804147287,52.2478611370065],[0.42696480396438,52.2536027671157],[0.443349672534494,52.242612399396],[0.455581863899552,52.2475796163355],[0.481765520426287,52.2323758975213],[0.494890700539826,52.2392880539741],[0.514484042486228,52.2267794075271],[0.51282087575082,52.2136889306465],[0.508650473280145,52.2139808598946],[0.503130324161239,52.2070360406658],[0.502555616997777,52.1960265888665],[0.494975275012035,52.1887331212954],[0.493964683725541,52.1814956854858],[0.487464957425403,52.1697969631089],[0.491332842084376,52.1651020314098],[0.477241421275606,52.1675707908444],[0.470731332783535,52.1632590533639],[0.463623320964175,52.1704660076678],[0.452244935675451,52.1732020216015],[0.444521523510037,52.1710861234965],[0.444360807336481,52.1647464850642],[0.43870617882601,52.1657115876634],[0.435915802809098,52.1594950929118],[0.417276418385201,52.1593066833021],[0.420886391436469,52.1556392009221],[0.417486382150141,52.1331624284228],[0.409929050078239,52.1344157929595],[0.404674366793549,52.1292553381455],[0.409010868237771,52.1240356147358],[0.396362622756329,52.1223590996879],[0.398340479646194,52.1187919572557],[0.389589786598814,52.1174705808696],[0.381803808187178,52.1027012934274],[0.388687744065407,52.0992121573607],[0.386864308159335,52.0973049029718],[0.394996785207166,52.0959681287178],[0.390833155115899,52.0890141292933],[0.394180399345528,52.0843535560774],[0.399507894275503,52.0841588822393],[0.401970994550909,52.0724865287604],[0.40709249057185,52.0707939303858],[0.404638263575799,52.0655023795221],[0.390420040825059,52.0602880939273],[0.379612827815692,52.0495627138227],[0.388189336220024,52.0437174451955],[0.389695372823124,52.036466593428],[0.371722417518953,52.0373694067491],[0.363835668614455,52.0436195740703],[0.343856926728379,52.0510133470586],[0.32467398462829,52.0727832865237],[0.286431681080009,52.0902499148384],[0.276230791660398,52.0926578690959],[0.252027349960489,52.0770625366572],[0.235208003627414,52.0890000494769],[0.210142693897074,52.0916398941127],[0.203459400262098,52.0926741544765],[0.19396992473634,52.0754814397383],[0.183194362384494,52.0731834544936],[0.189916315048695,52.0621995814366],[0.186373372610965,52.0566612914805],[0.167570276572422,52.0549998106329],[0.166396143400974,52.0481907792676],[0.160756717469488,52.0484399747297],[0.160577506278591,52.0520986818304],[0.152634479462334,52.0503179211568],[0.151116953867509,52.052851801114],[0.128135198304803,52.0473225707854],[0.119077515908339,52.0599625867341],[0.105736213487718,52.060261106198],[0.101155696533364,52.0388568595516],[0.0941951480058936,52.0328742162783],[0.0922543378316555,52.0216539880719],[0.0790625568543061,52.0077220405701],[0.0712504676972616,52.0082373375362],[0.0681560725569507,52.0057630955662],[0.0520983798486785,52.0246307821071],[0.0398495394619472,52.0532246282311],[0.00718627899523328,52.0495331106984],[-0.00134325980208919,52.0516087105818],[-0.0126281445930594,52.0615482358015],[-0.0244123761176038,52.0633159909423],[-0.0357801309514814,52.0588054550931],[-0.0542638002987949,52.0466082367134],[-0.0790393278545065,52.0378840791815],[-0.107694005461655,52.028355179562],[-0.120998829974349,52.0195212764391],[-0.126567501937775,52.02092187507],[-0.122338660710822,52.0296361145245],[-0.133729866748337,52.0462328518227],[-0.144576187175316,52.0469904642621],[-0.155121032648697,52.0530610989528],[-0.147509326987593,52.0694500057618],[-0.157605055560218,52.0804409504552],[-0.149000540069569,52.091225716404],[-0.147859894624565,52.1141999072323],[-0.143931724268567,52.1177357075314],[-0.144434460110424,52.1381638069765],[-0.149690828307103,52.1388354474928],[-0.150513430770291,52.1436194899275],[-0.15967310916165,52.1440683992911],[-0.163750615790458,52.1401280188034],[-0.171534734092178,52.1395025900627],[-0.206204269295573,52.1444489709291],[-0.234804043652189,52.1447267573934],[-0.216624324385539,52.1587355429926],[-0.228862940566612,52.1662427897538],[-0.254399134155224,52.1721847768859],[-0.26069408798734,52.1764014209368],[-0.249785149179338,52.1843710262581],[-0.244001867319279,52.1826845745041],[-0.240723002820836,52.1901931428209],[-0.264911990138627,52.2057211525543],[-0.261927463111695,52.2096325325024],[-0.274219249284874,52.2087472265689],[-0.292939399284596,52.2076343729102],[-0.299390504833968,52.2160435806026],[-0.286631294016872,52.2348479541619],[-0.285693744441477,52.2374014679925],[-0.29320898808327,52.2405161810315],[-0.313688007655852,52.238998816518],[-0.319996605501729,52.2427078800681],[-0.334493652011644,52.2429205803286],[-0.34346885979841,52.2418744200723],[-0.341010840873401,52.2306474928648],[-0.359038102644697,52.2347352816327],[-0.374375681124288,52.232998287561],[-0.382341197020937,52.27112565563],[-0.372175068758848,52.2734998522037],[-0.377000949541553,52.2815478156203],[-0.392625856363725,52.2824296473039],[-0.398979469350676,52.2787288872421],[-0.406871212201923,52.2874618888063],[-0.410158813316834,52.284496811766],[-0.419009552563205,52.2842506493593],[-0.42956400879609,52.291549437104],[-0.431875766461899,52.2965936524854],[-0.435761112192004,52.2966568791838],[-0.436088655177378,52.3144708450816],[-0.44418351855703,52.3142316291871],[-0.465365756545097,52.3229532803249],[-0.466656737619639,52.3389275754879],[-0.483264192761938,52.3409032965452],[-0.477338735545641,52.3484094142989],[-0.498699838187518,52.3600958379159],[-0.499486806912858,52.3669929177166],[-0.488518815845791,52.3740235410232],[-0.495946267815481,52.3795155293678],[-0.486737594777736,52.3790312190508],[-0.484760700570653,52.3816312416911],[-0.469888285346607,52.3798959635843],[-0.46829043845482,52.3828935897361],[-0.45683167428787,52.3823291643188],[-0.454937588159616,52.3857021556765],[-0.443761325863617,52.3838572260705],[-0.432934869499542,52.3962773071092],[-0.416156971603511,52.4035893343053],[-0.419611916479489,52.4073246135986],[-0.417072832141305,52.4115991100394],[-0.410834122698877,52.4127939686582],[-0.389544747421009,52.4217659549085],[-0.362408041008102,52.4335312771171],[-0.371866772917785,52.4368429669913],[-0.370217036825639,52.4399302705061],[-0.352892337192092,52.4610603143337],[-0.341590492473876,52.4669426264393],[-0.349718273910449,52.472887812367],[-0.350063414525822,52.4825692697657],[-0.359404306001708,52.4898300882408],[-0.35934356589595,52.4971080968872],[-0.352147715665635,52.5033528184876],[-0.354345203263394,52.506495071408],[-0.377926602923271,52.5106578542283],[-0.390749004399196,52.5194399057537],[-0.411846469441588,52.5247533747707],[-0.413345810543271,52.5284300104654],[-0.404668302768303,52.5323072006555],[-0.401283297186851,52.5386846816118],[-0.402060473161994,52.5483216257755],[-0.415338798339301,52.5515533440422],[-0.419593787330186,52.5589619541331],[-0.407290921113568,52.5640548539069],[-0.41569532371087,52.5701041446215],[-0.415381402678347,52.5787426388379],[-0.425027614243866,52.5824127238353],[-0.478814868225147,52.5736451461549],[-0.478834287538596,52.5774385731288],[-0.492359814763782,52.5816716782785],[-0.497651443767072,52.5868509757882],[-0.490706771078668,52.5905342872734],[-0.4854397912319,52.6021799368034],[-0.481024270619405,52.6027868885095],[-0.479636967183359,52.6144498261008],[-0.473729251125261,52.6144332086776],[-0.470961263649924,52.6179533103126],[-0.473503473924115,52.6282344990877],[-0.486107690989908,52.6344217248635],[-0.488823841117811,52.6328308990305],[-0.494688679013636,52.6402652600307],[-0.484320104749261,52.6461290838499],[-0.475244651771167,52.6450578144044],[-0.475831476553136,52.648714748191],[-0.467636162684949,52.6498991979609],[-0.453115493227297,52.6492722499548],[-0.450477949265624,52.6541246579738],[-0.417205884461452,52.6468115396581],[-0.362807605045879,52.6601061460588],[-0.359339821941968,52.6600642996655],[-0.340893711753662,52.6655073014032],[-0.335037147761973,52.674865972717],[-0.309971999601339,52.6734783328157],[-0.279083338474977,52.6660041700752],[-0.258664797827536,52.6516453724143],[-0.224008234801636,52.6656620369707],[-0.212501332962663,52.6666794921145],[-0.206037616936727,52.6680733115502],[-0.192867813968712,52.6524385101436],[-0.180020104975691,52.6605611576378],[-0.14106199482318,52.6515074238731],[-0.139501708622985,52.6548617576752],[-0.102195958212229,52.6722061944761],[-0.0878370168241101,52.6667802654775],[-0.0746108805843772,52.6720740970425],[-0.0654453895824364,52.6719958311157],[-0.0637851804858538,52.6752243722347],[-0.0580237077207774,52.6740916461502],[-0.0450005150017718,52.6691383580278],[-0.0321028836949381,52.6653607078577],[-0.0312706832650579,52.6615327430761],[0.0215003524278174,52.6648872875554],[0.0489738816974841,52.6840110493042],[0.0445628839644501,52.6925857623172],[0.0441494759872833,52.7143823487219],[0.0480184239266773,52.7187851060247],[0.0639041998676963,52.7274361157372],[0.0890116953988098,52.7236301650923],[0.0987889898991489,52.7303403150946],[0.113685341276425,52.7299901116879],[0.132975309366633,52.7393044762982],[0.170180985553627,52.7398941469324],[0.171626068420179,52.7380317015671]]]},"properties":{"FID":23,"PFA23CD":"E23000023","PFA23NM":"Cambridgeshire","BNG_E":536856,"BNG_N":271837,"LONG":0.006855,"LAT":52.32758,"GlobalID":"2b6dc9db-a166-4183-aeab-e47a42a8da0e"}},{"type":"Feature","id":24,"geometry":{"type":"MultiPolygon","coordinates":[[[[0.868943498908628,52.9576862589608],[0.857302486862634,52.9576538670807],[0.865817759041917,52.9604774303578],[0.871239691535144,52.9602114239503],[0.871222590831926,52.960180311373],[0.868943498908628,52.9576862589608]]],[[[0.977625812496681,52.9798803922111],[0.993194699534739,52.977976955592],[1.02015868848994,52.9724670219215],[1.0659182746625,52.9627986520261],[1.11506521568663,52.952842720301],[1.16499907854019,52.9477695146468],[1.18652823093163,52.946376652978],[1.18663045962385,52.9463700029519],[1.22972080050022,52.9435588557436],[1.24198733946878,52.9424298689405],[1.27241813660638,52.9375377811333],[1.28333811800785,52.9357801270519],[1.30654582283644,52.9309875112406],[1.32155924842679,52.9258995529582],[1.33521187925769,52.922207830073],[1.3675273588962,52.9096698230401],[1.38049650389768,52.904633381365],[1.40649461411723,52.8938765454949],[1.4137198522785,52.8907786006036],[1.41389396511274,52.8907039338381],[1.44447550417687,52.8738199467813],[1.49731302658429,52.8445996697281],[1.5199270476505,52.8331650178448],[1.53623357875174,52.8249133973335],[1.54446202824951,52.8199713870345],[1.55397126571654,52.8159315535042],[1.55991410830252,52.8129208687964],[1.56339654383444,52.8111563191352],[1.57194899797402,52.8076738221595],[1.59050477234021,52.7980239610421],[1.59188168258675,52.7966185935443],[1.59206866793547,52.7964277352138],[1.6049724276389,52.7894727333265],[1.60530349289631,52.7892727059961],[1.67515041176435,52.7426474077244],[1.69756952021577,52.7235391901525],[1.69933001111671,52.7198979962794],[1.71480618766555,52.687871336436],[1.72903254960347,52.6636343165567],[1.7290470365194,52.6636096220142],[1.73188975851052,52.654739585379],[1.74167638522348,52.6344149041986],[1.74186513082057,52.6339846134551],[1.74308394536663,52.6205644476291],[1.74214110832169,52.6180595412268],[1.7420940081081,52.6177389220054],[1.74071938713806,52.6083790350222],[1.74068872821215,52.6080893514429],[1.73797796951314,52.5824583364519],[1.74336757136315,52.5799148180341],[1.74337981959113,52.5791859487083],[1.73882524594671,52.5799759304435],[1.73912909110943,52.5747897178399],[1.74343490625345,52.5759079354074],[1.74344711417188,52.5751817479229],[1.73982283053948,52.5730371952193],[1.73367921458052,52.5741586186121],[1.72570138257248,52.6040600996021],[1.7242378744303,52.6059513772583],[1.72421585308647,52.6059798340502],[1.72000127111928,52.6107427858024],[1.7207766172552,52.612219220462],[1.71531003786899,52.6130452680336],[1.7160642925463,52.6168184651191],[1.71070075960162,52.6190286428344],[1.69492804192765,52.6179858359599],[1.68175874321099,52.6083058323726],[1.65792264925865,52.6038831389443],[1.64546725089514,52.5893814781775],[1.64558744577103,52.5888668820804],[1.64560344816844,52.5888027730762],[1.6456655207738,52.5885540998817],[1.64807687180135,52.5788922226383],[1.64836063271085,52.5777550334646],[1.64860364249786,52.5767811124102],[1.65055699941858,52.5762135644852],[1.65023849648817,52.5931657462974],[1.65023705151908,52.5932427286772],[1.65022259879135,52.5940124616846],[1.65104075367481,52.5941766212502],[1.6510986129194,52.594188229581],[1.68362190178899,52.60070817789],[1.68488259352452,52.6012769951128],[1.69730797360468,52.6068817325514],[1.69756723119775,52.6069986467614],[1.71344184969813,52.6115405819241],[1.71735149056511,52.6101609670526],[1.71883913400027,52.6096359720094],[1.72014226404126,52.6082978436576],[1.72414059187929,52.6041915683378],[1.72497060629979,52.6033390393768],[1.72579965336666,52.5969590958629],[1.72581228123008,52.5968946996534],[1.72658133683302,52.5910049175103],[1.72663723531095,52.5905767499545],[1.72883581503379,52.5849921924323],[1.72885184028997,52.5849370897237],[1.73248275481938,52.5724495992839],[1.73865486185142,52.571976742544],[1.73295935883099,52.5695137317507],[1.7325702807896,52.5693454562452],[1.73285428249461,52.5568469494227],[1.7384104149841,52.5387737616753],[1.73890983966663,52.5371485463346],[1.74037086158233,52.5321004513993],[1.72600396630919,52.5306422098945],[1.70559456178708,52.5399744868747],[1.7025764111788,52.5444251779309],[1.69042510238081,52.5449669311241],[1.68625633564048,52.5493028517074],[1.66581607741192,52.5497552190784],[1.6591294393104,52.5422257486883],[1.63674051119057,52.5374361301966],[1.63824297637198,52.5338292430018],[1.63131046649265,52.53239148359],[1.63651586525995,52.5279545486564],[1.62858219413556,52.5260180528179],[1.6308939329083,52.5207400233523],[1.64660239351014,52.5151395623806],[1.64520056536568,52.5085374693039],[1.65427974170962,52.5014166485895],[1.67208067706344,52.5038667133574],[1.68237448875996,52.4952244540514],[1.68197158974217,52.48999934684],[1.67113951566456,52.4821805916485],[1.67084835776017,52.4765273720652],[1.66369499840133,52.4749485200947],[1.6585713932488,52.4683294220509],[1.64622626122952,52.4719510501442],[1.63477321065826,52.4630562232921],[1.62696569964772,52.4623417374765],[1.60685538138111,52.4667214592136],[1.60403006434538,52.4715595317822],[1.58601751793601,52.4786797645018],[1.56808537439972,52.4746738616998],[1.56247951158399,52.4612241641492],[1.5578231460997,52.4576964847531],[1.55280983089683,52.459153827163],[1.54403399186266,52.4629327193704],[1.52827031769381,52.4684170035968],[1.52159037150089,52.461856933898],[1.51614329731573,52.4640140765376],[1.50802174571599,52.4617522826554],[1.48005598804911,52.4718648841886],[1.46430530486017,52.4644773489892],[1.45864908729118,52.4580564603549],[1.44582893572957,52.456019651227],[1.43848113154339,52.4579326605101],[1.4263493582764,52.4705792616703],[1.42014985219332,52.4710466435091],[1.41101790623206,52.4615967756804],[1.43326842093664,52.4559597426222],[1.4325386547383,52.4452957317679],[1.40791389338578,52.4444093162239],[1.39320368148288,52.4389352022068],[1.39207145546946,52.4340451349765],[1.36366891502018,52.4274967634051],[1.35659198036888,52.4215094941111],[1.36125561469234,52.4131975836732],[1.34631012395329,52.4089979263723],[1.34710101168893,52.4044110213187],[1.33579782282796,52.4019659180011],[1.33060567859496,52.3935536120684],[1.31648910385456,52.3873712697522],[1.30151615371569,52.3917133840025],[1.28623475061443,52.3906896603662],[1.2628602760706,52.3743453257606],[1.24988992306698,52.3664159380455],[1.2330175623096,52.3649534679018],[1.2303398608438,52.36025097949],[1.21893615402447,52.3572256108931],[1.21264058219253,52.3553869628697],[1.19686029392117,52.3605831540464],[1.19006358506678,52.3617842933058],[1.18248014169243,52.3587337632672],[1.15694898370675,52.361292599013],[1.13143361273734,52.3676078214326],[1.12300881176582,52.3672217464398],[1.11505718370544,52.3713559107239],[1.08068142177336,52.3726729619776],[1.06849179819208,52.3784610532622],[1.05903983711442,52.3772519272536],[1.02995703023961,52.378735469858],[1.02768563676051,52.3785724562635],[1.00681380135656,52.3757430153042],[0.997812331416796,52.3715399074125],[0.967471013014227,52.3701127857465],[0.946960186189951,52.3759826985922],[0.936754388819869,52.3866734374029],[0.918960627271261,52.3888735130992],[0.904927781891684,52.3857831136791],[0.891125217748721,52.3907990009006],[0.866872972281114,52.3903459066283],[0.85696423475848,52.3967406887],[0.856918467510222,52.3969648480638],[0.855439154002353,52.3994413298553],[0.838315716919983,52.4007243382774],[0.808172226111564,52.3895244610068],[0.796130910187299,52.3912417708673],[0.78592750034585,52.3864891240222],[0.773434776952172,52.3863272047518],[0.773353170474848,52.3863399093934],[0.765966099968042,52.3903574969495],[0.747404613361451,52.383186552064],[0.740582390585484,52.3888324040909],[0.74181671846246,52.392694073348],[0.735259774227761,52.3953407229529],[0.712437775135009,52.3946230577081],[0.702543460390889,52.3964143741782],[0.686010593654489,52.3986750229724],[0.673381935503329,52.4042081174748],[0.668541006504316,52.4090575240639],[0.67217969400467,52.4128010368307],[0.717551996064957,52.4467189762346],[0.718793357770034,52.4496472049105],[0.70558730228682,52.452586883047],[0.694471179719132,52.4510170218806],[0.68397338808772,52.453164952711],[0.666306671108423,52.4625416468679],[0.642220464658503,52.4510471325591],[0.631088918268217,52.4503444577745],[0.6271783440411,52.4509021896881],[0.629787109166092,52.4540536071254],[0.62029142329913,52.4543461958173],[0.621829488468267,52.451270928902],[0.615055047116789,52.449097681521],[0.609479182139827,52.4527158846696],[0.59730975645165,52.4542203166684],[0.582501080763578,52.4518613696135],[0.554821216225092,52.4560280654102],[0.544533483000673,52.4516225774969],[0.530440504122755,52.4536331389556],[0.523765051554111,52.4482113572978],[0.500977044856371,52.4502938698543],[0.49609502480142,52.4473315778316],[0.478135555610431,52.4455978163567],[0.445437119649996,52.4473745962458],[0.429297962734167,52.4364525830394],[0.423354805286904,52.4537049108163],[0.428529094955595,52.4546526137199],[0.402089510181204,52.4653483052419],[0.391915782314741,52.4755285564914],[0.380706411169306,52.4795394578116],[0.367143783376751,52.495943282364],[0.367062169051718,52.5011737846265],[0.362092920592118,52.4989325344218],[0.345033484930949,52.5016852715399],[0.330937655942884,52.509135776789],[0.318305492988394,52.5076575254578],[0.317292909515966,52.5130077662307],[0.309360655162502,52.5136222727616],[0.256476359467244,52.5077142909197],[0.246040899012424,52.4998913000304],[0.238790828472901,52.5091851270986],[0.236319141863767,52.5072905684256],[0.206123341125585,52.5196351206314],[0.219706573975459,52.5231467337887],[0.223173329346949,52.5213840049063],[0.222386750717899,52.5239101974195],[0.230591211600485,52.527909943084],[0.225604584567381,52.5325698622667],[0.220292412228595,52.5289210158372],[0.21492158379207,52.5320607728863],[0.207977457043453,52.5300279116954],[0.205847680791922,52.5338580244069],[0.213130504296682,52.5381577137314],[0.203827914065556,52.5454044268561],[0.210215578743162,52.544900294688],[0.214613318400706,52.549117801569],[0.205247887435987,52.5478379016588],[0.204732303268133,52.5546669960533],[0.214092772429546,52.5561948514349],[0.217230675310393,52.5604815443468],[0.205699690782256,52.5656622957583],[0.218466917733917,52.5721329970224],[0.21578782613918,52.5794583272541],[0.202713804698235,52.5800840167255],[0.199160458330163,52.5917732386189],[0.193872729180643,52.5921037056049],[0.191599589117174,52.6015168565558],[0.201513388613719,52.6031576155916],[0.205613747965295,52.6118030463025],[0.217386506848081,52.614525470222],[0.210864677693126,52.6179283726595],[0.219064834307513,52.6219805201084],[0.192027889277547,52.6342655472793],[0.172059654600112,52.6486943217039],[0.169595150039996,52.6527560222457],[0.178340341577839,52.6526360519733],[0.176278783416009,52.6556914413413],[0.18384177886579,52.6556620728782],[0.184429622077569,52.6721408161659],[0.180836229983324,52.6732590633725],[0.184716621631441,52.6778946654604],[0.164624819500582,52.6800013269904],[0.153643849693306,52.6821777172666],[0.15635300101668,52.7078349563417],[0.171626068420179,52.7380317015671],[0.186323197484379,52.7353486304287],[0.225705133084464,52.7564524299505],[0.272228339358099,52.7728129916084],[0.245037550842594,52.7844699906207],[0.25199188068735,52.7925718539237],[0.260960642472351,52.7960760413384],[0.253117286064436,52.7974055299988],[0.262782544599451,52.8037524313304],[0.268804540123313,52.8158361798832],[0.287556567837441,52.8192345423513],[0.334525449802122,52.8172498579172],[0.351922628534727,52.8094450839694],[0.368629001023451,52.7884149048873],[0.368855958641539,52.7880706586225],[0.368874911304853,52.7880419125505],[0.371035970927614,52.7847637451333],[0.374821183441225,52.7790207414827],[0.374904941071507,52.7788999286784],[0.375552548553256,52.7779657949142],[0.391412554301496,52.7538271047519],[0.391566186779374,52.753497286333],[0.39552199125864,52.7475681276401],[0.393165474666195,52.7534696292467],[0.391134747604664,52.7585424496883],[0.389492939946731,52.760978547663],[0.393673355451802,52.7604108818682],[0.388907523176749,52.7618454022733],[0.374607530085557,52.7843039469982],[0.380263197023344,52.7823122303523],[0.375010493440856,52.7853856482014],[0.376190514761951,52.7859041884261],[0.379916879137359,52.7875415171946],[0.380980749268048,52.7854053000653],[0.38143865036421,52.78876615993],[0.375754381818263,52.786133509623],[0.37482154303459,52.7857014117687],[0.373200019153258,52.7874765293023],[0.371903180040537,52.7888960836304],[0.371315091151977,52.7898963201262],[0.370320181294493,52.7915883862476],[0.357764687822173,52.8125481560388],[0.372982627728997,52.8205263767894],[0.415445508726087,52.8427620223547],[0.415774702135065,52.8429575663903],[0.432668536555114,52.852989038423],[0.442969858009945,52.8532611514413],[0.444772990373951,52.8533086896015],[0.445457944461445,52.8739018076321],[0.465455955602871,52.8981053661678],[0.477408143990433,52.926113923946],[0.477692977392768,52.9267811707082],[0.480461964228256,52.93151115893],[0.490019892682054,52.9478293361729],[0.498501678792708,52.9527013630318],[0.514934452957447,52.9621356037223],[0.516026482434468,52.9635830345933],[0.518032770390911,52.9662419839556],[0.519847485786884,52.9686467274622],[0.534937821290634,52.9746560469056],[0.562280514898932,52.9765676327245],[0.562303648190193,52.9763791907668],[0.562335421232782,52.9761726139776],[0.570169034316162,52.9751483048463],[0.56971250826494,52.9721477508315],[0.565751361650031,52.9727179576573],[0.56928896969088,52.9711085045284],[0.56305591445138,52.9727518476247],[0.56324097211376,52.9720788760618],[0.563120591104451,52.969993637543],[0.568285003069228,52.9707812787761],[0.563562150887361,52.9695012059396],[0.575593104215258,52.9640033235058],[0.583515137576574,52.9663409584018],[0.574852811693297,52.9656297630273],[0.570740627391231,52.9694432240267],[0.581380724963978,52.9706126659838],[0.584966447972997,52.9674010500005],[0.581663216518352,52.9712035700227],[0.58641900860759,52.9731727874975],[0.586674436464148,52.9695808885738],[0.588584307058828,52.9708956578058],[0.594385861354676,52.968134549687],[0.594580776804567,52.9680322647805],[0.595087254181944,52.9680086622178],[0.59722261463367,52.9733439478196],[0.593823885065929,52.970490969937],[0.590095135290325,52.9731214998179],[0.593524103532861,52.9730970780331],[0.585875461143665,52.9746727674065],[0.58932204607709,52.9767593808397],[0.617857088257859,52.9736335783766],[0.619165916588525,52.9692407254731],[0.62602885991998,52.970979584301],[0.620440323488113,52.9703377905449],[0.619880655773301,52.9737688144933],[0.670163710884045,52.9778421900108],[0.675068081087854,52.9737681808982],[0.669786638995491,52.9703208210149],[0.656156627945936,52.9733113335343],[0.657411650090898,52.9709930040794],[0.639806578768937,52.9700914324042],[0.645474228650082,52.9679549588958],[0.635681640011895,52.968312494095],[0.643541862615803,52.9661627172152],[0.649775443406005,52.9697078152128],[0.649273330719675,52.966854197926],[0.666072150940941,52.9664262191974],[0.671589298047758,52.9697470775392],[0.678908530464287,52.9678452895507],[0.68148988214014,52.9671744189505],[0.688409594787431,52.9708707161705],[0.680802703272367,52.969380365757],[0.679045523007963,52.9700654272927],[0.67528455805015,52.9715315325267],[0.679148922644216,52.971740954352],[0.684625385389066,52.9720375228516],[0.695141955256206,52.9781756020604],[0.700430472451059,52.9775285810591],[0.699759924461986,52.9747050279047],[0.70312980448068,52.9766444698216],[0.702344642158813,52.9733469339552],[0.711613806638308,52.9736685797263],[0.71665265523239,52.9720413389513],[0.710463082724717,52.9754216866334],[0.706102490398869,52.9741039547051],[0.705868971802411,52.9773261371035],[0.705844065206999,52.9776697960547],[0.709684277951637,52.978045423762],[0.71171885926482,52.9770112005052],[0.711755532607739,52.9769925582895],[0.712332278692146,52.9766993685124],[0.714430397037189,52.9768428630657],[0.714603651298249,52.9768547105144],[0.725915778619535,52.9776277187106],[0.734150355358427,52.9757925346595],[0.734480885585174,52.9757188565838],[0.734537589485754,52.9757062162196],[0.734714718561337,52.9756667324908],[0.736183030268696,52.9753394159048],[0.752133230742927,52.9728812830591],[0.743706541194252,52.9653770342518],[0.736826462264787,52.967320665733],[0.734674035194,52.9668219573061],[0.733275164302869,52.964173188534],[0.735469151122042,52.964299627535],[0.746702607641084,52.9649463657303],[0.757875478537526,52.9693463931219],[0.759834727888186,52.9725120325256],[0.754532243671532,52.9705749445898],[0.754290556681462,52.9746917953677],[0.761332907706025,52.9758250309832],[0.751646967351185,52.9771395775777],[0.7722298008452,52.9788472373337],[0.781327637486879,52.9766977181592],[0.809120769634315,52.9735899287129],[0.812374220138765,52.9702873884819],[0.812451498931414,52.9735659742957],[0.821893681922213,52.9765904055302],[0.821573249805141,52.9765815567802],[0.812939782308326,52.9741344156235],[0.811383600951714,52.9762997314423],[0.824117537541462,52.9773025571272],[0.844194844263152,52.9772040848771],[0.843505410447972,52.974690123446],[0.852206196776362,52.9731669284435],[0.850992503694531,52.9577794225692],[0.868798187562034,52.9570207375],[0.869914381123761,52.9548967359403],[0.870220364940303,52.9552012150799],[0.874342172145901,52.9593022263736],[0.871939774750842,52.9590823374759],[0.872401906976245,52.9603705430147],[0.871304694622414,52.9605730711943],[0.86438502644374,52.9618500622495],[0.867868966034246,52.967484328733],[0.872674418369274,52.9673566509581],[0.874439445532076,52.9673097061385],[0.872748014301849,52.9677210680803],[0.865342083210077,52.9695218430251],[0.863460562944142,52.9657993517941],[0.863410677831195,52.9620021442196],[0.852996913832645,52.9578715458484],[0.857066888376953,52.9602466727536],[0.853882041029846,52.9635344110828],[0.863027884387675,52.9677719137849],[0.85551407470956,52.9687962531596],[0.866611474241805,52.9790259328681],[0.871864597850963,52.9790915359445],[0.874839401837355,52.9780739834137],[0.879414721707514,52.9765087251957],[0.882597814685082,52.9697851840331],[0.892440949360461,52.968830167175],[0.883321553915977,52.96514902751],[0.881963891272987,52.9654793518244],[0.883511725404533,52.96496370862],[0.897402545257807,52.9695213021978],[0.903827536894482,52.961996842623],[0.893262456404603,52.96103220159],[0.897571861043299,52.959447322209],[0.907881348050052,52.9623752380874],[0.907605731212267,52.9584890548599],[0.911785760251005,52.963342493101],[0.917568328549457,52.9624602604555],[0.918158965897604,52.9623348026746],[0.917515817340639,52.9626241000186],[0.915668532565786,52.963454994621],[0.919698873702989,52.9656464363082],[0.935784954140313,52.962795923424],[0.936651561504586,52.9604120193245],[0.944872431694233,52.9638650572684],[0.946006268900154,52.9588990851528],[0.948758255222712,52.9592257317573],[0.946197690692936,52.9590642999542],[0.945854803739359,52.9637246943757],[0.952177900737445,52.9635174030675],[0.963363056748243,52.9601454074637],[0.960616010980292,52.9599725644941],[0.962080260262821,52.959352780448],[0.957735670697403,52.957511422077],[0.960963289609431,52.9573033554858],[0.96933380957936,52.9637372887442],[0.976517694536783,52.9637673660105],[0.983985947821146,52.9637981709922],[0.979081078188532,52.9603925646785],[0.982742218234346,52.9613096648577],[0.982699950505385,52.9576668994512],[0.996693016017958,52.9566687156041],[0.992059333567457,52.9577111521668],[0.996353921776007,52.9588709037716],[0.998199363491059,52.9565611611196],[1.00706847715119,52.9559275179884],[1.00690421130315,52.95607103495],[0.997842641076408,52.9581750768797],[0.998241541672388,52.9606685489084],[0.99035477256176,52.9604797948266],[0.987774918339731,52.9639493394924],[0.998794168665563,52.9643205955868],[1.01449023677166,52.9635262806521],[1.01593619594691,52.9591882689472],[1.01641981567969,52.9628550075058],[1.0180837790913,52.9607443736223],[1.0185949892395,52.9641055044103],[1.02585968752769,52.966038550441],[1.02567067977544,52.9655768687353],[1.0255002906122,52.964539590204],[1.04343714075524,52.965896284868],[1.04485882704485,52.9622299397552],[1.04639153975671,52.9657593535044],[1.02724937585673,52.9688520608004],[0.99480461565325,52.9765585981714],[0.981791628186365,52.9706921464869],[0.988463246417425,52.9772707706704],[0.97737931830149,52.9740482124314],[0.978896384912519,52.9715012606451],[0.977111936038369,52.9724078453021],[0.971545154753082,52.9752356223256],[0.970262767334116,52.9705717899477],[0.968182007866556,52.9730301861003],[0.97371037272346,52.9787578060317],[0.958306099496171,52.9691813339899],[0.958184597842087,52.9715017851866],[0.965794729237852,52.9776499220911],[0.977548697472944,52.979889814502],[0.977625812496681,52.9798803922111]]],[[[0.680168560289971,52.9882200530338],[0.737960500832725,52.9822017926261],[0.751091161849282,52.9784032904644],[0.74019384501057,52.9771389543329],[0.729424512357512,52.9801644732504],[0.738816819380389,52.9763290114438],[0.725757455582823,52.9780959176558],[0.714086705608069,52.9776800446756],[0.712794514363424,52.9796577457487],[0.699531010878303,52.979686426968],[0.698375896375984,52.9841016755214],[0.697344716095485,52.9806541671638],[0.694520153316164,52.9839373744607],[0.696114363146457,52.9808978944216],[0.685870303625661,52.9809707282941],[0.681327845171517,52.9774585813977],[0.679746122647859,52.9813868029682],[0.679176392354224,52.9828015583896],[0.67987702815443,52.9835046890167],[0.684012369425376,52.9876542009588],[0.68010293235455,52.9871586769108],[0.67166141312296,52.9860882468976],[0.67226807426303,52.9840874149525],[0.665168648953499,52.9859787186578],[0.662991729230135,52.982537730819],[0.66331758517332,52.9870129330648],[0.678430536677381,52.988400591613],[0.680168560289971,52.9882200530338]]]]},"properties":{"FID":24,"PFA23CD":"E23000024","PFA23NM":"Norfolk","BNG_E":600549,"BNG_N":312292,"LONG":0.964714,"LAT":52.67123,"GlobalID":"c6cb7cd0-754b-4faa-953e-94645983d3c0"}},{"type":"Feature","id":25,"geometry":{"type":"MultiPolygon","coordinates":[[[[1.08480143690524,51.9456914661643],[1.08121781294911,51.944682332304],[1.07930501174487,51.9464874838568],[1.08480143690524,51.9456914661643]]],[[[1.53628004806312,52.0761391244968],[1.51463058450886,52.06765697127],[1.50011205757934,52.0655201337979],[1.50012633473052,52.0655484559776],[1.50296997260471,52.0694890695089],[1.5138178565098,52.0690894658106],[1.52521697137083,52.0802361168054],[1.53210527085128,52.0793560140873],[1.53827551223699,52.0789962867357],[1.53628004806312,52.0761391244968]]],[[[1.70559456178708,52.5399744868747],[1.72600396630919,52.5306422098945],[1.74037086158233,52.5321004513993],[1.74174699479942,52.5294022561575],[1.75290334760025,52.5059516087736],[1.76047301612095,52.4900263258426],[1.76142302571244,52.487453625351],[1.76357118981522,52.4816350659752],[1.7601654189459,52.4737684832844],[1.75578438206808,52.4727114944313],[1.76052084339441,52.4758620172383],[1.75764488705135,52.4769276922416],[1.75426346740373,52.4727715293094],[1.7395900994576,52.4738368617211],[1.72254719668509,52.4774372620001],[1.72165773511989,52.4776250810526],[1.72950456709829,52.4743314230992],[1.73011941631657,52.4740732996451],[1.73911828476667,52.4709158489046],[1.75396741209448,52.4714701508349],[1.7561982622895,52.4715532612805],[1.75521981725057,52.4712989209707],[1.74982217632228,52.4698956355482],[1.74184479121505,52.4591890515935],[1.73395983218822,52.445750621412],[1.73321482947687,52.444847750591],[1.73143794929386,52.4318576155891],[1.73141074436487,52.4316103046691],[1.72794878834415,52.4001088706609],[1.69683666169855,52.3558714788423],[1.6955695159248,52.3530417437662],[1.67552678155121,52.3134187518535],[1.67290171990865,52.3139214695228],[1.67059039386552,52.3130101011477],[1.66718952941651,52.3116669582421],[1.66448127896834,52.3097346010892],[1.66082522460722,52.3077736181099],[1.64437649139285,52.2951965550933],[1.63923259034409,52.2870142418503],[1.63728922695439,52.2846317963937],[1.63634388128135,52.2824177758416],[1.63571713179229,52.2814203663784],[1.63556918500916,52.2806032458172],[1.63038742895536,52.2684621099352],[1.62931866655047,52.2460502442138],[1.62929057005044,52.2458947872661],[1.6292454122623,52.2454545632637],[1.62308025382691,52.2040542945211],[1.62231787310477,52.1868948843431],[1.61941961576394,52.1826836136075],[1.61032827341566,52.1694676791311],[1.60920069239835,52.1664573054725],[1.60821141857764,52.164962205498],[1.59732831775048,52.1353025011234],[1.59615565608992,52.1316461319529],[1.58293913596232,52.0917912206556],[1.57894539303224,52.0861478548819],[1.56621604844813,52.0817575298258],[1.49973399830451,52.0605290897973],[1.48628265344393,52.0562266864586],[1.47134694646884,52.0491293985529],[1.47108960523863,52.0488756860949],[1.46736753931101,52.0475864918006],[1.46779410718322,52.0482215950386],[1.4681422687658,52.0487399444886],[1.4880285515304,52.0592872010631],[1.49050380157194,52.0599382179109],[1.49988051524084,52.0624037388],[1.5174513418016,52.067021044723],[1.53755554546657,52.0748622366571],[1.56253156503549,52.0858844820216],[1.56774778548116,52.0910866441035],[1.58098271895241,52.0915392553095],[1.56773191365245,52.0914172364929],[1.56184737338771,52.0861669306998],[1.5421215291904,52.0791900463062],[1.53950578362068,52.088042368527],[1.55483702908854,52.0898517273987],[1.56880166187716,52.0981176016302],[1.5687472917467,52.1098092320018],[1.58687497284645,52.1197638987421],[1.59575828964686,52.1354253640524],[1.5991487177255,52.1436114967866],[1.59319002327965,52.1455582644504],[1.58328198521688,52.1422350224669],[1.57513611565036,52.1443355521757],[1.57126798788566,52.148156145998],[1.57992105781474,52.1548555543257],[1.57164765160159,52.1597911765885],[1.55557945831957,52.158701276459],[1.55348438410623,52.1610941263655],[1.55742279275085,52.1626105262214],[1.55172603072302,52.1665763643628],[1.53106895908944,52.1630695115816],[1.52898155465751,52.1650793989859],[1.52779167563148,52.1611357366666],[1.52357892919804,52.1618500025966],[1.51125554986757,52.1551065924795],[1.5100501392105,52.1602687868899],[1.50914974906994,52.1642169869068],[1.50787872124672,52.1643058576906],[1.49474840566431,52.1652231094401],[1.50497879707095,52.1635357406171],[1.50518452395766,52.1634693559015],[1.50714836877532,52.1628356209136],[1.5076635819819,52.1615734034557],[1.50883945772962,52.158692369622],[1.50926817915271,52.1576418637198],[1.50900660078328,52.1580081904122],[1.50754413776625,52.1600561717289],[1.50530562482423,52.1631905206339],[1.50132495557897,52.1636386315691],[1.5003678668366,52.1637463511514],[1.49923389315422,52.1638739680576],[1.4993958962606,52.1637883903558],[1.49953048966319,52.1637172908567],[1.50240902813107,52.1621966166739],[1.49923664412435,52.1594583601163],[1.50345424445241,52.1609620571214],[1.50388741937419,52.1537101608912],[1.50697441521512,52.1528195523376],[1.50892747771175,52.1522560282628],[1.50822810983308,52.1571736495562],[1.51078532310138,52.1510583744474],[1.51402056436832,52.1510996149371],[1.51731472875957,52.151141512205],[1.52340820943186,52.1512187667198],[1.52506009846358,52.1572039838227],[1.53987314058142,52.1573878239214],[1.55326772393184,52.1502161071422],[1.56755565622874,52.1561040489731],[1.57293793203404,52.1527909540409],[1.56929123432457,52.1516629069386],[1.56853391821374,52.1538563053234],[1.56822468691201,52.1485326073308],[1.57341605818983,52.1427398790671],[1.58295615385794,52.1397452164689],[1.59476607578282,52.141571618403],[1.59331272794205,52.1381941518525],[1.58173568789036,52.1196890922639],[1.56627182572346,52.1118667207762],[1.56552087315067,52.1001599546604],[1.55265777294006,52.0920663751172],[1.53748202137285,52.090348264172],[1.53790207815764,52.0810286227008],[1.52498719976478,52.0820059877833],[1.51051560612363,52.069562124413],[1.50059234673564,52.0715036167674],[1.49234382089435,52.0731166683521],[1.49063102748719,52.0734515280879],[1.49068895956176,52.0735885707333],[1.49580957213022,52.085698358278],[1.49612474900291,52.0864434877614],[1.48960082112439,52.079608385561],[1.48988376093401,52.0729097245309],[1.49932697737272,52.0711249735542],[1.50054462341332,52.0708947724796],[1.5013214765527,52.0707478970449],[1.50117994461273,52.0705963767415],[1.50046089720851,52.0698265680641],[1.49538159961889,52.0643878076842],[1.47847779982907,52.0585317114414],[1.46168527165181,52.046224570989],[1.45951843776957,52.0446358304841],[1.46227769652655,52.0448172124559],[1.44372678282789,52.0255071958364],[1.4336918102423,52.008345830346],[1.43307692613476,52.0072938091264],[1.42105099533967,51.9990949887452],[1.41319927563843,51.9943554448381],[1.40833973635835,51.9923119504692],[1.39412270325351,51.9872614127524],[1.39558929003492,51.9985299642869],[1.39202405196552,51.9962743611521],[1.3885363821993,51.9993979057549],[1.39552125631541,51.9990563297782],[1.36699692715685,52.0073690264058],[1.36622689888811,52.010294209044],[1.36301924890043,52.0224756215972],[1.34471012635948,52.0312432919156],[1.35266192015945,52.038175891255],[1.35164480283712,52.0456100167057],[1.34103864808985,52.0531357133624],[1.34370342422662,52.0641358676795],[1.32938896545762,52.0688020131896],[1.31902362867578,52.0806353380306],[1.3193740812755,52.0869844811226],[1.32453501814313,52.0890713426505],[1.32525974066601,52.0893643554068],[1.32724261157643,52.090166007687],[1.33196926453029,52.0941032918205],[1.33165094909279,52.0984304777705],[1.34337565967394,52.1017141035259],[1.34420839709583,52.1020484497862],[1.34591456216859,52.1028153859135],[1.34639490233534,52.1030312940365],[1.34752823976118,52.1035406997632],[1.33723699331583,52.1037661879728],[1.33406023703954,52.1015025484574],[1.33233257306624,52.1002713443348],[1.32605289286522,52.0957954344878],[1.32575498265074,52.0955830648119],[1.32508856558027,52.0904165733793],[1.32479053523659,52.0900522369497],[1.3173465494727,52.089036544123],[1.31477165589756,52.0808928555222],[1.3140328673394,52.0788524544108],[1.31377783401007,52.0777716650294],[1.31375654075152,52.077681422349],[1.31271691042131,52.0777282231469],[1.3041163751281,52.0781150360333],[1.30756368243068,52.0794483907175],[1.29545692828078,52.0773000673613],[1.29807245290423,52.0771275848701],[1.29838470847862,52.0771072250753],[1.31742391761407,52.0760950145231],[1.32253602044178,52.0665685296446],[1.32393034874232,52.0639694850867],[1.32431873812146,52.0632454690534],[1.32509383224089,52.0636597849045],[1.32527404162812,52.0637482205029],[1.33380358094709,52.0586168716123],[1.33464364212885,52.0521251985979],[1.33478813833597,52.0510084331639],[1.33508024052138,52.0487507261226],[1.34738956335914,52.0422726495633],[1.34780674589205,52.0396200439506],[1.34314785420141,52.0370962789179],[1.33903671494396,52.0331294225212],[1.34332159388256,52.0272163306593],[1.33738549902578,52.0243580775197],[1.34443320880683,52.0264615970937],[1.35637604405293,52.0221552306213],[1.35936732726714,52.0180815340347],[1.35936059634047,52.0147108217985],[1.35611476721885,52.012538548927],[1.35887197596574,52.0158559173608],[1.35577492177165,52.0161163656978],[1.35426487980157,52.0137039243176],[1.35760690966742,52.0105407446571],[1.36400391584303,52.0044846001922],[1.3803778825143,51.9984767048388],[1.38012666988689,51.9975295413059],[1.37971830606671,51.9959897608899],[1.3828747168923,51.9966312203619],[1.3879948226377,51.9902254367074],[1.3838129430497,51.9895434177937],[1.39146705805036,51.9893249475189],[1.3888987294257,51.9794561320053],[1.36280407325483,51.9625430168424],[1.344921726115,51.9569230557976],[1.32021345294513,51.9334942628833],[1.31983151698257,51.9412454956339],[1.3197763960575,51.9413164435458],[1.31976754505185,51.9414782754042],[1.31878128237326,51.9427271370623],[1.31870942365517,51.9455113653663],[1.31716834735874,51.9447693645849],[1.31431573395237,51.9483807320528],[1.31589643265938,51.9511942502746],[1.31559100946364,51.9513896181233],[1.31567357181875,51.9514103165379],[1.29793325307256,51.959278415235],[1.29603459363363,51.960132483513],[1.28257035577333,51.9660618354656],[1.28031563207736,51.9931152002314],[1.26415632817304,51.9958129135187],[1.25836937031241,52.0029762607044],[1.25688958587456,51.9965475376447],[1.23796317564607,52.0030547238885],[1.22935362415475,52.0064735323103],[1.21545024918048,52.0065142798071],[1.21032432166295,52.0114949583377],[1.20451236415498,52.0132754150335],[1.19902145654979,52.0149571312819],[1.19761976384056,52.0153863695573],[1.19194179602631,52.0151495795132],[1.18833162306344,52.0149988786755],[1.18795346881228,52.0152576361605],[1.17875093529575,52.0215493374536],[1.1784121951194,52.0217151762283],[1.17767542194341,52.0224467210378],[1.16972014752522,52.0303437855154],[1.16622670817535,52.0298645520997],[1.16064145745757,52.0316196051115],[1.16067640916408,52.032640456054],[1.16099187373895,52.0418508967342],[1.16107652139935,52.0420228026512],[1.16305912743788,52.0460487205317],[1.15992602219143,52.0479576181739],[1.15549784383876,52.0365343722437],[1.15052620469011,52.0342324027609],[1.15003489113037,52.034004890136],[1.16188953216225,52.0268047685947],[1.16688136049961,52.0182610193122],[1.17118897867686,52.0157099633171],[1.18518795171649,52.0074164506368],[1.2034944574637,52.004787873092],[1.20387721125738,52.0043990774592],[1.21153239785712,51.9966214097925],[1.23123290401446,51.9958481999091],[1.24287184057278,51.9927665332071],[1.24291709476998,51.9927545484114],[1.24304676503521,51.9900483286069],[1.246944262423,51.9899742586275],[1.24439923854362,51.9918890589959],[1.26730316429769,51.9878681967667],[1.27022807901817,51.9841865294929],[1.27110865364112,51.9758236562803],[1.26756865407466,51.9764103424752],[1.2790881432162,51.960388259765],[1.27639416004413,51.9574895864952],[1.27373809501707,51.955666544978],[1.26938621628984,51.9544934778639],[1.24297691326091,51.9614135993152],[1.21972192999347,51.9528720268273],[1.21193293951962,51.9554247156039],[1.21017962852213,51.9559992188026],[1.20041603775513,51.9558966127582],[1.18733528346985,51.9557578349554],[1.17787143998466,51.9648253294121],[1.16304862837031,51.9672951599049],[1.16354272628026,51.9705251526761],[1.15992780027042,51.9652410681146],[1.15324884862241,51.9648032225025],[1.1322436269397,51.9575663532683],[1.13031366250315,51.9535406934624],[1.11854116529181,51.9562330932362],[1.10248788449339,51.9540779439128],[1.09980149862677,51.9537170619479],[1.08613212131242,51.9589331244964],[1.06944934793724,51.9552565607509],[1.07292969351032,51.9541476220878],[1.06898213330465,51.954554623565],[1.06605086534423,51.9489954497468],[1.05881360719528,51.9559310450605],[1.06363880770177,51.9484565943335],[1.06215388153332,51.9491507728165],[1.06210543170683,51.9491734213126],[1.048105042427,51.9593991642966],[1.02471198883193,51.9549023606317],[1.01156154646522,51.9550698130392],[1.00126403205811,51.9634048299903],[0.970982749148486,51.962407757133],[0.971304851741969,51.96980415506],[0.961905655216413,51.9769303000296],[0.942911023064153,51.9706902942308],[0.929386648259176,51.9714386879247],[0.925239840337455,51.9761644030686],[0.889748607763662,51.9734240607673],[0.886565671488641,51.9684450319766],[0.877647571038147,51.9665139319535],[0.866907235242187,51.9691997632257],[0.850240124999087,51.9607666455619],[0.824650048979386,51.9685496072043],[0.815281612492784,51.9670535273082],[0.810877141632654,51.960696087649],[0.787210318213279,51.9631006868077],[0.785147398527899,51.9674681731688],[0.781468927606894,51.9665129398374],[0.772261026840059,51.9704245110909],[0.774633327593334,51.9825916201388],[0.759667735030109,51.9854291115946],[0.761046743212397,51.9975468313092],[0.749863643820104,51.9998581585493],[0.749159072665045,52.0055504001262],[0.738655483241495,52.0105598896134],[0.742410108743449,52.0163569688692],[0.739056017661958,52.0323973408017],[0.714396590823323,52.0273187672076],[0.70654697526886,52.0295354767815],[0.712531406625021,52.0348972741311],[0.702443977212867,52.0377178184181],[0.698821850984104,52.036711347438],[0.696441155350261,52.0394836924619],[0.69940006432446,52.0484380876781],[0.716263376587153,52.0486871965747],[0.711390669705191,52.0533680150671],[0.703177564086779,52.0652732484461],[0.709879539788615,52.0669871782149],[0.712118249483127,52.0722424679158],[0.702080945531709,52.0794950432278],[0.692427898988391,52.0787286007792],[0.688253392819495,52.0847755938224],[0.683116594446314,52.0870401668139],[0.678945340534114,52.0838858974159],[0.672442893742117,52.0861703435145],[0.660861321104514,52.0836994130883],[0.656900901436426,52.0854416861726],[0.651936868290085,52.0831333124208],[0.63440580608941,52.0862579160482],[0.631767888869126,52.0818670627888],[0.619340673550977,52.0765522068572],[0.607445648737734,52.0809194081396],[0.594760003265999,52.0741814250576],[0.58200345991392,52.0758516638829],[0.571744212894695,52.0690490259534],[0.565059188843103,52.0713272791097],[0.551421973504044,52.0688028928728],[0.551515697941357,52.0620377463707],[0.542699394792632,52.0578745599446],[0.53005797680178,52.059386753246],[0.52324331726482,52.0567770185225],[0.511130139957494,52.0598640617926],[0.500488121231356,52.0538464732773],[0.487726773039501,52.0624665299345],[0.489874012362048,52.0674130280034],[0.475835798726237,52.0744542793551],[0.470794333669131,52.0734629257698],[0.466566517790969,52.0784097779696],[0.458113734573041,52.0762573338454],[0.461899908117474,52.072353251129],[0.453798411437425,52.071113051231],[0.453618425016356,52.06812905901],[0.443945997000853,52.0685309391615],[0.446098835822873,52.0721174840831],[0.438125661814097,52.0723124632264],[0.435380110674729,52.0690832521949],[0.418785082773732,52.0649053237824],[0.404638263575799,52.0655023795221],[0.40709249057185,52.0707939303858],[0.401970994550909,52.0724865287604],[0.399507894275503,52.0841588822393],[0.394180399345528,52.0843535560774],[0.390833155115899,52.0890141292933],[0.394996785207166,52.0959681287178],[0.386864308159335,52.0973049029718],[0.388687744065407,52.0992121573607],[0.381803808187178,52.1027012934274],[0.389589786598814,52.1174705808696],[0.398340479646194,52.1187919572557],[0.396362622756329,52.1223590996879],[0.409010868237771,52.1240356147358],[0.404674366793549,52.1292553381455],[0.409929050078239,52.1344157929595],[0.417486382150141,52.1331624284228],[0.420886391436469,52.1556392009221],[0.417276418385201,52.1593066833021],[0.435915802809098,52.1594950929118],[0.43870617882601,52.1657115876634],[0.444360807336481,52.1647464850642],[0.444521523510037,52.1710861234965],[0.452244935675451,52.1732020216015],[0.463623320964175,52.1704660076678],[0.470731332783535,52.1632590533639],[0.477241421275606,52.1675707908444],[0.491332842084376,52.1651020314098],[0.487464957425403,52.1697969631089],[0.493964683725541,52.1814956854858],[0.494975275012035,52.1887331212954],[0.502555616997777,52.1960265888665],[0.503130324161239,52.2070360406658],[0.508650473280145,52.2139808598946],[0.51282087575082,52.2136889306465],[0.514484042486228,52.2267794075271],[0.494890700539826,52.2392880539741],[0.481765520426287,52.2323758975213],[0.455581863899552,52.2475796163355],[0.443349672534494,52.242612399396],[0.42696480396438,52.2536027671157],[0.414517804147287,52.2478611370065],[0.421335031399158,52.2396913201039],[0.408781165666098,52.2390676098823],[0.394878423540945,52.2307230856746],[0.384609114446796,52.2340628308507],[0.371248919207141,52.2265901694376],[0.35742293324045,52.2341583278316],[0.342684099441605,52.2423433452495],[0.356664169929234,52.246288638793],[0.360815191641475,52.2495680492031],[0.339943777893116,52.2677478531284],[0.355241041288966,52.2793362539126],[0.350532111122308,52.2829491138474],[0.359172356266337,52.2891375542479],[0.360736448039976,52.2978137027667],[0.37786942403728,52.2912518707401],[0.382723057789948,52.2932662503857],[0.385362779142747,52.2829977639047],[0.395354187741072,52.2804547417976],[0.409547153241636,52.26903529617],[0.419626953677378,52.2597600596405],[0.424198050649824,52.2558764310225],[0.498852649660747,52.2730145394587],[0.4958344375791,52.2804038874088],[0.504568517787182,52.2864726008444],[0.47294076501781,52.3039121030175],[0.46209292186592,52.308814646693],[0.45750008160979,52.3162957257737],[0.431376631558306,52.315825429636],[0.424188661743469,52.3292291294186],[0.436276280019055,52.333526778896],[0.442570138660837,52.3488134391469],[0.42752166267697,52.3537039162072],[0.420053117982932,52.3521548445521],[0.419224796208912,52.3579359056723],[0.407691561003436,52.3615120476696],[0.382085581540506,52.3962733452683],[0.374777423612123,52.4097288643797],[0.425313414692045,52.4303272432038],[0.423207624813538,52.4339655551211],[0.429297962734167,52.4364525830394],[0.445437119649996,52.4473745962458],[0.478135555610431,52.4455978163567],[0.49609502480142,52.4473315778316],[0.500977044856371,52.4502938698543],[0.523765051554111,52.4482113572978],[0.530440504122755,52.4536331389556],[0.544533483000673,52.4516225774969],[0.554821216225092,52.4560280654102],[0.582501080763578,52.4518613696135],[0.59730975645165,52.4542203166684],[0.609479182139827,52.4527158846696],[0.615055047116789,52.449097681521],[0.621829488468267,52.451270928902],[0.62029142329913,52.4543461958173],[0.629787109166092,52.4540536071254],[0.6271783440411,52.4509021896881],[0.631088918268217,52.4503444577745],[0.642220464658503,52.4510471325591],[0.666306671108423,52.4625416468679],[0.68397338808772,52.453164952711],[0.694471179719132,52.4510170218806],[0.70558730228682,52.452586883047],[0.718793357770034,52.4496472049105],[0.717551996064957,52.4467189762346],[0.67217969400467,52.4128010368307],[0.668541006504316,52.4090575240639],[0.673381935503329,52.4042081174748],[0.686010593654489,52.3986750229724],[0.702543460390889,52.3964143741782],[0.712437775135009,52.3946230577081],[0.735259774227761,52.3953407229529],[0.74181671846246,52.392694073348],[0.740582390585484,52.3888324040909],[0.747404613361451,52.383186552064],[0.765966099968042,52.3903574969495],[0.773353170474848,52.3863399093934],[0.773434776952172,52.3863272047518],[0.78592750034585,52.3864891240222],[0.796130910187299,52.3912417708673],[0.808172226111564,52.3895244610068],[0.838315716919983,52.4007243382774],[0.855439154002353,52.3994413298553],[0.856918467510222,52.3969648480638],[0.85696423475848,52.3967406887],[0.866872972281114,52.3903459066283],[0.891125217748721,52.3907990009006],[0.904927781891684,52.3857831136791],[0.918960627271261,52.3888735130992],[0.936754388819869,52.3866734374029],[0.946960186189951,52.3759826985922],[0.967471013014227,52.3701127857465],[0.997812331416796,52.3715399074125],[1.00681380135656,52.3757430153042],[1.02768563676051,52.3785724562635],[1.02995703023961,52.378735469858],[1.05903983711442,52.3772519272536],[1.06849179819208,52.3784610532622],[1.08068142177336,52.3726729619776],[1.11505718370544,52.3713559107239],[1.12300881176582,52.3672217464398],[1.13143361273734,52.3676078214326],[1.15694898370675,52.361292599013],[1.18248014169243,52.3587337632672],[1.19006358506678,52.3617842933058],[1.19686029392117,52.3605831540464],[1.21264058219253,52.3553869628697],[1.21893615402447,52.3572256108931],[1.2303398608438,52.36025097949],[1.2330175623096,52.3649534679018],[1.24988992306698,52.3664159380455],[1.2628602760706,52.3743453257606],[1.28623475061443,52.3906896603662],[1.30151615371569,52.3917133840025],[1.31648910385456,52.3873712697522],[1.33060567859496,52.3935536120684],[1.33579782282796,52.4019659180011],[1.34710101168893,52.4044110213187],[1.34631012395329,52.4089979263723],[1.36125561469234,52.4131975836732],[1.35659198036888,52.4215094941111],[1.36366891502018,52.4274967634051],[1.39207145546946,52.4340451349765],[1.39320368148288,52.4389352022068],[1.40791389338578,52.4444093162239],[1.4325386547383,52.4452957317679],[1.43326842093664,52.4559597426222],[1.41101790623206,52.4615967756804],[1.42014985219332,52.4710466435091],[1.4263493582764,52.4705792616703],[1.43848113154339,52.4579326605101],[1.44582893572957,52.456019651227],[1.45864908729118,52.4580564603549],[1.46430530486017,52.4644773489892],[1.48005598804911,52.4718648841886],[1.50802174571599,52.4617522826554],[1.51614329731573,52.4640140765376],[1.52159037150089,52.461856933898],[1.52827031769381,52.4684170035968],[1.54403399186266,52.4629327193704],[1.55280983089683,52.459153827163],[1.5578231460997,52.4576964847531],[1.56247951158399,52.4612241641492],[1.56808537439972,52.4746738616998],[1.58601751793601,52.4786797645018],[1.60403006434538,52.4715595317822],[1.60685538138111,52.4667214592136],[1.62696569964772,52.4623417374765],[1.63477321065826,52.4630562232921],[1.64622626122952,52.4719510501442],[1.6585713932488,52.4683294220509],[1.66369499840133,52.4749485200947],[1.67084835776017,52.4765273720652],[1.67113951566456,52.4821805916485],[1.68197158974217,52.48999934684],[1.68237448875996,52.4952244540514],[1.67208067706344,52.5038667133574],[1.65427974170962,52.5014166485895],[1.64520056536568,52.5085374693039],[1.64660239351014,52.5151395623806],[1.6308939329083,52.5207400233523],[1.62858219413556,52.5260180528179],[1.63651586525995,52.5279545486564],[1.63131046649265,52.53239148359],[1.63824297637198,52.5338292430018],[1.63674051119057,52.5374361301966],[1.6591294393104,52.5422257486883],[1.66581607741192,52.5497552190784],[1.68625633564048,52.5493028517074],[1.69042510238081,52.5449669311241],[1.7025764111788,52.5444251779309],[1.70559456178708,52.5399744868747]]]]},"properties":{"FID":25,"PFA23CD":"E23000025","PFA23NM":"Suffolk","BNG_E":608221,"BNG_N":266122,"LONG":1.049221,"LAT":52.25386,"GlobalID":"2ff2da61-6e79-4b1c-bf79-a1150a820bd5"}},{"type":"Feature","id":26,"geometry":{"type":"Polygon","coordinates":[[[-0.465365756545097,52.3229532803249],[-0.44418351855703,52.3142316291871],[-0.436088655177378,52.3144708450816],[-0.435761112192004,52.2966568791838],[-0.431875766461899,52.2965936524854],[-0.42956400879609,52.291549437104],[-0.419009552563205,52.2842506493593],[-0.410158813316834,52.284496811766],[-0.406871212201923,52.2874618888063],[-0.398979469350676,52.2787288872421],[-0.392625856363725,52.2824296473039],[-0.377000949541553,52.2815478156203],[-0.372175068758848,52.2734998522037],[-0.382341197020937,52.27112565563],[-0.374375681124288,52.232998287561],[-0.359038102644697,52.2347352816327],[-0.341010840873401,52.2306474928648],[-0.34346885979841,52.2418744200723],[-0.334493652011644,52.2429205803286],[-0.319996605501729,52.2427078800681],[-0.313688007655852,52.238998816518],[-0.29320898808327,52.2405161810315],[-0.285693744441477,52.2374014679925],[-0.286631294016872,52.2348479541619],[-0.299390504833968,52.2160435806026],[-0.292939399284596,52.2076343729102],[-0.274219249284874,52.2087472265689],[-0.261927463111695,52.2096325325024],[-0.264911990138627,52.2057211525543],[-0.240723002820836,52.1901931428209],[-0.244001867319279,52.1826845745041],[-0.249785149179338,52.1843710262581],[-0.26069408798734,52.1764014209368],[-0.254399134155224,52.1721847768859],[-0.228862940566612,52.1662427897538],[-0.216624324385539,52.1587355429926],[-0.234804043652189,52.1447267573934],[-0.206204269295573,52.1444489709291],[-0.171534734092178,52.1395025900627],[-0.163750615790458,52.1401280188034],[-0.15967310916165,52.1440683992911],[-0.150513430770291,52.1436194899275],[-0.149690828307103,52.1388354474928],[-0.144434460110424,52.1381638069765],[-0.143931724268567,52.1177357075314],[-0.147859894624565,52.1141999072323],[-0.149000540069569,52.091225716404],[-0.157605055560218,52.0804409504552],[-0.164166052138528,52.0770354716762],[-0.172540383850461,52.0602232672104],[-0.194982619305265,52.0624150804419],[-0.219493434451981,52.0367412582338],[-0.201256006066088,52.0098246876381],[-0.213490564559104,52.0085143775117],[-0.239590513947981,51.9990228300828],[-0.244078670645728,51.9990232883888],[-0.247889109786431,51.9851729758137],[-0.257448532425214,51.9853858847235],[-0.260255094968933,51.9797048186911],[-0.27390055373757,51.9812095337396],[-0.272281412865576,51.9881356292738],[-0.283375312475573,51.9966603006105],[-0.282388864912824,52.0014305804815],[-0.282418729203016,52.0015638830873],[-0.30000417064842,52.0007554989309],[-0.295329609453011,51.9954098905604],[-0.30683935205232,51.9890004614631],[-0.311478095702647,51.9821537311581],[-0.338728579989568,51.9827215390546],[-0.358712820770471,51.9855111761442],[-0.3672962650547,51.9837494445709],[-0.363814307999348,51.9751656856556],[-0.350746899556596,51.9727596697238],[-0.349162310385306,51.963740784877],[-0.350225341620276,51.9575781030501],[-0.372582345461213,51.9480188679355],[-0.382912026325528,51.9514137075356],[-0.378205738028609,51.9716357769247],[-0.380686423367772,51.9794323172539],[-0.390373339263772,51.9776193588688],[-0.393432815156759,51.9685769389624],[-0.399439484751453,51.9676713987573],[-0.405823940976724,51.9434310003875],[-0.402479680089449,51.9333942815367],[-0.405647618919527,51.9324661762243],[-0.389344628064562,51.9257790791369],[-0.383579375636985,51.9182747704066],[-0.385615555724027,51.9156803950638],[-0.378390186333564,51.9016456976347],[-0.37390926927827,51.895313976596],[-0.365134446174951,51.8943776237357],[-0.354645697882236,51.8845473337977],[-0.349836724804763,51.8786756726462],[-0.354833888657066,51.8740145283852],[-0.352871725373492,51.8635431676439],[-0.339485894640329,51.8496055501563],[-0.356030498307361,51.8405132475866],[-0.363307665681262,51.8421047405047],[-0.364370662569621,51.8398913187831],[-0.368730269651901,51.8310829855825],[-0.373959116036243,51.8291906690978],[-0.404858806630098,51.8406074641576],[-0.421500810100557,51.8502052251338],[-0.425234924861339,51.8467206429284],[-0.438986392340041,51.8518351269742],[-0.447524508948031,51.8476015337387],[-0.45406309306899,51.8530325273035],[-0.46410445097099,51.8501473626114],[-0.470419996730907,51.8557101688827],[-0.47829846763004,51.8531365016758],[-0.471195676810699,51.8454678688016],[-0.479570821304971,51.8421443175527],[-0.490932895044853,51.8428193887693],[-0.491881849047484,51.8352784667941],[-0.501818268966651,51.8367948216486],[-0.506016779872407,51.8272998255776],[-0.511192917001904,51.82589360945],[-0.501593732786462,51.8214869961497],[-0.502282758285977,51.8154586931751],[-0.519728847877412,51.8050953611133],[-0.524100219889923,51.8058111911023],[-0.543179757873722,51.8154635163196],[-0.54168481871377,51.8184447029795],[-0.553613859712542,51.8267529272763],[-0.548935550145735,51.8280207947731],[-0.543730170171154,51.8245761848853],[-0.537619262375032,51.8314728021354],[-0.564052933383221,51.8470960943747],[-0.566819518134803,51.8508083631033],[-0.563679820599427,51.8512393916757],[-0.569267617683864,51.8517642647337],[-0.569247930029894,51.858070581969],[-0.583563578497735,51.8703238397593],[-0.60897043800943,51.8755635854569],[-0.6200891563295,51.8854855168653],[-0.628424226034585,51.882120440531],[-0.651985919199778,51.8868522838139],[-0.659633639159595,51.8906157211368],[-0.660281351872178,51.8945490323929],[-0.673236140138405,51.9018177455718],[-0.69221985900819,51.9001623963415],[-0.702156753865155,51.9091191125534],[-0.691463466785638,51.9270548909697],[-0.681578635989452,51.9351420726732],[-0.680283831694643,51.9354944159954],[-0.682288535826066,51.9427627094442],[-0.6702526794591,51.9441342649539],[-0.672076196587977,51.9559102664276],[-0.662123638245832,51.9555476978022],[-0.651244455820221,51.9682451230722],[-0.653016974736432,51.9692494361716],[-0.645680806107934,51.9722283103994],[-0.656172710242462,51.9820259495144],[-0.661689665376442,51.9997363844313],[-0.6506565522154,52.0096701867746],[-0.643460193916601,52.0109005916404],[-0.650960161931678,52.0185469830642],[-0.640329250663556,52.0236607940192],[-0.643075775484512,52.0368909326322],[-0.658399825157736,52.0440617463426],[-0.66897597717708,52.0487168398621],[-0.651008115699226,52.0641440033751],[-0.64158395416267,52.0677213437664],[-0.631357876763902,52.0809749226478],[-0.605787514338293,52.0921221267135],[-0.603959162445068,52.0991243417084],[-0.596751287866456,52.1016849132557],[-0.601872296954805,52.1050274969877],[-0.591810331121503,52.110691887186],[-0.607249381411581,52.1338687508704],[-0.619360028966447,52.1330205776833],[-0.635451654776416,52.1392536199736],[-0.640765866741152,52.1528176271751],[-0.630687617590423,52.1550241210245],[-0.634929311912925,52.1680667407081],[-0.628254510983892,52.1725363408657],[-0.627446652788111,52.1815454674071],[-0.639510057352226,52.1834349060471],[-0.6431603115272,52.1888448610225],[-0.657448076334108,52.1897753443553],[-0.668135637658982,52.1950341108626],[-0.66146038898971,52.2081261888908],[-0.63733162156624,52.2273176308065],[-0.653655470981071,52.2682893062583],[-0.639908260903836,52.2724420097914],[-0.631412540233443,52.2700475935476],[-0.626978099135445,52.2748773871587],[-0.610617039099608,52.2794979463594],[-0.600305442964075,52.2778871804773],[-0.586335338989988,52.2728313332385],[-0.588111036843781,52.2707783574576],[-0.565693055132987,52.2534682255308],[-0.554738089361645,52.258179816902],[-0.541311924118424,52.2563172697909],[-0.539324957851375,52.2660949032487],[-0.531190184929433,52.2704024294568],[-0.540604794738771,52.2914918578457],[-0.514051195755829,52.3146970752555],[-0.519829880170178,52.3176925671775],[-0.487140256860804,52.3210826545514],[-0.476261345982474,52.3180638519816],[-0.465365756545097,52.3229532803249]]]},"properties":{"FID":26,"PFA23CD":"E23000026","PFA23NM":"Bedfordshire","BNG_E":508275,"BNG_N":242056,"LONG":-0.42186,"LAT":52.06631,"GlobalID":"2a9e6679-2f2d-4723-b6c0-07223c49641b"}},{"type":"Feature","id":27,"geometry":{"type":"Polygon","coordinates":[[[-0.147509326987593,52.0694500057618],[-0.155121032648697,52.0530610989528],[-0.144576187175316,52.0469904642621],[-0.133729866748337,52.0462328518227],[-0.122338660710822,52.0296361145245],[-0.126567501937775,52.02092187507],[-0.120998829974349,52.0195212764391],[-0.107694005461655,52.028355179562],[-0.0790393278545065,52.0378840791815],[-0.0542638002987949,52.0466082367134],[-0.0357801309514814,52.0588054550931],[-0.0244123761176038,52.0633159909423],[-0.0126281445930594,52.0615482358015],[-0.00134325980208919,52.0516087105818],[0.00718627899523328,52.0495331106984],[0.0398495394619472,52.0532246282311],[0.0520983798486785,52.0246307821071],[0.0681560725569507,52.0057630955662],[0.0743218481517264,52.0008609023084],[0.0690610114507331,51.9840425608719],[0.0768452787287717,51.9808121920775],[0.0964606111639592,51.9843259682049],[0.0978454297650675,51.9772098360569],[0.10701203141805,51.9718178542864],[0.10560990601909,51.9634863774593],[0.114736202129577,51.9558357264522],[0.120270455520974,51.9265685149272],[0.124860092767776,51.923538952646],[0.121764510736949,51.9111951386437],[0.124761446710298,51.8845855300936],[0.13958359779393,51.8853833425489],[0.14150347135672,51.888196316612],[0.146982087148617,51.8866990582483],[0.179348982528558,51.8955540757972],[0.183901307345926,51.8933671706152],[0.176038574542333,51.8872771225133],[0.174917119939892,51.8827850565396],[0.193726703764765,51.8732011078085],[0.190897813757664,51.8718991558625],[0.195613946593584,51.8681183077726],[0.186372028578445,51.8635136398117],[0.182740410238069,51.8650954659873],[0.17046768802496,51.8616221428385],[0.169463010304791,51.8560140153237],[0.173398424484968,51.8497697864971],[0.164860012708425,51.8496709866994],[0.161819014612862,51.8407531846754],[0.161698085654579,51.8321342407237],[0.166123403041705,51.8307066236515],[0.16120891213553,51.8259473002955],[0.166251617449305,51.8221540076822],[0.164731842626186,51.8192405450586],[0.173021847901914,51.8188807430327],[0.172583035411387,51.8163043887035],[0.16700844602648,51.8132796335996],[0.15830881878831,51.8135169965212],[0.150766868798829,51.7970495121941],[0.146141158428203,51.7962437615625],[0.132452338711685,51.7958525383516],[0.111153492352018,51.7884510265458],[0.107320535815107,51.7879397424588],[0.0992545107656357,51.7832307520251],[0.0897489323289904,51.7840367535871],[0.063683682157844,51.7839531633021],[0.0576635393893906,51.7796739273347],[0.0423234182265882,51.7751305200042],[0.0267994429079434,51.7741798994732],[0.0140290578120465,51.7643799989248],[0.0129923159200073,51.7574654516643],[0.00417058179518962,51.7553716457466],[0.00291428570728359,51.753799587224],[0.00125738592396622,51.7451364978347],[-0.00623378424164114,51.7417099406896],[-0.0129801030731528,51.7427512748023],[-0.0137472589806046,51.7354001852936],[-0.0141202592342478,51.7231208334313],[-0.0154995435840889,51.7153277420978],[-0.0175788117964036,51.70740344486],[-0.0197304285429264,51.7032742986709],[-0.0184960891314542,51.6984341978017],[-0.011918675972722,51.6808778146614],[-0.0333920793634692,51.6824944721392],[-0.0489357742453957,51.6840170093107],[-0.0620889586137036,51.6829766795278],[-0.0838890947992951,51.6899133868051],[-0.105779139838692,51.6918756442007],[-0.118204562432587,51.6890661297212],[-0.149431383149735,51.685509368477],[-0.163493271974568,51.6881150787478],[-0.163503792160564,51.6859229089176],[-0.172473163038003,51.6730913561081],[-0.176385934213631,51.6726449807655],[-0.181960815257973,51.6686831946979],[-0.191066699360921,51.6638967044063],[-0.199871677333062,51.670170272785],[-0.211133866333014,51.6669549334005],[-0.207863695984533,51.6628611798433],[-0.226462691430813,51.6571618657753],[-0.228919311402986,51.6599758093884],[-0.249348030054731,51.6560578118009],[-0.251557001565979,51.6479525874951],[-0.257354301440047,51.6418396413014],[-0.263272164999239,51.6448334987089],[-0.27312203907596,51.6411939592511],[-0.273713530385737,51.6386739646255],[-0.302620968997866,51.6362076897021],[-0.304449971011893,51.6363487192482],[-0.316672244970353,51.6405355666504],[-0.317549393191407,51.6402163102182],[-0.339889641971043,51.6307237430614],[-0.362621257698241,51.6235048165802],[-0.368174515273729,51.6206523784205],[-0.384571611905012,51.6161697515888],[-0.385871935681355,51.6158200428467],[-0.403996051047661,51.6131839799829],[-0.411985221570793,51.6141826856553],[-0.440575301279442,51.6200732383835],[-0.457130755473738,51.6122938890699],[-0.459742898262006,51.6131593468933],[-0.497127638653444,51.6316791106854],[-0.499965026435791,51.6291733043795],[-0.500148673577685,51.6220718781112],[-0.495321906681722,51.6189375451024],[-0.499214909481778,51.6088811068051],[-0.496257603641733,51.6024440352721],[-0.500595886737316,51.5996898986458],[-0.517654614067603,51.600256260935],[-0.522501789242093,51.6050615809026],[-0.530059300191249,51.6171511222548],[-0.534130552322406,51.6371508886176],[-0.539260817248429,51.6380393903589],[-0.537391593287301,51.642906967407],[-0.530927778365943,51.6491334736625],[-0.53666606380537,51.6523694487526],[-0.536891506831177,51.66062447194],[-0.532626076017035,51.6630071874963],[-0.524254427397298,51.6579368907858],[-0.520994790005152,51.6680453777499],[-0.514718484178302,51.6654528694685],[-0.505107856324304,51.6730768926407],[-0.51089720710158,51.6798172165229],[-0.524934113014587,51.6787209993165],[-0.5242727897625,51.6821126548307],[-0.538889081532902,51.6798341575676],[-0.54868869522748,51.6826545439468],[-0.543217420102413,51.6951358591527],[-0.547668033138723,51.7031814135517],[-0.563147920499785,51.7116821478126],[-0.561099393103364,51.7180792827226],[-0.550413609644404,51.7230428893424],[-0.553596792664468,51.7284108004342],[-0.550082820807204,51.7305750644057],[-0.553720360510688,51.734064729878],[-0.560646328420069,51.7340760120264],[-0.559245255678629,51.7373319199875],[-0.56558297032842,51.7365461530771],[-0.563699987436117,51.7396173404019],[-0.572762931812711,51.7358638535516],[-0.582498323989586,51.7453260702583],[-0.586379726976092,51.7521159494782],[-0.612935985356938,51.7474272551457],[-0.613766437742306,51.7509133412953],[-0.628548474060575,51.7545696256742],[-0.643458235998486,51.7540172713007],[-0.673449314713473,51.7684771568288],[-0.676185728108665,51.7784643972157],[-0.681499831599607,51.7880591379004],[-0.690190999010661,51.7923392099107],[-0.682189889465158,51.7945841942971],[-0.682650033195759,51.7972095374457],[-0.701147559853478,51.8148625876796],[-0.709295276544129,51.8205395951875],[-0.719211008706635,51.8161297012693],[-0.723653476773253,51.8177730662274],[-0.745744076996121,51.8421086060003],[-0.736384766888104,51.8424005385258],[-0.731199020266646,51.8490410653061],[-0.722599398342159,51.8500324030414],[-0.720344220047422,51.8561540640458],[-0.710556670165932,51.8578171544848],[-0.707163555896311,51.8544035853163],[-0.699971970527414,51.857969679585],[-0.692326680217485,51.857048789487],[-0.686770330064733,51.8492206300472],[-0.695449593789591,51.8411106759714],[-0.687994469053972,51.8399308839168],[-0.667245098413583,51.8158052615608],[-0.659247709598339,51.815427059417],[-0.647770441650684,51.8136057937896],[-0.635948892023481,51.8180200509677],[-0.632939595714382,51.8199461865563],[-0.611869248475584,51.8120447773256],[-0.594832272868406,51.8140229721821],[-0.591654826308663,51.8081357901602],[-0.581825667306615,51.806905442703],[-0.575170363479958,51.8188173250575],[-0.567144721879603,51.8198051019301],[-0.560787406154397,51.8263822964517],[-0.558348333792725,51.824787857353],[-0.560656237503438,51.8300826295858],[-0.557137733245316,51.8309665854468],[-0.553613859712542,51.8267529272763],[-0.54168481871377,51.8184447029795],[-0.543179757873722,51.8154635163196],[-0.524100219889923,51.8058111911023],[-0.519728847877412,51.8050953611133],[-0.502282758285977,51.8154586931751],[-0.501593732786462,51.8214869961497],[-0.511192917001904,51.82589360945],[-0.506016779872407,51.8272998255776],[-0.501818268966651,51.8367948216486],[-0.491881849047484,51.8352784667941],[-0.490932895044853,51.8428193887693],[-0.479570821304971,51.8421443175527],[-0.471195676810699,51.8454678688016],[-0.47829846763004,51.8531365016758],[-0.470419996730907,51.8557101688827],[-0.46410445097099,51.8501473626114],[-0.45406309306899,51.8530325273035],[-0.447524508948031,51.8476015337387],[-0.438986392340041,51.8518351269742],[-0.425234924861339,51.8467206429284],[-0.421500810100557,51.8502052251338],[-0.404858806630098,51.8406074641576],[-0.373959116036243,51.8291906690978],[-0.368730269651901,51.8310829855825],[-0.364370662569621,51.8398913187831],[-0.363307665681262,51.8421047405047],[-0.356030498307361,51.8405132475866],[-0.339485894640329,51.8496055501563],[-0.352871725373492,51.8635431676439],[-0.354833888657066,51.8740145283852],[-0.349836724804763,51.8786756726462],[-0.354645697882236,51.8845473337977],[-0.365134446174951,51.8943776237357],[-0.37390926927827,51.895313976596],[-0.378390186333564,51.9016456976347],[-0.385615555724027,51.9156803950638],[-0.383579375636985,51.9182747704066],[-0.389344628064562,51.9257790791369],[-0.405647618919527,51.9324661762243],[-0.402479680089449,51.9333942815367],[-0.405823940976724,51.9434310003875],[-0.399439484751453,51.9676713987573],[-0.393432815156759,51.9685769389624],[-0.390373339263772,51.9776193588688],[-0.380686423367772,51.9794323172539],[-0.378205738028609,51.9716357769247],[-0.382912026325528,51.9514137075356],[-0.372582345461213,51.9480188679355],[-0.350225341620276,51.9575781030501],[-0.349162310385306,51.963740784877],[-0.350746899556596,51.9727596697238],[-0.363814307999348,51.9751656856556],[-0.3672962650547,51.9837494445709],[-0.358712820770471,51.9855111761442],[-0.338728579989568,51.9827215390546],[-0.311478095702647,51.9821537311581],[-0.30683935205232,51.9890004614631],[-0.295329609453011,51.9954098905604],[-0.30000417064842,52.0007554989309],[-0.282418729203016,52.0015638830873],[-0.282388864912824,52.0014305804815],[-0.283375312475573,51.9966603006105],[-0.272281412865576,51.9881356292738],[-0.27390055373757,51.9812095337396],[-0.260255094968933,51.9797048186911],[-0.257448532425214,51.9853858847235],[-0.247889109786431,51.9851729758137],[-0.244078670645728,51.9990232883888],[-0.239590513947981,51.9990228300828],[-0.213490564559104,52.0085143775117],[-0.201256006066088,52.0098246876381],[-0.219493434451981,52.0367412582338],[-0.194982619305265,52.0624150804419],[-0.172540383850461,52.0602232672104],[-0.164166052138528,52.0770354716762],[-0.157605055560218,52.0804409504552],[-0.147509326987593,52.0694500057618]]]},"properties":{"FID":27,"PFA23CD":"E23000027","PFA23NM":"Hertfordshire","BNG_E":518880,"BNG_N":213639,"LONG":-0.27703,"LAT":51.80876,"GlobalID":"becc1a42-2d2a-41df-91b9-4ac2325bb742"}},{"type":"Feature","id":28,"geometry":{"type":"MultiPolygon","coordinates":[[[[0.63987627016617,51.5334567747481],[0.626737319981734,51.5321763116754],[0.625459645587614,51.5323681304857],[0.609036015779947,51.5348324870647],[0.624246659383724,51.536505937601],[0.625101714235926,51.5365800117333],[0.640071203668796,51.5378757789898],[0.640323376576801,51.5378669783617],[0.646533496643483,51.5376500779636],[0.639970585012382,51.5335161888131],[0.63987627016617,51.5334567747481]]],[[[0.556518160722683,51.5444366825104],[0.553120425433146,51.5418899447446],[0.558488768487332,51.5439898419207],[0.561093994553685,51.5431426156572],[0.573275629184622,51.5391061166597],[0.58526860647012,51.5373670745612],[0.577974215541357,51.5358862991067],[0.593021425881002,51.5352486695534],[0.587276765380473,51.5370997414475],[0.594004051146165,51.5363003032233],[0.600671529909729,51.535507541765],[0.599115251394903,51.5349898857206],[0.601639623482367,51.5348825802962],[0.605839167213014,51.5306972406606],[0.596634915862288,51.5323880337463],[0.596158753155903,51.5306932502548],[0.596103301830521,51.5304958754962],[0.62799011078588,51.5273897639375],[0.632045109717325,51.5246007830741],[0.626139964800194,51.5222337903857],[0.625688007143339,51.5220526075533],[0.625420223401178,51.5219750073255],[0.623764575690877,51.5212814940839],[0.636857597087395,51.5219536923841],[0.627831203866247,51.5204259763216],[0.62505626103033,51.5163690527724],[0.603837058941256,51.5128856104811],[0.603316896800046,51.5128001610484],[0.592582646212105,51.5112919644504],[0.589426847631154,51.5108483453399],[0.58565993495466,51.5131501706091],[0.583194540320067,51.5111108387265],[0.583139737120881,51.5110655036663],[0.581471457904614,51.5096853909531],[0.573330417577274,51.5078289924826],[0.553567185866318,51.509935531092],[0.548515347404977,51.5141457529437],[0.548308080233868,51.5143184688275],[0.545127115007329,51.516968974723],[0.541338070919878,51.5201256500398],[0.538102084227182,51.5199275354625],[0.526703657041381,51.5192141552496],[0.517995305886731,51.5298708489272],[0.521884414014074,51.5315948138152],[0.523834995023062,51.5324593692749],[0.526407792481716,51.5319830906467],[0.529720858474432,51.5313453615801],[0.534497707998393,51.5304256752256],[0.543109534151013,51.5345068081218],[0.54579270796904,51.5467619761387],[0.545841039437665,51.5469826607268],[0.545930697431751,51.5473920419633],[0.546546027318872,51.5472203205405],[0.546616425943708,51.5472006738134],[0.556518160722683,51.5444366825104]]],[[[0.840283360455631,51.5608704454803],[0.831408381104311,51.560229700003],[0.825779682464893,51.5644666807244],[0.828924482692235,51.5722579105355],[0.832185192446322,51.5742820551226],[0.83390647269012,51.5700258627786],[0.840283360455631,51.5608704454803]]],[[[0.837491462473458,51.5851768186781],[0.822949654645002,51.5648819668179],[0.815574616202367,51.576937535551],[0.809380944227351,51.5791159481779],[0.808188771916783,51.585019240947],[0.80806608456375,51.5856266729807],[0.80831692133072,51.585833957491],[0.8183396016295,51.594114380733],[0.830143841661014,51.5959662777654],[0.836353466972412,51.5949034423413],[0.837491462473458,51.5851768186781]]],[[[0.955316883466157,51.6131647775175],[0.929866927769687,51.592446367079],[0.886572783590085,51.5695890784683],[0.88452693288961,51.5693923609419],[0.879213773421223,51.5688813006871],[0.866370064397508,51.5589408408895],[0.853616667684284,51.5569403387352],[0.840146357854457,51.5616364916608],[0.832725148717867,51.5757691456914],[0.838649729441004,51.5814783619258],[0.845546390805885,51.582111746412],[0.847854082061865,51.5776235017874],[0.857277057794513,51.5764724983317],[0.863400351585854,51.5718621584621],[0.857914964913004,51.5772529320335],[0.848433493239577,51.5783019765471],[0.846476496224448,51.5826719666558],[0.840078209534723,51.5820230080523],[0.83799748353139,51.5936189637611],[0.858656809814308,51.5924950426589],[0.866825807789835,51.5951863616669],[0.874374641083865,51.6141508605581],[0.88324248536108,51.6161656409613],[0.887456069692973,51.6155850502793],[0.900768658958486,51.6137496204272],[0.957516615699434,51.6205323075031],[0.955316883466157,51.6131647775175]]],[[[0.746420029088127,51.6354105476982],[0.746482465922937,51.6351477687027],[0.745834754738392,51.6353375259983],[0.738735053103655,51.6374171416503],[0.745635548207842,51.6387119792499],[0.746420029088127,51.6354105476982]]],[[[0.759458460870587,51.6414874340437],[0.76276940611183,51.6403026729354],[0.749688342023746,51.6363209725289],[0.756302279397179,51.6398186558011],[0.758569294061839,51.6410173228403],[0.756024054907069,51.6414503108198],[0.752419041121401,51.6414112355196],[0.748608040156205,51.637529911658],[0.751874392047457,51.6421561020547],[0.759458460870587,51.6414874340437]]],[[[0.746533201741215,51.6405539239905],[0.745387090073376,51.639901367961],[0.732587258232312,51.6395696659979],[0.737654774667933,51.6342645037487],[0.725534497506703,51.638453840902],[0.712316764737735,51.6374709222822],[0.711461766978794,51.637407289156],[0.712624528212974,51.6381736317506],[0.712680194953915,51.6382103185853],[0.718120005637639,51.6417950228287],[0.741468159997879,51.6401739547811],[0.749935972803208,51.6424911525208],[0.746533201741215,51.6405539239905]]],[[[0.787745310700603,51.7223400550592],[0.772328635276649,51.7186612802973],[0.754509028415827,51.7245450556116],[0.756268932894527,51.7267423216282],[0.777960799080903,51.7265677829777],[0.787745310700603,51.7223400550592]]],[[[0.721897837323274,51.7305250981514],[0.724400175239905,51.7249332464585],[0.724927510965315,51.7270804032705],[0.72860783564891,51.725790721769],[0.724184717062193,51.7220728612196],[0.72833829268897,51.7229253068402],[0.729067482659209,51.7183476197924],[0.7104618525979,51.7185643649918],[0.721897837323274,51.7305250981514]]],[[[0.965127442611807,51.8088285964816],[0.974779534993853,51.8043890041999],[0.993336163218833,51.8035311451099],[1.00584611507955,51.7994568826143],[0.996613666695185,51.7912454914589],[0.945791283086092,51.7747258178021],[0.902246805353056,51.7743722021],[0.89809896079341,51.7797315126495],[0.901872450179929,51.7861562817775],[0.919537136948157,51.7940606410209],[0.926477960719761,51.8015688155276],[0.94361197928901,51.8069357389841],[0.944593727541082,51.8057643738811],[0.945356648764211,51.8068362804456],[0.965127442611807,51.8088285964816]]],[[[1.26345578751963,51.8639898598293],[1.26333499604689,51.8639666457188],[1.26328452432898,51.8640195230687],[1.25879892530005,51.8687183568365],[1.25185794447706,51.8694763301796],[1.25446885503035,51.8736188738493],[1.26461065764565,51.8722493599139],[1.26805397676059,51.8650875410289],[1.26812643473034,51.8649368128486],[1.26814820614087,51.8648915239098],[1.26805608076554,51.8648738236785],[1.26766100335633,51.8647979172076],[1.26345578751963,51.8639898598293]]],[[[1.26368204534891,51.8749415915575],[1.26353533668466,51.8729897442252],[1.25464536768155,51.8756206230746],[1.25964254037514,51.8755991439655],[1.26221459640115,51.8806942091861],[1.26368204534891,51.8749415915575]]],[[[1.25703538940432,51.8837322410115],[1.25901466930897,51.8763199029463],[1.25408816692709,51.8767370087411],[1.24833127300618,51.8742342694299],[1.25026137585999,51.8769697028266],[1.24607141548123,51.8745634215039],[1.24455757595359,51.8688379883539],[1.22591119740826,51.8750671342519],[1.22942460325023,51.8814277936831],[1.2364433474708,51.8819444070092],[1.23862684020185,51.8789017170173],[1.23825105990805,51.8812146656052],[1.25703538940432,51.8837322410115]]],[[[1.22716478087014,51.8882014517828],[1.2297897397936,51.885181928156],[1.22975855142634,51.884929119021],[1.21200031524243,51.8809697351814],[1.22954470503402,51.8851239322731],[1.2261528202344,51.8882136589435],[1.2209084375239,51.8882767803513],[1.22567091605508,51.8886525917529],[1.22716478087014,51.8882014517828]]],[[[1.22353488649699,51.8982218550782],[1.22889669762993,51.8956291607964],[1.22386055381817,51.8965467666776],[1.218650420511,51.8974958114743],[1.21907132452539,51.8975583850242],[1.22353488649699,51.8982218550782]]],[[[1.23183115658758,51.901752906866],[1.23818194634668,51.8965196689778],[1.23474180021249,51.8966746633793],[1.24461803955968,51.8955138557944],[1.24464201801994,51.8880621834897],[1.23499523540231,51.8911387834772],[1.24248822551348,51.8864927155901],[1.23086545379862,51.8882626067551],[1.23424588875067,51.892969991189],[1.22866773830392,51.8984560926752],[1.23183115658758,51.901752906866]]],[[[0.688253392819495,52.0847755938224],[0.692427898988391,52.0787286007792],[0.702080945531709,52.0794950432278],[0.712118249483127,52.0722424679158],[0.709879539788615,52.0669871782149],[0.703177564086779,52.0652732484461],[0.711390669705191,52.0533680150671],[0.716263376587153,52.0486871965747],[0.69940006432446,52.0484380876781],[0.696441155350261,52.0394836924619],[0.698821850984104,52.036711347438],[0.702443977212867,52.0377178184181],[0.712531406625021,52.0348972741311],[0.70654697526886,52.0295354767815],[0.714396590823323,52.0273187672076],[0.739056017661958,52.0323973408017],[0.742410108743449,52.0163569688692],[0.738655483241495,52.0105598896134],[0.749159072665045,52.0055504001262],[0.749863643820104,51.9998581585493],[0.761046743212397,51.9975468313092],[0.759667735030109,51.9854291115946],[0.774633327593334,51.9825916201388],[0.772261026840059,51.9704245110909],[0.781468927606894,51.9665129398374],[0.785147398527899,51.9674681731688],[0.787210318213279,51.9631006868077],[0.810877141632654,51.960696087649],[0.815281612492784,51.9670535273082],[0.824650048979386,51.9685496072043],[0.850240124999087,51.9607666455619],[0.866907235242187,51.9691997632257],[0.877647571038147,51.9665139319535],[0.886565671488641,51.9684450319766],[0.889748607763662,51.9734240607673],[0.925239840337455,51.9761644030686],[0.929386648259176,51.9714386879247],[0.942911023064153,51.9706902942308],[0.961905655216413,51.9769303000296],[0.971304851741969,51.96980415506],[0.970982749148486,51.962407757133],[1.00126403205811,51.9634048299903],[1.01156154646522,51.9550698130392],[1.02471198883193,51.9549023606317],[1.048105042427,51.9593991642966],[1.06210543170683,51.9491734213126],[1.05391970029527,51.9529993952923],[1.05993410562293,51.9486186454915],[1.06187679906279,51.9459455133504],[1.07557746485267,51.9470271640478],[1.07930501174487,51.9464874838568],[1.08121781294911,51.944682332304],[1.08480143690524,51.9456914661643],[1.09820550366328,51.9437490355734],[1.11943852814645,51.9400398116356],[1.1363099969753,51.9404781437774],[1.15036717995018,51.945894780098],[1.17062471897496,51.9479985541244],[1.18103036720358,51.9417581717899],[1.19946310822176,51.9425195091336],[1.20587645608039,51.9427837149652],[1.21407832709636,51.9403204084106],[1.21914123829902,51.9449128879732],[1.21728642902023,51.9398225536349],[1.22741295225821,51.9394740875685],[1.23288459757089,51.9406338059566],[1.2320112700536,51.9447929453671],[1.23516443824467,51.9435100504693],[1.23650050586455,51.9441634936848],[1.24195813462611,51.9468323474037],[1.25413962390589,51.9471811389614],[1.26291341969618,51.9459297727424],[1.2640555118082,51.9452929941695],[1.27460801716414,51.939407727356],[1.27754582208724,51.9399040676809],[1.280563367352,51.9404137922946],[1.27686640373224,51.9447127034773],[1.28483050515505,51.9450545847398],[1.28440457767951,51.946502885321],[1.29169200184392,51.9492867136264],[1.2901315059968,51.9381669045976],[1.29655838963736,51.9356054631444],[1.29133489149863,51.9369497050096],[1.28968673830244,51.9364014710711],[1.2853253368632,51.9369178237407],[1.28214203664186,51.9346406628491],[1.27324758822848,51.9282763112491],[1.27299827806938,51.9280978829076],[1.26182633389352,51.9179124603289],[1.25973393293605,51.9167532217274],[1.25900323007883,51.9163483707787],[1.25859996371276,51.9165241853304],[1.2550207078311,51.9180637514822],[1.25403512083466,51.9181211616641],[1.25891137764335,51.9152815073818],[1.25413075391168,51.9041078085043],[1.2533436109924,51.903257482234],[1.24672983700422,51.8961112443349],[1.24347388272551,51.9001928398583],[1.24438354654052,51.8969800710834],[1.23998454893314,51.8965788541162],[1.23166101667148,51.9024618125958],[1.24007421264424,51.9026305217223],[1.22975647342711,51.9045504590852],[1.21274871163684,51.8971799926598],[1.21216811525606,51.8969282989132],[1.21890639959652,51.8958765801918],[1.23012328339655,51.8941248692637],[1.22830911843283,51.8905382608214],[1.2125165477982,51.8903844131394],[1.21225960587511,51.8863763458468],[1.19901633333596,51.8847874861497],[1.20254883607792,51.8781568872205],[1.21050951500313,51.8795318267976],[1.20628923445666,51.8818100878654],[1.21120682569375,51.8805614550073],[1.21086404320923,51.8791578005928],[1.20978643618942,51.8784946584958],[1.19711176971226,51.8773290009948],[1.19969209259311,51.8756856773577],[1.19451788063131,51.8729216270599],[1.19234003227232,51.8717580529251],[1.17821443386404,51.8714311458658],[1.19439080159547,51.8711289945474],[1.20778053502139,51.870877199019],[1.2244241881101,51.8805810745268],[1.22177261886509,51.8720775420544],[1.21275752363623,51.8699489097347],[1.22849430213928,51.8726082471567],[1.23014939005789,51.8679890715788],[1.22528272170436,51.8649503800952],[1.23227651557844,51.8629683756449],[1.22812475093648,51.8589033278034],[1.22818793717632,51.8588468390169],[1.2324077673325,51.8550740668173],[1.23562120821829,51.8614993266542],[1.24313871020205,51.8592180296445],[1.2492937204337,51.8623067593537],[1.25238528625632,51.8589481415619],[1.24996108376022,51.8570222889188],[1.24971353140395,51.8568256133635],[1.24937000016796,51.8565526812869],[1.25379105722713,51.85805832827],[1.2525311376854,51.8637471335598],[1.25871953412744,51.863502852204],[1.26003435726686,51.8633791327051],[1.26008412437474,51.8633744496183],[1.27145860623909,51.8623035011709],[1.26623624267874,51.8619432643167],[1.27142481577368,51.8605972898017],[1.26545190905584,51.8558901783816],[1.26906622648226,51.8517520770447],[1.26975168476138,51.8560566561714],[1.27493221978392,51.8548717229012],[1.27016073967464,51.8569699101965],[1.27348284329379,51.8621122189026],[1.26778863269749,51.8770989875547],[1.27033407463681,51.8770389940484],[1.26649278010671,51.8812913761365],[1.27163603468133,51.8820909479469],[1.26355903098977,51.8827616063798],[1.26369001181489,51.8862127594072],[1.28344387341178,51.8767291303103],[1.28626448992612,51.876662266158],[1.2922493572689,51.8703901413097],[1.28722667880968,51.859263217869],[1.26261533911238,51.8401435898749],[1.26064174788504,51.8386094298944],[1.25426991647006,51.8335547961835],[1.23922014475318,51.8216101223551],[1.23876185276414,51.8212462529822],[1.23188653709781,51.8171694446532],[1.23167725547691,51.8170760476881],[1.19603715873188,51.8011596131877],[1.18929290013936,51.7990811423981],[1.18556095907946,51.7979307668793],[1.17883593618467,51.7958573189598],[1.17280616601188,51.7937056163554],[1.16132230414549,51.7896031318874],[1.15501743806996,51.7868793393647],[1.15015247681164,51.784777140944],[1.12442364936422,51.7754519930552],[1.09455535930268,51.7719409439798],[1.04268242610963,51.7699096026894],[1.03300528671158,51.7783093821631],[1.02924384001904,51.7886911100181],[1.03220713373939,51.7862105826619],[1.03558979032212,51.7874741660574],[1.03628619829406,51.7848374147411],[1.04118065282149,51.7838768145011],[1.0370940856413,51.7854943860216],[1.0371519929749,51.7906069269002],[1.01761138042625,51.8006619301233],[1.02078223242157,51.8031518580599],[1.02976994835261,51.8003869151755],[1.04653396370251,51.8024575917201],[1.04443247163713,51.8031281444543],[1.06218273317232,51.8103822528971],[1.06743951014092,51.8204062201967],[1.06779725573519,51.8210882206679],[1.06328870592436,51.8205869648387],[1.05955593023872,51.8241846583549],[1.06101309292015,51.8221656297407],[1.06362611582679,51.818544568016],[1.06349717738911,51.8182810059345],[1.06023126455515,51.8116041228859],[1.0396735422232,51.8056005120152],[1.01060215931811,51.8056300588906],[0.993651915824556,51.8164150578131],[0.98268967275106,51.8311920821026],[0.988320549386931,51.836603352637],[0.989362382430021,51.8376043765841],[0.985494380295129,51.8387405776029],[0.984300987794018,51.8407191293835],[0.980418556453222,51.8471546575988],[0.971589799456425,51.8501122910558],[0.9665818665051,51.8516580476528],[0.966201093639065,51.8517755640249],[0.955468599013042,51.8541225852651],[0.957597254207333,51.8533218183963],[0.976016068634127,51.8463901882248],[0.977621955049513,51.8408885038181],[0.978421110744497,51.8381501557769],[0.97442280434507,51.8288167050851],[0.982322645310723,51.8173587210199],[0.966372556553522,51.8222809214898],[0.964056412032822,51.8290021229312],[0.952554470344666,51.8332857943404],[0.962939883940556,51.8282684785529],[0.964166441964546,51.8219930305421],[0.94923919813316,51.8246530236963],[0.943539748645469,51.8221642668495],[0.951213891332441,51.8233767137193],[0.966618462767479,51.8194425426985],[0.991238982819986,51.8071991994293],[0.969588925811234,51.8127326566151],[0.927476617217011,51.8075545536969],[0.925257909629833,51.8083096999287],[0.91989286791833,51.8079105305248],[0.92325920399176,51.8061674994241],[0.937152457903174,51.8058597735168],[0.925405185078919,51.8026999807827],[0.899600731313459,51.7887872740442],[0.90132167691746,51.7923262245868],[0.89859425915302,51.7901226391834],[0.897248327082882,51.7890351043713],[0.894753394092583,51.7910203673161],[0.894657630526799,51.7898230963302],[0.893427669898868,51.7744385625096],[0.87852787192688,51.7857473920404],[0.871228309094193,51.7842720122422],[0.872213411176291,51.7832064397121],[0.8561967911631,51.7874165086692],[0.859595177172243,51.7857518643482],[0.851548773574725,51.7862873375788],[0.841604084309049,51.7823046832207],[0.837467699678749,51.7842070106866],[0.843306602649899,51.7807643034907],[0.852588428797037,51.782849430868],[0.857931471969376,51.7840493025433],[0.877233282761881,51.779353903615],[0.890701397237792,51.7697119340787],[0.886632433495922,51.7708040019192],[0.884959684454068,51.768261134253],[0.894608810887656,51.7663024234976],[0.883101725269874,51.763857460709],[0.860360001426338,51.7688526631486],[0.857433304377419,51.775000992557],[0.851253417279161,51.7740898672028],[0.851368495955383,51.7705129185066],[0.839890263571399,51.7736801561364],[0.836724761248785,51.7738721895278],[0.834583084848583,51.7704432649163],[0.839650939460707,51.773208488773],[0.838918595122999,51.7710374025351],[0.842481103029129,51.7722482008925],[0.856202335021915,51.7677243467768],[0.840964668953761,51.7702163053255],[0.845340379057936,51.7675103004618],[0.842271535735097,51.7648333812369],[0.860734007202027,51.7642926242904],[0.850356658179789,51.7571285428407],[0.861833214515808,51.7631101934279],[0.882710544872676,51.7576522539139],[0.856248301249789,51.7438013401661],[0.848653396097639,51.7469072959306],[0.847436044557382,51.7474050503024],[0.848301226474633,51.7464016925257],[0.852430417976529,51.7416123526918],[0.834848670024287,51.73873862908],[0.825064835297226,51.7383954725371],[0.822613270731443,51.7408270050932],[0.811215423097858,51.738850954856],[0.792287589833152,51.7451635889845],[0.789044975569237,51.7376382093492],[0.794784175378838,51.7394277861976],[0.795313379554987,51.739592779033],[0.79668859426571,51.7400215206919],[0.795369672741901,51.7394701710325],[0.78863232079183,51.7366533027938],[0.780749082074035,51.7387360022635],[0.778564620028879,51.7393129963471],[0.776836098779945,51.7439559815506],[0.776453878778951,51.7437624814368],[0.776394867529969,51.7437326127389],[0.772212691940966,51.7407047960113],[0.771007213116067,51.7398323725771],[0.761542748157056,51.7422072617369],[0.760453225202921,51.7424826265511],[0.761432245821566,51.741115754786],[0.763177066492511,51.7387117591772],[0.763141441063553,51.7386966978092],[0.755171347356487,51.7353044574397],[0.754885017330401,51.7353365767389],[0.74553968060852,51.7363844916906],[0.744999185327617,51.7364450737204],[0.745001347323711,51.733446566562],[0.745052299314329,51.7334582803519],[0.745130912941102,51.7334763521448],[0.747759794532478,51.7340806546326],[0.748010928883607,51.7341383794779],[0.750008831541818,51.7345975835282],[0.747769714979954,51.7321510980357],[0.747714176309187,51.7320904121426],[0.747573433217648,51.7319366245239],[0.750959509168034,51.7325302807776],[0.751575794442274,51.7326383173022],[0.749911096725669,51.7322218673425],[0.744923329065235,51.730973910338],[0.744785444576927,51.7309397294275],[0.744662231977263,51.7309091853361],[0.744522861261808,51.7309445944737],[0.744369513459171,51.7309835550692],[0.743058466389895,51.7313166370826],[0.742992240910802,51.7313334617402],[0.738955607757221,51.7323588750166],[0.738273972374198,51.732532010788],[0.73747316561229,51.7327354093236],[0.737516004444836,51.7326704776644],[0.737565880487988,51.7325948782743],[0.739400854711086,51.7298133672751],[0.735516568997566,51.7294784471389],[0.712890147206159,51.7375002265908],[0.714605389908931,51.7341203257558],[0.705375743022771,51.7238565594087],[0.702176227158754,51.7279224879747],[0.690056870515077,51.7323718532004],[0.689558903027648,51.7304244546753],[0.686471863557025,51.7332192582975],[0.687158768885176,51.731767055972],[0.688671991468394,51.7285675953233],[0.699318643809774,51.7261678577602],[0.69734446423786,51.7228307095377],[0.712062931861356,51.7157528840165],[0.711068172308606,51.7147803469638],[0.710183794382378,51.7139156836074],[0.716199828007682,51.7136120891657],[0.717834301101234,51.7162395931315],[0.746996039348059,51.7114547684431],[0.743759841336277,51.7065168396142],[0.74803053783207,51.7102735016596],[0.751108562195217,51.7078822102136],[0.754667200326733,51.7099984772815],[0.769185517779274,51.7083592420955],[0.749837700929676,51.7003290429221],[0.754238394335417,51.6953594671933],[0.746941509100834,51.6946147828323],[0.748282996689752,51.6909571758989],[0.740133288014236,51.6932209870626],[0.73842916893741,51.6936942551664],[0.738323364039189,51.6937103098439],[0.739885381404552,51.692758111545],[0.742066464472572,51.6914352514029],[0.740357955168175,51.6893959484662],[0.742746927026809,51.6892000171237],[0.751229517613637,51.6885039139578],[0.751540706531218,51.68870504901],[0.756250638052309,51.6917489704759],[0.757428343094442,51.6949738063889],[0.759209955521281,51.6998512932868],[0.7660570164019,51.7008569800272],[0.772169091100743,51.7017446040373],[0.772177241867504,51.7017130799727],[0.77220748890082,51.6940499159243],[0.775908549507167,51.6915530311769],[0.77614037744074,51.6916268353666],[0.77978257077557,51.692786259658],[0.775474473170231,51.6933218507518],[0.773993335169161,51.6935059492752],[0.774433997127061,51.695970116395],[0.775438332084299,51.7015850454512],[0.771581982679827,51.7040612953427],[0.785355109067918,51.7081451666109],[0.790217172681366,51.7063048020991],[0.790820933191851,51.7090568861701],[0.797560483871276,51.7079450291101],[0.790809214665959,51.7103010136061],[0.794317308407574,51.7172576659902],[0.794955802583126,51.7185235493836],[0.801337545509072,51.7181004578162],[0.805882113064029,51.7177989462596],[0.819726082887312,51.7210811516916],[0.834167539152291,51.7149946067747],[0.848178284675708,51.7157052273293],[0.875264297019819,51.7251526016439],[0.886290622938406,51.7330100060562],[0.890704052787805,51.7413360335938],[0.895595242817426,51.7433045220083],[0.899523834523474,51.7448853339155],[0.927747806836817,51.7481156716841],[0.942750277395386,51.7398036426599],[0.950572298872485,51.7308319625438],[0.950691527860078,51.7228800393088],[0.939517468836879,51.6986172123987],[0.950057791342381,51.6834964089707],[0.943015915240158,51.6722803057323],[0.942315790221674,51.6618968420764],[0.942227563918651,51.6605879301102],[0.93565532757396,51.6610888291773],[0.941849763567525,51.6602916078505],[0.936526329276151,51.660021925854],[0.939961908842364,51.6591885266936],[0.934762371180455,51.6550824190176],[0.939221522222564,51.656396408099],[0.939629868392666,51.6544839202111],[0.934239117539083,51.6538318339861],[0.939444365936141,51.6543437819399],[0.937968132663018,51.6525351875712],[0.937443653817733,51.6518925879605],[0.937128798444721,51.636223702194],[0.935168220558103,51.6348759715285],[0.926546958770398,51.628948235542],[0.925739943807412,51.6287112890607],[0.901920982885591,51.6227348253932],[0.891996726871842,51.6240196606223],[0.887969677854985,51.6236733578206],[0.8595815514143,51.6212280877734],[0.838387836494392,51.6240415749254],[0.82287928136844,51.6231131541946],[0.804378848529106,51.6261163334292],[0.802984052267524,51.6293676984386],[0.802908944951455,51.6258762685731],[0.795200002096708,51.6255195921889],[0.777160736446368,51.6356287822019],[0.776439970241478,51.6360344319385],[0.761917861023703,51.6441523091065],[0.74546875005021,51.6432963587182],[0.746239791392601,51.6456490249917],[0.742009810525441,51.6412412330652],[0.71693327822913,51.6430042314582],[0.711060789993781,51.639916697736],[0.710739920868036,51.6394054948776],[0.709037187478184,51.6366925202933],[0.695916356792009,51.63924831421],[0.691988101311184,51.6370109502147],[0.662107857639027,51.6369962039513],[0.659917680554172,51.6430589249123],[0.66483480745062,51.6408815889731],[0.666650104765101,51.6425770022832],[0.650380626224716,51.6484412808022],[0.650470936002069,51.6457286375487],[0.658457744065231,51.6434543908735],[0.657874564453792,51.6378610992974],[0.629578830245553,51.6395984882452],[0.629607023320861,51.6393385221804],[0.630386840776339,51.6374855599119],[0.646699816654623,51.6366323369613],[0.642610432952507,51.6326468640016],[0.626910264991903,51.6334507300192],[0.607758219787993,51.6298162504196],[0.606994973844609,51.6295698618051],[0.606918958599284,51.6295453228351],[0.606678803579102,51.6294677952146],[0.606201228778257,51.6293054886071],[0.605313962050893,51.6290039381463],[0.606801274492625,51.62912887899],[0.607194729490771,51.6291619280721],[0.608653158541114,51.6292844183469],[0.637196895887258,51.6316777144345],[0.64749727479055,51.6299163508236],[0.646900263950788,51.6334010102184],[0.6515932186746,51.6359085579207],[0.657129903782556,51.633059162086],[0.656789449283241,51.6352073579162],[0.656837887432395,51.6352060476368],[0.710176138189077,51.6337513858362],[0.711376031938563,51.633718385655],[0.72197606593446,51.6357780928609],[0.733916931392536,51.6309651640805],[0.749473867721246,51.6311752797269],[0.764094701830483,51.6368781665093],[0.784418833216513,51.6242963740445],[0.779443551661996,51.6188309544874],[0.785083938735781,51.6236195451581],[0.865747078722512,51.615569766687],[0.86613818278338,51.5992172390152],[0.862526473082407,51.5960522255041],[0.821170513173093,51.598738456382],[0.81628759112688,51.6022475672687],[0.819110570716506,51.5976097670561],[0.80424520359453,51.5893398735251],[0.764643235664927,51.5832242595494],[0.754261683730945,51.5881130376547],[0.751110388228407,51.5864017555792],[0.759762853938451,51.5847350923757],[0.758659313539827,51.581187827422],[0.758454066102858,51.5805280002518],[0.75118656938199,51.580392317617],[0.75110211047913,51.5803907381496],[0.721834535675819,51.5798396060734],[0.723386242148661,51.578722736989],[0.725591816452817,51.5771351096965],[0.713659116084998,51.5726549189722],[0.74420290155784,51.5787313263302],[0.747727124842997,51.5794317824772],[0.753111432656009,51.5791965914131],[0.759738748545888,51.578906761012],[0.761042448581241,51.5763622837468],[0.764633986224561,51.5805515031226],[0.805932493174082,51.5861220075423],[0.8067791261124,51.5797151724839],[0.793474656566124,51.5763344063093],[0.799139202825337,51.5709152679228],[0.799215522600999,51.570947572543],[0.801883309577967,51.5720767244609],[0.807021941379669,51.5696496310627],[0.80377403805699,51.5672233890333],[0.808220661599484,51.5671359128148],[0.809913915940411,51.569809741407],[0.795668823002866,51.574598505791],[0.808062448680497,51.5787320074323],[0.814382238487829,51.576445398344],[0.821011954719238,51.5643745551755],[0.817822952378417,51.5619967435084],[0.824597755975317,51.5635804434331],[0.829607311249999,51.5585517189391],[0.840125156459378,51.5601619997426],[0.850500488433668,51.5566221891493],[0.848619668975376,51.551392007142],[0.821187634051043,51.5406245731059],[0.821153104826494,51.5406051672686],[0.787770680963095,51.5218312592832],[0.777909876304213,51.5226195840682],[0.77655543989085,51.5227278032257],[0.768357281628453,51.5254520277874],[0.768295536668192,51.5254599448776],[0.731570435888342,51.530162749578],[0.730801823536657,51.5303300006188],[0.720517136129341,51.532567364957],[0.718475979486183,51.5327422041731],[0.690406546394642,51.5351428408036],[0.687932891933451,51.5353540698502],[0.670718746758212,51.5381478600729],[0.640518308482114,51.5401419232009],[0.640203611913495,51.5401626601569],[0.627203425407398,51.5380388370901],[0.625008464902705,51.537677236897],[0.608470309209766,51.534951199643],[0.603235831574634,51.5359090390554],[0.595987500727259,51.5372349123433],[0.594077004416345,51.5375842838308],[0.587812608257728,51.5387295857966],[0.587590685756867,51.5387701514117],[0.565387923360839,51.5419388912607],[0.564671989990255,51.5421701803327],[0.54758298196772,51.5476889494313],[0.545033824433572,51.5476300696817],[0.544261103999116,51.5463657760374],[0.542868599766776,51.5349707041243],[0.535216728093917,51.5311701023267],[0.522551321959993,51.532814661428],[0.517003079028857,51.5301041689372],[0.516760299863652,51.5299855493867],[0.51322046597515,51.5318699954606],[0.506868774999988,51.531263959517],[0.517681557101836,51.5271094082557],[0.522193879480497,51.5159664811951],[0.54127138652028,51.5125607464342],[0.531314444162764,51.5084968426041],[0.52269123183289,51.5078840259805],[0.518719884620895,51.5104255131344],[0.508165354966102,51.505197050949],[0.49424254853679,51.5071325455805],[0.467285294890274,51.5037482498788],[0.460895596713762,51.5069771563643],[0.455889568439559,51.506850969647],[0.457411708143105,51.5054154438151],[0.457587539368674,51.5052496103429],[0.447625001861972,51.5001580382088],[0.446006958984826,51.5001547617132],[0.444974824975837,51.500152659962],[0.444288451797498,51.5001512572447],[0.445602656282082,51.4981793892108],[0.441840103311365,51.4935044062493],[0.440256658801377,51.4915366567754],[0.433979747212772,51.4614986154458],[0.398401563913328,51.4536616117025],[0.398110186227817,51.453643379963],[0.381659714804317,51.4526128564297],[0.378331526275371,51.456617850236],[0.378759071347683,51.4521358354594],[0.340845314505118,51.4523277366639],[0.32817933001668,51.4692908593651],[0.318735408175832,51.474115466806],[0.30620754289798,51.4737191690649],[0.305164075622992,51.4736861046429],[0.304678377376232,51.473537933185],[0.302391321017327,51.4728401848721],[0.291448103696448,51.4695006431817],[0.281402125989587,51.4613984588571],[0.247042158331995,51.4727355194011],[0.229312247679955,51.4857806288022],[0.228521388488694,51.4863622654305],[0.211870088916148,51.4899589554105],[0.214156929096117,51.4960396098803],[0.229965349544136,51.4993659187165],[0.226597286350539,51.5065632427159],[0.241919319161816,51.5079601268953],[0.23717600954358,51.5193344334906],[0.244905836375926,51.5187594749428],[0.240724594603274,51.5212073864545],[0.242855999994698,51.5243924623009],[0.245837497776256,51.5235161805957],[0.250852046826051,51.5288186261786],[0.253834318187163,51.5178858715831],[0.262307889224424,51.5179304897632],[0.266638180028104,51.5229558898014],[0.265347272043956,51.5321502650611],[0.322441491335513,51.5405178524473],[0.331429400596117,51.5400454601615],[0.333902598356895,51.5424937022607],[0.327816067967104,51.5509945685188],[0.315294829915934,51.5578352939707],[0.313035079940716,51.565818131885],[0.290201523969927,51.5644971982514],[0.287123868086035,51.5727099885495],[0.271232678370642,51.5889921574667],[0.269866485133475,51.5995544498121],[0.260870024206464,51.6003904695662],[0.253916398804966,51.6019201221886],[0.263257699303371,51.6091919944458],[0.224087730411796,51.6317377614501],[0.208496660961782,51.6266876952223],[0.200311572516926,51.6249357566968],[0.181238047261213,51.6258265942297],[0.16890129781848,51.6214201695658],[0.151073417666375,51.6232470428744],[0.138184235471144,51.6235453960564],[0.129187436342478,51.6214010374014],[0.119307301579151,51.615368502629],[0.116710192938793,51.6169216490182],[0.103837892902431,51.6125513646419],[0.0980683911361371,51.6154215805073],[0.0922848679306965,51.613574263713],[0.094692625571188,51.6107471568477],[0.0888366104152503,51.6048596976753],[0.079369067593195,51.6070384728995],[0.0728118625758041,51.6046818989335],[0.0625655546177721,51.6070804663853],[0.0479561835430442,51.6133026345828],[0.0536727737913095,51.6182790977801],[0.0407878432974229,51.6157288187761],[0.021819035344359,51.6288327861104],[0.0252244065649691,51.6352496012213],[0.0251592141335186,51.6372893888204],[0.0227195416969588,51.6411154928849],[0.00106727848739178,51.6417623958517],[-0.0122596870547121,51.6462286962719],[-0.0118372625696545,51.6488475099899],[-0.0098314230565542,51.6617704500407],[-0.0103284006308653,51.676664669463],[-0.011918675972722,51.6808778146614],[-0.0184960891314542,51.6984341978017],[-0.0197304285429264,51.7032742986709],[-0.0175788117964036,51.70740344486],[-0.0154995435840889,51.7153277420978],[-0.0141202592342478,51.7231208334313],[-0.0137472589806046,51.7354001852936],[-0.0129801030731528,51.7427512748023],[-0.00623378424164114,51.7417099406896],[0.00125738592396622,51.7451364978347],[0.00291428570728359,51.753799587224],[0.00417058179518962,51.7553716457466],[0.0129923159200073,51.7574654516643],[0.0140290578120465,51.7643799989248],[0.0267994429079434,51.7741798994732],[0.0423234182265882,51.7751305200042],[0.0576635393893906,51.7796739273347],[0.063683682157844,51.7839531633021],[0.0897489323289904,51.7840367535871],[0.0992545107656357,51.7832307520251],[0.107320535815107,51.7879397424588],[0.111153492352018,51.7884510265458],[0.132452338711685,51.7958525383516],[0.146141158428203,51.7962437615625],[0.150766868798829,51.7970495121941],[0.15830881878831,51.8135169965212],[0.16700844602648,51.8132796335996],[0.172583035411387,51.8163043887035],[0.173021847901914,51.8188807430327],[0.164731842626186,51.8192405450586],[0.166251617449305,51.8221540076822],[0.16120891213553,51.8259473002955],[0.166123403041705,51.8307066236515],[0.161698085654579,51.8321342407237],[0.161819014612862,51.8407531846754],[0.164860012708425,51.8496709866994],[0.173398424484968,51.8497697864971],[0.169463010304791,51.8560140153237],[0.17046768802496,51.8616221428385],[0.182740410238069,51.8650954659873],[0.186372028578445,51.8635136398117],[0.195613946593584,51.8681183077726],[0.190897813757664,51.8718991558625],[0.193726703764765,51.8732011078085],[0.174917119939892,51.8827850565396],[0.176038574542333,51.8872771225133],[0.183901307345926,51.8933671706152],[0.179348982528558,51.8955540757972],[0.146982087148617,51.8866990582483],[0.14150347135672,51.888196316612],[0.13958359779393,51.8853833425489],[0.124761446710298,51.8845855300936],[0.121764510736949,51.9111951386437],[0.124860092767776,51.923538952646],[0.120270455520974,51.9265685149272],[0.114736202129577,51.9558357264522],[0.10560990601909,51.9634863774593],[0.10701203141805,51.9718178542864],[0.0978454297650675,51.9772098360569],[0.0964606111639592,51.9843259682049],[0.0768452787287717,51.9808121920775],[0.0690610114507331,51.9840425608719],[0.0743218481517264,52.0008609023084],[0.0681560725569507,52.0057630955662],[0.0712504676972616,52.0082373375362],[0.0790625568543061,52.0077220405701],[0.0922543378316555,52.0216539880719],[0.0941951480058936,52.0328742162783],[0.101155696533364,52.0388568595516],[0.105736213487718,52.060261106198],[0.119077515908339,52.0599625867341],[0.128135198304803,52.0473225707854],[0.151116953867509,52.052851801114],[0.152634479462334,52.0503179211568],[0.160577506278591,52.0520986818304],[0.160756717469488,52.0484399747297],[0.166396143400974,52.0481907792676],[0.167570276572422,52.0549998106329],[0.186373372610965,52.0566612914805],[0.189916315048695,52.0621995814366],[0.183194362384494,52.0731834544936],[0.19396992473634,52.0754814397383],[0.203459400262098,52.0926741544765],[0.210142693897074,52.0916398941127],[0.235208003627414,52.0890000494769],[0.252027349960489,52.0770625366572],[0.276230791660398,52.0926578690959],[0.286431681080009,52.0902499148384],[0.32467398462829,52.0727832865237],[0.343856926728379,52.0510133470586],[0.363835668614455,52.0436195740703],[0.371722417518953,52.0373694067491],[0.389695372823124,52.036466593428],[0.388189336220024,52.0437174451955],[0.379612827815692,52.0495627138227],[0.390420040825059,52.0602880939273],[0.404638263575799,52.0655023795221],[0.418785082773732,52.0649053237824],[0.435380110674729,52.0690832521949],[0.438125661814097,52.0723124632264],[0.446098835822873,52.0721174840831],[0.443945997000853,52.0685309391615],[0.453618425016356,52.06812905901],[0.453798411437425,52.071113051231],[0.461899908117474,52.072353251129],[0.458113734573041,52.0762573338454],[0.466566517790969,52.0784097779696],[0.470794333669131,52.0734629257698],[0.475835798726237,52.0744542793551],[0.489874012362048,52.0674130280034],[0.487726773039501,52.0624665299345],[0.500488121231356,52.0538464732773],[0.511130139957494,52.0598640617926],[0.52324331726482,52.0567770185225],[0.53005797680178,52.059386753246],[0.542699394792632,52.0578745599446],[0.551515697941357,52.0620377463707],[0.551421973504044,52.0688028928728],[0.565059188843103,52.0713272791097],[0.571744212894695,52.0690490259534],[0.58200345991392,52.0758516638829],[0.594760003265999,52.0741814250576],[0.607445648737734,52.0809194081396],[0.619340673550977,52.0765522068572],[0.631767888869126,52.0818670627888],[0.63440580608941,52.0862579160482],[0.651936868290085,52.0831333124208],[0.656900901436426,52.0854416861726],[0.660861321104514,52.0836994130883],[0.672442893742117,52.0861703435145],[0.678945340534114,52.0838858974159],[0.683116594446314,52.0870401668139],[0.688253392819495,52.0847755938224]]]]},"properties":{"FID":28,"PFA23CD":"E23000028","PFA23NM":"Essex","BNG_E":569273,"BNG_N":210840,"LONG":0.45193,"LAT":51.77064,"GlobalID":"8084bc2d-ad34-4cda-86df-91e9b7325b3d"}},{"type":"Feature","id":29,"geometry":{"type":"Polygon","coordinates":[[[-0.634929311912925,52.1680667407081],[-0.630687617590423,52.1550241210245],[-0.640765866741152,52.1528176271751],[-0.635451654776416,52.1392536199736],[-0.619360028966447,52.1330205776833],[-0.607249381411581,52.1338687508704],[-0.591810331121503,52.110691887186],[-0.601872296954805,52.1050274969877],[-0.596751287866456,52.1016849132557],[-0.603959162445068,52.0991243417084],[-0.605787514338293,52.0921221267135],[-0.631357876763902,52.0809749226478],[-0.64158395416267,52.0677213437664],[-0.651008115699226,52.0641440033751],[-0.66897597717708,52.0487168398621],[-0.658399825157736,52.0440617463426],[-0.643075775484512,52.0368909326322],[-0.640329250663556,52.0236607940192],[-0.650960161931678,52.0185469830642],[-0.643460193916601,52.0109005916404],[-0.6506565522154,52.0096701867746],[-0.661689665376442,51.9997363844313],[-0.656172710242462,51.9820259495144],[-0.645680806107934,51.9722283103994],[-0.653016974736432,51.9692494361716],[-0.651244455820221,51.9682451230722],[-0.662123638245832,51.9555476978022],[-0.672076196587977,51.9559102664276],[-0.6702526794591,51.9441342649539],[-0.682288535826066,51.9427627094442],[-0.680283831694643,51.9354944159954],[-0.681578635989452,51.9351420726732],[-0.691463466785638,51.9270548909697],[-0.702156753865155,51.9091191125534],[-0.69221985900819,51.9001623963415],[-0.673236140138405,51.9018177455718],[-0.660281351872178,51.8945490323929],[-0.659633639159595,51.8906157211368],[-0.651985919199778,51.8868522838139],[-0.628424226034585,51.882120440531],[-0.6200891563295,51.8854855168653],[-0.60897043800943,51.8755635854569],[-0.583563578497735,51.8703238397593],[-0.569247930029894,51.858070581969],[-0.569267617683864,51.8517642647337],[-0.563679820599427,51.8512393916757],[-0.566819518134803,51.8508083631033],[-0.564052933383221,51.8470960943747],[-0.537619262375032,51.8314728021354],[-0.543730170171154,51.8245761848853],[-0.548935550145735,51.8280207947731],[-0.553613859712542,51.8267529272763],[-0.557137733245316,51.8309665854468],[-0.560656237503438,51.8300826295858],[-0.558348333792725,51.824787857353],[-0.560787406154397,51.8263822964517],[-0.567144721879603,51.8198051019301],[-0.575170363479958,51.8188173250575],[-0.581825667306615,51.806905442703],[-0.591654826308663,51.8081357901602],[-0.594832272868406,51.8140229721821],[-0.611869248475584,51.8120447773256],[-0.632939595714382,51.8199461865563],[-0.635948892023481,51.8180200509677],[-0.647770441650684,51.8136057937896],[-0.659247709598339,51.815427059417],[-0.667245098413583,51.8158052615608],[-0.687994469053972,51.8399308839168],[-0.695449593789591,51.8411106759714],[-0.686770330064733,51.8492206300472],[-0.692326680217485,51.857048789487],[-0.699971970527414,51.857969679585],[-0.707163555896311,51.8544035853163],[-0.710556670165932,51.8578171544848],[-0.720344220047422,51.8561540640458],[-0.722599398342159,51.8500324030414],[-0.731199020266646,51.8490410653061],[-0.736384766888104,51.8424005385258],[-0.745744076996121,51.8421086060003],[-0.723653476773253,51.8177730662274],[-0.719211008706635,51.8161297012693],[-0.709295276544129,51.8205395951875],[-0.701147559853478,51.8148625876796],[-0.682650033195759,51.7972095374457],[-0.682189889465158,51.7945841942971],[-0.690190999010661,51.7923392099107],[-0.681499831599607,51.7880591379004],[-0.676185728108665,51.7784643972157],[-0.673449314713473,51.7684771568288],[-0.643458235998486,51.7540172713007],[-0.628548474060575,51.7545696256742],[-0.613766437742306,51.7509133412953],[-0.612935985356938,51.7474272551457],[-0.586379726976092,51.7521159494782],[-0.582498323989586,51.7453260702583],[-0.572762931812711,51.7358638535516],[-0.563699987436117,51.7396173404019],[-0.56558297032842,51.7365461530771],[-0.559245255678629,51.7373319199875],[-0.560646328420069,51.7340760120264],[-0.553720360510688,51.734064729878],[-0.550082820807204,51.7305750644057],[-0.553596792664468,51.7284108004342],[-0.550413609644404,51.7230428893424],[-0.561099393103364,51.7180792827226],[-0.563147920499785,51.7116821478126],[-0.547668033138723,51.7031814135517],[-0.543217420102413,51.6951358591527],[-0.54868869522748,51.6826545439468],[-0.538889081532902,51.6798341575676],[-0.5242727897625,51.6821126548307],[-0.524934113014587,51.6787209993165],[-0.51089720710158,51.6798172165229],[-0.505107856324304,51.6730768926407],[-0.514718484178302,51.6654528694685],[-0.520994790005152,51.6680453777499],[-0.524254427397298,51.6579368907858],[-0.532626076017035,51.6630071874963],[-0.536891506831177,51.66062447194],[-0.53666606380537,51.6523694487526],[-0.530927778365943,51.6491334736625],[-0.537391593287301,51.642906967407],[-0.539260817248429,51.6380393903589],[-0.534130552322406,51.6371508886176],[-0.530059300191249,51.6171511222548],[-0.522501789242093,51.6050615809026],[-0.517654614067603,51.600256260935],[-0.500595886737316,51.5996898986458],[-0.499634636476258,51.5967032382661],[-0.494825295709162,51.5847772579626],[-0.484026266081064,51.5751273259548],[-0.482793741222473,51.5628216670497],[-0.476986931705237,51.5596252765524],[-0.477329883021475,51.5552720832683],[-0.491074733262535,51.5445312736857],[-0.49548974434616,51.5384292051746],[-0.488973661709899,51.5290887439157],[-0.491631096332019,51.5188972053368],[-0.48978652323901,51.5115268277441],[-0.485535852064559,51.5100278072057],[-0.483266374938188,51.5066408004726],[-0.490024731164425,51.4947476343761],[-0.490116783229529,51.494578915093],[-0.499169215876422,51.4885812127518],[-0.509807321692741,51.469207263699],[-0.515661238513089,51.4682686765646],[-0.524358681535487,51.471528483123],[-0.529960218464429,51.4701681896763],[-0.54061316396913,51.4578521266592],[-0.526731619433222,51.4475099184032],[-0.531436348980556,51.4417130201049],[-0.524539573086476,51.439880072808],[-0.522777872600698,51.4353037082973],[-0.534600004012159,51.4374119363993],[-0.550444872227547,51.4434729117841],[-0.555566908123841,51.4414858539585],[-0.571690115615314,51.4509916009585],[-0.579675613649196,51.4447473439679],[-0.594219457112765,51.4414680210009],[-0.605124550506387,51.4313121169629],[-0.604956227393237,51.4213807552077],[-0.608501160957111,51.4120106623323],[-0.618368608441881,51.3990257740553],[-0.614520614965814,51.3973940715766],[-0.618495201013367,51.3923882525157],[-0.623494691644589,51.3895433650268],[-0.616344267326498,51.3835395914641],[-0.620922516025549,51.385171709135],[-0.62593068575818,51.3828727027321],[-0.64047343049334,51.3873804285321],[-0.646678885963734,51.3853843196624],[-0.655300457263153,51.3872457863567],[-0.667634283855982,51.3845713446934],[-0.735258360031567,51.3650402160153],[-0.735335360826244,51.3650095823505],[-0.744325979010401,51.3545689394547],[-0.759435167562701,51.3434698956704],[-0.758192612140745,51.3405684488358],[-0.77267997509833,51.3328431495399],[-0.775466206963731,51.3319589023235],[-0.784650940252848,51.3382320792314],[-0.794929000441769,51.3409595957919],[-0.814080123581975,51.3415651983837],[-0.819049123216077,51.3488297869799],[-0.828124465613097,51.3528639177937],[-0.837373716901633,51.3528861216693],[-0.842861529527882,51.3522712303791],[-0.847771700849635,51.352476998149],[-0.868079993860958,51.354749294895],[-0.878057285570353,51.3526294424531],[-0.91507574631754,51.3607860291111],[-0.91774780994922,51.3645565781981],[-0.935989361556512,51.3663170654439],[-0.939153417482029,51.3631715617098],[-0.986740059567131,51.3598556239045],[-0.986123750530059,51.3628482876459],[-1.00022284298636,51.3626680790694],[-1.01112286862309,51.3591698867717],[-1.05008141284422,51.3581091660833],[-1.05151449560562,51.3626264374476],[-1.0657744764435,51.3723210806738],[-1.0725115572378,51.3752760686281],[-1.08002237625985,51.3746035596442],[-1.0753544812762,51.3795243012816],[-1.08664067565436,51.383911204206],[-1.0975173845647,51.3817259033378],[-1.1154571911925,51.3742149084953],[-1.11579091152374,51.3604661639621],[-1.14413070856775,51.357263105998],[-1.16962183241197,51.3607256866071],[-1.17689427560879,51.3573240529005],[-1.18928167836112,51.3633225273833],[-1.22102594300088,51.3675894010272],[-1.22258810103158,51.3697542321318],[-1.24157870021568,51.3662215301478],[-1.25113955136333,51.3720405285107],[-1.27069405183507,51.3688079745739],[-1.2734099090937,51.3675209619638],[-1.31671949065269,51.3729125987617],[-1.3528796861532,51.367262472522],[-1.41546606043354,51.3719890256577],[-1.42835517628905,51.3567668624853],[-1.44411579097067,51.3549138313727],[-1.44487844792262,51.3480976815456],[-1.42970566274725,51.3365441680575],[-1.498298923396,51.3293760922954],[-1.48680847174159,51.3494312307155],[-1.48694830157031,51.349474762987],[-1.48781485429698,51.3497479500817],[-1.49165252503676,51.3522137767867],[-1.4917124929614,51.3522189824983],[-1.49370582462857,51.3523236467271],[-1.49375020131428,51.3523363371827],[-1.49383660784673,51.3523531656338],[-1.49391452166479,51.3523588074245],[-1.49401147902198,51.3523825151391],[-1.49407712768105,51.3524065371697],[-1.49874800806877,51.3550160908865],[-1.49911871681922,51.3551430229004],[-1.49544914388954,51.3696644478365],[-1.51340538103072,51.3720449738391],[-1.51546230095319,51.3775873322471],[-1.51563196608607,51.3776075765303],[-1.51570941149021,51.3776142808257],[-1.51577043172461,51.3776184894019],[-1.51690141979573,51.3787711449644],[-1.51700899903189,51.3787886729],[-1.52600005715246,51.3783945876225],[-1.52608775757435,51.3784033946546],[-1.52661540297285,51.3784696391212],[-1.52674882855341,51.3785030881403],[-1.5267824372675,51.3785183301393],[-1.52686254508004,51.3785528225598],[-1.52733075453929,51.3787120690651],[-1.52745400416133,51.3787431383554],[-1.52776156404501,51.378875658889],[-1.52784725377238,51.3789263584156],[-1.52797008776923,51.37899788871],[-1.52814255235034,51.3792731937005],[-1.52810460490898,51.3792885068367],[-1.52780784403519,51.379474341423],[-1.52773726495139,51.3795189262217],[-1.52696277132873,51.3799101839255],[-1.52691561701244,51.3799264486125],[-1.5272112878306,51.3801535165647],[-1.52782268013873,51.380614924436],[-1.52827173796775,51.3809620190354],[-1.52897220615224,51.3814548910382],[-1.52942843123489,51.381665334216],[-1.52944974465879,51.3816887985386],[-1.53123613475465,51.3823520012102],[-1.53131616984301,51.3823945828878],[-1.53150739320332,51.3825248297274],[-1.53153723771798,51.3825573195889],[-1.53166852494092,51.3826468633579],[-1.53182146939854,51.3827264226626],[-1.53234818599881,51.3830020568999],[-1.53244969473625,51.3830528161206],[-1.53253987782586,51.3830868952102],[-1.53265411084811,51.3831299720429],[-1.53274371102305,51.3831789750697],[-1.5328498887582,51.383194684462],[-1.53379082484631,51.383859779722],[-1.53385375536291,51.3839456321681],[-1.53393981547868,51.3840462781867],[-1.5346017052638,51.3842872366975],[-1.5346672062573,51.3842758074351],[-1.53555267038118,51.3841230403109],[-1.5355879218369,51.3841044769486],[-1.5382754439315,51.3854878701875],[-1.53825786646535,51.3855208908492],[-1.53770352665824,51.3883194761984],[-1.53776737227512,51.3883301583686],[-1.53786316818107,51.3883505876533],[-1.53802148027489,51.3883852903763],[-1.53834342851933,51.3884255826772],[-1.53864016354852,51.3884579070695],[-1.53887791039865,51.3885395436399],[-1.53893670851087,51.3885663006604],[-1.53897605522234,51.3885837196216],[-1.54059488713777,51.389055578362],[-1.54072486090395,51.3890933135327],[-1.54240111573057,51.3901509183754],[-1.54246338992079,51.3902473736534],[-1.54260653246696,51.3904493484291],[-1.54264853716359,51.3904455558542],[-1.54645857033194,51.3905437963106],[-1.54645493527728,51.3906133787963],[-1.54645170938311,51.3906488839363],[-1.54729429800314,51.3911711012734],[-1.5471193598959,51.3932603440635],[-1.54719034411039,51.3932695200215],[-1.54872600662091,51.3930244780904],[-1.54959120037446,51.3947267127081],[-1.54983096850708,51.3947249357063],[-1.55008982622302,51.3947259289803],[-1.55024791156819,51.3947283336526],[-1.55070552853396,51.3947467223845],[-1.5510050470368,51.3947493979957],[-1.55343261684642,51.3948061434938],[-1.55364775899932,51.3949715123417],[-1.55584106665589,51.3957978236379],[-1.55585525160647,51.3958321361138],[-1.5561848972803,51.3963608430728],[-1.55620051739975,51.3963954306956],[-1.55621757576788,51.3964299338416],[-1.55626564367774,51.3965129302085],[-1.55624456320115,51.3969975083117],[-1.55622919474961,51.3970853000035],[-1.55623035600857,51.3971138083944],[-1.55623691140024,51.3971790237309],[-1.5562345024772,51.3976947840498],[-1.55622120011234,51.3977621721701],[-1.55620418148754,51.3980350986652],[-1.55620896418483,51.3981349256958],[-1.55463507567186,51.3999991598895],[-1.55457161645439,51.4000945014796],[-1.55382518660378,51.4009870726379],[-1.55372469370504,51.4011797467888],[-1.55357951924058,51.4014876171089],[-1.55357887423376,51.4015243017189],[-1.55358083802623,51.4016325720112],[-1.55358541394724,51.401753081272],[-1.55359937919814,51.4018247102049],[-1.55362007103953,51.4018920486285],[-1.55362061021832,51.401917857514],[-1.55367853269731,51.4023764865476],[-1.55369856302729,51.4024306043033],[-1.55376734493105,51.402660070413],[-1.55375549416817,51.4026959929991],[-1.55382514578851,51.4027624387549],[-1.55412466875408,51.4033608224026],[-1.55412382831651,51.4034323949389],[-1.55388145688909,51.4069737507643],[-1.55394528018484,51.4070340597759],[-1.55413410369672,51.4072801679625],[-1.55415198515808,51.4073189911827],[-1.55423827985606,51.4075079700076],[-1.55425959360206,51.4075486945731],[-1.55429495803872,51.4076230124472],[-1.55295497655987,51.4099125576662],[-1.55310516150639,51.410125834991],[-1.55354578905305,51.4101845687759],[-1.55361710515453,51.4102583945891],[-1.55371751828557,51.410326846115],[-1.55432442040644,51.4102689103702],[-1.55447330523577,51.4102766701923],[-1.55496733951009,51.4098927936106],[-1.5550353734586,51.4098803437124],[-1.55600262876247,51.4093090083854],[-1.55608917217285,51.409325162147],[-1.55649776951698,51.4093726584289],[-1.56003475585525,51.4081039241762],[-1.56007203295448,51.4081148544698],[-1.56052174908901,51.4082217478328],[-1.5605269041699,51.4085086098116],[-1.5605645699562,51.4084790777157],[-1.56222439427088,51.4081734511714],[-1.56226536634864,51.408249136521],[-1.56246061875912,51.4093098805207],[-1.56246077995158,51.4093607305483],[-1.56245276691042,51.4093867772506],[-1.56359232078474,51.4132401164656],[-1.56397661221645,51.4132019827836],[-1.56408051372475,51.4131932875692],[-1.56416041036258,51.4133951839942],[-1.56424361357463,51.4134007987292],[-1.56439904232958,51.4133869896292],[-1.56480173073782,51.4133498208353],[-1.56489761273441,51.4133376781719],[-1.56505730404771,51.4133140828205],[-1.56538573375861,51.4132680939781],[-1.56541599714398,51.4133065118815],[-1.56685377876531,51.413946037434],[-1.5668110340322,51.4140563902556],[-1.56674329157569,51.4143010800183],[-1.56962000275189,51.414708047016],[-1.56962349153935,51.414780534806],[-1.56999209428585,51.4151888630526],[-1.57032197252088,51.4152192970681],[-1.57114420482041,51.4158809685517],[-1.57117691333373,51.4160445498813],[-1.57117427006634,51.4161868941553],[-1.57116270846944,51.4163465485191],[-1.56995708778586,51.4177677098584],[-1.5648008767894,51.4217005305227],[-1.56475866833604,51.4216624278202],[-1.56403170738071,51.4212949226517],[-1.56396009178865,51.4212640835997],[-1.56383985387309,51.4212042893523],[-1.56367662660429,51.4211281494274],[-1.56363653893605,51.4211091170892],[-1.56359500460218,51.4210909785405],[-1.56334306574002,51.4209973330993],[-1.56216967249061,51.4206949615841],[-1.56208593439628,51.4206837683895],[-1.56158494473976,51.4205865803346],[-1.5614916758336,51.4205644708255],[-1.55837373425046,51.4213998878909],[-1.55840771608967,51.4214702428672],[-1.55737837511899,51.421487939105],[-1.55729586067786,51.4214840305661],[-1.55465909568825,51.422059051397],[-1.55453702311878,51.4220853832168],[-1.55365186093517,51.4223820295148],[-1.553108616077,51.4213166194592],[-1.55307463016939,51.4212475218085],[-1.54896052577947,51.4224497953219],[-1.54885914833509,51.4224627128112],[-1.54707271864897,51.4226106571633],[-1.54702640112685,51.4225968103011],[-1.5469623317494,51.4226037559612],[-1.54682768562497,51.4226212187535],[-1.54630174978187,51.4227207906544],[-1.5462340134703,51.4227349152276],[-1.54599224553882,51.4227497139084],[-1.54350004062428,51.4246895573732],[-1.54345939769819,51.4247556691581],[-1.5434149019729,51.4246960142657],[-1.53958857638779,51.4260274291231],[-1.53954583758971,51.4261297683484],[-1.53399330598821,51.4256789317023],[-1.53392586775581,51.4257195762482],[-1.53261489424757,51.4250093423012],[-1.5325804231775,51.4249693706994],[-1.53209388979523,51.4248034155438],[-1.53191653691958,51.4249314701655],[-1.53175943825518,51.4250619433991],[-1.53172477036705,51.4251046959501],[-1.53161692896559,51.425087629604],[-1.5307799354491,51.4248958984704],[-1.53038276255643,51.4248036680096],[-1.52985512163702,51.4247271876535],[-1.52970442380005,51.4246958302329],[-1.52882101609007,51.4245434630036],[-1.52856815960176,51.4245022515066],[-1.52757657220104,51.4242584866647],[-1.52753513490639,51.4242564761277],[-1.52526633300834,51.4249868789136],[-1.5253981196083,51.4250386667864],[-1.52566020896436,51.4251467320113],[-1.52586427805673,51.4252186842015],[-1.52612058888933,51.425315485194],[-1.52622460170593,51.4253688681857],[-1.52640661379993,51.4254320080862],[-1.52661768630686,51.4255642328323],[-1.52668335389485,51.4256121552307],[-1.52674345416367,51.4256420713537],[-1.52681339680808,51.4256799400697],[-1.52705838682638,51.4259265878027],[-1.52707442418955,51.4259614511104],[-1.52732160369656,51.4265542040446],[-1.52745934949009,51.4265866812312],[-1.52786622793959,51.4267849749064],[-1.52787309079919,51.4270265240811],[-1.52786386028733,51.4273643112135],[-1.52795924633381,51.427515849095],[-1.53063214514955,51.4290918996154],[-1.53079224837678,51.4292177081415],[-1.53083443502761,51.4292277682655],[-1.53088525554937,51.4292375032975],[-1.53202897978539,51.4295018557357],[-1.53200344316341,51.4295939202435],[-1.53189702812953,51.4297813347894],[-1.53187803440128,51.4298453708172],[-1.52407495813783,51.4408890835669],[-1.52405868408235,51.4409321782653],[-1.52403170518691,51.4411748483936],[-1.52437506166967,51.4427223011406],[-1.52439096856221,51.4427569276927],[-1.52440742423604,51.4427927487895],[-1.52443183322458,51.4428531831803],[-1.524421797574,51.4429883796695],[-1.52439675448256,51.4431832209982],[-1.52432451465454,51.4440992856938],[-1.52429123761065,51.4445189793428],[-1.52421978346201,51.4454836927939],[-1.52484051465511,51.4498861864139],[-1.52483832428337,51.4499586516576],[-1.52485519258394,51.4501499762861],[-1.52490861693905,51.4502715827433],[-1.52527206077347,51.4507505228647],[-1.52532034540985,51.450812762219],[-1.52544294818895,51.4509247578274],[-1.52559859376814,51.4510422822833],[-1.52577598529802,51.4511723033239],[-1.52598425437224,51.4514059449979],[-1.52912288863622,51.4552513728255],[-1.52911662024835,51.4552871350505],[-1.52907203495841,51.4555077462164],[-1.54839018913458,51.4606558348025],[-1.55952593937496,51.4697386043729],[-1.56158295445419,51.4763785698125],[-1.56683051540033,51.4769303233408],[-1.57044904662374,51.486274148803],[-1.58229087127299,51.4941117956833],[-1.58806412526132,51.5135028993256],[-1.58470801107569,51.5249121183388],[-1.60281908100538,51.5182939231226],[-1.61372143593795,51.5365110195415],[-1.63413177355139,51.553265517361],[-1.64768626504516,51.5719347085607],[-1.65504259728401,51.5764933599863],[-1.67654765821201,51.5693909366413],[-1.68400935507576,51.572804616015],[-1.69111065938545,51.5835237268059],[-1.69042935937104,51.5843869323527],[-1.68475642339567,51.5903268866521],[-1.69061673406566,51.6054499281008],[-1.68131999668135,51.6135616170504],[-1.6749552846623,51.6117512678137],[-1.66700965139022,51.6162644730941],[-1.67373615894307,51.6228498656456],[-1.65995432000758,51.6349908717091],[-1.66330747014688,51.6399305207133],[-1.67564787950632,51.6414110354453],[-1.68627335008817,51.6523816384785],[-1.69193809184422,51.6521645865553],[-1.68849517464084,51.6567879881751],[-1.69062315863403,51.663783582464],[-1.70018909588819,51.6707416640529],[-1.69651831061135,51.6821163764542],[-1.68305860763384,51.6901103599566],[-1.67601545528862,51.6884070398009],[-1.67520821810946,51.6825352398647],[-1.66845860139018,51.6804375689642],[-1.64825374342062,51.6840870658459],[-1.65743813962788,51.6964513211231],[-1.6646996737265,51.6968786936753],[-1.6861662033357,51.7101759442565],[-1.69370645393313,51.7215879161959],[-1.69581834766911,51.723772915203],[-1.68550782018289,51.7306341682843],[-1.6870208353919,51.7398840228322],[-1.69486551241876,51.748575012994],[-1.70070464063817,51.7705842299967],[-1.71948863302901,51.7832118276915],[-1.68375295466747,51.8013375241318],[-1.67685963544216,51.8170246741067],[-1.68112008394852,51.8160526636066],[-1.68646159226861,51.8344557908918],[-1.67638499897572,51.8503096854222],[-1.67869369640775,51.8529225175955],[-1.68635122945085,51.8662923526775],[-1.66711188278055,51.8770000576877],[-1.66895716387556,51.8815043774707],[-1.6586519744456,51.896551192631],[-1.64488272263789,51.8946007643952],[-1.63325262377541,51.8995830300291],[-1.63392765972339,51.9052998110188],[-1.63484112597183,51.9128831119397],[-1.6448892968022,51.9137157984115],[-1.64118208193421,51.9215618306361],[-1.64552984349675,51.9222942559287],[-1.61518893058729,51.9376816289697],[-1.63249065036283,51.9556514579195],[-1.64892655470324,51.9589248385571],[-1.65536694409537,51.9575034676202],[-1.65237458389309,51.9615118623224],[-1.66252911046192,51.9640049466649],[-1.66894325930551,51.9752727366586],[-1.66575430454863,51.9874888210715],[-1.63831467408256,51.9751718369391],[-1.61234247849955,51.955403416263],[-1.5916338243768,51.9704499705292],[-1.60030155963125,51.9769415553217],[-1.58057305586184,51.9729959908424],[-1.56353907898642,51.9770403695739],[-1.5496712341503,51.9808596581308],[-1.55722360987893,51.9916576647463],[-1.54174159477537,51.9964320593799],[-1.52792904821891,51.9917543149357],[-1.52282569381325,51.9968433223434],[-1.51020903963635,52.0254963248403],[-1.49735329861192,52.058954541848],[-1.49934270438866,52.0635996652849],[-1.50185527404318,52.0716266297433],[-1.4906652806865,52.0771353198176],[-1.49435496612554,52.0822274591345],[-1.48560745557967,52.0877334385848],[-1.48780444309778,52.093957432128],[-1.48006671913531,52.0935584784034],[-1.47730164801721,52.1013509440553],[-1.46755929874001,52.0970564711678],[-1.44718785165916,52.097625032042],[-1.45158043141816,52.114449445239],[-1.42074614443755,52.1178181094561],[-1.40389417532836,52.1100898588922],[-1.38539981246728,52.0941455721548],[-1.37442365977537,52.0997260018082],[-1.35776965526573,52.10131042365],[-1.36518340095581,52.1113018412119],[-1.3703665205399,52.1127178344561],[-1.37084214071868,52.1175341825775],[-1.39070028494808,52.1167889388405],[-1.39330253064253,52.1189629040259],[-1.38546286731994,52.1284031599991],[-1.36614709694777,52.1360752375012],[-1.34870798028103,52.1351321985152],[-1.34993649836799,52.141591801212],[-1.34104036067521,52.1448563441117],[-1.34345868249695,52.1532350087389],[-1.33400533044645,52.1590808603135],[-1.3318971346503,52.1684850552835],[-1.30642973044051,52.1455530821597],[-1.3084327474021,52.1435085998079],[-1.27682955803015,52.1170764121788],[-1.25292760020494,52.1038744790221],[-1.24795234966775,52.0957548064752],[-1.27166878436765,52.0979399002611],[-1.28724043114519,52.0926102299929],[-1.30801927454681,52.092282884113],[-1.32086888626735,52.0875688479362],[-1.32054194077096,52.0821953204239],[-1.31661509018271,52.079605722715],[-1.29936065291899,52.0801015004395],[-1.29750881413832,52.078056693896],[-1.30690320754818,52.0703135403279],[-1.30006694932791,52.0693633731008],[-1.30217547762678,52.065018871932],[-1.30770457510563,52.0642603216393],[-1.30737005834532,52.0575754470874],[-1.31292004347286,52.0514526625255],[-1.30907966545241,52.0487928540207],[-1.29644459613463,52.0408621365326],[-1.2916993923757,52.0309780001737],[-1.29431272330077,52.0280357029498],[-1.28531659980946,52.0264773074783],[-1.27816401885651,52.0142726684525],[-1.2786317866307,52.0113677963274],[-1.28452102411918,52.0108219634969],[-1.27706599557563,52.0053594549642],[-1.2834150014834,51.9994590088566],[-1.28299500012452,51.9915127669271],[-1.28882904917296,51.9897442604017],[-1.28269238868885,51.9792472686717],[-1.2808650876571,51.9823640575102],[-1.26091547858507,51.9809261478638],[-1.24161223468245,51.9862933629289],[-1.22970036353007,51.9813672873228],[-1.20064173500788,51.9779449483657],[-1.19625975033443,51.9774314422917],[-1.19069010919795,51.9815229342576],[-1.17605459021517,51.9820454247069],[-1.16382348465592,51.9934122258321],[-1.15665084555343,51.9922344476678],[-1.13432869833779,51.9972963869661],[-1.13125300387364,52.0048847612761],[-1.11808639729751,52.0154261711703],[-1.13615988100238,52.0200657653404],[-1.13118628599119,52.0328462166026],[-1.11722422057839,52.0473450432482],[-1.08327537226131,52.0523610918057],[-1.07665188380507,52.0588513135289],[-1.07165653508678,52.0581350803897],[-1.06206502018462,52.0627354070484],[-1.05295894974226,52.059660412825],[-1.04004871367694,52.0659243082123],[-1.03094696358392,52.0628971973759],[-1.02640491077933,52.0644170276332],[-1.02980217712759,52.0701882492239],[-1.04206410377149,52.0739350792693],[-1.02631813741674,52.0756755631199],[-1.00757844612401,52.0720956580078],[-0.967805300661276,52.0709109272462],[-0.960762853813877,52.0786443618835],[-0.951872932630787,52.0815336213379],[-0.940055794165603,52.0758419446064],[-0.94439062513629,52.0700320748176],[-0.939279156357086,52.0673536609106],[-0.939316084838664,52.0621597882973],[-0.933744232825951,52.0626364573007],[-0.9378800409838,52.0612019000316],[-0.930207238809054,52.0431269416399],[-0.906030231113269,52.0212211082569],[-0.890117418394569,52.0315336010724],[-0.88318593227775,52.0282600492939],[-0.877557824518293,52.0299049686966],[-0.871273944930241,52.0402199265888],[-0.867734173262596,52.0462209348997],[-0.859422789604718,52.0446022383552],[-0.852901031825707,52.0499974306262],[-0.863016447635707,52.0602718713451],[-0.853076200507597,52.0643474947701],[-0.839594622604854,52.063795932375],[-0.831313005313099,52.0720063376628],[-0.846712543491745,52.0915087025577],[-0.854779097883618,52.09235438876],[-0.857917320685032,52.0975079509169],[-0.869530890831007,52.1000376594131],[-0.865270163728431,52.1029376742696],[-0.871472753510848,52.1117797310542],[-0.887033141552335,52.1142149331636],[-0.879893431158994,52.126633690271],[-0.869005114170011,52.1306481135211],[-0.853529246702118,52.1316736990081],[-0.846738589125484,52.1294100265076],[-0.828204674516664,52.1326105518988],[-0.831966629471785,52.1436835078038],[-0.814018926401135,52.1424745134984],[-0.807587882658753,52.1569790134712],[-0.80195676837323,52.1586788059723],[-0.792091270533438,52.1513294595377],[-0.777975100575612,52.1687324920773],[-0.76533176234871,52.1710991317795],[-0.762047571674838,52.1634464282375],[-0.756810334647392,52.1674498419171],[-0.749734768722189,52.1668767675297],[-0.705455584072188,52.1915706998724],[-0.684788350101691,52.196355074003],[-0.668135637658982,52.1950341108626],[-0.657448076334108,52.1897753443553],[-0.6431603115272,52.1888448610225],[-0.639510057352226,52.1834349060471],[-0.627446652788111,52.1815454674071],[-0.628254510983892,52.1725363408657],[-0.634929311912925,52.1680667407081]]]},"properties":{"FID":29,"PFA23CD":"E23000029","PFA23NM":"Thames Valley","BNG_E":462576,"BNG_N":202253,"LONG":-1.09561,"LAT":51.71552,"GlobalID":"53c8c02a-cb61-4348-a1cf-4f0d1b3e8452"}},{"type":"Feature","id":30,"geometry":{"type":"MultiPolygon","coordinates":[[[[-1.28292173108355,50.7297199501257],[-1.29097776317691,50.7087599850781],[-1.29221801179883,50.7055315436353],[-1.2915935863307,50.7018907965874],[-1.29147837979288,50.7015863631839],[-1.2904035127196,50.6987458874283],[-1.29002539481171,50.6977383729455],[-1.28970932023614,50.6991447161745],[-1.28940528123827,50.7004883410799],[-1.28937649338021,50.7006149267137],[-1.29102720186447,50.7065579499544],[-1.2910865053432,50.7067779260642],[-1.29069620847157,50.707416258355],[-1.28988576272063,50.708569713003],[-1.28927552572651,50.7097396267222],[-1.27606852402623,50.7313555551715],[-1.27563520980144,50.7317242862666],[-1.2758753922053,50.7319370709858],[-1.28638294741161,50.7405506755885],[-1.28658256713662,50.7412257533643],[-1.29042653829969,50.7542205740056],[-1.2904659050356,50.754353615722],[-1.28833993342054,50.7629644117407],[-1.28013544409682,50.7654610079014],[-1.2758130342865,50.7657541325591],[-1.26790748521975,50.7629059045769],[-1.2571534494477,50.7557048406661],[-1.25683091761488,50.755323256597],[-1.25661120327659,50.7550633115084],[-1.25514129269615,50.7545589675334],[-1.24546624161763,50.7496559336621],[-1.24477243527321,50.7490110247315],[-1.23922967723529,50.7438581078603],[-1.23864368242142,50.7437242219467],[-1.23860144693855,50.7437145719982],[-1.21415662674439,50.7381261891408],[-1.2144299060791,50.7376436268329],[-1.22354249407228,50.7313597993964],[-1.22440702615044,50.7283275648818],[-1.22509348453052,50.7259196172347],[-1.22546148760161,50.7246286543127],[-1.22493994489551,50.7253106984914],[-1.21988791313422,50.731916383224],[-1.21755528485512,50.7349656488234],[-1.21612333137367,50.7349054308554],[-1.18266124964741,50.7334932026085],[-1.17463083322513,50.7333838587731],[-1.161825348704,50.7332095313821],[-1.16017581176672,50.7331869884517],[-1.15570871879172,50.7320600703934],[-1.15120799506012,50.7309244347819],[-1.15037252439377,50.7307135822519],[-1.14489925791069,50.7293320697066],[-1.14375395859592,50.729042941227],[-1.13766277655994,50.7272797348909],[-1.13684937604013,50.7270442472956],[-1.10970780844137,50.7215633037039],[-1.10156348915349,50.7076694689468],[-1.10139366644967,50.7073796893467],[-1.09779900643064,50.7061351911383],[-1.09614291250082,50.6942314089043],[-1.1038876421946,50.6962619782948],[-1.10283024136577,50.6997835935563],[-1.10797011947732,50.6938516664006],[-1.10826190426559,50.6935148670565],[-1.09830798399017,50.6905120242449],[-1.09551329097405,50.6936652064831],[-1.09485021420764,50.6944132659654],[-1.09362054763937,50.6958004573975],[-1.08376573300926,50.6946184065946],[-1.08191231528408,50.6941739376353],[-1.07067279078109,50.687928241152],[-1.06983492669321,50.6838808681837],[-1.09470570418184,50.6719836599657],[-1.09763838860091,50.6658298781028],[-1.09805247534114,50.6652268156224],[-1.10894638097618,50.665509215311],[-1.10903181065206,50.6654969218498],[-1.10931640283207,50.6654559676493],[-1.13259640027527,50.6621032851691],[-1.15190026551263,50.6543604642162],[-1.15223278405754,50.6541652171677],[-1.15259660267148,50.6539515884185],[-1.16008372843054,50.6495545668114],[-1.16045416271274,50.6493369855962],[-1.16600294388731,50.6440041747375],[-1.16901549994875,50.6368424549113],[-1.17069478022835,50.631332995464],[-1.17070370281314,50.6312843249786],[-1.17336418154552,50.6167652722397],[-1.17521452245115,50.6068372100724],[-1.17523462834664,50.6068142530162],[-1.18260622067861,50.5983951851549],[-1.19621872408103,50.595115375823],[-1.20479800447761,50.5930448394714],[-1.24988523038878,50.5808819708979],[-1.26909458737348,50.5795685771603],[-1.29964623292,50.5759040273835],[-1.30349596566832,50.576488266453],[-1.31816381545215,50.5894543077931],[-1.33946516395556,50.6017897881434],[-1.35225181481676,50.6062401407416],[-1.36689766421087,50.6135827609473],[-1.37457292420351,50.6180185624226],[-1.38404342543261,50.623490104991],[-1.3892955552381,50.6267980057721],[-1.39026829356965,50.6270901676578],[-1.39032489163218,50.6271181573593],[-1.3925430738532,50.6277340080545],[-1.43568422703762,50.6401561865775],[-1.44726963068313,50.6434882930824],[-1.46396378689947,50.6523049575956],[-1.46416381380249,50.6524430549833],[-1.48518299364819,50.6669477965988],[-1.5110357638081,50.6700032650005],[-1.53242539017221,50.6667926565701],[-1.57890192134537,50.6601481816179],[-1.58654257502514,50.6631252717928],[-1.56990976216507,50.6653619569214],[-1.56982476836565,50.66555623474],[-1.56933009307736,50.6656281259125],[-1.56957111162001,50.6735198234775],[-1.54897819354726,50.6778656665697],[-1.5482386854764,50.6786745295074],[-1.54799756229198,50.6787323824554],[-1.54785842448536,50.6790904411008],[-1.53825131911865,50.6895953952219],[-1.53820388613848,50.6897371040281],[-1.5375993989851,50.6915429892959],[-1.53560781796028,50.6920347905299],[-1.53205550950461,50.7019902008604],[-1.53132129784528,50.7023697608097],[-1.52379131514764,50.7062618242684],[-1.50298577036132,50.7067351420544],[-1.50967039709627,50.7058149548162],[-1.50457226778353,50.7046764153411],[-1.50493588646663,50.7013321945853],[-1.50279396415519,50.7030208214389],[-1.50338109431954,50.6971215635769],[-1.50226385442806,50.6995360184196],[-1.4998352834462,50.6979536864391],[-1.50340420336797,50.6968893360331],[-1.50802907347937,50.6960305693783],[-1.50388639105037,50.695140834682],[-1.50509146036756,50.6936671917479],[-1.49905982817654,50.6942186606568],[-1.50194540847583,50.6952442032627],[-1.4980086136445,50.6980098451588],[-1.4978537377953,50.6981186373015],[-1.50134966395385,50.7009673574149],[-1.50004609967704,50.7007141170057],[-1.49743812617385,50.7002074202595],[-1.4967568814384,50.702704483186],[-1.50100840509995,50.7017271699998],[-1.50391018583695,50.70567304273],[-1.49345418036404,50.7069017426677],[-1.48713261322507,50.7068166361971],[-1.47627447714229,50.7089184049169],[-1.47011842537386,50.7096403862143],[-1.43468636472833,50.7232910598395],[-1.42739150448695,50.7260990914158],[-1.41678849484339,50.7253236270646],[-1.41205712689479,50.7245604154246],[-1.42116745370044,50.7246726916925],[-1.41275785347375,50.721136086679],[-1.41307372387169,50.7204622729117],[-1.41826181648191,50.718882992623],[-1.41378584225005,50.7189431070826],[-1.41552221709986,50.7152384506324],[-1.41674834731595,50.7137464029653],[-1.41604754022863,50.7141175184287],[-1.41352937171056,50.7154509405222],[-1.41303627021256,50.7035437485043],[-1.41290007072832,50.7115098054481],[-1.4070236541655,50.7085558837714],[-1.41219349002374,50.7143415835933],[-1.40244361442605,50.7092928256688],[-1.39972328970796,50.7107770630934],[-1.40929456323759,50.7159082201788],[-1.4099015090023,50.7164919353497],[-1.40809915928242,50.7188656487179],[-1.40836135968065,50.716836269082],[-1.40394236051302,50.7208491400326],[-1.39989415065201,50.7165918031101],[-1.39742936720994,50.719174385758],[-1.39226301873653,50.715532389326],[-1.37952121530057,50.7163383087813],[-1.37667300499211,50.7106468057879],[-1.37932903706301,50.7174628252164],[-1.36992457213877,50.7198235943614],[-1.38924155968313,50.716634277893],[-1.39521034127393,50.719744702501],[-1.38971857547376,50.7200076073489],[-1.39277235648464,50.7227095154764],[-1.38614325931585,50.722636044908],[-1.40008250348922,50.7241467388068],[-1.3959829009903,50.7263224586354],[-1.40115555458431,50.7272152184419],[-1.4078078343547,50.723813131089],[-1.40947513968831,50.7251221705117],[-1.4087784193846,50.7255858020292],[-1.35332978714586,50.7390865604206],[-1.34611916982093,50.7464637914217],[-1.34596264747159,50.7466238986169],[-1.34253342798235,50.7526405277117],[-1.32807907917599,50.7579520287221],[-1.32030326132634,50.7652017964849],[-1.31974876712288,50.7653899923082],[-1.3115190765548,50.7666881210599],[-1.30810271485037,50.7672164234634],[-1.29993225634406,50.7669538882281],[-1.29543530883191,50.7600150509805],[-1.29537672870629,50.7599787400939],[-1.29274446613483,50.7583470754127],[-1.29218869371711,50.7580025487089],[-1.29253971576834,50.7564445771013],[-1.29383038663976,50.7507151452024],[-1.29385961796168,50.7505853640006],[-1.28776132678747,50.7341389720291],[-1.28745856317761,50.733862550393],[-1.28292173108355,50.7297199501257]]],[[[-1.09259884047015,50.8150475317129],[-1.10164342831192,50.8136706101516],[-1.09803663842497,50.8203004373683],[-1.09259884047015,50.8150475317129]]],[[[-1.00531638074112,50.8337934113197],[-1.00237994162694,50.8293239689987],[-1.00897035920441,50.8333163600221],[-1.00531638074112,50.8337934113197]]],[[[-0.96910319746011,50.8345330488794],[-0.970280425601462,50.8307259117336],[-0.963643218391542,50.8334334163732],[-0.957278996215084,50.8313092648],[-0.951026190824232,50.8239788880996],[-0.957602769372298,50.815798451951],[-0.957057022449932,50.8073429334254],[-0.961209020723093,50.8113512200491],[-0.971052405120429,50.8106424409905],[-0.961723438876531,50.809272118543],[-0.965169303953304,50.8065211656047],[-0.970987782049813,50.8079683480807],[-0.971313739605224,50.808049409123],[-0.973387965922701,50.80879695544],[-0.971467190102528,50.8063943585184],[-0.970882114188852,50.8056624636445],[-0.968970797226884,50.8027409172838],[-0.958607335379369,50.8047011723958],[-0.952744881946138,50.8010677664928],[-0.95706379383582,50.7991243570385],[-0.955824634932635,50.7948796471106],[-0.955484265733958,50.7937135844154],[-0.96273510069016,50.7894579877714],[-0.96786139643599,50.7901490906391],[-0.967338515464135,50.7871525640212],[-0.957552236915261,50.7897877478385],[-0.95130748967383,50.786906250576],[-0.951194460507159,50.7842172605302],[-0.961422624532384,50.7822249939807],[-0.949271372155985,50.7831207995632],[-0.943205639509742,50.7867127095724],[-0.937011508039178,50.782532335031],[-0.936808134788176,50.7868111146276],[-0.936469449377521,50.7781541096916],[-0.9464554455599,50.7771267851716],[-0.97870224215091,50.7826256043365],[-0.991125074537772,50.7835286223966],[-1.00705723302044,50.7849879871001],[-1.00856664028997,50.7847941763614],[-1.02018584338791,50.7856357770951],[-1.02533099192435,50.7953983373186],[-1.02422897372883,50.7954714565273],[-1.01988901418045,50.7957593112073],[-1.02022574538205,50.7954379452022],[-1.0219476832304,50.7937944960562],[-1.01759437014897,50.7924512765454],[-1.01731594851385,50.7951774013367],[-1.00586428314064,50.7932872746079],[-1.00136170080273,50.7952779736957],[-0.994896275669133,50.7981358972598],[-0.983331962594238,50.820759156309],[-0.986794980331782,50.8269018327409],[-0.977813484675785,50.8329906049692],[-0.96910319746011,50.8345330488794]]],[[[-1.04413719716249,50.8313603396871],[-1.04235340140659,50.815641907004],[-1.04229269839533,50.8151067627567],[-1.03924330210301,50.7983779737646],[-1.03887485682086,50.7969144786154],[-1.03854143725673,50.7955900286861],[-1.03830522643681,50.7946516766106],[-1.04400290835515,50.7901642864033],[-1.03808270131539,50.7910718423425],[-1.03199334450838,50.7920050015499],[-1.03065982897167,50.7955249604126],[-1.03209702078451,50.7867846224977],[-1.08180212667615,50.7781580260764],[-1.08922258843155,50.7777007016237],[-1.10090378193628,50.7850567217997],[-1.10967244295408,50.7915422205449],[-1.10567528259217,50.791115066322],[-1.10862644907642,50.7961466909748],[-1.10875613260052,50.7963677694575],[-1.10883211974156,50.7964973084643],[-1.10584452200622,50.7970434843218],[-1.11124937487272,50.7985380766537],[-1.11151248696923,50.8069645902954],[-1.10373774415546,50.8057018432061],[-1.10399281701702,50.8104700595753],[-1.09250445039372,50.8091761810638],[-1.09133832534436,50.8090447808352],[-1.09049054528629,50.8116272396763],[-1.09685880773377,50.8112927629952],[-1.09120966830241,50.8148019506299],[-1.09065466822102,50.8168462578166],[-1.10021521689139,50.8269101105464],[-1.0960895515273,50.8281253226751],[-1.09307798182057,50.8290122862246],[-1.09151182536288,50.8281564695765],[-1.08775794158093,50.8261049073185],[-1.08561071785047,50.8249312583334],[-1.07660783193164,50.8367971223187],[-1.05475204494628,50.8334048763066],[-1.05471109353064,50.8333981530624],[-1.04950585573593,50.8325435156171],[-1.04413719716249,50.8313603396871]]],[[[-1.0184837675862,50.8381658491997],[-1.010246324836,50.8349576637902],[-1.01695548979847,50.8368867299232],[-1.02337052553868,50.8333260027617],[-1.02136385530237,50.8370743885552],[-1.0184837675862,50.8381658491997]]],[[[-1.0753544812762,51.3795243012816],[-1.08002237625985,51.3746035596442],[-1.0725115572378,51.3752760686281],[-1.0657744764435,51.3723210806738],[-1.05151449560562,51.3626264374476],[-1.05008141284422,51.3581091660833],[-1.01112286862309,51.3591698867717],[-1.00022284298636,51.3626680790694],[-0.986123750530059,51.3628482876459],[-0.986740059567131,51.3598556239045],[-0.939153417482029,51.3631715617098],[-0.935989361556512,51.3663170654439],[-0.91774780994922,51.3645565781981],[-0.91507574631754,51.3607860291111],[-0.878057285570353,51.3526294424531],[-0.868079993860958,51.354749294895],[-0.847771700849635,51.352476998149],[-0.842861529527882,51.3522712303791],[-0.837373716901633,51.3528861216693],[-0.828124465613097,51.3528639177937],[-0.819049123216077,51.3488297869799],[-0.814080123581975,51.3415651983837],[-0.794929000441769,51.3409595957919],[-0.784650940252848,51.3382320792314],[-0.775466206963731,51.3319589023235],[-0.767093450444421,51.3262248889107],[-0.76290312001552,51.3187305287345],[-0.758290665728951,51.3159255205987],[-0.746389271536856,51.3106181532486],[-0.745653331661332,51.3100329393765],[-0.73940050358514,51.2989393610742],[-0.733348692015766,51.2817911199571],[-0.731093833410657,51.2803620904564],[-0.731633239888027,51.2667907043195],[-0.733300634776546,51.2597214722293],[-0.730489797425043,51.2548997693372],[-0.738085619476202,51.2417416511154],[-0.735786072535465,51.237680163777],[-0.745540379663864,51.2304563892127],[-0.758721096594631,51.2338809757167],[-0.767649683901415,51.2360692822558],[-0.767694290919479,51.2360713464522],[-0.775904725480821,51.241934871859],[-0.786747535986154,51.2418526338968],[-0.78690052685688,51.2418650981557],[-0.787916600999084,51.2420716053073],[-0.801740042684925,51.2390387624338],[-0.804749572959298,51.2450647466771],[-0.820778172016609,51.2392708257608],[-0.82078195444492,51.2355974415194],[-0.820797807161021,51.2354482761719],[-0.826633225553006,51.2343667617307],[-0.828470054882975,51.2306812585194],[-0.829099799662045,51.2254048287809],[-0.84892972737272,51.2107327274308],[-0.845531498131086,51.2001342235191],[-0.839291933391315,51.1963351649245],[-0.827180989704899,51.1846570916431],[-0.826555765189442,51.178564679059],[-0.834182386405469,51.1476005966228],[-0.828350704768299,51.1452806556147],[-0.817367734948183,51.1477566182045],[-0.804700413985953,51.15535434402],[-0.794395940028727,51.1497590869143],[-0.791102898718987,51.1392354381834],[-0.781052812702169,51.1352176517365],[-0.78087839586483,51.1280965523124],[-0.780659375393414,51.1277925473616],[-0.769171149731089,51.1170882665256],[-0.74549512326378,51.1122043381444],[-0.744587902767519,51.1064568268859],[-0.749272690128818,51.1032459057159],[-0.759487797443228,51.1032484282706],[-0.75530028203224,51.0948050912418],[-0.758900251643686,51.0908469512989],[-0.753474893729619,51.0864535011472],[-0.780801795334142,51.0793519422747],[-0.79778120448179,51.0635461216652],[-0.811589955153198,51.0629463701071],[-0.814471204372511,51.0666712475111],[-0.817363131708696,51.0612045210469],[-0.826390999983579,51.0613422060478],[-0.829053335964811,51.0677804755171],[-0.83733178880053,51.0691930690675],[-0.843670929195131,51.0662789553777],[-0.850112518105728,51.0593363059901],[-0.852810677861577,51.0448433191519],[-0.882656626136724,51.0268621350915],[-0.894505276084098,51.0234955911949],[-0.898507475250597,51.0176674456155],[-0.893346615712615,51.002742984694],[-0.899688861734,51.0012534008839],[-0.90562358116621,50.996805856905],[-0.917692250586421,50.9786643723239],[-0.915525088573463,50.9706127630434],[-0.929273352015579,50.9583474375361],[-0.926519786017214,50.9525271317998],[-0.931847105710517,50.9455804283938],[-0.942110087824929,50.9428940851915],[-0.935318749444102,50.9411031242872],[-0.931185017781261,50.9352829279116],[-0.924013258512923,50.9241990382359],[-0.940245276386778,50.9180541120271],[-0.957585094925949,50.8906069913416],[-0.938656962420833,50.873714551368],[-0.926450186989275,50.8640917198044],[-0.932781162281535,50.8532326210816],[-0.932217173077177,50.8455869697566],[-0.932477907919786,50.8460494372293],[-0.93220020673003,50.8434277007055],[-0.937570439115519,50.8444106095429],[-0.940011964415762,50.841907570948],[-0.951230558650446,50.8440161323528],[-0.956186029832178,50.8396935399286],[-0.957890657690773,50.839937153532],[-0.974458244173659,50.8423034842743],[-0.981420804407408,50.8349280849224],[-0.983378082881504,50.8382384435697],[-0.987563130070159,50.8399529326324],[-0.985976018285814,50.8378230536424],[-0.989645058966675,50.8376588799219],[-1.0011889802698,50.8436684839342],[-0.996649738802726,50.8466394932584],[-1.00090882606922,50.8448818979122],[-1.00100733444943,50.8504338519332],[-1.00078254751953,50.8513917364961],[-1.00193191360388,50.8504785165966],[-1.00240112825266,50.8494379609016],[-1.00318819948421,50.8430192268921],[-1.01990951706716,50.8431977122986],[-1.02064372328956,50.8391965999182],[-1.02116045045486,50.8383058508389],[-1.02186613625835,50.8373129419327],[-1.02407161171292,50.8329368052142],[-1.02412894889485,50.8263225588785],[-1.03489519311751,50.8293078650345],[-1.03628568799817,50.8353744535101],[-1.04411850438351,50.8321365884638],[-1.05427651686186,50.8338898436624],[-1.07879231501581,50.837217222719],[-1.08916845299701,50.8285950927072],[-1.08844354729689,50.8302599281273],[-1.08791389036834,50.8313502097718],[-1.09497544927682,50.8313345601044],[-1.1062757985556,50.8378619572434],[-1.10327975271944,50.8464001747544],[-1.11384209901434,50.8467994425545],[-1.11181792283721,50.8435013882665],[-1.11604956800975,50.8438497068932],[-1.11608577739555,50.8412684984864],[-1.11310761902447,50.8363575401753],[-1.11296050356456,50.8361149207547],[-1.11300579750745,50.8361127268822],[-1.12224724189401,50.8356648052366],[-1.13687579853329,50.8383095662733],[-1.13695335037079,50.8383235816158],[-1.14922029129127,50.8405397160052],[-1.15212864755363,50.8410649158116],[-1.15232758004773,50.8411134844971],[-1.15378329778755,50.8447728509702],[-1.15382407238451,50.8447639546006],[-1.16769541378484,50.8417363775611],[-1.17267102974854,50.8406498675857],[-1.17556460124244,50.8458741148488],[-1.17572208867964,50.8461584149991],[-1.17672068235319,50.8479610202608],[-1.17613930599273,50.8479845881032],[-1.17604326492637,50.8479884810711],[-1.16925900270228,50.8482632735847],[-1.16825909204994,50.8503237302064],[-1.16698654697926,50.8529458466725],[-1.16936933199848,50.8495645061677],[-1.17628117767947,50.8490393248171],[-1.17637859969686,50.849031918939],[-1.17887304879411,50.848842277155],[-1.17896540896825,50.8488352542921],[-1.17899497774783,50.848700798368],[-1.17574846865719,50.8421113891865],[-1.17934678604644,50.8374759789633],[-1.17937389899321,50.8374410474969],[-1.1783921243022,50.8380006351359],[-1.17778098763187,50.8383406004223],[-1.17614813205093,50.8392682027068],[-1.17609982788125,50.8392603342945],[-1.16645190474856,50.8376882225432],[-1.16650488200634,50.8347173395904],[-1.15895270004383,50.8384824849203],[-1.15851898559863,50.838698679374],[-1.15167107062104,50.834151608739],[-1.15009388928196,50.8331041575077],[-1.15011332414973,50.832351066003],[-1.15025735291431,50.8267689357923],[-1.15479339943076,50.8245398836475],[-1.15503754523539,50.8244198969221],[-1.15712788560855,50.8233925416846],[-1.14950048779999,50.8251268958744],[-1.14577959503564,50.8259727331584],[-1.14094385341218,50.8163066239704],[-1.14019058573636,50.8158610623938],[-1.14007426252031,50.8157922558244],[-1.1238152813139,50.8061718815321],[-1.13120685541112,50.8051794300094],[-1.13606524840628,50.8045268267465],[-1.13444774522871,50.8021170489744],[-1.13382177040983,50.8022549020407],[-1.12373864023064,50.804126373458],[-1.12231569044576,50.8000049828556],[-1.12182887383154,50.7996419311656],[-1.12139100115174,50.7993153731576],[-1.11723046077293,50.7962122102125],[-1.11657262913995,50.7957215118509],[-1.11868510858975,50.7912132399556],[-1.12828138745148,50.7917700694053],[-1.12694717361466,50.7892852583005],[-1.13068465392429,50.788796998008],[-1.13622325447839,50.7903408379741],[-1.13399718157132,50.7887882774908],[-1.13180409650373,50.7872585997352],[-1.13863061979218,50.7851876818321],[-1.13712029039087,50.7851681443703],[-1.13297310336003,50.7851143998619],[-1.12686948545871,50.788290064915],[-1.12492200373915,50.789303164087],[-1.1243592829644,50.7895958830828],[-1.12405452373828,50.7895349764413],[-1.12328547005588,50.7893812748362],[-1.11641588726261,50.7880080658641],[-1.11309827756289,50.7913443969034],[-1.11224743658593,50.7892725664788],[-1.12393345372499,50.7822590767181],[-1.12475440568948,50.7821609172261],[-1.13811726437177,50.7738824887665],[-1.14986063190469,50.7783217008502],[-1.14996704660917,50.7783776742661],[-1.1503454677461,50.778576720667],[-1.1613737338442,50.7843760447997],[-1.17595372369704,50.7864525358867],[-1.18100073112445,50.7878676661254],[-1.19296466214431,50.7917934063374],[-1.19902465365587,50.7968024228435],[-1.21414762202561,50.8092966359292],[-1.21439285409934,50.809373573994],[-1.24289509871073,50.8183104926557],[-1.24315230735303,50.8182303318009],[-1.24617954297963,50.817286808195],[-1.26720873178314,50.8273701419371],[-1.26725973821362,50.8273874739377],[-1.30640856372924,50.8406796699191],[-1.30800554206901,50.845250300765],[-1.3033356212654,50.8485751024763],[-1.30772465610308,50.8631092541489],[-1.30782006296877,50.8634251570951],[-1.30575513753969,50.8743962576556],[-1.30541250312894,50.8746211880829],[-1.29634545988452,50.8792565562087],[-1.30204106567659,50.8836423255513],[-1.30009648579789,50.8854381750343],[-1.29798132835706,50.8870123437098],[-1.28774012504024,50.8917374990121],[-1.28711886167591,50.8953631010957],[-1.26551163849173,50.8977478623134],[-1.26524777971993,50.8979082597053],[-1.25600813620225,50.903523900663],[-1.26204541480661,50.9037363279866],[-1.26117552232237,50.90296497296],[-1.26102997247959,50.9028329772215],[-1.26282741094703,50.8997822503917],[-1.27907956849998,50.8972650484072],[-1.28081894997402,50.8993710294182],[-1.28023436203594,50.897164243611],[-1.28905479997748,50.896159062769],[-1.28981303548167,50.8937948632309],[-1.29112752114078,50.8924292810759],[-1.29352108337152,50.8927707771998],[-1.29469326596182,50.8929379959765],[-1.30511161554836,50.883073355982],[-1.30021014706779,50.8794641372247],[-1.31290116596401,50.8764449396822],[-1.31436532792582,50.8733554145085],[-1.31341119148967,50.8723719725914],[-1.31259122045942,50.8715267744088],[-1.30967770112268,50.868998327117],[-1.30970281120682,50.8684618312988],[-1.31313262762703,50.8650759483708],[-1.31243633005116,50.854773640051],[-1.31773824923346,50.8541867924472],[-1.31021533093694,50.8506652528003],[-1.31264952843521,50.8488674989926],[-1.33190855064143,50.8571056591698],[-1.36400845122415,50.8792775943923],[-1.36511119785051,50.880038751102],[-1.38312553935544,50.8893844750922],[-1.38275514180771,50.8972535783382],[-1.38272715993989,50.8978479431135],[-1.38245311047603,50.8979649582517],[-1.38252070466166,50.8981359625814],[-1.38483538441716,50.9039910631456],[-1.37178764435642,50.9119607996544],[-1.37216544078783,50.9122930057241],[-1.37233258322541,50.9124399758038],[-1.3767477171279,50.916321848389],[-1.38553512385367,50.9146851343794],[-1.38765250195773,50.9170200518224],[-1.37690718286638,50.9218468992228],[-1.38013320294887,50.9305303417324],[-1.38076652066406,50.9322294674654],[-1.38083238690649,50.9324061713278],[-1.38081673669763,50.9321911264976],[-1.38002211476626,50.9212709053789],[-1.38919343269586,50.9191656506232],[-1.38927097963852,50.9185332953549],[-1.38927415395492,50.9185074158517],[-1.38968402309308,50.9151647838416],[-1.37751590942638,50.9113063319423],[-1.388281272141,50.9050292952828],[-1.38827677235282,50.904879285875],[-1.38799378075025,50.8954432700669],[-1.39286115422394,50.8948878822274],[-1.38839278651565,50.8941828130695],[-1.39266401002129,50.8884031544274],[-1.39639054987442,50.8925600900212],[-1.39327084197526,50.8830557238962],[-1.39948910086346,50.8883325031717],[-1.39902240076432,50.8945485156857],[-1.4008217835614,50.8902853813678],[-1.40354168653182,50.8956283718855],[-1.41672703874445,50.9005645154562],[-1.41780819432377,50.9009000486203],[-1.41823157215843,50.9010314385022],[-1.43248580173196,50.9054537044529],[-1.44044254559556,50.9079211619149],[-1.44096436395827,50.9080829545675],[-1.44102960918324,50.9080567557108],[-1.45098061575981,50.904060284871],[-1.46460328150534,50.9099991002733],[-1.46475794248893,50.9101586767226],[-1.4734557353797,50.9195480996458],[-1.47357447694535,50.9196762508466],[-1.47424537405561,50.9204002994193],[-1.47499020580158,50.9212041076555],[-1.47527296569346,50.921509247349],[-1.47872454973045,50.9252336289605],[-1.47879054718314,50.9254015367123],[-1.4792628151023,50.9266028341068],[-1.48273081237447,50.9248774423874],[-1.47684595895595,50.9207208187585],[-1.47672932351917,50.9203421715838],[-1.47661240442159,50.9199625965723],[-1.47406984111189,50.9117064803979],[-1.47903921926408,50.9164474291177],[-1.47840958924323,50.9125903196234],[-1.47824152537295,50.9119762482886],[-1.46179951649547,50.9035723564651],[-1.46154165754307,50.9034405192651],[-1.45232700190617,50.9003481575212],[-1.44196390713837,50.9020536063344],[-1.43256703213584,50.8987538594522],[-1.42677738010354,50.896720263813],[-1.42570284415117,50.8947901921648],[-1.42184978337485,50.8950260969921],[-1.42040419499883,50.8916749596154],[-1.42007243382078,50.890905808387],[-1.40061852827747,50.8769979946571],[-1.39750161645737,50.8747685929374],[-1.4007682788813,50.8719465744454],[-1.3956900217931,50.8691012508123],[-1.39524622015575,50.8688157458126],[-1.38831643780869,50.8643570269555],[-1.38797912177433,50.8642422305253],[-1.3879035729799,50.8642165186344],[-1.38415504227134,50.8629256880768],[-1.37916017822496,50.860137831811],[-1.38156765730142,50.8590140242658],[-1.37337131815439,50.8569765428845],[-1.37678378257521,50.8538906726091],[-1.37236873614104,50.8552490495979],[-1.35270689897512,50.8481432502489],[-1.36051272275992,50.8429123519179],[-1.35169828700469,50.8465064081278],[-1.35407557728012,50.8419109530193],[-1.3505506411226,50.846300341187],[-1.34214108608634,50.844337646396],[-1.33456761751743,50.8374574897594],[-1.34033661393387,50.8344032185273],[-1.33924686541595,50.8264962254611],[-1.32605596145988,50.8275500068998],[-1.32838982133581,50.8239124871359],[-1.32346031211117,50.8276644263225],[-1.31930289699727,50.8244504575468],[-1.32038368009976,50.8218848952446],[-1.32751373597159,50.8239209110295],[-1.32099385013511,50.821118696139],[-1.3251065322057,50.8173108343428],[-1.32609137360718,50.8166025972424],[-1.32562670053028,50.8168866744591],[-1.32603319309803,50.8165546127218],[-1.31736600027667,50.8179278731914],[-1.31818317440812,50.8186661434869],[-1.31551898729036,50.821166756753],[-1.31023186390519,50.8170530045942],[-1.31398277932326,50.8158466834298],[-1.31150683479449,50.8134607269043],[-1.30744086373158,50.8192376733522],[-1.3071982719865,50.8191105363122],[-1.30858369298341,50.8148454678388],[-1.32779612288927,50.8029563141704],[-1.33225326620477,50.7976413287083],[-1.34201257536666,50.785998529688],[-1.35254465899792,50.7840052168139],[-1.35431476465195,50.7840996521811],[-1.38834171852129,50.7859099079882],[-1.4035166649674,50.783429379927],[-1.40738695376147,50.7852926571349],[-1.40052052768325,50.7843366301269],[-1.40872171757671,50.7866564238454],[-1.4050585181123,50.7913787243088],[-1.40788228442429,50.798049627938],[-1.4090043976988,50.8006999770733],[-1.41407717775816,50.8026563534093],[-1.41213932597076,50.8048695644862],[-1.42007071676618,50.8002997312803],[-1.41913978064879,50.8070647702691],[-1.42648516842019,50.8075715039221],[-1.42914271203759,50.8111258847745],[-1.43363730180274,50.8103478964208],[-1.43598402182996,50.8099415990117],[-1.43815496729156,50.8154393689608],[-1.44865489667803,50.8201377510072],[-1.45123020157255,50.8191570829918],[-1.44708843203064,50.8186267644427],[-1.44560904951305,50.8136018575282],[-1.43944344720225,50.8140436268187],[-1.43994200870571,50.8103356549442],[-1.43365539178804,50.8088485916559],[-1.42036434639748,50.8057031174892],[-1.42284487221729,50.7999565046242],[-1.41233384624114,50.8001026402433],[-1.41177698687587,50.7980694798636],[-1.40968829984566,50.7904418610205],[-1.41297158725193,50.7839505196354],[-1.39801800104047,50.7762815191866],[-1.39238464583862,50.7769293840684],[-1.39324967026289,50.7765922772864],[-1.39787740466305,50.7755262972691],[-1.40156694250097,50.773917666374],[-1.39924023367277,50.7742574031335],[-1.41875944267659,50.7666458539369],[-1.42192281000811,50.7661158386417],[-1.43419033402159,50.7644992110379],[-1.46210060719231,50.7608155966438],[-1.46494423854685,50.764843920427],[-1.46749147281216,50.7597978681937],[-1.51378626707686,50.753230456842],[-1.53007462189565,50.7579377163773],[-1.53534576800788,50.75946036263],[-1.53460469914663,50.7606868848835],[-1.53351362030499,50.7624925727845],[-1.53682655032701,50.7630918312697],[-1.53677524898031,50.7629206756907],[-1.53674926618202,50.761988186138],[-1.53666492514991,50.7589611094406],[-1.52756969797322,50.7532079728415],[-1.53166011739315,50.7487317208998],[-1.52586660501304,50.7494726872884],[-1.52592502725889,50.7445214988885],[-1.53065136131695,50.7424408476348],[-1.53732713542051,50.7451257463445],[-1.53523684296084,50.7418045672776],[-1.5411629470375,50.7399621004805],[-1.54135191494283,50.7399033419523],[-1.54111746013378,50.7399474962672],[-1.5343736420822,50.741217313672],[-1.53341830024103,50.7414006621013],[-1.53107393692561,50.7370180953137],[-1.54553614551933,50.7270107290004],[-1.55251560470508,50.7277248173069],[-1.55438335719048,50.7238068799077],[-1.55458712677326,50.7233793923661],[-1.56037866497127,50.7210982695117],[-1.56743309672146,50.7224795809156],[-1.56496841526405,50.7209689422284],[-1.57109798768622,50.7181858817618],[-1.57954323159501,50.7177228800433],[-1.55344754188993,50.7066036457846],[-1.55465092633221,50.7132299956582],[-1.55131103599474,50.710869574365],[-1.54853954899523,50.7081149323577],[-1.55238852159548,50.7061048773173],[-1.55456305781769,50.7062439387613],[-1.5820395989047,50.7182448113695],[-1.58291818539775,50.7186379309412],[-1.58369825434768,50.7189688554757],[-1.62817378530234,50.728870936599],[-1.63024991367073,50.7293398535672],[-1.64714019568721,50.733265100123],[-1.65647758532321,50.7340271654425],[-1.65818794554133,50.7343330468439],[-1.69174813705308,50.7372826640369],[-1.68464543168229,50.7438209191953],[-1.68181880176013,50.751850044785],[-1.72703528870617,50.7510146057316],[-1.74416871755885,50.7474553878365],[-1.74465615100658,50.7560727428087],[-1.73895962345847,50.7632705325318],[-1.74875861609301,50.7794491584214],[-1.77011733009873,50.7725488311536],[-1.76888155844042,50.7697829474974],[-1.77606489327831,50.766352846398],[-1.78342488463905,50.7646492685655],[-1.78827683003831,50.7668695229858],[-1.78786824551276,50.7788551157719],[-1.79752276226219,50.7838364017688],[-1.80096531345132,50.7918846651297],[-1.80596719919514,50.7920207950158],[-1.80086788601507,50.7941183010713],[-1.8039049599245,50.7959652088114],[-1.80137345969877,50.7997145033997],[-1.80973550034025,50.8049568620598],[-1.81183215095162,50.808730056342],[-1.80287359929401,50.8135120023341],[-1.80727369861198,50.8162998772227],[-1.80175630048349,50.8209758293368],[-1.8036350079783,50.8300239589019],[-1.79443681480999,50.8310295978743],[-1.79665510382449,50.8332214416555],[-1.79061492044422,50.8363141185068],[-1.80335858531726,50.8444766238506],[-1.79994285659937,50.8484492024429],[-1.80549765664633,50.8519909457727],[-1.80802778450622,50.8644598688691],[-1.81279020218292,50.864572785551],[-1.81483262735636,50.858701170704],[-1.82951847980606,50.8553189306476],[-1.85094373356272,50.8587249568276],[-1.85353926230969,50.8665050121757],[-1.84783218206065,50.8696864618405],[-1.84797723552525,50.8823391331597],[-1.84404328098034,50.8868294002315],[-1.84855553218411,50.8898873561065],[-1.83986988005767,50.8978900114317],[-1.82495317235721,50.8957706140675],[-1.8165419268142,50.9039481448891],[-1.82040716507336,50.9121059188026],[-1.81278395456333,50.9275197506395],[-1.82630054372418,50.9268698026976],[-1.84184002606343,50.9316803733843],[-1.85418452824258,50.9275113382312],[-1.86348818582137,50.9193888367659],[-1.87364432144964,50.9172258888636],[-1.8788026287397,50.9243256364139],[-1.9091834909372,50.9453266220774],[-1.92098608590854,50.9614955072735],[-1.92988882607699,50.967795802808],[-1.93921993599609,50.9696570530922],[-1.94482964651933,50.9757484465456],[-1.95546558071481,50.9782663317828],[-1.95683008078171,50.9898002876488],[-1.94993597428249,50.9823105862036],[-1.92787590068259,50.9976972344344],[-1.88674132171074,50.9995277353679],[-1.87448162937032,51.0063305721162],[-1.87423696403635,50.9876839781024],[-1.87398355229609,50.9844410360503],[-1.85280422195812,51.0050277115547],[-1.83581261899271,51.0094222619758],[-1.81542176154033,50.9859226497394],[-1.80758352883346,50.9920455127531],[-1.80031396441254,50.9913947995553],[-1.74710160601678,50.9779412043934],[-1.71957103083064,50.9767862616202],[-1.69765138187314,50.9604324307577],[-1.67688169474342,50.9496669661644],[-1.66165999760679,50.9452778916326],[-1.64637611512953,50.9494654489152],[-1.63496498191182,50.9592422023824],[-1.6233992105681,50.954637271241],[-1.61975086537986,50.9585669216435],[-1.60292975190204,50.9785041787189],[-1.61442566755805,50.9794812137995],[-1.61973084457042,50.9830349737378],[-1.61895853606211,50.9874001051109],[-1.62521299074386,50.9903307344927],[-1.62880469880737,50.9990945293125],[-1.61723097131332,51.0041820413101],[-1.60607793189018,51.0018978050281],[-1.61493013918541,51.0066564109872],[-1.60908820129309,51.0098131491787],[-1.60501407788256,51.0070055000826],[-1.59752363475861,51.0080554075024],[-1.6053674272659,51.0172581013493],[-1.60058342660973,51.0221750481415],[-1.61945709662409,51.0330594495547],[-1.63237574994688,51.032779708019],[-1.63496031495275,51.0408872621548],[-1.62780726975054,51.0781558152831],[-1.63409067492468,51.0854643007531],[-1.63731080993168,51.0921654713324],[-1.62710192526472,51.1027573341416],[-1.63079543039735,51.1128864833621],[-1.6263412733448,51.1173368726114],[-1.64065952476035,51.1254125340399],[-1.66297542061049,51.1271919933478],[-1.65461235514815,51.1519949630082],[-1.65704022775114,51.1593063778637],[-1.67236777184947,51.1785439063109],[-1.66945180584535,51.184806812074],[-1.66882042147437,51.1907592185769],[-1.69279238690395,51.2030498037815],[-1.69094296659371,51.2094950391057],[-1.68978806224739,51.2147685862798],[-1.66677152902693,51.2174443201397],[-1.65349635758962,51.2204676453189],[-1.63362097701599,51.2175905577841],[-1.61933558949838,51.2412178205934],[-1.61039319584532,51.2429796318858],[-1.60759078945477,51.2527924061638],[-1.60022661967832,51.2514380690411],[-1.60018632725542,51.2535243103417],[-1.57757201593558,51.2555795581159],[-1.54832920079631,51.247510459589],[-1.54426628025323,51.2450535778054],[-1.53595523193576,51.2486187191619],[-1.52982022728447,51.2605141190568],[-1.53056978423279,51.262616788609],[-1.54051263214595,51.2608334786388],[-1.53591642777953,51.2773039808653],[-1.54258390871829,51.2812507350614],[-1.53451117504177,51.2870924673936],[-1.52280740170925,51.2870580073228],[-1.52414658181275,51.2931609683434],[-1.5195537995102,51.2962417889219],[-1.52802242176449,51.299808201637],[-1.52595805280993,51.3060888512313],[-1.52775751374727,51.3128895620923],[-1.53356185391502,51.3162235794285],[-1.52750728243899,51.3384659569216],[-1.51628154811362,51.3393553048564],[-1.498298923396,51.3293760922954],[-1.42970566274725,51.3365441680575],[-1.44487844792262,51.3480976815456],[-1.44411579097067,51.3549138313727],[-1.42835517628905,51.3567668624853],[-1.41546606043354,51.3719890256577],[-1.3528796861532,51.367262472522],[-1.31671949065269,51.3729125987617],[-1.2734099090937,51.3675209619638],[-1.27069405183507,51.3688079745739],[-1.25113955136333,51.3720405285107],[-1.24157870021568,51.3662215301478],[-1.22258810103158,51.3697542321318],[-1.22102594300088,51.3675894010272],[-1.18928167836112,51.3633225273833],[-1.17689427560879,51.3573240529005],[-1.16962183241197,51.3607256866071],[-1.14413070856775,51.357263105998],[-1.11579091152374,51.3604661639621],[-1.1154571911925,51.3742149084953],[-1.0975173845647,51.3817259033378],[-1.08664067565436,51.383911204206],[-1.0753544812762,51.3795243012816]]]]},"properties":{"FID":30,"PFA23CD":"E23000030","PFA23NM":"Hampshire","BNG_E":445931,"BNG_N":135667,"LONG":-1.34513,"LAT":51.11845,"GlobalID":"ac76ff69-9186-405a-b6d9-d36c553b6843"}},{"type":"Feature","id":31,"geometry":{"type":"Polygon","coordinates":[[[-0.524358681535487,51.471528483123],[-0.515661238513089,51.4682686765646],[-0.509807321692741,51.469207263699],[-0.493866101952904,51.4627634634345],[-0.458723754309907,51.4563417400208],[-0.461319944712023,51.4523912628267],[-0.456475091199213,51.4382245454754],[-0.446288585067704,51.4399964192609],[-0.447716870984933,51.4350029824266],[-0.439752292782007,51.4346195966386],[-0.439983256299083,51.4306264500554],[-0.427831380170741,51.4292523685952],[-0.418583730845841,51.4321099649615],[-0.407775633374297,51.423578389673],[-0.39131707100993,51.4223154118767],[-0.386641675154269,51.4200808186377],[-0.389649814820215,51.4106933301111],[-0.383350026681253,51.4085382950892],[-0.373860205320599,51.4084933058399],[-0.359139332144209,51.4119031604173],[-0.338335612577083,51.4008437744329],[-0.325860279723407,51.3914396034394],[-0.317697879461912,51.3936670793324],[-0.315958342277709,51.3876322520972],[-0.313135955459595,51.3887994029947],[-0.307365443633207,51.3783835450886],[-0.308434001890765,51.3758594258008],[-0.312651478126198,51.3747511356648],[-0.317897383198478,51.3697977947218],[-0.318481506558764,51.365762189346],[-0.327923137428304,51.3521845125348],[-0.330655551869037,51.329009638114],[-0.323946901864069,51.3267160648172],[-0.30618917299884,51.3350755647039],[-0.305062772223965,51.337814634487],[-0.304065646686288,51.3431716513728],[-0.287018686644174,51.3593978410581],[-0.288395626599499,51.3621599530413],[-0.284071129097295,51.3651500235484],[-0.274022551853225,51.3706552821872],[-0.272545418251086,51.3722638860973],[-0.269064610388061,51.3735618079428],[-0.260991332915542,51.379595673917],[-0.245030254723366,51.3800339646282],[-0.245041240280716,51.3799602694744],[-0.244679372720784,51.3690611536447],[-0.245404841047606,51.36684543978],[-0.233949400956512,51.3653847827061],[-0.226944751876078,51.3626256423043],[-0.217264425534208,51.3433870908022],[-0.229822682346971,51.3365228045655],[-0.220841625332819,51.3298019706872],[-0.214229603051396,51.330252715746],[-0.213053983018457,51.335553568244],[-0.202050654643701,51.3401414058025],[-0.197319340394251,51.3435951598667],[-0.187459116165297,51.3408122814387],[-0.172854635136869,51.3300134475821],[-0.163076717058335,51.3302642191945],[-0.164187029319929,51.3260405183973],[-0.156523624561657,51.321485286252],[-0.161879752207213,51.3196257041028],[-0.158330470681896,51.3109853904918],[-0.154315337506222,51.3103178955937],[-0.157735020247375,51.30442750946],[-0.151023184109817,51.3007219312497],[-0.143577997575923,51.301244557504],[-0.137213219898507,51.3007415602643],[-0.124301850029936,51.2867904031611],[-0.117787425992582,51.287182022292],[-0.115805363546077,51.2906448857013],[-0.101139812864712,51.2962866552525],[-0.0943241985377067,51.2993539642355],[-0.0972447167534066,51.3002953667185],[-0.0887319787741326,51.3051045608156],[-0.0819316756913801,51.3106472885362],[-0.0822366281125533,51.3169465368356],[-0.0710197825080979,51.3212238304455],[-0.0639861428900236,51.3186400209383],[-0.0562516031974104,51.321664020172],[-0.0478687395913028,51.325245055609],[-0.0502771342165054,51.3326378099393],[-0.0419864586902761,51.3338601719349],[-0.0379200854497904,51.3387247432932],[-0.0221501774469841,51.3381308553426],[-0.0143165119704134,51.3297720937777],[-0.0109465685443747,51.3336758689104],[0.00225531192400326,51.3291348341144],[0.00658059306889128,51.3156563447051],[0.0103485951389195,51.3161403319836],[0.012142972058002,51.2996161804857],[0.0150093784679093,51.2917860691426],[0.0191012463355629,51.2916841001949],[0.0248391363668915,51.3021549341521],[0.0329094179322316,51.3075209105802],[0.0426202011598456,51.3013288984705],[0.042396497430127,51.2926730467214],[0.0481710748551353,51.2856526486969],[0.0453963791891935,51.2766602748246],[0.0519423925911647,51.2626827508661],[0.0576076543448164,51.2449143787902],[0.0528596950860687,51.2365270444974],[0.0438094391536989,51.2308874758383],[0.0428337717767741,51.2246101601379],[0.0411485886584668,51.2166239392512],[0.0335989515635273,51.2143379718375],[0.0372899001251012,51.2070602741771],[0.0396821385681345,51.1978221000815],[0.0478232570093242,51.1917416144196],[0.0451674426327198,51.1886152416375],[0.0526003640340758,51.1806240174998],[0.0461759156641073,51.1718314088835],[0.0514942417773003,51.157245417429],[0.0548053630708366,51.1495285920495],[0.0500165286936347,51.142650015856],[0.0273600610344932,51.1398479920559],[-0.00673243499160187,51.1376407526336],[-0.0176532884712702,51.1411846184052],[-0.0246547578185935,51.1386125503077],[-0.0332095857312638,51.1392570306694],[-0.0563256940979034,51.1367655203714],[-0.0632034834883577,51.1412575843542],[-0.0826130513630852,51.1426377467389],[-0.0930599789402519,51.1387066923908],[-0.09369042917166,51.13842647851],[-0.11725232095628,51.1416059443833],[-0.131025048622507,51.1394831335261],[-0.137571778320172,51.1421596095868],[-0.132959635268358,51.1588837311559],[-0.140462480803131,51.1600473181942],[-0.160892553371527,51.1598234228077],[-0.17670622529243,51.1668499717321],[-0.185297862155254,51.1648197199226],[-0.186866075364391,51.1616658518995],[-0.195921749409937,51.1623023166623],[-0.204109586928842,51.1557113163397],[-0.212142089174476,51.1554548855593],[-0.214235175126048,51.1484633096485],[-0.255184519970304,51.1441908360757],[-0.25461326381062,51.1390503676603],[-0.275290745685159,51.1303085207745],[-0.286390624996893,51.1304924748636],[-0.300346786136933,51.1247356959145],[-0.319332624696079,51.1246369568763],[-0.326426691856835,51.1258150946941],[-0.342014658081572,51.1199238724177],[-0.35270349219921,51.1182933592893],[-0.358033355933323,51.1210302238492],[-0.384631065293708,51.1147412745441],[-0.391524793518279,51.1165107854723],[-0.400218400447078,51.1084195749938],[-0.419203500082164,51.1052045800605],[-0.438436290445316,51.0979081227921],[-0.442503690062925,51.0981278832574],[-0.438827121166527,51.1002973754429],[-0.441195905267579,51.1032516161105],[-0.444849660158165,51.0995926023984],[-0.450507404966265,51.1002900423807],[-0.488450158174447,51.097310688759],[-0.492109150908277,51.094442697917],[-0.497721179474955,51.0916091976362],[-0.506360823735175,51.0882656062292],[-0.523170681584605,51.0916066990854],[-0.526945499266467,51.0896056632028],[-0.526388223010758,51.0918667207004],[-0.53497929663322,51.0935789214135],[-0.532618410024846,51.0860906377168],[-0.539181493590813,51.0820280439358],[-0.577592603888771,51.0866537658028],[-0.597755666866517,51.0797409313028],[-0.628685682631414,51.0889792650777],[-0.650229340261496,51.0835682080731],[-0.664091906817086,51.0817248114861],[-0.669060472312222,51.0773930220116],[-0.6874249802526,51.0755142300777],[-0.696752296390414,51.0714916858165],[-0.7066824348474,51.0787609776476],[-0.722301010881513,51.0794158448267],[-0.727563660159376,51.0790257456023],[-0.735579162808658,51.0847014733639],[-0.753474893729619,51.0864535011472],[-0.758900251643686,51.0908469512989],[-0.75530028203224,51.0948050912418],[-0.759487797443228,51.1032484282706],[-0.749272690128818,51.1032459057159],[-0.744587902767519,51.1064568268859],[-0.74549512326378,51.1122043381444],[-0.769171149731089,51.1170882665256],[-0.780659375393414,51.1277925473616],[-0.78087839586483,51.1280965523124],[-0.781052812702169,51.1352176517365],[-0.791102898718987,51.1392354381834],[-0.794395940028727,51.1497590869143],[-0.804700413985953,51.15535434402],[-0.817367734948183,51.1477566182045],[-0.828350704768299,51.1452806556147],[-0.834182386405469,51.1476005966228],[-0.826555765189442,51.178564679059],[-0.827180989704899,51.1846570916431],[-0.839291933391315,51.1963351649245],[-0.845531498131086,51.2001342235191],[-0.84892972737272,51.2107327274308],[-0.829099799662045,51.2254048287809],[-0.828470054882975,51.2306812585194],[-0.826633225553006,51.2343667617307],[-0.820797807161021,51.2354482761719],[-0.82078195444492,51.2355974415194],[-0.820778172016609,51.2392708257608],[-0.804749572959298,51.2450647466771],[-0.801740042684925,51.2390387624338],[-0.787916600999084,51.2420716053073],[-0.78690052685688,51.2418650981557],[-0.786747535986154,51.2418526338968],[-0.775904725480821,51.241934871859],[-0.767694290919479,51.2360713464522],[-0.767649683901415,51.2360692822558],[-0.758721096594631,51.2338809757167],[-0.745540379663864,51.2304563892127],[-0.735786072535465,51.237680163777],[-0.738085619476202,51.2417416511154],[-0.730489797425043,51.2548997693372],[-0.733300634776546,51.2597214722293],[-0.731633239888027,51.2667907043195],[-0.731093833410657,51.2803620904564],[-0.733348692015766,51.2817911199571],[-0.73940050358514,51.2989393610742],[-0.745653331661332,51.3100329393765],[-0.746389271536856,51.3106181532486],[-0.758290665728951,51.3159255205987],[-0.76290312001552,51.3187305287345],[-0.767093450444421,51.3262248889107],[-0.775466206963731,51.3319589023235],[-0.77267997509833,51.3328431495399],[-0.758192612140745,51.3405684488358],[-0.759435167562701,51.3434698956704],[-0.744325979010401,51.3545689394547],[-0.735335360826244,51.3650095823505],[-0.735258360031567,51.3650402160153],[-0.667634283855982,51.3845713446934],[-0.655300457263153,51.3872457863567],[-0.646678885963734,51.3853843196624],[-0.64047343049334,51.3873804285321],[-0.62593068575818,51.3828727027321],[-0.620922516025549,51.385171709135],[-0.616344267326498,51.3835395914641],[-0.623494691644589,51.3895433650268],[-0.618495201013367,51.3923882525157],[-0.614520614965814,51.3973940715766],[-0.618368608441881,51.3990257740553],[-0.608501160957111,51.4120106623323],[-0.604956227393237,51.4213807552077],[-0.605124550506387,51.4313121169629],[-0.594219457112765,51.4414680210009],[-0.579675613649196,51.4447473439679],[-0.571690115615314,51.4509916009585],[-0.555566908123841,51.4414858539585],[-0.550444872227547,51.4434729117841],[-0.534600004012159,51.4374119363993],[-0.522777872600698,51.4353037082973],[-0.524539573086476,51.439880072808],[-0.531436348980556,51.4417130201049],[-0.526731619433222,51.4475099184032],[-0.54061316396913,51.4578521266592],[-0.529960218464429,51.4701681896763],[-0.524358681535487,51.471528483123]]]},"properties":{"FID":31,"PFA23CD":"E23000031","PFA23NM":"Surrey","BNG_E":515966,"BNG_N":153408,"LONG":-0.33911,"LAT":51.26803,"GlobalID":"d9a22fdb-8c4f-4dd0-b810-72eea14eac75"}},{"type":"Feature","id":32,"geometry":{"type":"MultiPolygon","coordinates":[[[[0.676507130024316,51.3925512210171],[0.672607382371696,51.38977196703],[0.670533435232856,51.3943702558407],[0.682059664687934,51.3963213313544],[0.676507130024316,51.3925512210171]]],[[[0.614643851364023,51.4004466705878],[0.615324178551404,51.3953841229014],[0.61156097058342,51.3997365410907],[0.603388365956422,51.3938329616353],[0.597014785817756,51.3960797897663],[0.595128335286905,51.4002164415197],[0.608113907189036,51.4015436382047],[0.614643851364023,51.4004466705878]]],[[[0.564435834328907,51.4079545418085],[0.574611573011941,51.4050136157666],[0.579464870558879,51.4068829072556],[0.582572584376833,51.4031341853723],[0.561520430470315,51.4022334214046],[0.564435834328907,51.4079545418085]]],[[[0.691199231999407,51.4116741203557],[0.694536882817616,51.3966268940346],[0.680355249781893,51.3999471100885],[0.672639129239268,51.3984055078142],[0.671378445792679,51.4070684332994],[0.665928519130536,51.4062823343678],[0.672103097763797,51.4101737462213],[0.677909185210685,51.4063887908945],[0.675070837748216,51.4087101923606],[0.68249432838637,51.4089803021655],[0.682969207446559,51.4126452811321],[0.691199231999407,51.4116741203557]]],[[[0.638913923900006,51.4212668831784],[0.638491997773013,51.4164889533816],[0.636958804927212,51.4196632246311],[0.629883738779221,51.4210516455041],[0.633850979082726,51.4238271128173],[0.638913923900006,51.4212668831784]]],[[[0.686969928801202,51.4222752183707],[0.687828097002103,51.4143462380993],[0.680518944825991,51.4192408710354],[0.676310720169763,51.4192767653696],[0.672311526334751,51.4134760833166],[0.668088464927327,51.4204841327452],[0.660113688435495,51.4175876614239],[0.66700183993546,51.4239086007268],[0.686969928801202,51.4222752183707]]],[[[0.638316450414561,51.4275994263073],[0.633151989594985,51.4269565040907],[0.636621967698649,51.429429157828],[0.638316450414561,51.4275994263073]]],[[[0.658144775252846,51.4396251359855],[0.650279889439622,51.4390468534577],[0.654086491433999,51.4423279808341],[0.657287521284768,51.4416160067432],[0.652955609325572,51.4402490719954],[0.658144775252846,51.4396251359855]]],[[[0.658562665695052,51.4479350139327],[0.661211601884388,51.443737692295],[0.655529088820357,51.445439576151],[0.658562665695052,51.4479350139327]]],[[[0.902019423826626,51.41649050846],[0.911493190502033,51.4064274343202],[0.938176834545083,51.3898286030408],[0.951024989787225,51.3734796267971],[0.943659186307583,51.3674849732086],[0.943561580214593,51.3703332330578],[0.937273275175206,51.3705549515886],[0.921363488901706,51.3598412170696],[0.897167768282596,51.3543359750737],[0.881073414545734,51.3577847428966],[0.874548976977892,51.3637976544867],[0.871589864149841,51.3638988104337],[0.858344452992976,51.3643506799109],[0.857587703227935,51.3703332217298],[0.856853160609674,51.3649743955466],[0.849415664276802,51.3706510550602],[0.83935407614591,51.3705985818389],[0.850705210920254,51.3670993389676],[0.850392452322052,51.3639607811816],[0.843784912196368,51.3635637582138],[0.806285518209497,51.3721779156716],[0.805958846059795,51.369796964207],[0.796340708793607,51.3685572960392],[0.796975443080189,51.3706944316648],[0.791983651520665,51.3700597977374],[0.788106767537405,51.373391787254],[0.780629516837981,51.3706608084485],[0.782684917465582,51.3690119281097],[0.773588792479123,51.3677453843928],[0.765014595193675,51.3707918860802],[0.765507837120967,51.3774979003171],[0.77029844199816,51.3792411566307],[0.76426482338305,51.388232055303],[0.751409948692771,51.3911257038024],[0.751374813125351,51.3913540751819],[0.750858710068596,51.3947084713775],[0.731033222347362,51.4013736082002],[0.721502840029973,51.4144703159104],[0.732135030122885,51.4090261647353],[0.740595074530389,51.4112300836497],[0.742854868543226,51.4151961713856],[0.741219182244334,51.4151224804381],[0.736304499389471,51.4211185506332],[0.736594700272609,51.429792509994],[0.736635367848672,51.4298411644817],[0.745484642526073,51.4404254745278],[0.744648772436859,51.4472930756015],[0.769415508324849,51.4407788123452],[0.790948237283446,51.439314791293],[0.791602397131471,51.4392702531539],[0.815472781213597,51.4279341785404],[0.836357977767097,51.4253967034772],[0.837342430132024,51.4252770002117],[0.875235301636961,51.4220599151752],[0.883970868849043,51.4213164237011],[0.902019423826626,51.41649050846]]],[[[0.553635220224846,51.4849423698579],[0.554562045035346,51.4813714750969],[0.559953741354911,51.4846957191627],[0.574545954216846,51.4842656879642],[0.581329728756614,51.4803225946171],[0.582489838599842,51.4796481714454],[0.585781233209322,51.4844404064317],[0.59099918162024,51.4833795488009],[0.610500456006954,51.4794122054164],[0.615237628800612,51.4750832082893],[0.642301431602885,51.4790678582897],[0.659983867168387,51.4776769830092],[0.669693547793596,51.4750028034865],[0.671328618731534,51.4690952622616],[0.674753977963859,51.4680504709286],[0.671236258818385,51.4721975570612],[0.686039395389154,51.4750953903679],[0.703174915090527,51.4712712920477],[0.720386019001547,51.4597369951011],[0.722708359545191,51.4537641553571],[0.723245914245339,51.4434967108672],[0.710285623311776,51.4348165232554],[0.675501873781444,51.4335515207182],[0.676654119631884,51.4387884642708],[0.668998433876607,51.4437262042941],[0.672095123587682,51.4479322152363],[0.663514946631934,51.4436251422301],[0.662221518108075,51.4477134742226],[0.656010750846126,51.4492240783769],[0.645112477977836,51.4433843451895],[0.635814795441336,51.4462226450498],[0.633434631384088,51.4412539461587],[0.629564702628731,51.4417006422516],[0.633136336482891,51.4449481585375],[0.62869585516671,51.4423595512216],[0.628902159511501,51.4376826148607],[0.619544666982939,51.4368830103684],[0.619130831836547,51.4353035519736],[0.618532799276835,51.4330208739623],[0.6180278581281,51.4310933385295],[0.61764162784895,51.4309929407527],[0.612448943455794,51.4296429513239],[0.610137919148001,51.4226171087892],[0.605211185230282,51.420496217794],[0.613591817471719,51.4228955181457],[0.618297224993446,51.4286832647333],[0.625179599482746,51.4235809253253],[0.610866385052462,51.4174042897816],[0.587201216227894,51.4162586713378],[0.576660088460681,51.415746814298],[0.563533826149856,51.4095409873882],[0.546972649596005,51.4120765246019],[0.537995771812742,51.4124313097141],[0.532385454358505,51.4126526892089],[0.522912218953276,51.3997966746468],[0.516320201019939,51.4010329223273],[0.522986227182469,51.3980089945012],[0.518957858840061,51.3869750851834],[0.507116743377568,51.3968559394086],[0.506678019409273,51.3966245688714],[0.499629562104465,51.3929295339853],[0.49285478693765,51.3918401971019],[0.491953531526442,51.3916952558642],[0.493357404825218,51.3916869615848],[0.499249764409765,51.3916520132979],[0.500123410258311,51.3916468485123],[0.501366086665237,51.3916394904683],[0.50171107099614,51.3916374456485],[0.501982424999534,51.3917431962554],[0.507921296286837,51.3940571279664],[0.508264421429564,51.3941907930353],[0.508643685189527,51.3943385332675],[0.508797695928836,51.3937873600056],[0.509083354028894,51.3927650137787],[0.511020337651678,51.3858323905939],[0.513837485391827,51.3856464103661],[0.520894677336303,51.3851801195997],[0.52254435937189,51.3850710587366],[0.53210693227338,51.4015678425127],[0.537174124721616,51.4103051528523],[0.548219439352305,51.407597549873],[0.554600887071531,51.3998522701256],[0.555225754533474,51.3990936719351],[0.558686583839698,51.3962614976596],[0.561931696477051,51.397911941138],[0.560969209700235,51.3948140325981],[0.578108512784405,51.3912001208995],[0.581993738559095,51.3903804773635],[0.582379868943708,51.3902990097663],[0.585736634895553,51.3903027554065],[0.592670131145006,51.3903101864996],[0.59463797427138,51.3864487827875],[0.596994994121358,51.3881944490311],[0.602144396925179,51.3906345114808],[0.597169363775774,51.3878604689889],[0.598807699613964,51.3847222321305],[0.616297375930775,51.3779268551228],[0.621935826320594,51.3827646424678],[0.619231580898711,51.3884876227659],[0.634639670068849,51.3890893916805],[0.63479221578825,51.3856161663006],[0.624810784741108,51.3810643044718],[0.62253090346988,51.3760301798216],[0.625078644058274,51.3752773202731],[0.626927098579493,51.3747310490736],[0.640903954263681,51.3875381495957],[0.639939999193337,51.3950868245995],[0.648018280128286,51.3976009888512],[0.659647215083668,51.3918350940283],[0.660316718734981,51.3838998446545],[0.66320599485889,51.3853658789407],[0.662591741294943,51.3827328925681],[0.666856528342941,51.3830595493231],[0.66666803478328,51.3795872679973],[0.666641485246801,51.379017174341],[0.666871178503406,51.3788639831577],[0.6716996732238,51.3773532040133],[0.670065397523827,51.3733009985029],[0.682529407119001,51.3803435401528],[0.686488701397093,51.3915519774466],[0.698161822243421,51.3941429770454],[0.70314566629449,51.3917688125536],[0.69474483818232,51.3849514567992],[0.695285660677322,51.3798223137793],[0.713540880278358,51.3839501499076],[0.719187552877468,51.3881822774487],[0.705602106443239,51.394565025189],[0.706478837631449,51.3980191723802],[0.705145361743755,51.3950108459907],[0.701780352159101,51.3957279935342],[0.704584477940573,51.3985162179135],[0.700348420638372,51.3987784929096],[0.695894033644864,51.4072832742972],[0.698584478441736,51.4096002753942],[0.700315830446945,51.4093065390776],[0.697953778778012,51.4146397832202],[0.697726389981625,51.4151531326399],[0.698937274215735,51.4214003662417],[0.708003495789632,51.4197576013046],[0.727977427880636,51.423589955274],[0.729682171383601,51.4209581961465],[0.714703442480433,51.4197753013072],[0.728720267910784,51.4202421655941],[0.73226780037907,51.4150140136584],[0.723723202381617,51.4173669854587],[0.716859003235301,51.4140887848202],[0.716940133060131,51.4139647839535],[0.720491370911279,51.4085362666325],[0.726779321377664,51.3989210112311],[0.726931078874957,51.3988437041286],[0.735899413635428,51.3942743620521],[0.73637110721331,51.3955124548782],[0.736601799779736,51.3961179463269],[0.742793384439681,51.3943749444414],[0.746011220734583,51.3921013388164],[0.758510700924964,51.3832670699586],[0.762826106628123,51.3843940140568],[0.759672840981839,51.3713833627103],[0.75950672886319,51.3706977516748],[0.764020963389108,51.3641960426809],[0.764794268508334,51.3630820746127],[0.762741565470629,51.3625164812165],[0.757030918941361,51.3609427197916],[0.754221797984762,51.3528701427358],[0.75410387149945,51.3525311887009],[0.743775934087206,51.3469465689899],[0.741322741845125,51.3456153520578],[0.754362156854587,51.3503719657266],[0.756799208411742,51.3547136172393],[0.760169306254271,51.3607159514813],[0.761414548197355,51.3607742501869],[0.779249425136983,51.3615936045379],[0.77934939240083,51.361584225164],[0.814325878592542,51.3582969330704],[0.809184211661689,51.351538036641],[0.813485739713228,51.3495519301114],[0.811167113296509,51.3521362430023],[0.817172007554753,51.3563846988062],[0.837533149209902,51.3538380117381],[0.862759338185725,51.3563100041828],[0.87101841620203,51.354758848553],[0.875815422427481,51.3538575939706],[0.897630039101061,51.3444082918346],[0.896920919932521,51.3431153016173],[0.895316838643884,51.3401901667249],[0.893122915189831,51.3361887571814],[0.892700081540241,51.3354174795812],[0.894522204308626,51.3363857666996],[0.898902658413543,51.3339667501524],[0.908438250349256,51.3352730518207],[0.909937937655363,51.3354784190533],[0.907185050666276,51.335611796741],[0.90204403830648,51.3358607048711],[0.896399880088323,51.3361706077656],[0.896732044021021,51.341463319704],[0.919042979012452,51.3457176622658],[0.950265339900422,51.3457638928348],[0.997763933217489,51.3475622346186],[1.01148103689788,51.3517387650188],[1.02449903614871,51.3636305271468],[1.02511714929672,51.3638391631418],[1.02770251674596,51.3629446050822],[1.02603501177794,51.3639208241816],[1.02579175232243,51.3640632318675],[1.02853666621903,51.3649625561648],[1.03318205477243,51.3655946372013],[1.0533543114053,51.3656250515167],[1.05424391853995,51.3656263149273],[1.06939832238278,51.3693441161268],[1.08175687359162,51.3681938544818],[1.08228197404652,51.3681449504428],[1.09510586786096,51.3686260373198],[1.1021519589929,51.3724648270011],[1.10248521799126,51.3724700344469],[1.13669111281681,51.3729994943885],[1.15965109832819,51.3741713659069],[1.16548613045329,51.3744689315324],[1.16607667059378,51.3744990318572],[1.19934081579015,51.3798553609765],[1.2241829236227,51.3793359474873],[1.22484215135573,51.3793080450132],[1.26321278709734,51.3776814822061],[1.28015673354218,51.3781952974128],[1.29016173352054,51.3827817518754],[1.31977608828218,51.3819306812101],[1.32069957003199,51.3819744401174],[1.33115366385493,51.3824692895823],[1.33490367292687,51.3863572923253],[1.34491757554336,51.3851723144929],[1.34520972127283,51.3851377302484],[1.3743196053089,51.3874202609683],[1.37465204082293,51.387447288066],[1.37888554679016,51.3877913854228],[1.37859317122014,51.3912557937108],[1.38768648729204,51.3926762656608],[1.38868186332305,51.3928317068192],[1.40298471852165,51.3922892927081],[1.40390800891269,51.392352483186],[1.42492483282119,51.3937887717512],[1.43473915054955,51.3892959773096],[1.43520024275902,51.3891633636475],[1.44205295433473,51.3871921782484],[1.44322864309293,51.385679120421],[1.44291363875886,51.3850723285666],[1.44466427426731,51.3838313803373],[1.44753399513297,51.3801374337102],[1.44958517398544,51.3774967277419],[1.44678475921496,51.3701690618453],[1.44601269342716,51.3681483386677],[1.44581716052751,51.3676365420178],[1.44345435190212,51.3581137895911],[1.4363377165214,51.342630602164],[1.43631341472141,51.3426060679971],[1.42995435260547,51.3361849515228],[1.42993567236685,51.3361616798099],[1.42524179384003,51.3303131346867],[1.42490831057723,51.3298975503216],[1.42468182646303,51.3259930963434],[1.42320345571096,51.3313764659113],[1.4181076040947,51.329175282897],[1.4216776259355,51.327660532512],[1.41458339233029,51.3274845283574],[1.41538763025354,51.3238714560925],[1.41145300619908,51.3239122306707],[1.40926222811419,51.3268787042116],[1.37689618483466,51.3296017036786],[1.36584660196252,51.3249817945439],[1.36166989784211,51.3196184092337],[1.36315385558438,51.3135714432928],[1.36025474360448,51.3161463735181],[1.36245925542875,51.3133764258615],[1.35820153581783,51.314448617741],[1.35791820184316,51.3114818881391],[1.35618843638307,51.309326933421],[1.36434207197722,51.3124241265133],[1.36760555605523,51.3151243872295],[1.36772008684244,51.3131348731601],[1.37827836604297,51.2903554891627],[1.39396046784013,51.2564825308989],[1.40071847446435,51.2425544872975],[1.40261877662628,51.238330422337],[1.40471030569606,51.2214914986041],[1.40495953098473,51.21541850565],[1.40537508048024,51.2041711740248],[1.40566842011329,51.1894147523065],[1.40106443053318,51.1651813883858],[1.38832822367456,51.1515494472903],[1.38647381274146,51.1505118644365],[1.38237503349181,51.1451742331322],[1.37957862132471,51.1421788475566],[1.34360357913591,51.1313756612932],[1.34358811415756,51.1306565455287],[1.34342205523826,51.1229320344925],[1.34335637478665,51.1220590094153],[1.34301223380731,51.1244506857524],[1.34271928514151,51.126889738749],[1.3426650099438,51.1268968838123],[1.33847384811342,51.1274278208241],[1.33831817943671,51.1271368525069],[1.33765191935,51.1271731135216],[1.33695057612501,51.1245804094575],[1.33608010436113,51.1250060769409],[1.33371765963462,51.1262163606459],[1.33380579161762,51.1261181663824],[1.3337281304822,51.126156138857],[1.33506581687729,51.12470504232],[1.33576550462519,51.1239206307801],[1.33519695445163,51.123862216638],[1.32897870846398,51.1232506031156],[1.32675373950916,51.1255453474512],[1.32670399196937,51.1255965237227],[1.32473652966834,51.1250266944685],[1.31762881638295,51.1231988247421],[1.31699833971579,51.1225206912845],[1.31573125196407,51.1221102710478],[1.31358658866879,51.1198529192148],[1.31300210963241,51.1191885580448],[1.32006110127932,51.117630078162],[1.3229883860895,51.1141302249882],[1.32200878161011,51.1145637225028],[1.31852837793731,51.1164146268703],[1.31818831079287,51.1162615290294],[1.31124965510622,51.1193444055839],[1.31011119336943,51.1167959120417],[1.31562884442344,51.1151091941029],[1.31413683804699,51.114437401589],[1.3248199348157,51.1120061486657],[1.31270435892213,51.1144105300653],[1.30167980548908,51.1133192501706],[1.29984274753177,51.1126912926838],[1.27768031447767,51.1051118686793],[1.26399532245429,51.102260779015],[1.26139485061826,51.102636587911],[1.2210785963628,51.0980901921715],[1.20581199960096,51.0927795708385],[1.19929294414451,51.0832216462161],[1.18571957692849,51.0795714784135],[1.19490813290239,51.0759723952045],[1.19422128090761,51.075955120971],[1.17849005149343,51.0759529299232],[1.17759203636918,51.0759527345171],[1.16301275519442,51.0728437172404],[1.16262940962756,51.0728248858048],[1.13899366166974,51.0716614144492],[1.12477944298073,51.0709594588419],[1.1246910662867,51.0709550894447],[1.07580195593047,51.0635146811578],[1.07559834449458,51.0634836072134],[1.03486960517329,51.0472026352173],[1.0346318358262,51.0471075124285],[0.997348035727354,51.0250792552563],[0.978218283431822,51.0039506480198],[0.978174746956862,51.00390253637],[0.977006369378348,51.0026113323006],[0.964140643478175,50.9680805152191],[0.964167429763397,50.9678768945123],[0.966286252995623,50.9517658744895],[0.970738697774562,50.941621658737],[0.981030769390679,50.918155868754],[0.978406567929974,50.9128729195088],[0.938298979658136,50.9123197656937],[0.936864576900918,50.9123592407106],[0.935261387054844,50.9125787316419],[0.854695883922141,50.9237306077369],[0.867891381774926,50.9332622947202],[0.859629393707255,50.939680251906],[0.855967970123694,50.9531286056838],[0.846112519429836,50.951853585809],[0.841401377893081,50.9576088277997],[0.829868687482888,50.9456651833943],[0.81906777669583,50.9454550345389],[0.812941746895733,50.9419995743143],[0.81346348882143,50.9490108097927],[0.784327858018418,50.9772296862947],[0.777134928696756,50.9754283490881],[0.781702624180719,50.9828859371318],[0.777026622994548,50.9848553713313],[0.781053751673283,50.9864991518381],[0.778956704972181,50.9894920242148],[0.741094136513642,51.0006438026463],[0.711254870521683,50.9984717395693],[0.706770603419155,50.9936018222235],[0.699219875965116,50.9984904749008],[0.680944160588334,51.0014746574399],[0.662124025203405,51.0174604274752],[0.65471810960383,51.0146913522687],[0.646769996305764,51.0168560600378],[0.637163204906581,51.0118765376903],[0.627577023281707,51.0178382009344],[0.605390823945922,51.0120699748884],[0.570801043736655,51.003482315489],[0.563696864178482,51.0074064312359],[0.542106694504717,51.010910312819],[0.537568517875719,51.0216392169297],[0.525988132500093,51.0227701247705],[0.508435353407265,51.024127132644],[0.496539072045177,51.0305622927056],[0.478071403194049,51.0290433683732],[0.467982119397414,51.0326357102804],[0.466090465895236,51.0427365906392],[0.471401333985804,51.0490776375318],[0.453654711062677,51.0569282020149],[0.440817076539136,51.0579166195212],[0.425572791823271,51.0640665973219],[0.418266860755534,51.0626269704324],[0.417777749297943,51.0678930664989],[0.411311270186777,51.0658869843318],[0.40900543898217,51.0693926846311],[0.400912878298504,51.0711808661889],[0.406648528243205,51.0797027655235],[0.396496475173542,51.0831316875627],[0.390864005409412,51.0812951896882],[0.391700045992814,51.0857868843673],[0.373840828926189,51.0884605021197],[0.364751231696358,51.0882247613914],[0.356735588629613,51.0830256531293],[0.350831195947389,51.0840559147529],[0.353935949031348,51.0936625521546],[0.35078722861724,51.0991338884571],[0.358976559646714,51.1045306536867],[0.335077206061616,51.1054658900485],[0.324457383328916,51.1123054125543],[0.330083952365304,51.1177847811238],[0.326226680097701,51.1224385077008],[0.32526557205646,51.1228803023226],[0.298718595769968,51.118159499177],[0.279667003051727,51.1178454762085],[0.27594039409943,51.1204075128979],[0.272446454999563,51.1186299698408],[0.278942297166629,51.1146767663285],[0.275670535951605,51.1123554338434],[0.266264957339552,51.1150985984018],[0.252281977876107,51.1144199220076],[0.24830420006037,51.1155684606617],[0.243244684574153,51.115276221495],[0.227445370222617,51.1242408117059],[0.199634387491691,51.1169402547127],[0.162605738734082,51.1164059669588],[0.153514085068554,51.1205039302318],[0.150026056891697,51.1311898829496],[0.154606419473711,51.1375288349171],[0.160718236048252,51.1373289183326],[0.160967078916994,51.1406347215004],[0.136015911629745,51.1470143314472],[0.125932669824761,51.1469462086826],[0.0781878993407286,51.1399459188832],[0.0500165286936347,51.142650015856],[0.0548053630708366,51.1495285920495],[0.0514942417773003,51.157245417429],[0.0461759156641073,51.1718314088835],[0.0526003640340758,51.1806240174998],[0.0451674426327198,51.1886152416375],[0.0478232570093242,51.1917416144196],[0.0396821385681345,51.1978221000815],[0.0372899001251012,51.2070602741771],[0.0335989515635273,51.2143379718375],[0.0411485886584668,51.2166239392512],[0.0428337717767741,51.2246101601379],[0.0438094391536989,51.2308874758383],[0.0528596950860687,51.2365270444974],[0.0576076543448164,51.2449143787902],[0.0519423925911647,51.2626827508661],[0.0453963791891935,51.2766602748246],[0.0481710748551353,51.2856526486969],[0.042396497430127,51.2926730467214],[0.0507898934821101,51.2939868826178],[0.0585102283767922,51.2893537127693],[0.0815802563673946,51.2918353217511],[0.0911847888458517,51.2968273660512],[0.082816241205083,51.3056336671468],[0.085029299988601,51.3160232043694],[0.104901955924784,51.3274128714118],[0.117900333226097,51.3296471000251],[0.121684470163769,51.3336363840804],[0.116681193882858,51.3413029568945],[0.119184939635519,51.3442568788526],[0.136958108456318,51.3441746048812],[0.141287335694189,51.3497791046126],[0.147280235929356,51.3670144128618],[0.151619790687987,51.3683788953343],[0.149600418363283,51.3735826165493],[0.153236329516732,51.3780364878942],[0.147725411546702,51.3926115069107],[0.161313218509312,51.3923697289646],[0.148869410494427,51.4084291280153],[0.148989832047652,51.4086234290177],[0.152932433172376,51.4087084813763],[0.153770119500224,51.4112651350529],[0.149159930322975,51.4124352225948],[0.154636645664461,51.4184698757219],[0.151158883829316,51.4204304345063],[0.153763537931545,51.4275232348062],[0.155875040956964,51.4308765823218],[0.164216990841068,51.4285464649054],[0.166851115352684,51.4320720354013],[0.170898856496104,51.4412023918432],[0.191012191202743,51.4487877151035],[0.192083488328661,51.4508420327637],[0.200237813875979,51.4525576929829],[0.20260814849742,51.4562301145471],[0.202880215955973,51.458265497211],[0.210612945126035,51.4624813108045],[0.2115688339007,51.4750926723374],[0.219202439132856,51.4796095638918],[0.239670421075236,51.4685840692059],[0.254992205884017,51.4627880903359],[0.255652843346682,51.4625380999197],[0.276519122502966,51.4535684997638],[0.278487679201769,51.4538247511276],[0.294264791702122,51.4558772410417],[0.30179608298225,51.4610266843233],[0.307304466032726,51.4647918632747],[0.311043895074943,51.4637415589658],[0.309946490854417,51.4669594206122],[0.315278529325664,51.4649943797151],[0.315318057908445,51.4649798118405],[0.328482980589554,51.4508441990386],[0.325163825661595,51.4503353641567],[0.348702820200532,51.4467087676],[0.353729766497946,51.4459335479845],[0.355894693107856,51.4455996136307],[0.356374694036826,51.4455868164576],[0.369693379841237,51.4452308446644],[0.393177829248725,51.4440001883913],[0.405479531479915,51.4433536018945],[0.406564619600801,51.4432964960946],[0.427029372087716,51.4465403239904],[0.428428830496027,51.4467620020971],[0.443243411080802,51.449498621339],[0.45850983378548,51.4552422512034],[0.459301472726115,51.4555405465562],[0.457863575310779,51.4578206663778],[0.455930347959668,51.4608858691838],[0.454310834253017,51.4634533375208],[0.458349962306228,51.4660091911741],[0.46761843428857,51.464201910678],[0.457874861059614,51.4669472878616],[0.468743597230634,51.4827715522523],[0.481491396074262,51.4871629918744],[0.529312810286617,51.485195906764],[0.530583072748773,51.4851433884215],[0.547005324745015,51.4870463276465],[0.553635220224846,51.4849423698579]]]]},"properties":{"FID":32,"PFA23CD":"E23000032","PFA23NM":"Kent","BNG_E":590082,"BNG_N":148054,"LONG":0.719399,"LAT":51.20007,"GlobalID":"34cabf3f-cf3a-415a-8c57-aabe965905ae"}},{"type":"Feature","id":33,"geometry":{"type":"Polygon","coordinates":[[[-0.17670622529243,51.1668499717321],[-0.160892553371527,51.1598234228077],[-0.140462480803131,51.1600473181942],[-0.132959635268358,51.1588837311559],[-0.137571778320172,51.1421596095868],[-0.131025048622507,51.1394831335261],[-0.11725232095628,51.1416059443833],[-0.09369042917166,51.13842647851],[-0.0930599789402519,51.1387066923908],[-0.0826130513630852,51.1426377467389],[-0.0632034834883577,51.1412575843542],[-0.0563256940979034,51.1367655203714],[-0.0332095857312638,51.1392570306694],[-0.0246547578185935,51.1386125503077],[-0.0176532884712702,51.1411846184052],[-0.00673243499160187,51.1376407526336],[0.0273600610344932,51.1398479920559],[0.0500165286936347,51.142650015856],[0.0781878993407286,51.1399459188832],[0.125932669824761,51.1469462086826],[0.136015911629745,51.1470143314472],[0.160967078916994,51.1406347215004],[0.160718236048252,51.1373289183326],[0.154606419473711,51.1375288349171],[0.150026056891697,51.1311898829496],[0.153514085068554,51.1205039302318],[0.162605738734082,51.1164059669588],[0.199634387491691,51.1169402547127],[0.227445370222617,51.1242408117059],[0.243244684574153,51.115276221495],[0.24830420006037,51.1155684606617],[0.252281977876107,51.1144199220076],[0.266264957339552,51.1150985984018],[0.275670535951605,51.1123554338434],[0.278942297166629,51.1146767663285],[0.272446454999563,51.1186299698408],[0.27594039409943,51.1204075128979],[0.279667003051727,51.1178454762085],[0.298718595769968,51.118159499177],[0.32526557205646,51.1228803023226],[0.326226680097701,51.1224385077008],[0.330083952365304,51.1177847811238],[0.324457383328916,51.1123054125543],[0.335077206061616,51.1054658900485],[0.358976559646714,51.1045306536867],[0.35078722861724,51.0991338884571],[0.353935949031348,51.0936625521546],[0.350831195947389,51.0840559147529],[0.356735588629613,51.0830256531293],[0.364751231696358,51.0882247613914],[0.373840828926189,51.0884605021197],[0.391700045992814,51.0857868843673],[0.390864005409412,51.0812951896882],[0.396496475173542,51.0831316875627],[0.406648528243205,51.0797027655235],[0.400912878298504,51.0711808661889],[0.40900543898217,51.0693926846311],[0.411311270186777,51.0658869843318],[0.417777749297943,51.0678930664989],[0.418266860755534,51.0626269704324],[0.425572791823271,51.0640665973219],[0.440817076539136,51.0579166195212],[0.453654711062677,51.0569282020149],[0.471401333985804,51.0490776375318],[0.466090465895236,51.0427365906392],[0.467982119397414,51.0326357102804],[0.478071403194049,51.0290433683732],[0.496539072045177,51.0305622927056],[0.508435353407265,51.024127132644],[0.525988132500093,51.0227701247705],[0.537568517875719,51.0216392169297],[0.542106694504717,51.010910312819],[0.563696864178482,51.0074064312359],[0.570801043736655,51.003482315489],[0.605390823945922,51.0120699748884],[0.627577023281707,51.0178382009344],[0.637163204906581,51.0118765376903],[0.646769996305764,51.0168560600378],[0.65471810960383,51.0146913522687],[0.662124025203405,51.0174604274752],[0.680944160588334,51.0014746574399],[0.699219875965116,50.9984904749008],[0.706770603419155,50.9936018222235],[0.711254870521683,50.9984717395693],[0.741094136513642,51.0006438026463],[0.778956704972181,50.9894920242148],[0.781053751673283,50.9864991518381],[0.777026622994548,50.9848553713313],[0.781702624180719,50.9828859371318],[0.777134928696756,50.9754283490881],[0.784327858018418,50.9772296862947],[0.81346348882143,50.9490108097927],[0.812941746895733,50.9419995743143],[0.81906777669583,50.9454550345389],[0.829868687482888,50.9456651833943],[0.841401377893081,50.9576088277997],[0.846112519429836,50.951853585809],[0.855967970123694,50.9531286056838],[0.859629393707255,50.939680251906],[0.867891381774926,50.9332622947202],[0.854695883922141,50.9237306077369],[0.844483485731208,50.9251984646577],[0.788087914509276,50.9332862800299],[0.772016625616782,50.9312619609906],[0.774608367748936,50.9275991022356],[0.74977468964116,50.9221800377562],[0.709802939988421,50.9019886893538],[0.709553214061611,50.9018410773832],[0.682527557459008,50.8858574809095],[0.669532003478976,50.8734930664077],[0.658637905395505,50.8699507083448],[0.608872235775396,50.8597626386922],[0.605983753328252,50.8585051076846],[0.589436125802483,50.8542160967746],[0.587146038179396,50.8540620387858],[0.586781938884104,50.8540375408417],[0.571682968484651,50.8530510531767],[0.555812629002094,50.8514239521216],[0.543733670564703,50.8501840007312],[0.543450410236008,50.8501348774678],[0.535443793685749,50.848746036793],[0.519118315226333,50.8468614464848],[0.513143449135548,50.8448744717093],[0.503065731045523,50.8431212855581],[0.476648060050581,50.8372407078842],[0.476173830447649,50.8371350751233],[0.463922492857536,50.8360320786061],[0.463002763041975,50.8359492249742],[0.427619505593781,50.8321604466656],[0.42729989655128,50.8321261721014],[0.378206082773654,50.8204639327809],[0.377512425932031,50.8202989635353],[0.359552351184159,50.8134701368102],[0.358345364431831,50.8131050373744],[0.358108132335125,50.8129208040238],[0.349963764592404,50.8098223688659],[0.33918912296372,50.7991470303102],[0.335977784495667,50.7947620883719],[0.332117265727665,50.7908161803866],[0.332610045932378,50.7901625906483],[0.329786641485047,50.7863057274577],[0.320422802981954,50.7824296478706],[0.315757204681181,50.7810511698948],[0.315578929909248,50.7809391033228],[0.308847686260925,50.7767071626845],[0.29170922950291,50.7659269952616],[0.291531680871911,50.765809081819],[0.271557566118727,50.7525379334104],[0.266592666959579,50.7469964782782],[0.258222661568121,50.7376509694569],[0.240908388187749,50.7349441836632],[0.209927966912841,50.7384066322581],[0.18876855097626,50.7478356522264],[0.150148774922228,50.7587437897767],[0.1489427307005,50.7590841486161],[0.137837630910892,50.7557617624216],[0.123948852211865,50.7581148432334],[0.104374514098296,50.7660855552727],[0.104016221012269,50.7662781889468],[0.0917298839636094,50.7728698580146],[0.0701346160701455,50.7811891714538],[0.0669967692240594,50.7823974134693],[0.0667733107989352,50.7824834513386],[0.0582396232570472,50.7823088624016],[0.057309303506564,50.7817002313072],[0.0558878147287466,50.7816362520458],[0.055667042912034,50.7814451121992],[0.0555165728201166,50.7813148368752],[0.0523842626913872,50.7807059626975],[0.0536431819519281,50.7796927996052],[0.0533847442012853,50.7794690260073],[0.0561469764635921,50.7774153588091],[0.0527240116917695,50.7797835193084],[0.0385578511559139,50.7817453302659],[0.0296788174666348,50.7829739890711],[0.0292848924128239,50.7830497147807],[0.00331996995677735,50.7880375752334],[-7.32382074941948E-05,50.7886889104607],[-0.0122509595864553,50.7919596506295],[-0.0126075774678506,50.7920554068967],[-0.0149874676201917,50.7927497961235],[-0.0379936387912478,50.7994588487585],[-0.0382291560903875,50.7994865691686],[-0.0384591599137172,50.7991967932014],[-0.0417891981011275,50.7995347382688],[-0.0759894864357226,50.8071262430444],[-0.0768267801802015,50.8073674813997],[-0.0918783287492784,50.8117026369662],[-0.0964162168336907,50.8085198190377],[-0.0969801785307016,50.8083680758669],[-0.106161150905902,50.8095552694096],[-0.0967016239295908,50.8085501574228],[-0.0955761824888017,50.8092857963012],[-0.0940620705341734,50.8106663460102],[-0.10720837465994,50.811579926996],[-0.106386422603212,50.8082656524384],[-0.107744154735857,50.8116171283456],[-0.107512914156387,50.8128077700351],[-0.108016303745681,50.8129477634793],[-0.113036375470302,50.8143436880582],[-0.123916328630621,50.816358472124],[-0.136919237385358,50.8185711839272],[-0.13702749035309,50.8185884681303],[-0.156964362661921,50.8217694919629],[-0.16693236130415,50.8230919732627],[-0.167948955059791,50.8231816926636],[-0.181288574931968,50.8243582495902],[-0.188929806150467,50.8252406835102],[-0.191675210816595,50.8255576018978],[-0.208372481546306,50.8266789849051],[-0.208414048015516,50.826683829177],[-0.216037848219507,50.8275720604581],[-0.216617971698271,50.8275951934419],[-0.238020542217892,50.8284408749333],[-0.244998350418523,50.8282071497392],[-0.245788995865103,50.8270349705985],[-0.246414267317815,50.8269775007958],[-0.246005774812351,50.8285307593156],[-0.238374976250685,50.8304738365599],[-0.24802971521177,50.8290863337417],[-0.252095410912602,50.8310953058685],[-0.252299516704684,50.8310967008739],[-0.275306381490799,50.8312516889847],[-0.281328144721502,50.8338788313211],[-0.281700732834149,50.8340413595764],[-0.287500322188381,50.8405307756171],[-0.285601504202168,50.8333814176274],[-0.280241046400709,50.8313316867555],[-0.284245460821656,50.8293265748234],[-0.25153799084456,50.8302621002436],[-0.251499835431668,50.8302255737833],[-0.248136728721745,50.8247994492467],[-0.272917302021477,50.8269606183492],[-0.290244029077677,50.8252203275179],[-0.290541136688821,50.8251904625605],[-0.297636569599865,50.8239799715875],[-0.323324775633451,50.8195933551419],[-0.323878299594848,50.8194987611938],[-0.332299681598633,50.8175375390889],[-0.332466651608035,50.8174986467215],[-0.332696992966186,50.8174449916167],[-0.36011628854353,50.8112731834248],[-0.378322231589092,50.8079952565172],[-0.388391469458141,50.8066887269771],[-0.388717578310044,50.8066691761173],[-0.405774352559599,50.8056437538908],[-0.435941924138588,50.8031402273844],[-0.452890726721973,50.8024399020283],[-0.453276827497693,50.8024407053274],[-0.495214105680418,50.8025201400735],[-0.507448716988935,50.802470125069],[-0.522422008181386,50.802101978734],[-0.522759216279927,50.8020936653269],[-0.537094150553157,50.8021894887478],[-0.538128372787456,50.8021963379139],[-0.541917426466518,50.8014244410321],[-0.544987226111581,50.8050006620282],[-0.541986677686025,50.8002489983463],[-0.559446122067044,50.7997526996482],[-0.560309184657109,50.7997280963167],[-0.582480351050599,50.7950707673956],[-0.594261534710347,50.7925939326782],[-0.594454759819859,50.792553297742],[-0.594966106554661,50.7924457600238],[-0.605015953743632,50.7912132352089],[-0.627385597818432,50.7884672589748],[-0.642368509846778,50.7873467200736],[-0.642638186627373,50.7872915038665],[-0.658265124616543,50.7840905905056],[-0.658798424936868,50.7839813100557],[-0.659507387057873,50.7838360315769],[-0.671820652030134,50.7818302651147],[-0.672731596887987,50.7816944498286],[-0.688173775328134,50.7793908729025],[-0.716331098958073,50.7742655134157],[-0.716416006237349,50.7742500445114],[-0.728413590986384,50.7711472980191],[-0.732559731073215,50.768905557196],[-0.738579374449917,50.76635663741],[-0.739727163767191,50.7650177486289],[-0.742933399548693,50.7632782568881],[-0.745286604998405,50.762889678547],[-0.743768946164645,50.7628249070573],[-0.752568798798031,50.7580504537968],[-0.753731339796589,50.7594582989183],[-0.754244492879631,50.7600800000321],[-0.752411057129192,50.7606584965236],[-0.749733709597395,50.7615031989414],[-0.750632861188642,50.762274829955],[-0.751691033382283,50.7631828889038],[-0.756888712544955,50.7676426191865],[-0.755373047599032,50.7719161523572],[-0.761526292769063,50.7727158514949],[-0.76309159880609,50.7729192291355],[-0.767056433843205,50.7719411303466],[-0.767485478686677,50.7718352765752],[-0.766801314434689,50.7718690080674],[-0.763324645266172,50.7720403534295],[-0.762997534093699,50.770793583592],[-0.762330937203273,50.7682526899481],[-0.781634377917352,50.7684713639845],[-0.777172550526254,50.7670171662916],[-0.785695615068233,50.7601375070146],[-0.786854383500342,50.7599013473389],[-0.772799075997144,50.7616409846658],[-0.761800601668765,50.7511394885751],[-0.761485524554337,50.7538961413115],[-0.750994762841008,50.7571697403398],[-0.750923322141184,50.7571920286013],[-0.750081971913928,50.7574545083502],[-0.750543247252681,50.7569937335989],[-0.750587256543339,50.7569497710848],[-0.753592872027918,50.7539471393585],[-0.757055100614437,50.7519596442032],[-0.756354471330308,50.7511878591496],[-0.757635459289044,50.7499078197401],[-0.759089931070316,50.7500792468899],[-0.759375610821766,50.748168835279],[-0.779775940984914,50.7277877567285],[-0.7891668480937,50.7223605159129],[-0.804538668857002,50.7307539364831],[-0.817884841763241,50.7395152226282],[-0.818843748870153,50.7401445302225],[-0.821536944170706,50.7415395745709],[-0.830583036734473,50.7466403843485],[-0.834148003158628,50.7488169695822],[-0.835266255688616,50.7492804602741],[-0.842858878939924,50.7535596391477],[-0.867052207301382,50.7625166839238],[-0.868686932293021,50.7631226421608],[-0.87581374956699,50.7657582373761],[-0.902039961498244,50.7727948546495],[-0.916824395101302,50.780381826557],[-0.912485427384017,50.7888884664118],[-0.908413000068607,50.786538350409],[-0.915622966341174,50.7804426420333],[-0.905274955942435,50.7820385587843],[-0.901269345690038,50.7899030799131],[-0.894474877624861,50.7902076661905],[-0.89289369460465,50.7942998454925],[-0.890755749532505,50.7998317604549],[-0.877796685245669,50.8077127318676],[-0.868706976958658,50.8081314092839],[-0.865990501936546,50.806417957715],[-0.860329485447776,50.8028465656103],[-0.844726907625558,50.7992937119621],[-0.834983005620394,50.8047463973615],[-0.82518078524483,50.8048530154694],[-0.825119481703083,50.8056891331548],[-0.824798932052619,50.8100606494807],[-0.814494508573961,50.8143728049972],[-0.8168611416816,50.8194149591463],[-0.809723993295285,50.8271995358759],[-0.807788772497802,50.8305422604206],[-0.811478222445033,50.8304728913688],[-0.810746291349619,50.8332937200845],[-0.812926745612841,50.8305253821183],[-0.812012552638792,50.833926242174],[-0.817585798321848,50.828552910391],[-0.819744738402361,50.8168694784451],[-0.844574177105394,50.8048543824274],[-0.856969243466316,50.8075476195934],[-0.85585171175828,50.8102957319498],[-0.848777830475894,50.8107467935629],[-0.864755379687986,50.8117109327906],[-0.865838276924668,50.8127046838791],[-0.869938002517346,50.8164663570723],[-0.865638474568407,50.8209571116516],[-0.86313171792558,50.823574905492],[-0.851153603666065,50.8278281724731],[-0.86124487345675,50.828065555241],[-0.858062414524451,50.8394887568607],[-0.861898408580845,50.8379201077167],[-0.865205063505604,50.8388591662301],[-0.870893526400638,50.8404742627727],[-0.868942403918591,50.8342880163698],[-0.874067291002464,50.8325371051695],[-0.865761480984303,50.8269584461597],[-0.871386126511016,50.8239975960172],[-0.87687742861178,50.8114818409104],[-0.892312330433291,50.8185132800719],[-0.897034417453063,50.8288719313713],[-0.892546219263408,50.8347347377916],[-0.89503310792791,50.8385762450104],[-0.908714041068306,50.8377461050976],[-0.913204586293997,50.840078516801],[-0.917302582165629,50.8366182872565],[-0.912399553053592,50.8277119925136],[-0.908304140639035,50.8226737450345],[-0.906891389780626,50.8010055077978],[-0.908003092665566,50.7986040014131],[-0.911025906663843,50.800118797689],[-0.931661147356764,50.8136683577611],[-0.942576239196575,50.8153971820182],[-0.938608045101952,50.8178054852376],[-0.942389967037205,50.8243434680384],[-0.938074198236308,50.8315939654726],[-0.932962836382906,50.8429090301198],[-0.930052183194257,50.8417465880154],[-0.932120686788482,50.8454158299844],[-0.932217173077177,50.8455869697566],[-0.932781162281535,50.8532326210816],[-0.926450186989275,50.8640917198044],[-0.938656962420833,50.873714551368],[-0.957585094925949,50.8906069913416],[-0.940245276386778,50.9180541120271],[-0.924013258512923,50.9241990382359],[-0.931185017781261,50.9352829279116],[-0.935318749444102,50.9411031242872],[-0.942110087824929,50.9428940851915],[-0.931847105710517,50.9455804283938],[-0.926519786017214,50.9525271317998],[-0.929273352015579,50.9583474375361],[-0.915525088573463,50.9706127630434],[-0.917692250586421,50.9786643723239],[-0.90562358116621,50.996805856905],[-0.899688861734,51.0012534008839],[-0.893346615712615,51.002742984694],[-0.898507475250597,51.0176674456155],[-0.894505276084098,51.0234955911949],[-0.882656626136724,51.0268621350915],[-0.852810677861577,51.0448433191519],[-0.850112518105728,51.0593363059901],[-0.843670929195131,51.0662789553777],[-0.83733178880053,51.0691930690675],[-0.829053335964811,51.0677804755171],[-0.826390999983579,51.0613422060478],[-0.817363131708696,51.0612045210469],[-0.814471204372511,51.0666712475111],[-0.811589955153198,51.0629463701071],[-0.79778120448179,51.0635461216652],[-0.780801795334142,51.0793519422747],[-0.753474893729619,51.0864535011472],[-0.735579162808658,51.0847014733639],[-0.727563660159376,51.0790257456023],[-0.722301010881513,51.0794158448267],[-0.7066824348474,51.0787609776476],[-0.696752296390414,51.0714916858165],[-0.6874249802526,51.0755142300777],[-0.669060472312222,51.0773930220116],[-0.664091906817086,51.0817248114861],[-0.650229340261496,51.0835682080731],[-0.628685682631414,51.0889792650777],[-0.597755666866517,51.0797409313028],[-0.577592603888771,51.0866537658028],[-0.539181493590813,51.0820280439358],[-0.532618410024846,51.0860906377168],[-0.53497929663322,51.0935789214135],[-0.526388223010758,51.0918667207004],[-0.526945499266467,51.0896056632028],[-0.523170681584605,51.0916066990854],[-0.506360823735175,51.0882656062292],[-0.497721179474955,51.0916091976362],[-0.492109150908277,51.094442697917],[-0.488450158174447,51.097310688759],[-0.450507404966265,51.1002900423807],[-0.444849660158165,51.0995926023984],[-0.441195905267579,51.1032516161105],[-0.438827121166527,51.1002973754429],[-0.442503690062925,51.0981278832574],[-0.438436290445316,51.0979081227921],[-0.419203500082164,51.1052045800605],[-0.400218400447078,51.1084195749938],[-0.391524793518279,51.1165107854723],[-0.384631065293708,51.1147412745441],[-0.358033355933323,51.1210302238492],[-0.35270349219921,51.1182933592893],[-0.342014658081572,51.1199238724177],[-0.326426691856835,51.1258150946941],[-0.319332624696079,51.1246369568763],[-0.300346786136933,51.1247356959145],[-0.286390624996893,51.1304924748636],[-0.275290745685159,51.1303085207745],[-0.25461326381062,51.1390503676603],[-0.255184519970304,51.1441908360757],[-0.214235175126048,51.1484633096485],[-0.212142089174476,51.1554548855593],[-0.204109586928842,51.1557113163397],[-0.195921749409937,51.1623023166623],[-0.186866075364391,51.1616658518995],[-0.185297862155254,51.1648197199226],[-0.17670622529243,51.1668499717321]]]},"properties":{"FID":33,"PFA23CD":"E23000033","PFA23NM":"Sussex","BNG_E":556570,"BNG_N":117296,"LONG":0.226848,"LAT":50.93386,"GlobalID":"dd1bca13-914c-4aad-a27f-56d7bfdac95d"}},{"type":"Feature","id":34,"geometry":{"type":"Polygon","coordinates":[[[-0.0785291057043016,51.5215119179615],[-0.0768720421523466,51.5166250763039],[-0.0740032846027966,51.5144784652424],[-0.0730520769526355,51.5118083252744],[-0.0745446293087759,51.5099541982695],[-0.0787063478691949,51.5076794506541],[-0.0793533312083202,51.5078441700774],[-0.08037601393606,51.508027334919],[-0.0811554803488642,51.5081148736179],[-0.085146443388475,51.5085629925169],[-0.0854549989783372,51.5085976287518],[-0.0885584050838637,51.508922102839],[-0.0919624961026863,51.5094041987933],[-0.0922962467912373,51.5094772619367],[-0.0952340303145026,51.5101203403679],[-0.0963329974775968,51.5102700360296],[-0.0993299841669168,51.5106782125926],[-0.0998770504493278,51.5107527118338],[-0.108221024305665,51.510810124402],[-0.108446561292221,51.5108116679186],[-0.108527481118133,51.5108102290386],[-0.111475372963366,51.5107577704465],[-0.111567824442113,51.5153350290831],[-0.113803703413632,51.5182579357095],[-0.105290341558648,51.5185548578323],[-0.101749478414867,51.5196829074904],[-0.100252195422361,51.5201290460535],[-0.0975725268688324,51.5211747556566],[-0.0973850105007348,51.5215920920749],[-0.0923602467795468,51.5210356112327],[-0.0861997313420188,51.5188121086316],[-0.0852326450965759,51.5203483962659],[-0.0785291057043016,51.5215119179615]]]},"properties":{"FID":34,"PFA23CD":"E23000034","PFA23NM":"London, City of","BNG_E":532382,"BNG_N":181358,"LONG":-0.09351,"LAT":51.51564,"GlobalID":"2c6bc5c6-e570-479c-9ec1-5bd2a8635714"}},{"type":"Feature","id":35,"geometry":{"type":"MultiPolygon","coordinates":[[[[-6.34903355398477,49.8983916509467],[-6.33698773489135,49.894125705035],[-6.33718082570715,49.8945320106728],[-6.33681188317142,49.8943902769734],[-6.33761984621575,49.8954557815521],[-6.33846983222396,49.8972441771656],[-6.33604559778509,49.8982147181514],[-6.33459433015324,49.8987621920235],[-6.33383269372378,49.8982887443807],[-6.32800349225048,49.8943050893737],[-6.32929420660263,49.888743234147],[-6.33442200294925,49.8937376493416],[-6.33833748048622,49.8934128591435],[-6.33582509600108,49.8866358105902],[-6.34126067461557,49.8823405140465],[-6.34611175982197,49.8900581660049],[-6.35309361365204,49.8883466184989],[-6.34956527436827,49.8945671450027],[-6.35642540265818,49.8975399873048],[-6.3503138983122,49.8955018409733],[-6.34903355398477,49.8983916509467]]],[[[-6.37017368332383,49.8957192668266],[-6.36692318237224,49.8920397657365],[-6.37086931121388,49.8957354745334],[-6.37809884146502,49.895903664527],[-6.37718779895707,49.8976101236302],[-6.37530045763459,49.899894297396],[-6.37017368332383,49.8957192668266]]],[[[-6.27593968083456,49.9208304278873],[-6.27917539616379,49.9150754192345],[-6.28645392278757,49.9167560961843],[-6.2842405376636,49.913292906673],[-6.28716651362069,49.9102651870127],[-6.28782901967606,49.9100221547125],[-6.30300385700417,49.9115332634328],[-6.30060997643635,49.9069439370863],[-6.3019980355405,49.9045610955421],[-6.30355871037229,49.9033038499137],[-6.30503818433982,49.9042175761524],[-6.31287819443449,49.9132390677616],[-6.31742344554242,49.9132513826462],[-6.31754540246868,49.9123649692426],[-6.31761110244577,49.9123522430456],[-6.3175016724563,49.9120365218868],[-6.31772144468412,49.9086232813086],[-6.32071612356844,49.9080825286267],[-6.32373405184111,49.9088767002914],[-6.32764388449862,49.9125747432091],[-6.31661053736282,49.9185115605272],[-6.31669960031791,49.9152544534677],[-6.30909422933638,49.9166184603086],[-6.30841736076335,49.9200729075821],[-6.31279680039245,49.9209050742994],[-6.31120784375755,49.9215569724728],[-6.30917775411116,49.9218537211304],[-6.30993408271686,49.9220795278014],[-6.30842328528119,49.9226992933729],[-6.3134770192206,49.9272005741055],[-6.31330610302823,49.9281870914653],[-6.3084971281355,49.933848487805],[-6.30760233508367,49.9343307063513],[-6.29777467012225,49.9367940545237],[-6.29037434400005,49.9362442436845],[-6.28820252847201,49.9308843203299],[-6.27645084251897,49.9286865141567],[-6.27675160269922,49.9285819036471],[-6.28137154995494,49.9277690288071],[-6.2808414808124,49.9271592419226],[-6.2808883853484,49.927142925128],[-6.28081619788515,49.9271310475261],[-6.27628466526316,49.9222289182433],[-6.27593968083456,49.9208304278873]]],[[[-6.35226022929904,49.9376345532661],[-6.35061279136246,49.9281331066543],[-6.35765502848755,49.9303274716817],[-6.35695331430993,49.9312780558152],[-6.35441343666724,49.933085297963],[-6.35500874302267,49.9339120767554],[-6.35226022929904,49.9376345532661]]],[[[-6.34807363717607,49.9556526331598],[-6.35229984923624,49.9445473510506],[-6.35857927246639,49.945210439388],[-6.35843444673263,49.9454293973264],[-6.36183152916959,49.946298200594],[-6.35632374213882,49.9490814331387],[-6.35733957392718,49.9494291351492],[-6.35725946344414,49.9494593348389],[-6.35800673644341,49.9495690032904],[-6.36504375428884,49.9516072838955],[-6.36430092626815,49.9542313237496],[-6.35842316716996,49.9536545769489],[-6.36219755419507,49.9580818202976],[-6.35650596362801,49.9613591724543],[-6.36261311848629,49.9651748135877],[-6.36052727932448,49.9663447057585],[-6.35896675310717,49.9669241433944],[-6.35903449239431,49.96570607992],[-6.35943826589675,49.964014051595],[-6.34807363717607,49.9556526331598]]],[[[-6.34264227777194,49.9678621531387],[-6.3396363812914,49.9626784096874],[-6.33474816692091,49.9640232117577],[-6.33242088039238,49.9589119736529],[-6.32875909233306,49.9591131221594],[-6.32635306703298,49.9585899752416],[-6.32167680330005,49.9551593029455],[-6.32066559990264,49.9506491540752],[-6.32275967138037,49.9468770401048],[-6.31973872664684,49.9447222112679],[-6.32825696400721,49.9435096662414],[-6.3322947077107,49.9391744530513],[-6.33518606475761,49.9424529636987],[-6.33481637387274,49.9432027262802],[-6.33638203152256,49.9438089523459],[-6.33921912771072,49.9470252628939],[-6.33909608311325,49.9558554121917],[-6.35005629501827,49.9636516460273],[-6.34976109602497,49.9668979820763],[-6.34844763021007,49.9679133384336],[-6.34264227777194,49.9678621531387]]],[[[-6.30914385392836,49.9695931986701],[-6.30937400612415,49.9650384271608],[-6.31417848753189,49.9664730317374],[-6.3142502921424,49.9664426745368],[-6.31792138001211,49.9677815449773],[-6.31419164316188,49.9699235715825],[-6.30914385392836,49.9695931986701]]],[[[-6.32032899836667,49.9732541883083],[-6.32710504008275,49.9701112351933],[-6.3266414260489,49.9747825216374],[-6.32032899836667,49.9732541883083]]],[[[-6.2912181105969,49.9704385925524],[-6.28874852639423,49.9661723695763],[-6.27816922863996,49.9638507070253],[-6.27358066552474,49.9663128533011],[-6.27065942257613,49.963997390733],[-6.27013163036073,49.9644071001883],[-6.26996831754244,49.9642958784576],[-6.26594660821261,49.9675332058989],[-6.26157681308705,49.9628436919516],[-6.2756297890277,49.9586662486946],[-6.27714655909969,49.958997387454],[-6.27973906615304,49.9574442610092],[-6.28394490504441,49.9561933494813],[-6.28450320515635,49.9562695398318],[-6.29015664955357,49.961774960551],[-6.30291645901227,49.9637040408877],[-6.30413002226258,49.9649466930713],[-6.30364035412536,49.967793371396],[-6.30082773906641,49.9696474592431],[-6.29864124317027,49.9694184103738],[-6.29799595890305,49.9734924896033],[-6.29227856513576,49.9743685995705],[-6.29173414138245,49.9744682469962],[-6.2914607165658,49.974761288021],[-6.29387303505711,49.9772744438843],[-6.29517386240069,49.97964150662],[-6.29227615930643,49.9799856586356],[-6.28936650388847,49.9788427115706],[-6.29037766963966,49.9756030616464],[-6.29125160845097,49.9745434233296],[-6.29285538607438,49.9732665215145],[-6.2917192469313,49.9713042043366],[-6.29180428111439,49.9710317033672],[-6.2912181105969,49.9704385925524]]],[[[-5.16280725896355,50.0959460087733],[-5.16334188269687,50.0958991778625],[-5.16343826342618,50.096334556193],[-5.16280725896355,50.0959460087733]]],[[[-5.47837380324989,50.1157101758698],[-5.47884900205865,50.1156393556203],[-5.47853893098564,50.1177900015463],[-5.47823566327807,50.1184159615653],[-5.47613684862769,50.1175226648544],[-5.47673012455798,50.1165885420354],[-5.47837380324989,50.1157101758698]]],[[[-3.89832469389064,50.2784471068866],[-3.90105077819791,50.2780768757717],[-3.89953610068782,50.2809968841897],[-3.89690128430186,50.2788047526691],[-3.89832469389064,50.2784471068866]]],[[[-4.06250413019749,50.3116023155352],[-4.06150502180385,50.3113812523507],[-4.06286428713902,50.3115049246271],[-4.06250413019749,50.3116023155352]]],[[[-4.44592805435602,50.3361662885754],[-4.4519950522781,50.335675483237],[-4.45024144025148,50.3382771235388],[-4.44592805435602,50.3361662885754]]],[[[-3.42473968824585,50.6109798389672],[-3.42841174096642,50.6080603918914],[-3.4280378460826,50.610939548182],[-3.42777510562944,50.6129626045106],[-3.42468149664484,50.6110261001719],[-3.42473968824585,50.6109798389672]]],[[[-4.6640828632435,51.1617757112281],[-4.67092482315619,51.1584635548179],[-4.68057246853434,51.1724248304546],[-4.67339528224932,51.1800864116322],[-4.67309408026351,51.1801627462432],[-4.67613531377768,51.1836545185289],[-4.6775191182745,51.1853340014616],[-4.674084255895,51.1855052040153],[-4.67464658339744,51.1861487507555],[-4.67407090811325,51.186289618616],[-4.67480521259503,51.1901672799602],[-4.67452422601396,51.1902864064152],[-4.67975699531534,51.1941554804231],[-4.6789685588005,51.1969445149928],[-4.67734739354856,51.2024646111329],[-4.67029226368996,51.201012917573],[-4.66988025271708,51.1949264260738],[-4.66180645835853,51.1863294718747],[-4.66179817386313,51.1861957465599],[-4.66167263459142,51.1670922005903],[-4.65956032895791,51.1658672378632],[-4.65652688474457,51.1631102361838],[-4.65472166810614,51.1630608188061],[-4.65345609829841,51.1623266987284],[-4.65450458674659,51.1620894649458],[-4.6640828632435,51.1617757112281]]],[[[-3.7697535302731,51.2376665630275],[-3.72078078923314,51.2330918825361],[-3.72054918666876,51.2330675596031],[-3.73320126956949,51.2227250747861],[-3.72873689866934,51.2188513764014],[-3.73157276196686,51.215131308659],[-3.72621104504747,51.1994232043004],[-3.73208759181914,51.1909692441506],[-3.7244213932398,51.1839205984168],[-3.7260324686327,51.1789344973206],[-3.74587510142888,51.1755571583303],[-3.75730045101367,51.1773104295833],[-3.78630346639544,51.171926921259],[-3.80626740660348,51.1778734295522],[-3.83982066625529,51.1766737210918],[-3.83206908998791,51.1511856961196],[-3.83473753508469,51.1413826258954],[-3.82211474766656,51.1269538766481],[-3.80428873272582,51.1156852813333],[-3.76739542662762,51.1057833437866],[-3.71994749264963,51.0808206521958],[-3.69244496856632,51.080559148083],[-3.68236767600799,51.0733543119156],[-3.65028940551679,51.0640756406639],[-3.65233088998452,51.0596417699072],[-3.63535394938882,51.0562968852223],[-3.6243037868799,51.0612390412072],[-3.61305261013602,51.0561070427144],[-3.61032958331091,51.0579467704263],[-3.59447111942891,51.0551947230772],[-3.60028579909774,51.0506067067568],[-3.59821498805504,51.0370333063647],[-3.61470093632614,51.0155497343001],[-3.60974550295832,51.0079832337995],[-3.60320812898055,51.0072332297436],[-3.53504945700713,51.0033472644127],[-3.52756394702126,51.0055219447375],[-3.51888138570953,51.0147955189713],[-3.52045780685949,51.0258953360323],[-3.48443257376162,51.033842399984],[-3.46368891051596,51.0252619948468],[-3.4472247972653,51.0257252256507],[-3.42681521868444,51.0314052426858],[-3.41570229532634,51.0278363100522],[-3.41417405059937,51.0197027041855],[-3.38048774397398,51.0184858597692],[-3.38342763451052,50.994536986228],[-3.37866358603564,50.9775085056912],[-3.3336699633033,50.9827882860689],[-3.29384739259865,50.9551387039269],[-3.25483048358088,50.941845748744],[-3.21834689218712,50.9432807409213],[-3.19578318518889,50.9475078146591],[-3.16394553245484,50.9459725326053],[-3.17246096702704,50.9357811777742],[-3.17243818464657,50.925638286345],[-3.18029863083859,50.9229286214865],[-3.18796247786107,50.9103440855569],[-3.17055570776067,50.9075899895618],[-3.17039665158748,50.9003727571112],[-3.1561556676407,50.9000755157333],[-3.15287661639887,50.893828172227],[-3.14418503962857,50.8913981817686],[-3.13962619766317,50.8914611818665],[-3.12634080218261,50.9017199603079],[-3.12207872748112,50.8981605048531],[-3.08985067965539,50.9061144076956],[-3.0524049755771,50.9082720272832],[-3.05406225928356,50.8730431230204],[-3.03844233055172,50.8683152508326],[-3.03263151653362,50.8616392382458],[-3.03680608618723,50.851065172005],[-3.01144289287399,50.8572089649254],[-2.99855148875937,50.8509652058506],[-2.99444367099347,50.8551460975109],[-2.97358972941313,50.8556573591744],[-2.97463077467138,50.8523379400005],[-2.96805102600975,50.8513012009627],[-2.97257193207858,50.8460305296578],[-2.96982908150892,50.8341996682611],[-2.95432229557041,50.8211655664244],[-2.96130299095557,50.8155547830265],[-2.94796101685793,50.8154257479701],[-2.93840199722837,50.8098348895522],[-2.91855633938116,50.8056305532502],[-2.89286786692339,50.8047942398505],[-2.88702921912511,50.7961776981738],[-2.88703944680701,50.7925228181602],[-2.89745642511434,50.7861399103673],[-2.92965284923324,50.782432514019],[-2.94095509837945,50.7774513727518],[-2.95433354829791,50.7677102240463],[-2.95262892249,50.7616987762374],[-2.95259126928183,50.7613816310053],[-2.95208886972491,50.7613560689036],[-2.93513871049183,50.7541946406436],[-2.9405724367833,50.7498925553938],[-2.93786246829322,50.7440966722523],[-2.9530673537135,50.7284970676818],[-2.94739275942927,50.7182876280686],[-2.94776118613026,50.7182646696291],[-2.98360945799245,50.7046641340565],[-2.98534506950637,50.704722117921],[-2.99514738560341,50.7054656284037],[-2.99909598514356,50.7037435256962],[-3.01170567309655,50.6997837239699],[-3.02016595465206,50.6987267552323],[-3.03215676398428,50.6999206242532],[-3.05777848414489,50.7040556302333],[-3.05485361776791,50.7025213706874],[-3.06087219140742,50.7030364212573],[-3.06676583170489,50.7028030996347],[-3.07272353761813,50.7028285413972],[-3.07505045138695,50.7024685609245],[-3.07987491497486,50.702273472277],[-3.08083938339124,50.7015727696384],[-3.08243889256569,50.7013252015806],[-3.0890114966555,50.6969735355881],[-3.09235393295658,50.6955823031904],[-3.09596366668846,50.6852232769491],[-3.13380143337927,50.6851160711333],[-3.18477052431838,50.6849450375284],[-3.23380486223201,50.6786817924935],[-3.23404043670757,50.6786516483243],[-3.26164378014492,50.6719159067143],[-3.26183126617225,50.6718701166243],[-3.27033583543943,50.6649780042036],[-3.279807902862,50.6582519103133],[-3.28062461210111,50.6566364656098],[-3.2846876570971,50.6533413244886],[-3.28883300115179,50.6409025606405],[-3.30609307434285,50.6294830057365],[-3.3062849393809,50.6298765842142],[-3.3074206733532,50.6314691423261],[-3.30871606246466,50.6334583489519],[-3.30934059518567,50.6343560253123],[-3.30979355425881,50.6350404680704],[-3.30820694727134,50.6310628303699],[-3.31198629427716,50.6309016258572],[-3.30698493649884,50.6295728329215],[-3.32240508584952,50.6284023947347],[-3.3481594252438,50.6204098991842],[-3.3492127403347,50.6200945648825],[-3.35861904998313,50.6153677068402],[-3.35858180936661,50.6151241228516],[-3.35922218228781,50.6147853079662],[-3.35912700396444,50.6117634647899],[-3.35900073527389,50.6077537812838],[-3.35990634634838,50.6072685454435],[-3.36597508969369,50.6098804212757],[-3.38546274663834,50.6067211442036],[-3.40295509452092,50.6112442982303],[-3.41219018165224,50.6136335484578],[-3.41429014197776,50.6142717835049],[-3.4147979115103,50.6144546351449],[-3.42553699255929,50.6183209875869],[-3.41661505707977,50.6215385338783],[-3.41592274149271,50.6291137349067],[-3.41551654708744,50.6291914308564],[-3.41583307406706,50.6293983787883],[-3.41586844380256,50.6294201623678],[-3.41588096837471,50.629570737294],[-3.42259591051976,50.6381777117195],[-3.42311926586393,50.638848375059],[-3.43279393149388,50.6461007147865],[-3.45150047954659,50.6790203027309],[-3.45150962937501,50.6792437912469],[-3.45155514431331,50.6803554710421],[-3.45163256271536,50.6822461892591],[-3.45164405197376,50.6825267683805],[-3.45178235730903,50.6823014166156],[-3.45182805717153,50.6822269539408],[-3.454923123492,50.6771832942954],[-3.45632818381495,50.6748932545321],[-3.45728483496252,50.6755385020196],[-3.479888890768,50.6907770976133],[-3.48387999881274,50.6905104837873],[-3.48102961375026,50.6895494039406],[-3.47762666989849,50.685013684319],[-3.47700749172681,50.6841882859853],[-3.4698515445237,50.682232862063],[-3.46809483539148,50.6639517609695],[-3.46449716795771,50.6615379877433],[-3.46443567286653,50.6614967260744],[-3.46328687093485,50.6607258858204],[-3.46280977756326,50.6604057469466],[-3.45641499096321,50.6561141143155],[-3.45248160820912,50.6424703130592],[-3.45243062819601,50.6422934259295],[-3.44691286774567,50.6170833295658],[-3.44690016543489,50.6170226038278],[-3.44558260937034,50.6107231393136],[-3.44454426204058,50.6057572807273],[-3.44367293738485,50.6015892897599],[-3.42894382643086,50.6076373234422],[-3.4394037767651,50.5993184457353],[-3.43976468433882,50.5984252044689],[-3.44291977758283,50.5958130397404],[-3.44320304570589,50.5920934941783],[-3.45816660920688,50.584882240678],[-3.46336038999664,50.580020531919],[-3.46435949645609,50.57944096562],[-3.46546841326172,50.5780469393739],[-3.46740458251235,50.5762340642553],[-3.46746678266749,50.5755345454702],[-3.4687141103481,50.5739662306692],[-3.46841285941008,50.5648926124084],[-3.46857549108614,50.5630627668766],[-3.46936525290081,50.5626297490704],[-3.47703050678037,50.5602912326828],[-3.48048305761033,50.5565325518354],[-3.48276010452122,50.5552834595704],[-3.48252048319454,50.55520560764],[-3.48232297087803,50.5551182002799],[-3.49643993506539,50.5416928010137],[-3.50028082098597,50.540869066087],[-3.50088312583543,50.5460037254039],[-3.50092906755731,50.5463953295162],[-3.50685544626598,50.546207308927],[-3.51914659307001,50.5459901738683],[-3.51955204187902,50.545985450158],[-3.55900731431162,50.5455188880673],[-3.56671665061977,50.5429263461787],[-3.5771105520933,50.5421747403313],[-3.58025642885859,50.5393835777724],[-3.58057837265816,50.5393026892839],[-3.59080033929384,50.5388478043697],[-3.58369662168093,50.5385246184787],[-3.58305547928636,50.5383617388183],[-3.57920206382664,50.5373826972379],[-3.55102231028188,50.5411143192753],[-3.54042068875447,50.538131581609],[-3.53992092680045,50.5391848230093],[-3.5398794455886,50.5392722434135],[-3.53932985497901,50.5404304395054],[-3.50978323969302,50.5428634192114],[-3.49670310182705,50.5380298190777],[-3.5045841090042,50.523965451969],[-3.5091606746168,50.5166191104537],[-3.51522401716698,50.4961196521517],[-3.51344509845125,50.4885483704544],[-3.51284314501218,50.4859857941986],[-3.51302039412153,50.4858924440428],[-3.51299953923617,50.4856153699418],[-3.51323499201098,50.4854891624009],[-3.51353374459105,50.485413499161],[-3.51374648012855,50.4853473445465],[-3.51428803757818,50.4835452591396],[-3.51480198381588,50.4816900243434],[-3.50848105539332,50.4798456609452],[-3.50533517929195,50.4789275526904],[-3.50143806352791,50.4771538223498],[-3.50111429808825,50.4769999191213],[-3.49729526351796,50.4758374735391],[-3.50110563458394,50.4718608129943],[-3.49198651976071,50.4704742553144],[-3.48901218662456,50.4638037525234],[-3.480824533607,50.4640287125078],[-3.48343223797436,50.4603700684536],[-3.49126631689865,50.4581941823869],[-3.50414157625236,50.459615111137],[-3.51597622984316,50.4538008814759],[-3.52323573477641,50.4574088913013],[-3.5238074628748,50.4573863864756],[-3.52517137117297,50.4573326870523],[-3.52888089820848,50.4571865543009],[-3.52713473195368,50.4585561195066],[-3.52355562757013,50.4613629816358],[-3.53039596536211,50.4611346945027],[-3.53013074619702,50.4604228438236],[-3.52913600759967,50.4577527507917],[-3.53104333582506,50.458971321447],[-3.530686261397,50.460768943363],[-3.53062719066154,50.4610663099611],[-3.53402548813658,50.4630934869482],[-3.54014670200344,50.4605262935835],[-3.54039773120766,50.4601285366426],[-3.54451476089022,50.4530317675303],[-3.54483112683196,50.4528555858329],[-3.55262152138612,50.4495354896757],[-3.55316895765202,50.4493028772461],[-3.55777308728358,50.4400821575651],[-3.55780050993805,50.4400272276199],[-3.55908423051769,50.4331155253617],[-3.55761764352602,50.4328339007415],[-3.55607027838813,50.4325224804932],[-3.55559882815209,50.4325488205214],[-3.55550280261279,50.4312941891733],[-3.55536044073853,50.4294339948137],[-3.55530448117263,50.4287027436299],[-3.55526474613385,50.4281834968124],[-3.55610400476068,50.4281546835785],[-3.55703266159009,50.4281531594249],[-3.55908828021355,50.4276642301715],[-3.55687349864717,50.4162409407468],[-3.55679766978584,50.4158273451804],[-3.55512034340095,50.4066767215322],[-3.5508670995767,50.4057094812423],[-3.54692507577471,50.4048127933627],[-3.54505714233096,50.4024960734956],[-3.54470197690165,50.4020991482172],[-3.5393518245681,50.4034828923096],[-3.53550522226796,50.4044775594129],[-3.53313340527848,50.404809222765],[-3.531841840573,50.4047813444471],[-3.5299234072202,50.4047399093248],[-3.52808764085194,50.4047002296899],[-3.52688087972667,50.4042393771505],[-3.52394174230421,50.4028321085285],[-3.52286060702565,50.402314417403],[-3.52282580905156,50.402297753677],[-3.52247261445688,50.4023436443133],[-3.51954111839243,50.403155462071],[-3.51351078239748,50.3987880316265],[-3.51323093482371,50.3985903356275],[-3.51067077571989,50.3977334000978],[-3.50635135362531,50.3994864138356],[-3.5051445671327,50.3999761284791],[-3.50591731058736,50.4005338347092],[-3.5072572952697,50.4015114605398],[-3.51166020094671,50.4047276160334],[-3.50447913393557,50.3999802675904],[-3.49345909668318,50.4012509576781],[-3.49323036089794,50.401270099812],[-3.49033381858062,50.4008917437194],[-3.48969182484912,50.4007056606319],[-3.48765576368725,50.4007219054701],[-3.48757485912574,50.4007547695711],[-3.48737007184806,50.40083795479],[-3.48672055653622,50.4008357924137],[-3.4864304213097,50.4007779712596],[-3.48619288512058,50.4007878584076],[-3.48598107905282,50.4005673752704],[-3.4853478919225,50.4005629685959],[-3.48413822085683,50.4004888948857],[-3.48370470891462,50.4004404450455],[-3.48344373774676,50.4002236571374],[-3.48329833519841,50.4002019529178],[-3.48308991030852,50.4001623579098],[-3.48263647161345,50.3998851123901],[-3.48240718495997,50.4000404655032],[-3.48241124714785,50.3998653386802],[-3.48245189339153,50.3996587123116],[-3.48243295049384,50.3989680053836],[-3.48263044593443,50.3987516604758],[-3.48292718470693,50.3986484334863],[-3.48364196188542,50.3984282625766],[-3.48404146149271,50.3982989380297],[-3.4844975601264,50.3980748934051],[-3.48465690772429,50.3979857594731],[-3.48492338531971,50.397979174197],[-3.48608631249486,50.3980321007078],[-3.48672429818614,50.3979536531467],[-3.48776229370966,50.3979079194602],[-3.48801675032231,50.3978985596709],[-3.4892903658854,50.3966401301894],[-3.48948870183178,50.3962437510239],[-3.48952794038511,50.3956982817205],[-3.48927478021713,50.3956142356971],[-3.48893868668393,50.3946355270563],[-3.48887380062347,50.3944465701677],[-3.48858406928767,50.3943594403368],[-3.48936923994544,50.3942760570703],[-3.4898939470437,50.3942248773606],[-3.490088434593,50.3942583505167],[-3.4902094050804,50.3941410701949],[-3.49153280163046,50.3934932606397],[-3.49217601628575,50.3935619147854],[-3.49232561673907,50.3937026047577],[-3.49213337016474,50.392584369731],[-3.49289632150418,50.3922980929397],[-3.49267615123677,50.3921513887295],[-3.49265308658063,50.3920114626804],[-3.49281418782548,50.3919014678798],[-3.49384194675309,50.3915709199866],[-3.49481830645372,50.391543543482],[-3.49482099692949,50.3916734845536],[-3.50136391710843,50.3897000248723],[-3.50157032823514,50.3891410585744],[-3.50158240609814,50.3891083503698],[-3.50203709057973,50.387877007955],[-3.50259338257727,50.3863704089503],[-3.50320916729598,50.3847025789109],[-3.50209165022222,50.3845431520807],[-3.49831755790045,50.3840046545642],[-3.49765900923962,50.3833925159362],[-3.49625931230511,50.3818998821804],[-3.49643563697532,50.3817985108417],[-3.49615086412991,50.3817186741173],[-3.49613977674062,50.3815262774375],[-3.49654095884777,50.3813772497499],[-3.4972832353844,50.3811899983126],[-3.5076303087972,50.3791555947665],[-3.50786703037102,50.3789579368291],[-3.51544784207585,50.3726269622066],[-3.51490687443041,50.3718153932967],[-3.51609282761012,50.3706776988513],[-3.5130731825449,50.3690642293439],[-3.51285022044553,50.3687296858439],[-3.52106461901206,50.3587651082014],[-3.52037408328005,50.3581729046603],[-3.52054122481492,50.3579427325218],[-3.51870775445852,50.3567437817173],[-3.51477236315841,50.3533681460258],[-3.51691278391078,50.3484451021106],[-3.51792808597184,50.346505247624],[-3.53109317322232,50.3443428131076],[-3.5343135314148,50.3371546115053],[-3.54413308291276,50.3354477024348],[-3.55647557118788,50.3431193094344],[-3.55968942802481,50.3419285441995],[-3.5709478853186,50.3467420780412],[-3.5736274409333,50.3479601322879],[-3.56410362640629,50.3527692064152],[-3.56887740246473,50.3517381645741],[-3.57030857244567,50.3514966853465],[-3.57629016582025,50.3630963297974],[-3.57661136909386,50.3644849274095],[-3.57658824396939,50.3672623823866],[-3.57108520390895,50.368375789728],[-3.57101062178807,50.3683858766254],[-3.57036728946413,50.368529751351],[-3.57292025603111,50.3683298965653],[-3.57543329350228,50.3682489983766],[-3.57983299109723,50.3774774560481],[-3.59165278310164,50.3823394122452],[-3.57518675433579,50.3931944165343],[-3.60283330512455,50.3953224250476],[-3.6096831212868,50.3923056733787],[-3.62304010432989,50.4008899587323],[-3.62365277032046,50.3979439659044],[-3.63244385663471,50.3999731204809],[-3.63019180896617,50.4033585988679],[-3.63424494604583,50.4088051245472],[-3.64702119475594,50.4063629458029],[-3.64767125236599,50.4062386436839],[-3.64772336948872,50.4057870491506],[-3.64785516632675,50.4046450160124],[-3.63395379667505,50.4049660825615],[-3.6439701249301,50.3968913357637],[-3.66678781380359,50.3945473862258],[-3.67236104481876,50.396951576252],[-3.66321114893822,50.3924148490982],[-3.63536759653825,50.3980028527633],[-3.62603781335215,50.3919504137354],[-3.60758333327355,50.3887542416437],[-3.61433916854718,50.3837553964357],[-3.60609947881458,50.3852707130696],[-3.60023710398793,50.3913486773591],[-3.59407145683346,50.3897370962004],[-3.59744872415508,50.3846595478124],[-3.59458886943006,50.3805930529468],[-3.58058815507125,50.3720600117663],[-3.58609950966034,50.3626131302294],[-3.58943212008756,50.363843916126],[-3.6002919829795,50.3569723508927],[-3.60110794054911,50.3564559352023],[-3.60133143152292,50.35631448621],[-3.58086286234836,50.3601377522165],[-3.57931906393514,50.3599869549243],[-3.57746317383136,50.3508963597565],[-3.5767386185064,50.3460775169906],[-3.57642403223787,50.3458047687254],[-3.57636130239074,50.3454973647814],[-3.57342000918679,50.3424909147925],[-3.56564205482385,50.3418417783982],[-3.56388177352395,50.3366809307805],[-3.56353939705906,50.3354118829388],[-3.57240679702674,50.3301862100739],[-3.57083316640716,50.3281620165545],[-3.57027985166474,50.3271656064725],[-3.57910588559149,50.3257871054644],[-3.5890187979524,50.3256313801074],[-3.59660146712273,50.3198420358964],[-3.59780518128946,50.3197327373643],[-3.61038144806727,50.3192420555142],[-3.61096146333483,50.3187864154085],[-3.63377687358432,50.3008542768899],[-3.64617147797849,50.2830193647859],[-3.64864121795865,50.2740614589678],[-3.659183848086,50.2378902291317],[-3.65878795674058,50.2371443711171],[-3.65900436911631,50.2363563817025],[-3.65428578804862,50.2276093948925],[-3.64051497564688,50.2217847545396],[-3.64979112656959,50.2218064576291],[-3.6564500878611,50.2177981648367],[-3.65940816551594,50.2204344059516],[-3.68130677565896,50.2223977598279],[-3.68348307093206,50.2206185815547],[-3.68390874376069,50.2202705623674],[-3.69828502322607,50.2130127122404],[-3.70340860000784,50.2112415339136],[-3.7082206496384,50.2054046315072],[-3.71693246191254,50.2056171715282],[-3.7175339560742,50.2049504894117],[-3.72118747748353,50.2028749439923],[-3.72607935125928,50.2081764629874],[-3.7316855146005,50.2071825507837],[-3.73426809268956,50.2103454682932],[-3.73739423347548,50.2147914496968],[-3.77341246995397,50.2240864725465],[-3.76161033027237,50.236200526005],[-3.74094626095545,50.2396473526337],[-3.72609027411823,50.2368521267659],[-3.73913425209881,50.2410713001599],[-3.7351053240972,50.2425810277239],[-3.75239574491788,50.2397613371731],[-3.75646873892211,50.2430965353248],[-3.75653482736814,50.2436083436474],[-3.75257679981409,50.2453476992732],[-3.7531790234809,50.24673571782],[-3.75541317287629,50.2518842739395],[-3.74719352717312,50.2515979846029],[-3.74755425178189,50.2564738022227],[-3.73692977599647,50.2576683036314],[-3.74505929453167,50.2601450010385],[-3.72957906915343,50.2633481036674],[-3.72946803895497,50.2637637271891],[-3.72944840724877,50.2638372142802],[-3.72864735993916,50.2668355674747],[-3.71997728731297,50.2705501399349],[-3.728789173136,50.2688931175285],[-3.7323237099468,50.2644332952045],[-3.74523466998312,50.2620644195977],[-3.75689197772265,50.254864177777],[-3.75445824432452,50.2605251411681],[-3.76200031010762,50.261530802358],[-3.75934778440977,50.2763054048083],[-3.75926593554777,50.27676116807],[-3.75803226126553,50.2836296942937],[-3.76518516434843,50.271736842258],[-3.77257494893447,50.2752013568238],[-3.77591532642585,50.2825589436254],[-3.77803109626507,50.2792167182555],[-3.77652959800938,50.2787443410987],[-3.77425476726403,50.2780286164036],[-3.77399061549833,50.2779455030541],[-3.77407248081717,50.2773888061734],[-3.77513992060397,50.2701289713868],[-3.76996486312662,50.2696484774273],[-3.76746990921529,50.2628678601447],[-3.77181016736895,50.2600800184074],[-3.78581741772685,50.2657253708033],[-3.78485724406011,50.2622620244135],[-3.77680823507233,50.2608455831407],[-3.7741006698787,50.2570409964768],[-3.78793557780747,50.2549913552475],[-3.76489035280528,50.2539676436207],[-3.7615506181598,50.2466088107392],[-3.75883068588003,50.2406138918237],[-3.76250463630041,50.2396875481975],[-3.76807067599769,50.2443420655385],[-3.77525010176725,50.243728905846],[-3.76814031678222,50.2425862547297],[-3.76616572782652,50.2362589396755],[-3.77757046628381,50.2294047238119],[-3.7819010787845,50.2295986991484],[-3.78167014931788,50.2269418622029],[-3.78243941792939,50.2264796856268],[-3.78078130785396,50.2156251117777],[-3.78669603542611,50.2151261554876],[-3.78465701482253,50.2108910911774],[-3.78998063859264,50.2099290466516],[-3.79935334295551,50.2147427534374],[-3.81319029894403,50.2161228975706],[-3.82305652453488,50.2171443490608],[-3.82718012568892,50.2235733871507],[-3.83533802472369,50.2270011951535],[-3.83571896094166,50.2273153035459],[-3.83792715222055,50.2280889043953],[-3.85275656829906,50.2343168635428],[-3.85563885592303,50.2342915799941],[-3.86546829756675,50.2377320936055],[-3.86914334147142,50.2400873013317],[-3.86984457819142,50.2411999417623],[-3.85902740345629,50.2426409801154],[-3.86043004620096,50.2440978560578],[-3.86060303411419,50.2450649230987],[-3.86112631451558,50.2479900049273],[-3.85808770705541,50.2607796917619],[-3.86222057634005,50.2642906138018],[-3.86805022794765,50.2635971781375],[-3.86907555244151,50.2674231378683],[-3.88077101899564,50.2730436304779],[-3.8813641261081,50.2749594363553],[-3.87996379560704,50.2817906502979],[-3.87389136711189,50.280525487392],[-3.87358477376444,50.2804615995345],[-3.87056070865956,50.2798313949524],[-3.87051029539388,50.2798208880416],[-3.86810416175888,50.2793193883185],[-3.86416662878968,50.2872121879847],[-3.85232918994261,50.291036009636],[-3.85452118478697,50.2912207854001],[-3.85482364644984,50.2912462787526],[-3.85838603575967,50.2915464714943],[-3.85824744451618,50.2986191525428],[-3.85717213039292,50.2993107947613],[-3.85694374890283,50.2994576864934],[-3.85225905154211,50.3024705114257],[-3.84213742623019,50.3089780174863],[-3.83846077599895,50.3072732797171],[-3.8258280012143,50.3106492059173],[-3.83888066991521,50.3085105567225],[-3.83416584618991,50.3109559339614],[-3.83806580478392,50.3102161828541],[-3.8372609143393,50.3124001654067],[-3.83966793101807,50.3098409674658],[-3.83998946761509,50.3126052722643],[-3.84924853494983,50.3065589146299],[-3.85435637273674,50.3090080326698],[-3.85472005646313,50.309216083171],[-3.85460079376807,50.3090808647376],[-3.85104807466668,50.305052479716],[-3.86291678329396,50.2983078777869],[-3.86051577959433,50.2914728343597],[-3.86419496944912,50.2878876398941],[-3.86424309410069,50.2878407406145],[-3.86824788199567,50.2839375295187],[-3.8709958498769,50.2812588663408],[-3.87980843864313,50.2846164863161],[-3.89518338183747,50.2817757400248],[-3.89826143837354,50.2881897787123],[-3.90450642406161,50.2904643873226],[-3.91029643281483,50.2940693864982],[-3.91934657287118,50.2958673683469],[-3.92245853527117,50.2969999676242],[-3.94371408638679,50.2959236214064],[-3.94414566931833,50.2973478416913],[-3.94442203063486,50.300716602224],[-3.94526467593045,50.3010401239551],[-3.94692546557739,50.3065189490905],[-3.94673526104673,50.306922264039],[-3.94312110445005,50.3118794602282],[-3.93892104922051,50.3176208647585],[-3.93693152384521,50.3203399732282],[-3.93535437388452,50.322495243903],[-3.93485770023661,50.323173933863],[-3.92796658378943,50.3244234055354],[-3.91997530535248,50.3316771989442],[-3.92850536132937,50.3257599890066],[-3.93606521640478,50.3249553801133],[-3.92685884455364,50.3367054113814],[-3.9263713601454,50.3397670526127],[-3.92670427919956,50.3390976920972],[-3.92693184606503,50.3386419048322],[-3.9283138909804,50.3358736467942],[-3.92895817062179,50.3345830317468],[-3.93089541371722,50.3340855829148],[-3.93449616568174,50.333160863504],[-3.93752356158383,50.3294938005283],[-3.93850442329274,50.3283055540363],[-3.93855052963771,50.3282496977711],[-3.9395755366504,50.3270078981599],[-3.94013770636274,50.3164181388809],[-3.94015039442985,50.3161790708408],[-3.94069341758889,50.3158687649901],[-3.9557693698387,50.307251141676],[-3.9609143082929,50.3045255983355],[-3.9673394934238,50.3051420266496],[-3.99188256253344,50.3074932417634],[-4.00127401482416,50.3028142896299],[-4.0076996935074,50.3020857727814],[-4.01400287182827,50.3026412157615],[-4.01511548724949,50.3012445327696],[-4.01618704016133,50.301122935166],[-4.01806529302748,50.2975411402617],[-4.02019024798243,50.2948729227629],[-4.02237665729005,50.2954289417495],[-4.02504782058791,50.2965554345598],[-4.03867012135073,50.2929256632986],[-4.04058919955889,50.2931508066849],[-4.04134247281117,50.2942486510598],[-4.05048126691996,50.2943107901977],[-4.05069598149136,50.2943359589274],[-4.05257619192189,50.2979275657904],[-4.05651832420481,50.296899068118],[-4.06016058031583,50.3005358131386],[-4.0656116300709,50.3017906677178],[-4.06669797205263,50.3024920747656],[-4.06883829983435,50.30253330411],[-4.07541487772385,50.3040465687841],[-4.07238164492526,50.3089307276446],[-4.07113264984569,50.3092686126433],[-4.05696525005296,50.3103766437238],[-4.05334455239888,50.3095752602468],[-4.04867484259562,50.3129162111247],[-4.04043071406724,50.3103484977126],[-4.03192787108066,50.3142767895234],[-4.04459550940595,50.3124501253339],[-4.05320990376473,50.3150568777252],[-4.04304282179024,50.3239711426488],[-4.04634141470951,50.3248152447454],[-4.04262146091432,50.330041794459],[-4.04229290471086,50.3303932815645],[-4.01573074793729,50.3410430183035],[-4.03642229936793,50.3391674460042],[-4.03839310889918,50.3373384563471],[-4.04152809616668,50.3344287155051],[-4.04548780285369,50.3307528960772],[-4.05105483266591,50.3348918926577],[-4.05144430061952,50.3386481609589],[-4.05828199678584,50.3380766271063],[-4.05259280513146,50.336732810777],[-4.04712175515696,50.3279026639849],[-4.04859763333981,50.3253000398197],[-4.05084580860978,50.3213349535373],[-4.0540271664762,50.3157228253786],[-4.05404273516962,50.315695357253],[-4.05647938449737,50.3113960116512],[-4.06935384670481,50.3122063978575],[-4.0704158037245,50.312584575733],[-4.07725030550895,50.3158657471715],[-4.07865893234286,50.3155195691362],[-4.08435723613187,50.3175672287069],[-4.08435233391507,50.3176244995175],[-4.08448800778098,50.3176127143309],[-4.08510602139707,50.3178144345272],[-4.09220355775832,50.3169421755551],[-4.10161070692502,50.3161239009455],[-4.10193432098933,50.3157455399064],[-4.10742747280064,50.3150696345461],[-4.11293145601687,50.3193248045598],[-4.11899825525202,50.3193411666391],[-4.12219543096347,50.3255213863238],[-4.12142506628383,50.3284729089503],[-4.1195179958976,50.329484439595],[-4.12036959136891,50.3325162142277],[-4.11953405358888,50.3357165526791],[-4.12873571440284,50.3373751115628],[-4.12859492570828,50.3428400419279],[-4.12302551241729,50.346731368617],[-4.1258705200411,50.3569892518692],[-4.13530368082873,50.3594212860304],[-4.12827575541082,50.3607228723475],[-4.12045984002592,50.3578551537863],[-4.11614757486108,50.3603773571587],[-4.11352920054849,50.3542010242666],[-4.10533168090595,50.356531956059],[-4.11244555794992,50.3594301082911],[-4.10883372242589,50.3665705279111],[-4.09804046572165,50.3668476188535],[-4.10815423313619,50.3678960100466],[-4.09930929764047,50.3797354906087],[-4.08610427661462,50.3857637983043],[-4.0839811291844,50.3867327659888],[-4.08871025100849,50.388192259618],[-4.10434440979276,50.3798422871577],[-4.11394702689305,50.3625256438109],[-4.12127481832648,50.3614379654368],[-4.13317010270242,50.3663958000721],[-4.13347905385787,50.3632844481732],[-4.14563496582127,50.3642535538206],[-4.14641134901161,50.3637822955278],[-4.15190196065938,50.3622810201259],[-4.15280127516363,50.3623087610854],[-4.15321278582862,50.3660275282133],[-4.16419355363583,50.3589393052992],[-4.16444575053103,50.3590255937135],[-4.16520303596104,50.3616539896725],[-4.16259789319489,50.3635849517441],[-4.16618591244375,50.3666628929135],[-4.1665325543587,50.366267768044],[-4.166612183029,50.3665440697316],[-4.16845545393978,50.3641310851301],[-4.18540674515691,50.3671948095518],[-4.18148154490139,50.3771557205212],[-4.18229876068679,50.3777580027048],[-4.18223418000107,50.3779727485351],[-4.18596736902117,50.3823370275669],[-4.18428358601909,50.3843288726166],[-4.18731729996325,50.38391492869],[-4.19267718179342,50.3901785598025],[-4.18182664280975,50.3956255924004],[-4.17970267338224,50.3966915842968],[-4.18295691351949,50.3962276088363],[-4.19454319582552,50.392086008712],[-4.20280745104393,50.3963642127407],[-4.20487503367993,50.3988195718805],[-4.20441291866276,50.400082113433],[-4.19958869018324,50.4028992459603],[-4.20054806149779,50.4079614065826],[-4.19507119428091,50.4191207551398],[-4.19234041838316,50.4246825653434],[-4.18623525684799,50.4237289377259],[-4.18579383654608,50.4236212061328],[-4.17586853058981,50.421976029068],[-4.1697131656479,50.4222205622685],[-4.16947293726425,50.4223695004218],[-4.17660675530472,50.4225693109434],[-4.17797661299792,50.423452744574],[-4.17804190550368,50.4234948514392],[-4.18101203441385,50.4254101389601],[-4.18658921916665,50.4245065990552],[-4.1898603488086,50.428453066212],[-4.17557401868624,50.4338004271753],[-4.16272974547275,50.4493801846293],[-4.15648898434074,50.4464936788213],[-4.16210147762183,50.4504316167202],[-4.15861425101386,50.4532734322129],[-4.15854659584806,50.4533285610592],[-4.15717409990335,50.4544469129483],[-4.15459339044715,50.4565495711195],[-4.15693407360384,50.4618866775637],[-4.15734480350339,50.460289689102],[-4.15738450648872,50.4601353122944],[-4.15828444448082,50.456635847985],[-4.16411222371059,50.4564628206134],[-4.16959383246094,50.4519560925479],[-4.18509978859368,50.4342703500795],[-4.19075896891368,50.4353242095545],[-4.19132220860737,50.4408434738181],[-4.19897052201529,50.4455930657847],[-4.20046151860447,50.4535322165912],[-4.19586365921527,50.4537576331463],[-4.19492685684647,50.4501981889128],[-4.19373829824105,50.4550182968218],[-4.20146515534417,50.4544243611606],[-4.21570385781984,50.4682753719587],[-4.22461117634354,50.4670908093096],[-4.22950864814129,50.457122841625],[-4.23641170400937,50.4594062607853],[-4.23789521556027,50.4623611235773],[-4.23810176016463,50.4627724886387],[-4.23922500833319,50.4650094695072],[-4.23931112495463,50.4651809637271],[-4.24068657983219,50.4655017601947],[-4.2429609815601,50.4659917766472],[-4.24261809861444,50.4654505339207],[-4.23864683682781,50.4591808840393],[-4.23754932795149,50.4574478572366],[-4.22971598659029,50.4550303495519],[-4.21765124326894,50.4644479820533],[-4.21159882448348,50.4562001419692],[-4.21131859196411,50.4456602749573],[-4.20306007980928,50.4425385215406],[-4.20585635101586,50.4406685864364],[-4.19938034762615,50.4364153561754],[-4.20375037622745,50.4299851300973],[-4.21716307127644,50.4297194169228],[-4.22121355582407,50.4260316410617],[-4.22635483634145,50.4355936107532],[-4.23676175065945,50.4387227945316],[-4.22690314506645,50.4351252539813],[-4.22822099848355,50.4297531852635],[-4.22825192186622,50.4296271182755],[-4.22384555327337,50.4254110870522],[-4.22961838753884,50.42523222173],[-4.22307375489956,50.4242955444817],[-4.22303471230566,50.4242899549569],[-4.22275064185691,50.4242492888434],[-4.22249695426138,50.4253271637673],[-4.20979817033719,50.4253541742906],[-4.21105704642759,50.4188183300818],[-4.21145919365172,50.416730010696],[-4.21163700103723,50.4166304399242],[-4.20699712870004,50.4098872307838],[-4.20731913031676,50.4086176611104],[-4.20773643571721,50.4069721592344],[-4.21260034738076,50.4051152881812],[-4.21346128498476,50.404786576476],[-4.21008941180151,50.4039134825914],[-4.21198219948314,50.3993174876714],[-4.22343239899947,50.3967187285928],[-4.22445823112898,50.3964896912204],[-4.22918012962702,50.3940322854643],[-4.22980754191154,50.3938460733717],[-4.22876862044014,50.3972175779917],[-4.23223282278674,50.3993963412758],[-4.23562318840052,50.401528383508],[-4.23281054589767,50.3936384679076],[-4.24374263676354,50.389186187784],[-4.24932939674463,50.3916794667138],[-4.24719253792639,50.393886633833],[-4.25239786097095,50.3934762692923],[-4.25243875435797,50.3934730440919],[-4.25239647175776,50.3934469775454],[-4.24776249807469,50.3905899488535],[-4.25216447089944,50.3885572948583],[-4.25272726729467,50.3882973932978],[-4.25214760089813,50.3882017924366],[-4.24521639841766,50.387058422483],[-4.25196009691865,50.3842499658226],[-4.25400441083305,50.3833984603106],[-4.27108030348117,50.387181212163],[-4.27063224349918,50.379513093688],[-4.27632284428323,50.3770038169024],[-4.28416333699664,50.3840628185268],[-4.28005231689794,50.3879815114887],[-4.284787301149,50.3844589139448],[-4.28874361215899,50.3875921786291],[-4.28192443588426,50.391280844897],[-4.28718441158587,50.3888991967866],[-4.28789869528653,50.3917525489257],[-4.28911964517786,50.3879796276966],[-4.29031958306572,50.3904861945229],[-4.28405241633558,50.3957398773592],[-4.28383716135177,50.395920295891],[-4.28064768479905,50.3985934002023],[-4.28228772114822,50.3979220042672],[-4.29159473853036,50.3941111095404],[-4.29351747430045,50.3890263010401],[-4.30123507723618,50.3924767752894],[-4.30127153508365,50.3924930736483],[-4.30172315818906,50.3926949611617],[-4.30278366577265,50.3895619789273],[-4.30326399942619,50.3881428351929],[-4.30696691886134,50.3897114806212],[-4.30864933793293,50.3904241208074],[-4.30866673704368,50.3897721857458],[-4.30872014009699,50.3877711021506],[-4.29558831973091,50.3873646197318],[-4.29608845750421,50.3859141859079],[-4.29521229027275,50.3868035655439],[-4.27726635707144,50.3744426210928],[-4.26815564890936,50.3752494547191],[-4.2817927685269,50.3716653951074],[-4.28003428140529,50.3696896061015],[-4.2701888720007,50.3728801798804],[-4.26665176101383,50.3695177909342],[-4.2662191762709,50.3747241605879],[-4.26054321922208,50.3766308800723],[-4.25151783475265,50.3749086484144],[-4.24920110958285,50.3744664335804],[-4.24932488855627,50.3772910193324],[-4.23341518799429,50.3841106565494],[-4.23543610372465,50.3874204781513],[-4.23078276540647,50.3904285785504],[-4.2280039407677,50.3907515375631],[-4.22688127971411,50.3902392882185],[-4.22432422195329,50.3911790913057],[-4.21176376478014,50.3926375860834],[-4.20318199008985,50.3884160846596],[-4.20167673679332,50.3876121883672],[-4.20451022866896,50.3867567081297],[-4.20858666012097,50.3855257889296],[-4.20753752840188,50.3852701685853],[-4.19877897804403,50.3831356707739],[-4.20256046333753,50.3791020303189],[-4.19324382357098,50.3759232431333],[-4.19306273306574,50.375659644533],[-4.19476740639604,50.3718694483427],[-4.20024033253515,50.3705026386741],[-4.20133668059135,50.3702287962592],[-4.21108428368162,50.3734229978572],[-4.21116494968503,50.3734494265053],[-4.21113742935751,50.3734182867129],[-4.21100475550627,50.3732681649465],[-4.20768597171329,50.3696757492324],[-4.21932927122788,50.3668178050973],[-4.22206492986378,50.3687921251523],[-4.22535071176782,50.3668753486344],[-4.23516793261339,50.366022481353],[-4.23677899733842,50.3658824392025],[-4.23930486592727,50.361674793943],[-4.23518010315648,50.3638157125801],[-4.21740247154023,50.362196293743],[-4.22389446091195,50.3586750577307],[-4.20935093487686,50.3593463410286],[-4.2059518797287,50.3618789805546],[-4.19679559021605,50.3594485027294],[-4.19624089207043,50.354038893122],[-4.20393671047971,50.3487879499689],[-4.2095249409989,50.350828851242],[-4.2085291776033,50.3470305163733],[-4.19238797790949,50.3505713919461],[-4.19347174324767,50.3536207735637],[-4.1862792776149,50.356937120986],[-4.17633442616615,50.360270433163],[-4.17018567661475,50.3546539489674],[-4.16709195529336,50.3503166865446],[-4.16999166742884,50.3433249827447],[-4.17036304361646,50.342966360808],[-4.17104406374343,50.3428598866943],[-4.18810735707537,50.3408732661239],[-4.20122722558893,50.3329307540075],[-4.20087546619061,50.3295437460573],[-4.19885980622905,50.3284993359693],[-4.1987857826452,50.3282948158764],[-4.1924266583428,50.3251654679181],[-4.18964092365579,50.3237215339495],[-4.18837136254808,50.3176713451342],[-4.21059473445096,50.318325555854],[-4.22131285573098,50.3146321634761],[-4.22273727146473,50.3113488854759],[-4.22506736108035,50.3152908655793],[-4.22377831509669,50.3167017828615],[-4.22683537925258,50.3182815217774],[-4.22728978114199,50.3190501212508],[-4.21971423633901,50.3224475448318],[-4.22034844245105,50.3260503735714],[-4.22848999791565,50.3313920613619],[-4.23170589511746,50.3339243846648],[-4.23345171855537,50.33464657815],[-4.24486659533777,50.3421312256937],[-4.2500630357771,50.3441518130669],[-4.28270553294373,50.3568352190289],[-4.32440178775923,50.3618073645274],[-4.35172848252974,50.3606203416944],[-4.35706479097835,50.3611764793111],[-4.36094251920651,50.3602185274256],[-4.3649120648485,50.3600451917986],[-4.38697130300878,50.365693590496],[-4.40113538692973,50.3636682199239],[-4.40163954675246,50.3635960941837],[-4.40286604162117,50.3635066743895],[-4.41130276836688,50.3633978090546],[-4.41769301233078,50.3624246267902],[-4.43650531635264,50.3610489476827],[-4.45067562218825,50.3512117493249],[-4.45113027819672,50.3508982164387],[-4.45941058514264,50.3696271859488],[-4.45921052898908,50.3675208593315],[-4.45909226938806,50.3662751848593],[-4.45911160478946,50.3658078576808],[-4.45938800650217,50.3591268926175],[-4.46427169657184,50.3589434375955],[-4.46859455345521,50.363139081355],[-4.46871224567009,50.3632632680521],[-4.46903499120745,50.3635665060288],[-4.47363017219692,50.3637480409715],[-4.47737492438087,50.3638958447825],[-4.47851634182044,50.3639408713944],[-4.48365215356014,50.3641248299565],[-4.4694089336944,50.3626437947305],[-4.46393781250247,50.3577902131544],[-4.45724233399195,50.3582827467042],[-4.45118720301402,50.3502553741764],[-4.4507978437115,50.3489730242558],[-4.45244037278932,50.3448998399843],[-4.47306821008231,50.3385593035523],[-4.473052208664,50.334793571947],[-4.47351157414871,50.3331534507009],[-4.49762796958191,50.3373621056369],[-4.50174409720679,50.3306631753884],[-4.51830880405492,50.3313478549008],[-4.51649703989252,50.3305481309229],[-4.5183715578773,50.3289315237241],[-4.53021803972371,50.325921422789],[-4.5389145370371,50.3237107195953],[-4.55150838868552,50.3243226948906],[-4.57845977155615,50.332544804929],[-4.58746066603321,50.3320793992749],[-4.58930624155381,50.3307007465929],[-4.58963314951984,50.3306556919038],[-4.59188479412883,50.3287743787678],[-4.59842465393818,50.3238876967611],[-4.60664714759507,50.3289485735124],[-4.61815514732155,50.323982133142],[-4.61842562041777,50.3238748348409],[-4.63447791505679,50.3248581240174],[-4.63672411744061,50.3257304904553],[-4.63789588277919,50.3284252766404],[-4.63112545494487,50.331556053105],[-4.63112470788598,50.3316839536025],[-4.61805251573374,50.3348673050535],[-4.62129610389031,50.3347503970844],[-4.60883219412556,50.3382841381203],[-4.62970619065718,50.3345169710408],[-4.63099939575518,50.3396017819925],[-4.63099981087503,50.339647335807],[-4.63144793794222,50.3413651488167],[-4.63067872413058,50.342615726363],[-4.63064421499254,50.3426718282304],[-4.62742110585657,50.3479111847928],[-4.63608837067161,50.3473407555564],[-4.63595289006247,50.358116579387],[-4.61176947173391,50.3592107500239],[-4.60766274126578,50.3593960528809],[-4.63595842766601,50.3600692771431],[-4.63363975915907,50.3792456854666],[-4.61984413307074,50.3820274330239],[-4.615847557023,50.3855310326622],[-4.63588694816803,50.3798927564985],[-4.63796658525472,50.3731063384898],[-4.64222998589473,50.3760334162561],[-4.64328826704276,50.3767599084586],[-4.66082255927144,50.388792148248],[-4.66130725438812,50.3891045816451],[-4.662404765065,50.3897768359604],[-4.65980054160478,50.3871354050803],[-4.651623259723,50.3789790910986],[-4.64968334426941,50.3770519283221],[-4.63873865333631,50.3703920844609],[-4.63887217683818,50.3541679544231],[-4.64176509405121,50.3545888806034],[-4.63734934532585,50.3521354009293],[-4.63762733161144,50.3466500945904],[-4.63123763301372,50.3446549314923],[-4.63371898056546,50.3366892371562],[-4.63853101776292,50.332443167529],[-4.64752215369719,50.3272451665353],[-4.65179279504502,50.3264646617598],[-4.65165598551377,50.324854690183],[-4.65449085408433,50.3232151468046],[-4.65520839674833,50.3230529783091],[-4.66759605694247,50.3230734545965],[-4.67215307536248,50.3151059943706],[-4.67296376008599,50.314033620942],[-4.68473333879131,50.3201080070447],[-4.68144332331004,50.3378072176476],[-4.68864650875664,50.3410436869183],[-4.6902661442066,50.3442544904478],[-4.69156562205375,50.3468302730096],[-4.7022027632811,50.3469553524087],[-4.70023526436016,50.3445098527688],[-4.70171018657044,50.3447687708576],[-4.70177583964352,50.3447802959102],[-4.70567888320231,50.3454653568021],[-4.70445847098091,50.3422941413656],[-4.7016381964188,50.3431413678219],[-4.70221471259604,50.342529632263],[-4.70596218579193,50.3402361413867],[-4.72463766488787,50.3375225726702],[-4.7247314377443,50.3375089386337],[-4.75607031634601,50.3311885137164],[-4.75647245112486,50.3311868679352],[-4.75660101701313,50.3310813063612],[-4.75683595681938,50.3310338445686],[-4.76308151835775,50.3265372167368],[-4.76683495655261,50.322067282533],[-4.76510304862942,50.3129999290661],[-4.75433818444089,50.3061536998784],[-4.75259254473066,50.2988468780306],[-4.76269443436222,50.3007256137077],[-4.76414785421156,50.2996357893941],[-4.77375596047793,50.2941222359977],[-4.77393620283113,50.2939057640287],[-4.78119012187568,50.2901557048175],[-4.78437121382384,50.2845915146339],[-4.78222026570283,50.2827756453565],[-4.78253101547542,50.281782261319],[-4.77814556419885,50.2793352086796],[-4.77781095760279,50.2790526571433],[-4.78398055765154,50.2750613076146],[-4.7825890154552,50.2695176109267],[-4.78375369003857,50.2695048703994],[-4.78640333119199,50.2696505726248],[-4.78520193567285,50.2695219747305],[-4.78540459817841,50.269524366886],[-4.787007181703,50.2694692234499],[-4.78217392889705,50.2691924711437],[-4.78186269564934,50.2691642889251],[-4.78569676333519,50.2618078612066],[-4.76705792509417,50.2567347510637],[-4.77087192138271,50.2558701967452],[-4.77008928099192,50.2553300223978],[-4.76994648785788,50.2552314657084],[-4.76873045558347,50.2543921263365],[-4.76871567276682,50.2543433939555],[-4.77668335186602,50.249862183726],[-4.78054423758411,50.2485381531383],[-4.78178873438861,50.2473668845073],[-4.7854368884441,50.2456188755804],[-4.78824418147908,50.241251739038],[-4.78096616157119,50.2374898965932],[-4.78261814612246,50.2367450015957],[-4.798232366153,50.2301648609936],[-4.79833946388431,50.2262608399613],[-4.79836160266578,50.225453753406],[-4.79883372687678,50.2194405371071],[-4.80494403421439,50.2189202707582],[-4.8053363933615,50.2188868523452],[-4.81042002253053,50.2259688005217],[-4.81318324544029,50.2298172177938],[-4.8162004193505,50.2298945132847],[-4.81854543805757,50.2306512509077],[-4.83023802426779,50.23025309642],[-4.83066724743399,50.2302640342295],[-4.83212844816664,50.2333624305538],[-4.83843212114717,50.2320121311125],[-4.84147586069216,50.2368789353661],[-4.84241500342219,50.2365880663544],[-4.84683625343811,50.2352185794575],[-4.85409113768056,50.2349839759228],[-4.8629347859456,50.2359660777356],[-4.87368987409113,50.231197280987],[-4.8760020455253,50.2248314740737],[-4.88157172811823,50.2242254187913],[-4.88299365250362,50.2240706499684],[-4.89588035292933,50.2130701738917],[-4.89633571279586,50.2130153339597],[-4.90086736984199,50.2138436395496],[-4.90132891491689,50.2124138648593],[-4.90286077416417,50.212229295375],[-4.9037906938058,50.2062644514887],[-4.91070295837648,50.2052809874153],[-4.91093366791517,50.2002538022452],[-4.91877566639282,50.196223871044],[-4.92179831845663,50.1956494447965],[-4.9229039374455,50.2018853476848],[-4.93362681155178,50.2070896996329],[-4.94173102099594,50.2054460184543],[-4.9475593343997,50.2052902925924],[-4.95327314821628,50.2031039021031],[-4.95759464655832,50.2022266351116],[-4.96865178947815,50.192118340953],[-4.96757198058602,50.1858713891767],[-4.97362479580827,50.1856499554284],[-4.97251183771098,50.1646607685882],[-4.98386126803224,50.1578080645478],[-4.98193813693263,50.1518124019897],[-4.99598917399758,50.1485655386629],[-4.9989325077304,50.146467136836],[-5.00936177850886,50.1395311763559],[-5.01497772335758,50.1404983453513],[-5.01745081607699,50.1493234389612],[-5.01458151820192,50.1511194451582],[-5.00943632111266,50.1540584954116],[-5.0044064603019,50.1504079243525],[-5.00418362578304,50.1508579383182],[-5.0039557722408,50.1507160964076],[-5.00211477460328,50.1550355702287],[-4.99882175929851,50.1616836644364],[-4.99471994075461,50.1621207862509],[-4.99714313274254,50.163055762918],[-4.99384699366339,50.1680362703352],[-5.0015442977516,50.1675667089641],[-4.98857996181963,50.1784974047984],[-4.99648183630084,50.1752485728339],[-4.99664346642556,50.1736242681934],[-5.00594093982212,50.1708065805243],[-5.0006159938141,50.1652680060107],[-5.00601870135922,50.1614921212417],[-5.00483935736712,50.1574425403773],[-5.00495558791503,50.157169021792],[-5.01378200313181,50.1591290786881],[-5.02380085537048,50.1547555868754],[-5.02747857333407,50.1578907528172],[-5.01833168650578,50.1821002106062],[-5.0139734921241,50.183637826612],[-5.01438308433253,50.1904495870564],[-5.0166402452646,50.1856069158231],[-5.02491485012284,50.1823953379067],[-5.02569409864205,50.1821940059553],[-5.03490774760695,50.2033618855603],[-5.03181798182595,50.2054513967492],[-5.02674190195686,50.2040005350519],[-5.02954272158132,50.2060433262161],[-5.02647636352619,50.2086726824923],[-5.02508062902106,50.2094246469781],[-5.02504521793101,50.2098997446701],[-5.02306108348173,50.2116008081103],[-5.02435477418731,50.2191617758937],[-5.02424776064399,50.2205971000519],[-5.02423417165477,50.2207793606091],[-5.01194267097894,50.2259308785583],[-5.00901602322103,50.2267553850294],[-5.00619631290569,50.2221302113383],[-4.99449526736913,50.2247436040573],[-4.99218874317727,50.2215447702983],[-4.99278880714861,50.224632855002],[-4.98208500873079,50.2266885089022],[-4.97995585800931,50.2217424355219],[-4.97977778327153,50.2213287112399],[-4.97973347084167,50.2217481543826],[-4.97916937138163,50.227087196361],[-4.97191010799976,50.2258527831841],[-4.9708742771401,50.228226287904],[-4.98179108842871,50.2295045336804],[-4.98271341276639,50.2323271052415],[-4.96569644223519,50.2323069145683],[-4.96709579092363,50.2347404533523],[-4.96485405817109,50.2380073882612],[-4.96731840791916,50.2402869319726],[-4.97229210121365,50.2358228798633],[-4.97870545743738,50.237974057041],[-4.97490848300543,50.2343921442062],[-4.98417207345986,50.2328680552976],[-4.98481918207991,50.2286809856611],[-4.99182174405464,50.2263642783927],[-5.00153952053676,50.2249152424514],[-5.00724628096519,50.2285638112173],[-5.01469334964796,50.2278722722745],[-5.01524628028163,50.229587174349],[-5.01632374656295,50.2343402640349],[-5.01211179494231,50.2408284796486],[-5.01317317311854,50.2413039119692],[-5.01308955449156,50.2414481513561],[-5.01413818993437,50.2417361633222],[-5.02170237541653,50.245163745137],[-5.01025764143237,50.249018684188],[-5.00976220664885,50.2509525276157],[-5.0097547296192,50.2509817102216],[-5.00968870311907,50.2512394181266],[-5.00964768552154,50.2513995108071],[-5.00585852137947,50.2661841744997],[-5.00581143181277,50.2663678496146],[-5.00520176986576,50.2669462079213],[-4.99155528801595,50.2798875204235],[-4.99638722478254,50.2771710775107],[-4.99781714974746,50.2763670979418],[-5.00293624017498,50.2734885196555],[-5.0077454860841,50.2671020016036],[-5.00945212847462,50.2648351733799],[-5.01543686077143,50.2556968161538],[-5.01151287122432,50.2513916094897],[-5.02104312088665,50.2493916763787],[-5.02801536698976,50.2429499055865],[-5.03411966536198,50.2492993600141],[-5.03445017462349,50.2496430850284],[-5.04098892328366,50.2521903056487],[-5.04117776866922,50.2524161910092],[-5.04599562731637,50.2612014275929],[-5.04699730120648,50.2630242205625],[-5.05015966142303,50.264101782687],[-5.04699141801336,50.2587381578205],[-5.03922971349415,50.2491529342119],[-5.04926970109727,50.2483489441839],[-5.05048396797409,50.2482516462028],[-5.04689661434665,50.2477296435162],[-5.04663742738582,50.247691923912],[-5.03544731190383,50.2460628131772],[-5.02989966929026,50.241696262604],[-5.03130641213965,50.238180896351],[-5.02259608009196,50.2430092730882],[-5.01601145291828,50.2406319471695],[-5.02421128865191,50.235069770146],[-5.01841867319248,50.2258835042599],[-5.02167718263386,50.2249659486806],[-5.02935409338063,50.2234570347406],[-5.03282292789325,50.2279156818097],[-5.03904176410815,50.2295406124642],[-5.04433107053775,50.2275327663219],[-5.03956211815815,50.2283737146944],[-5.03114494378335,50.2243008882581],[-5.04165223212393,50.2210062665118],[-5.02899199265644,50.2210974330687],[-5.02890562730523,50.2204754753763],[-5.02829843238395,50.2161022045427],[-5.02840973986212,50.2099519139792],[-5.03890700970998,50.2126525893366],[-5.0360352893046,50.2096403202588],[-5.04225747255676,50.2048532087092],[-5.04384799156439,50.2051665453603],[-5.04806795313626,50.2090219433524],[-5.04387189790318,50.2033332581373],[-5.05023742975155,50.2023151992051],[-5.05806916900541,50.1942384363453],[-5.05899798574645,50.19337049367],[-5.05784929326849,50.1983052802867],[-5.06493600740441,50.2026722403154],[-5.06661584036735,50.2104624654211],[-5.07013428745912,50.2056600783116],[-5.08297032912966,50.2097611807157],[-5.08477061381982,50.2099461899423],[-5.09669942774452,50.2111712794564],[-5.0891982519804,50.2081232596896],[-5.0884612509638,50.2078237406958],[-5.08789772622502,50.2075947163676],[-5.08745447792194,50.2074145711321],[-5.08457687447572,50.2069426467793],[-5.07763214738797,50.2058033581378],[-5.07631097554648,50.2055865656848],[-5.07609023661403,50.205082235867],[-5.07380033876363,50.1998497368379],[-5.05943277349517,50.1918201695599],[-5.05621532676465,50.1892401206371],[-5.05495293856039,50.184786882439],[-5.05652007843521,50.1805765992993],[-5.06080325380981,50.1784615162376],[-5.07733845433828,50.1842450552833],[-5.06505863990306,50.1777330375964],[-5.05720414572505,50.1782191265651],[-5.04485764171437,50.1749852722621],[-5.04639839616252,50.1687604291287],[-5.05619808147431,50.1612988530648],[-5.06930814555644,50.1617328856937],[-5.07474316710084,50.1674696303344],[-5.08200823118006,50.1670888590631],[-5.08475546980516,50.1669447526905],[-5.09148311470645,50.1705791564722],[-5.09379849794282,50.1675469315947],[-5.09699123736148,50.1683979143824],[-5.10221132350524,50.1697890119329],[-5.09724500593252,50.1674558737256],[-5.10088218492277,50.1663520734354],[-5.08684090878384,50.164164439182],[-5.08641710069257,50.1636694155137],[-5.08602463253252,50.1632109892721],[-5.08382926859421,50.1630170623732],[-5.08331619798975,50.1629717342755],[-5.08182434741852,50.1642327079063],[-5.08140113576562,50.1645904089926],[-5.08084705403599,50.1650587115791],[-5.08045923055556,50.1647633268693],[-5.07079786071692,50.1574031269874],[-5.07010553753607,50.1565895042909],[-5.06941706880374,50.1560332803803],[-5.06879142777938,50.1555278018561],[-5.06705918738349,50.1536437748992],[-5.06686556433458,50.1535917651222],[-5.06474257896749,50.153021473386],[-5.06054273604774,50.1513176134044],[-5.05990413318743,50.1517215391158],[-5.05905874642057,50.1514943838542],[-5.05903738452456,50.1522697537215],[-5.05657474083527,50.1538272594965],[-5.05891660557067,50.1566534285613],[-5.05447785510587,50.1569286250711],[-5.05592693592507,50.1536369647289],[-5.05223515179903,50.1531544385098],[-5.0504609641425,50.1547530782288],[-5.04926506560811,50.1557789024841],[-5.04583734464029,50.1503659877241],[-5.04202348441673,50.1442503115179],[-5.04491549999978,50.1449913534603],[-5.05505946767663,50.1483216513453],[-5.07643741767582,50.1394327952063],[-5.07677195370431,50.1392936408798],[-5.07305446530657,50.1344854867302],[-5.07294570825274,50.1343240211812],[-5.0797279649369,50.131619836134],[-5.09339101856256,50.1261700721884],[-5.09136312697358,50.1245655251409],[-5.09128366969396,50.1143797054841],[-5.08150146685756,50.1098865498423],[-5.09757543589506,50.1007399153874],[-5.10027107481091,50.0999670880083],[-5.11130787404353,50.1040028328138],[-5.11391096802889,50.103008762647],[-5.115482514886,50.1034527132151],[-5.12115886855963,50.1002404326517],[-5.12409226633985,50.0991198151939],[-5.12467220677335,50.0991115013727],[-5.14013133821966,50.1001196673855],[-5.14037732400965,50.1001625924186],[-5.13943297192447,50.1059460205758],[-5.13020354482069,50.1102515914032],[-5.13782807556591,50.1117153328001],[-5.14101550404584,50.1062568878864],[-5.14455554802862,50.1071292430308],[-5.144977018407,50.1072190443992],[-5.14202702330276,50.103935986685],[-5.14530387905942,50.0986912812967],[-5.16315174339144,50.0967520113377],[-5.15927632440074,50.1080973176691],[-5.1636519700597,50.1127667060568],[-5.16288218697655,50.1039958418375],[-5.1658504791569,50.1024296223134],[-5.17016312256538,50.1057834635352],[-5.16500768086752,50.101463045416],[-5.16928107642852,50.0997765616635],[-5.16531344610558,50.0974393149116],[-5.16552028651985,50.0962874555738],[-5.16162466599011,50.0952660026673],[-5.15942921599738,50.093972365076],[-5.16137711643307,50.0934587396881],[-5.18701619663236,50.0894874823499],[-5.1910125367629,50.0896766256598],[-5.1859841237632,50.0881573469534],[-5.18698264363406,50.0875234189884],[-5.19450994958511,50.0827437756872],[-5.19212540713733,50.0800394833414],[-5.19290511806983,50.0831883022815],[-5.18480853318962,50.0879306351115],[-5.18418817788309,50.0881088670504],[-5.17874627111327,50.0896721656755],[-5.17876100037557,50.0892456458666],[-5.17887619071339,50.0859099853448],[-5.17739344518,50.0893448503637],[-5.15471157803898,50.0931944893615],[-5.14752206106823,50.085339112366],[-5.15093522944504,50.0941013516335],[-5.14132999690033,50.0964183015702],[-5.13380006258027,50.0954047440988],[-5.1350138483017,50.0924995098329],[-5.13564858786209,50.0913879243836],[-5.13543167712648,50.0914993408101],[-5.13560451653462,50.0910855959634],[-5.12502801841788,50.0962719058705],[-5.10931346067238,50.0948930268408],[-5.10223137349104,50.0930786311961],[-5.09299234196458,50.0881424699821],[-5.10178838373434,50.0891553444479],[-5.11789110908286,50.0823087281725],[-5.101071637335,50.0872583573797],[-5.09979030811388,50.0869903938455],[-5.09866353635808,50.0855953714328],[-5.09424505456241,50.0858305181444],[-5.08796165474471,50.0845158542866],[-5.08102640120414,50.0830643070098],[-5.07839900842161,50.0844030534158],[-5.07674820045741,50.0851599973698],[-5.07607700305361,50.0854677480985],[-5.07660542716039,50.0829299369471],[-5.07955440273554,50.0687619728457],[-5.07567443201191,50.0683917071157],[-5.06770120074566,50.0676303924658],[-5.0668501876374,50.0667826683452],[-5.06161879776332,50.0612358634741],[-5.06419888963829,50.0555783114042],[-5.05782603466165,50.0527912950035],[-5.06623827745589,50.048229510521],[-5.06801894453392,50.03953009743],[-5.06893706736083,50.0350436065648],[-5.07348816565958,50.0342013478011],[-5.08922730394991,50.0312869564042],[-5.09698131732878,50.0260584784701],[-5.09114707430276,50.0157102604882],[-5.09575853123154,50.0156232059741],[-5.09676400211315,50.0137205280525],[-5.09684211015981,50.0137008390415],[-5.09779255601594,50.0114929734209],[-5.10137981771245,50.0042070548985],[-5.10355614087515,50.0039477486057],[-5.10616957488085,50.0048246136475],[-5.11156786861256,50.0029927877715],[-5.1126160867176,50.002867801626],[-5.12239418031518,50.0092512509456],[-5.13153034215757,50.0081688613342],[-5.13318817804916,50.0079704629117],[-5.13252554419611,50.005230123251],[-5.13791565254656,50.0081979612411],[-5.15652011766085,50.0076422149784],[-5.15672955654332,50.0076359412999],[-5.16663255993957,50.0037349810631],[-5.17181848306692,49.9976592552281],[-5.17036473607677,49.9909868916693],[-5.17986144126886,49.9868313140803],[-5.18007633859719,49.9853852169812],[-5.18232158836238,49.982155809313],[-5.18496627291308,49.9802129481088],[-5.18520957847251,49.9797130184081],[-5.18615802352798,49.9793525122861],[-5.18881775525135,49.9736467834993],[-5.1832753686362,49.9671139361601],[-5.18561735834665,49.963105564159],[-5.19696383967157,49.9639429461807],[-5.19877944918994,49.9589618599301],[-5.20000026836619,49.9589864185305],[-5.20795822394178,49.9593130855955],[-5.20800610041618,49.9593895294388],[-5.20983035993206,49.9593235836373],[-5.21571890931189,49.9595251537922],[-5.21888056186158,49.9709796589132],[-5.23709469738624,49.9766107192596],[-5.24488561502271,49.9756123583275],[-5.24598993921806,49.9759913483365],[-5.24739709124708,49.9777271174143],[-5.24611170049509,49.9820176858212],[-5.24386510204387,49.9839550260613],[-5.24535986882091,49.9845269179385],[-5.24509812335151,49.9854004211623],[-5.25461439166564,49.988066921736],[-5.2550537524244,49.9882349528837],[-5.25135122542063,49.9913904051864],[-5.25454106140103,49.9965737311762],[-5.25485664813581,49.9966735575829],[-5.25531853028508,49.9974326493019],[-5.2565454926243,49.9972077480982],[-5.26685621619168,50.0004682748195],[-5.26691348797681,50.0006438490385],[-5.26819486466197,50.0059012520961],[-5.25847392177923,50.013018488508],[-5.25909479202548,50.0137685313292],[-5.2589317253147,50.0139559025257],[-5.25866356334301,50.0142321620815],[-5.2610609357923,50.0163843308758],[-5.26133558324166,50.0166975528029],[-5.25592344864229,50.021629523652],[-5.25703478954607,50.0224605557926],[-5.2564695537537,50.0231913151639],[-5.265036135536,50.0284425628875],[-5.26623673572968,50.0293399814841],[-5.2658514471627,50.0298212194335],[-5.26151614805417,50.0336067240406],[-5.26190268773264,50.0336618997513],[-5.26356749722434,50.0338995210288],[-5.26384661793547,50.0341836916196],[-5.26743286344151,50.0378344563113],[-5.26901205280362,50.0382390521149],[-5.26990896027159,50.0389585975387],[-5.27158829192566,50.0410931309103],[-5.28022693985411,50.0430658189066],[-5.27652621331173,50.0491233496287],[-5.27654898865093,50.0491663971286],[-5.27563721757306,50.0502721227492],[-5.27861824307131,50.0530771110492],[-5.27937786555247,50.0545125575882],[-5.28879184755155,50.0626465816257],[-5.29697940042887,50.0703295981823],[-5.31834808722661,50.0816287218864],[-5.31632568917109,50.0841532082183],[-5.31707602827776,50.0838981054516],[-5.31628439037373,50.0851952740984],[-5.32068412324343,50.0826713088237],[-5.32167800661445,50.0823333456626],[-5.32855409600698,50.0876219265444],[-5.33489382887877,50.0914072415695],[-5.34626018841627,50.0925346185366],[-5.35674822828105,50.0903697394978],[-5.3632231657209,50.0890717674918],[-5.36626590784312,50.0936695549543],[-5.37036524497226,50.0934468314006],[-5.3737204724054,50.0956648847344],[-5.37495158836067,50.0976455178882],[-5.39171279099839,50.1034928870424],[-5.39398633508091,50.1024282330141],[-5.39455072400066,50.1025021075784],[-5.3952796097247,50.1018225774715],[-5.39754254705351,50.100762748865],[-5.40893046307697,50.1045220626854],[-5.41481907449863,50.1023173393393],[-5.41557254097399,50.1020352014375],[-5.41522482491708,50.0999006835646],[-5.41872250943559,50.1011525368746],[-5.4292439292031,50.0969886735981],[-5.42910125460172,50.1054047148389],[-5.44195150786648,50.1121800865822],[-5.44451447867181,50.111533108405],[-5.45047205233629,50.1123362881871],[-5.45464200696695,50.1159389285547],[-5.45486314771576,50.1178149980586],[-5.46061370972573,50.1210969419812],[-5.46291117960882,50.1230809711306],[-5.47121863280965,50.1218952110279],[-5.47982283770988,50.1260366882241],[-5.48169317545063,50.1263404769474],[-5.4836115975904,50.1266520396771],[-5.48375660035615,50.1267878331185],[-5.48538664269926,50.1269402845388],[-5.49617718550506,50.1286918636907],[-5.51768377770418,50.1265783936867],[-5.52796933243259,50.125084914997],[-5.52848411372125,50.1246827607622],[-5.53126557442322,50.1225096920713],[-5.53116050463438,50.1222428626309],[-5.53072969509722,50.1211487657218],[-5.53160892715064,50.119636593853],[-5.53188948700876,50.1191540442111],[-5.53360954152895,50.1174982056384],[-5.53017099896146,50.1176149747686],[-5.52976787185688,50.1156738713109],[-5.53113930540264,50.1141457254798],[-5.5374162441716,50.1139152164427],[-5.53835929685229,50.1133404008745],[-5.53842698669309,50.1133365633908],[-5.53929446637038,50.1126900725994],[-5.54721000785341,50.1075258639989],[-5.5483197897453,50.1068017010148],[-5.54858130273927,50.1066310526456],[-5.54443246098021,50.103705965119],[-5.54365689650138,50.1030890248583],[-5.54890722363536,50.1058516716386],[-5.5489132387064,50.103449527858],[-5.54568399720987,50.101337348589],[-5.5427391598642,50.1030260567286],[-5.54053637464418,50.0998091672478],[-5.53321941665169,50.0885155132022],[-5.5391754423148,50.083076206174],[-5.53987473284392,50.0774368364095],[-5.54839804398535,50.0648232316838],[-5.55049311202937,50.0621834203104],[-5.55476441989879,50.0598601508779],[-5.5632815916018,50.0624911399616],[-5.56333533515178,50.0619765139858],[-5.56400579460965,50.0621420311779],[-5.56369744551949,50.0585088361721],[-5.56372702559451,50.0582255545617],[-5.57701566844517,50.0518214587083],[-5.57996994277015,50.0523256887794],[-5.58442675765923,50.0533185409295],[-5.58995450244113,50.0502469103936],[-5.59617652194776,50.0526389264815],[-5.6076786285341,50.0482701671464],[-5.60936420487996,50.0486814749817],[-5.61916690748157,50.0512289982598],[-5.6290130627107,50.0475823189119],[-5.62930168630434,50.047475402214],[-5.62879482959745,50.0463564876308],[-5.62805817368625,50.0445640532294],[-5.63293277980035,50.0441581990247],[-5.63432487251738,50.0440422566566],[-5.63641069469374,50.0400466257979],[-5.64134240065024,50.0438571559851],[-5.64167818938337,50.0438396382484],[-5.64270946451246,50.0446041454247],[-5.64751161235377,50.0435351630741],[-5.64760605555439,50.0435212559144],[-5.6503680094828,50.042887762512],[-5.65297507787549,50.038249565306],[-5.65336539935155,50.0378662667217],[-5.65827753520469,50.0394283183761],[-5.67628425406646,50.0355768179171],[-5.67927228713674,50.0349931229694],[-5.69176788131622,50.0450262826256],[-5.689272375465,50.0476346195442],[-5.68846431035526,50.0482758960431],[-5.68854587049505,50.048292284047],[-5.68838432193935,50.048562746473],[-5.69586000107618,50.0498234023256],[-5.69262061863037,50.0540537443008],[-5.71076300047584,50.0579991080159],[-5.71697949558696,50.0686729814241],[-5.71039740545217,50.0708028678323],[-5.71033320727124,50.0709863422448],[-5.70947867320735,50.071269513891],[-5.70907721333324,50.0745756365385],[-5.70790976960028,50.0779113756378],[-5.69481284522162,50.0804784258689],[-5.68903190325079,50.0885157967885],[-5.6909343355812,50.0908484904832],[-5.69095801999609,50.093159273773],[-5.6963019847835,50.0974285753122],[-5.69751726843294,50.0989180559439],[-5.70048043756093,50.1194402801474],[-5.70584898321893,50.1237754918239],[-5.70982532928711,50.1274666620419],[-5.7059572010159,50.1288438381974],[-5.70512521171967,50.1287190980362],[-5.70441562088002,50.1293926315445],[-5.70227327869907,50.1301552395053],[-5.70272624332086,50.1309960754647],[-5.70198037468731,50.131703963888],[-5.70468896143159,50.1346390750094],[-5.70481556459894,50.1348740421339],[-5.70132533880692,50.1359782383365],[-5.69355894736034,50.1379428828572],[-5.69313394466404,50.1489390652111],[-5.68640848828855,50.153161256684],[-5.68114426811846,50.156079543035],[-5.68107486195185,50.1565088764739],[-5.67276360830373,50.1617240029626],[-5.67171101224638,50.1619916812509],[-5.67182138328351,50.1623151219674],[-5.6712359724266,50.1626823771353],[-5.67305599707322,50.1663063409121],[-5.65688647856707,50.1642862955917],[-5.65643841249686,50.1644778352008],[-5.64678347765911,50.1686043642841],[-5.64330705544333,50.1687031420174],[-5.64237022772322,50.1686389811198],[-5.62910762009336,50.1677298314142],[-5.62768057887444,50.1691458561399],[-5.62590994938207,50.1691958872702],[-5.62416178790169,50.1726370538123],[-5.61490285551176,50.1818205606274],[-5.60702770297913,50.1809896138755],[-5.60891414856701,50.1850658898684],[-5.60686689458558,50.1861305468066],[-5.60336352159222,50.1868452167133],[-5.60280301060143,50.18824369092],[-5.59857964944181,50.1904394184148],[-5.60066634916886,50.1932509493815],[-5.59557749406316,50.1886629657039],[-5.59085260555622,50.1887229078116],[-5.58930528093414,50.1919682185851],[-5.58469426835871,50.1914018101125],[-5.58495458944226,50.1955246878765],[-5.58459074007536,50.195521509079],[-5.57742066835348,50.195010865578],[-5.57568430411999,50.2009725088619],[-5.57165391452876,50.1983004700649],[-5.56970522275242,50.1986889876143],[-5.56952181592942,50.1987529844242],[-5.56545201704053,50.1996166206889],[-5.56353137377559,50.2011967258395],[-5.55599074459018,50.2042720683754],[-5.55517185796955,50.2042252336002],[-5.55511761214489,50.2055539321512],[-5.55496370179456,50.2093237293006],[-5.54327059185299,50.2116137667516],[-5.54304258258833,50.2118423475737],[-5.53868843800676,50.2162069233186],[-5.5269073141642,50.2136703832351],[-5.51490598674954,50.2162913905423],[-5.51229558973283,50.2157092150882],[-5.49818848317038,50.2197454402317],[-5.49072349916756,50.2165346211038],[-5.49054211661364,50.2164565939623],[-5.48447209345249,50.2149322795693],[-5.47567517224025,50.2188765334243],[-5.4796805861541,50.2129771248085],[-5.47893100678372,50.2125007850543],[-5.47758429682045,50.211606131866],[-5.47522778500074,50.2101472564164],[-5.47459333407034,50.2097440037014],[-5.47335359586458,50.2080297872175],[-5.46925727059108,50.202364659729],[-5.46917489415706,50.2001782309004],[-5.46800040650166,50.1999325450665],[-5.43675893868638,50.1933919385943],[-5.43075998911467,50.1867555210581],[-5.4357012168676,50.1852994525272],[-5.4410990578754,50.1766623998169],[-5.4413632773128,50.1762395403715],[-5.44084413908158,50.1761289662529],[-5.43773442446103,50.1759207268541],[-5.43724637460798,50.1759422940694],[-5.43674717490199,50.1759643523577],[-5.43112795458482,50.1787954000041],[-5.43109349857868,50.1790762134035],[-5.43325119620741,50.1834530343343],[-5.42892838960157,50.186439041768],[-5.43351055390795,50.1903593959209],[-5.43375647510082,50.1905828572524],[-5.43367992071395,50.1905449006218],[-5.42167831160669,50.1845929367855],[-5.42234409340588,50.1883192530173],[-5.41899463458019,50.1892985832707],[-5.40700864077531,50.1928019700267],[-5.4137328595817,50.1931612164943],[-5.42251632120005,50.1884537406082],[-5.43363286935838,50.1936716044546],[-5.40914117964207,50.2099332783481],[-5.40908246476542,50.2099722440087],[-5.4084191535223,50.2104124394169],[-5.39165282028383,50.228711029246],[-5.39569837903282,50.2404041396061],[-5.38471246462019,50.239759647712],[-5.38019950713679,50.2427243176202],[-5.37801701863543,50.2440370136584],[-5.37326350377541,50.2371742253448],[-5.37323119419373,50.2371275706211],[-5.36704956528723,50.2371034457273],[-5.36199027876929,50.2371217320152],[-5.35594171129361,50.2404540325565],[-5.34206196753357,50.2383918947796],[-5.34201549551942,50.2384097811178],[-5.34081757973173,50.238251047249],[-5.3306492899375,50.24213487602],[-5.32214364416014,50.2468062253577],[-5.30981473596069,50.2557325897636],[-5.30959611091822,50.2558908362598],[-5.31002988990818,50.2558730757059],[-5.31042729807515,50.2558563512758],[-5.30201891479023,50.2620657628333],[-5.29981797036513,50.2624816655541],[-5.29514151305722,50.261008739862],[-5.29272636949934,50.2636942577288],[-5.28936676479433,50.2611310700117],[-5.29189523427673,50.263978386087],[-5.28877723009341,50.2645672499836],[-5.28525645568801,50.2650060441031],[-5.28789537990456,50.2676272991544],[-5.28528048539119,50.2694007213175],[-5.27898276988809,50.2733973694694],[-5.27143768483353,50.2743724682171],[-5.26350613898473,50.2748835453555],[-5.26192980159195,50.279405772479],[-5.26172759361152,50.279740909789],[-5.26104933391716,50.2799383741994],[-5.25113192754214,50.2817566680068],[-5.25072818664762,50.2818306706052],[-5.24262899493606,50.2871605571503],[-5.23885778985649,50.2954769849712],[-5.23858442872856,50.2960797087214],[-5.23707147093972,50.2989397653501],[-5.23546130826904,50.3006859760796],[-5.2354789940377,50.3019497904008],[-5.23392916599194,50.3048788675304],[-5.23406593265764,50.3059234851339],[-5.23404433443134,50.3187433600436],[-5.22197881796188,50.3222057634547],[-5.22104429617551,50.322425014976],[-5.20892151695907,50.3213901304306],[-5.20064806249388,50.3205810093162],[-5.19905333863032,50.3223909232785],[-5.1974845836816,50.3234538631199],[-5.19392465993462,50.325865702403],[-5.19144447824005,50.3259843678757],[-5.19092091643141,50.3279004615434],[-5.19018518654909,50.3283988122581],[-5.1899012772796,50.3316316352542],[-5.1898047759576,50.3319847354929],[-5.18693619059633,50.3329333514598],[-5.18101762653556,50.334395946887],[-5.18105743696638,50.3348770723336],[-5.18071928516349,50.3349888640287],[-5.18133435394586,50.3404383367985],[-5.16988063090609,50.3413396874557],[-5.16898909128803,50.3433160018678],[-5.16263755066697,50.3447958972018],[-5.16169868214305,50.3464460980417],[-5.15741528933425,50.3477611344826],[-5.15386655699988,50.3461438450055],[-5.15143893878583,50.3559253426506],[-5.14662456388908,50.3753129324229],[-5.15039590190976,50.3769444501659],[-5.15034510670139,50.3771354412436],[-5.15587446307057,50.3793841816273],[-5.14955764256286,50.3816393769059],[-5.15760863146944,50.3894623602294],[-5.14701692565524,50.3890478557544],[-5.14360957743645,50.3889143103052],[-5.1469297537842,50.3902439740962],[-5.14281080401266,50.395535226554],[-5.14476461462688,50.3973141635119],[-5.14957598203465,50.401694183787],[-5.14510345321753,50.4046954315744],[-5.14078606463357,50.4037467383115],[-5.13567527426513,50.401217137434],[-5.13841009863089,50.4039230479238],[-5.13529164944298,50.4087942103358],[-5.13475058294799,50.4085628039796],[-5.12603863992044,50.4039352202719],[-5.10931190792475,50.4087629941618],[-5.10899608018686,50.4088541185129],[-5.1070727628551,50.4085781091785],[-5.10139233959402,50.4077627237615],[-5.09953850340819,50.4046582743569],[-5.09818781264155,50.4065428958907],[-5.09751410565625,50.4063598139857],[-5.08751966941862,50.4036431659332],[-5.08317636834076,50.4040804772986],[-5.0842949387478,50.4044725551436],[-5.08485040581159,50.4046672491635],[-5.08582724183641,50.4050096252946],[-5.08939831452838,50.4062611538228],[-5.09394202432125,50.4078532979541],[-5.09762921758771,50.4081255970538],[-5.11484210590432,50.4093951880522],[-5.12179491493805,50.4099072829693],[-5.12188035081119,50.4100348924822],[-5.12379749625692,50.4128981940728],[-5.11009321345602,50.4133198960587],[-5.1077981911995,50.4133704711563],[-5.10660774847025,50.4134091414675],[-5.10137953280293,50.4135788273575],[-5.09828373190263,50.4181525835117],[-5.09780103921239,50.4188656344486],[-5.09848880461442,50.4212898358019],[-5.09957213413374,50.4251077474294],[-5.09869640491575,50.4244652053764],[-5.09551364422277,50.4221297339186],[-5.09403752751623,50.4208090751025],[-5.09370672961696,50.4208036972708],[-5.09357301041612,50.4207055607788],[-5.09113149152695,50.4207146539985],[-5.0868506592399,50.4183691416316],[-5.08645806659422,50.417222431342],[-5.08619541487463,50.4172579410615],[-5.08526431829244,50.4150942530358],[-5.07468977721508,50.4169369679655],[-5.0745170099723,50.4170241974266],[-5.06792556178674,50.4203517865187],[-5.06489876030812,50.4218795413007],[-5.06613581207844,50.4241991501987],[-5.0656237441885,50.4246828661882],[-5.06068709326084,50.4241932480319],[-5.06025221235309,50.4241501054886],[-5.0553058839167,50.4257121834593],[-5.05493912549979,50.4258279953929],[-5.05469330823253,50.4259056167706],[-5.0634089547125,50.4269182315923],[-5.06217936927486,50.4275079218851],[-5.05519103643993,50.4279930119317],[-5.04246183545353,50.4441491786525],[-5.04103369938431,50.4483605200576],[-5.03944063863132,50.4530573505958],[-5.0427765993808,50.4579991615419],[-5.04253666980188,50.4588712889865],[-5.03812456295651,50.4602657203163],[-5.0413590832639,50.4631513072292],[-5.0410159624671,50.4643982683254],[-5.03264105285814,50.4659186198799],[-5.03869096273881,50.472846107049],[-5.03724229974959,50.4781083614462],[-5.0361241635347,50.479919238483],[-5.03517047058715,50.4942434897587],[-5.04679059455401,50.4977942993347],[-5.0413425558978,50.498912882907],[-5.04197161837455,50.5009667378387],[-5.03753420590828,50.5034687817069],[-5.03440193458442,50.5039220326186],[-5.03257746723501,50.5087227336378],[-5.03152420207569,50.5094924836964],[-5.02402057280653,50.5093031800682],[-5.02125551363502,50.5092333004164],[-5.02812833680154,50.5110219458728],[-5.02946038727416,50.5141491063497],[-5.02735562425195,50.5176332352701],[-5.02762113836721,50.5179907243107],[-5.02609667610715,50.520234921131],[-5.02911871671183,50.5202080736502],[-5.02905670939219,50.5210956305343],[-5.02628370098962,50.5235098075629],[-5.02844558700418,50.5243486539616],[-5.02779385514041,50.525124705709],[-5.02263249605587,50.5265219579063],[-5.02648749483123,50.5294505865312],[-5.02267150012636,50.5326495676841],[-5.02422225891532,50.5386668093496],[-5.0351999744426,50.5455278953675],[-5.03969390034343,50.545072386731],[-5.03836504465675,50.5469616171078],[-5.03659236790489,50.5494368974235],[-5.02432064806687,50.5515835301173],[-5.02100660780935,50.5474542996982],[-5.02108231871016,50.5473327557092],[-5.02079624546704,50.5471921612871],[-5.01923817393275,50.5452505119942],[-5.01718360672553,50.5454165552505],[-5.01695212283033,50.5453027729893],[-5.0070161385718,50.5462377111202],[-5.00358490801866,50.5465146218424],[-5.00475258376783,50.5431427003693],[-4.9982892437323,50.5402599835853],[-4.99363833230599,50.542819769648],[-4.98901121910603,50.5429228870216],[-4.98380350460812,50.5422227304993],[-4.97764037479962,50.5453590159647],[-4.98079708049445,50.5476864355423],[-4.98005689050475,50.5485911654682],[-4.97653793357771,50.549417122828],[-4.97213552064503,50.5577595466085],[-4.97131233028891,50.5580025858895],[-4.96227280271605,50.5593645175728],[-4.96051428085701,50.5611898448414],[-4.95457016104937,50.5629437638967],[-4.95610571181472,50.5657651701622],[-4.95381959585024,50.5681373554448],[-4.95218441576462,50.5691696584703],[-4.94527907070599,50.5686283034999],[-4.94659333050005,50.5639492522722],[-4.94986140641218,50.55620065873],[-4.93984026085775,50.5539778252232],[-4.93516392705429,50.5483156959254],[-4.93434165942817,50.5463643473923],[-4.93810253112328,50.5412942425982],[-4.93127169445746,50.5306361064379],[-4.93084176074108,50.5299651023487],[-4.93113750280869,50.5298667988366],[-4.9386856724409,50.5273574092636],[-4.9357161770613,50.5271238219335],[-4.93668990563552,50.5260951576538],[-4.9402070919035,50.5223791092797],[-4.94209306964869,50.5203862211832],[-4.94195711415392,50.5201809431327],[-4.93625927286234,50.5115760426706],[-4.93775471990604,50.5246616520797],[-4.92904539438229,50.5244781995937],[-4.92949469877939,50.5296347335576],[-4.91973741193288,50.5314640537175],[-4.89977745621683,50.5262610832051],[-4.89945686919748,50.5261678896772],[-4.88528123650348,50.5301745444411],[-4.85525399409013,50.5288589081959],[-4.85516831009116,50.529327217717],[-4.85504913068746,50.5299785894537],[-4.85501526508707,50.530163679367],[-4.8527578102716,50.5316222968578],[-4.86018865903473,50.5371815159986],[-4.86656983948479,50.5338069255276],[-4.8676358541252,50.5372114462212],[-4.87017126261526,50.5336632881977],[-4.89019877005248,50.5362115669318],[-4.89196200381022,50.532319555878],[-4.90000327708293,50.5309329271292],[-4.90677150814793,50.5340439943618],[-4.9086028074781,50.5348856238738],[-4.91546307019593,50.538037937581],[-4.91415010028503,50.5429318819929],[-4.92611977241642,50.5448533623067],[-4.92934423278299,50.5532350358923],[-4.92652389045982,50.5614278399745],[-4.93114306929258,50.5644977274819],[-4.92696214005086,50.5691868775358],[-4.92559260640452,50.5700278099511],[-4.92486841966901,50.57153471148],[-4.92348108520485,50.5730902807171],[-4.91557325299498,50.5759871746751],[-4.91759775807733,50.5803324324778],[-4.92548813283942,50.5829460372685],[-4.93332076487884,50.5855396985305],[-4.93416645366791,50.586025371905],[-4.93430386333569,50.5876430449101],[-4.9220052278547,50.5917340335803],[-4.92313848652264,50.5926979330368],[-4.91859041043265,50.5945065705416],[-4.91671356304975,50.5888146379551],[-4.91485228696032,50.5885633617015],[-4.90882104295786,50.5854028377941],[-4.90836339388369,50.5845394275434],[-4.89649809692686,50.5858517356347],[-4.89008973217464,50.5838306662335],[-4.88519880226634,50.5822878100444],[-4.8828499337229,50.5840100933634],[-4.88048506818091,50.5857439346659],[-4.87456594721121,50.5876565357096],[-4.87406925902667,50.5904469282559],[-4.87364790122832,50.5907557525423],[-4.87300107810114,50.5906444035119],[-4.86753772184173,50.5890334514481],[-4.8702877859602,50.5901772722999],[-4.86936829903999,50.5900189532821],[-4.87000148531598,50.5953898876379],[-4.86956160674714,50.5952913929235],[-4.8608340007023,50.593033921185],[-4.86042051751031,50.5932441129438],[-4.86004319493173,50.5931595865393],[-4.84935273047488,50.5987682598953],[-4.84184751731166,50.5931067961696],[-4.83954136554852,50.5946216512409],[-4.83532808451979,50.5944434804099],[-4.83243941218299,50.5921478104926],[-4.83226024310699,50.5943136508387],[-4.82788853761542,50.5941285009497],[-4.82718469420089,50.5939437268374],[-4.82359517986517,50.5930013139765],[-4.82429165456359,50.5941251475923],[-4.8067965809477,50.5967558057825],[-4.80003004826747,50.597163130507],[-4.79146326999796,50.6022350131114],[-4.77043196086056,50.6223799589591],[-4.77256645232391,50.6272492680059],[-4.77094350337902,50.6316723617078],[-4.76915575253547,50.6344843629101],[-4.76878237145395,50.6365046515556],[-4.76496169792573,50.643293126076],[-4.76133240498237,50.6446159640382],[-4.75871722890044,50.6528355896087],[-4.76668420732365,50.6548531693012],[-4.75893150363693,50.6673538344573],[-4.76062146895556,50.6672898213418],[-4.76383546266453,50.6693642014922],[-4.76375477330835,50.6696393662234],[-4.75926909632738,50.66804204138],[-4.75872845511979,50.6688575523107],[-4.75865095286336,50.6688446384636],[-4.75855216635189,50.6693244175907],[-4.75705161075224,50.6720082402975],[-4.74647708172365,50.6710707950566],[-4.74367526169204,50.6732433663634],[-4.7467078893665,50.6750230410128],[-4.74216973426347,50.6767247698953],[-4.73832240990642,50.6713815017806],[-4.73375346723035,50.6725812890639],[-4.733542198365,50.6724733368911],[-4.73339230198188,50.6726761186899],[-4.72982566836745,50.6736058775332],[-4.7279441815669,50.6787778514167],[-4.7272789623946,50.6806454435975],[-4.72410215117014,50.6842391514415],[-4.7197418360319,50.6845986801479],[-4.71589441914377,50.6838344517861],[-4.70688324762783,50.6856579214727],[-4.70543318493583,50.6857772806853],[-4.70249389380546,50.6876255812975],[-4.705271893004,50.6905817195889],[-4.69525250351545,50.6904489238323],[-4.70143151385457,50.6917947103751],[-4.701229686679,50.691996505163],[-4.69848303347768,50.6943917990536],[-4.68028504482393,50.6960181335949],[-4.68534803790356,50.6995695552803],[-4.68107935988473,50.7044306343587],[-4.66815995328885,50.7066970940208],[-4.66793463555208,50.7080738726449],[-4.66118472856488,50.7132278801706],[-4.6551983517671,50.7153807904676],[-4.65523173452776,50.7157759336923],[-4.65564312863227,50.7206448776051],[-4.65438535716024,50.7247311922789],[-4.64934740103604,50.7288944044338],[-4.65389502889642,50.7398453947643],[-4.64154263233842,50.7381274042058],[-4.63457347500163,50.740961954254],[-4.6397600393678,50.7457206182811],[-4.634251054889,50.7464793812769],[-4.63316487263329,50.7499353864143],[-4.61993507173028,50.7513254924762],[-4.61947626011809,50.7549281825406],[-4.61798764618914,50.7573290513242],[-4.61046225020328,50.7621966927973],[-4.59025653544693,50.7662550956871],[-4.58564351631283,50.770315999683],[-4.58436764534427,50.7709127467527],[-4.58276184792301,50.7716637718959],[-4.57646186375825,50.7718693713319],[-4.56697865408785,50.7779628027861],[-4.5584999365786,50.7882580676205],[-4.55694157834616,50.7986205905165],[-4.56077639440106,50.8004342788599],[-4.5568539887278,50.8085784275103],[-4.55689057753897,50.8089854780456],[-4.55691005973524,50.809202202001],[-4.55866554961215,50.8287242012144],[-4.55740473158469,50.8303953118412],[-4.55662094687897,50.8314340883809],[-4.5528221774987,50.8308490409607],[-4.55440010151109,50.8330010096213],[-4.55456683193103,50.8358075525165],[-4.55533117303719,50.8486679773836],[-4.55541619938387,50.8494974597585],[-4.55804475447929,50.8751233751929],[-4.55996177249226,50.8771081526458],[-4.56811243857461,50.8855445413591],[-4.56133654087377,50.8919095263693],[-4.56557567342607,50.8949087126126],[-4.56413421108086,50.9010278045207],[-4.56984576322975,50.9037021492824],[-4.56351432443412,50.9087478587877],[-4.56445640012644,50.9149890490893],[-4.56213478983867,50.9167011481933],[-4.55939354077656,50.9187224914528],[-4.55799347447148,50.9191288906188],[-4.55643787767459,50.9209016707952],[-4.55195770823854,50.9242043248661],[-4.55508490427358,50.9259302780663],[-4.54595691118618,50.9283540559508],[-4.54589867561126,50.9286414513816],[-4.5450072931772,50.933040089179],[-4.55098139828808,50.9393243975109],[-4.54273022221444,50.9443416410781],[-4.54329028183251,50.947262652974],[-4.54273861275585,50.94931044773],[-4.54384921955329,50.9501774033091],[-4.544138608568,50.9516863492083],[-4.54437649575559,50.9529266669222],[-4.53303122815012,50.9653767569397],[-4.53565303973062,50.9792023954338],[-4.53234838063827,50.9831496063501],[-4.53021141852671,50.9845258382346],[-4.53084067766036,50.9849502166997],[-4.52927285976728,50.9868224555225],[-4.53479011156143,50.9939191538031],[-4.53457237631282,50.9947687436835],[-4.53032419460022,50.9964618545876],[-4.533065034065,51.0006495409836],[-4.53293854080565,51.0011429863137],[-4.53007443820934,51.0051771645618],[-4.5348554724506,51.0085318254728],[-4.53397160919558,51.0090903801916],[-4.52686805499189,51.0119104158634],[-4.52604956486267,51.022188577529],[-4.51344688017754,51.0224675796811],[-4.50100635036426,51.0185819803321],[-4.49815842446708,51.0214122110127],[-4.46953976467023,51.0215772130431],[-4.44863458924474,51.0143615984423],[-4.42771993299643,51.0133330266866],[-4.40373009156482,51.0043225834476],[-4.39921880810774,51.0009540811441],[-4.39514809993004,50.997063569975],[-4.39324665740228,50.9964937351706],[-4.3906906540321,50.9945844050138],[-4.37495421036809,50.9901035458481],[-4.34527313220164,50.9888630076941],[-4.30858078886054,50.9963298755074],[-4.30358542731271,50.9973453543894],[-4.29038905696103,51.0089105650616],[-4.28845707211296,51.0102327141063],[-4.28830041342356,51.010740396302],[-4.28242812798272,51.0158840629143],[-4.28033023633335,51.0177213141109],[-4.28005699525484,51.0177993215205],[-4.27966236747735,51.0183061699362],[-4.25670096630533,51.038402418968],[-4.25422782130236,51.0387834639937],[-4.23882255322765,51.0411557095208],[-4.23542491099937,51.0444836799669],[-4.23111006714681,51.0531764590048],[-4.23100264703589,51.0533928282876],[-4.22520927411768,51.0630322228859],[-4.21692946830752,51.0650539996456],[-4.20841258423127,51.0616645229926],[-4.21448069455759,51.0572632804854],[-4.21035810392336,51.0519360721602],[-4.19763200439738,51.0579394091934],[-4.19054765515255,51.0548221309222],[-4.19488976578477,51.0408083195202],[-4.19967390707446,51.035629040121],[-4.20027855132689,51.03497724951],[-4.20341361589876,51.0315974259449],[-4.20313358018708,51.0282202385158],[-4.20281246736752,51.0282175854225],[-4.20308287330425,51.0267959539832],[-4.20552163411528,51.0139709549712],[-4.20553347964275,51.0139086435304],[-4.20555824209647,51.0137783902411],[-4.20618859659379,51.0107491174255],[-4.20473788047379,51.0082510580163],[-4.20324450634273,51.0056919269315],[-4.19824615577891,51.0208527462745],[-4.19812341632349,51.0212249103027],[-4.19830289535715,51.03300503813],[-4.18743226076375,51.0388644205146],[-4.1796968396605,51.048536151936],[-4.18089737732268,51.0663060479724],[-4.17157432302091,51.0696840324683],[-4.16465658724894,51.0745532107364],[-4.15852662273152,51.0733598315745],[-4.16091248819274,51.0712858442072],[-4.15161516565146,51.0735305312195],[-4.15542588637109,51.0762752808612],[-4.15309472392381,51.0801837608328],[-4.13664511042798,51.07960376489],[-4.12966061234008,51.0793567901343],[-4.12328900041635,51.0791311192259],[-4.1232685065016,51.0789021301715],[-4.12316543129808,51.0786405498515],[-4.12300626765715,51.0784216363752],[-4.12309552473872,51.0777928974184],[-4.12312694457076,51.0774162960077],[-4.12301792778505,51.0772327235708],[-4.12286177917837,51.0770998555478],[-4.12275752563136,51.0770556594726],[-4.12264651782868,51.0770075622864],[-4.12230230404396,51.0768223464949],[-4.12202788459041,51.0765647781976],[-4.12161586096368,51.0763442879963],[-4.1212611503221,51.0760795341783],[-4.12062970701596,51.0758230103093],[-4.12049529671709,51.0757267416711],[-4.11990860042424,51.0753776017586],[-4.11971808664658,51.0752567487387],[-4.11930000507807,51.0749888275218],[-4.11913459170802,51.0748913963121],[-4.11855468334951,51.0743848333556],[-4.1146516522746,51.073565699842],[-4.11497735797967,51.0737929565607],[-4.12230930793485,51.078907882922],[-4.11808054861955,51.0815675909329],[-4.11796490645174,51.089816833367],[-4.08591548987262,51.079360931342],[-4.08436475742364,51.0789688503415],[-4.08382900688832,51.0788333869427],[-4.08366517774414,51.078791962537],[-4.08246406151631,51.0784882480293],[-4.07568267687878,51.0767732004917],[-4.06907993432695,51.0781184659688],[-4.06501376566887,51.078950687116],[-4.05553983314216,51.0729373814592],[-4.05548168741086,51.0733530410148],[-4.05546716293612,51.0734568666478],[-4.0552739536348,51.0748379669627],[-4.05524280742578,51.0750606004082],[-4.06652024668567,51.081001272003],[-4.06655165563269,51.0810178140488],[-4.0668065919615,51.0811520773522],[-4.06221882868491,51.0828789521982],[-4.06192946225592,51.0826655492274],[-4.06154464326842,51.0837371611807],[-4.06100833393953,51.0852305484441],[-4.06181454248024,51.0836643765438],[-4.07579948883164,51.0798918491721],[-4.08942658540434,51.0859561236189],[-4.09251924128683,51.0865376673534],[-4.10806864854879,51.0937172385352],[-4.11869052025032,51.0945378527364],[-4.12880129732911,51.0933350844854],[-4.13397078379253,51.085787831017],[-4.16375973043911,51.0839052103845],[-4.16887730353271,51.0875040439658],[-4.16761064904952,51.0933462842673],[-4.16799141427609,51.0926474869847],[-4.16800686788408,51.0926002316453],[-4.1705774722843,51.0877301873772],[-4.1706495168883,51.0875936818213],[-4.17084474974595,51.0872237648034],[-4.16695114685324,51.0805786866474],[-4.17988720973991,51.0776718944903],[-4.18059267307638,51.0775133220702],[-4.18187079899404,51.0772260144726],[-4.19199286479,51.0694008671428],[-4.19054714501017,51.0648753117146],[-4.2158378861734,51.0757223785872],[-4.22286221471268,51.0895121920356],[-4.22255989135025,51.1177960158717],[-4.2348158680095,51.1194802729302],[-4.23991527306207,51.1209550752071],[-4.24256155513884,51.1235907521004],[-4.23923588337496,51.1333362473748],[-4.24939007676999,51.1376109752277],[-4.2618052927948,51.1428352862621],[-4.25569321672234,51.1469237310161],[-4.25467245611178,51.1468720273427],[-4.22484443448553,51.1442173228497],[-4.21996352926971,51.1466979402868],[-4.21755809807019,51.1527749142215],[-4.20973463078902,51.1725288780511],[-4.2145544134086,51.1764380157885],[-4.21148668512727,51.1781688577168],[-4.21429276339195,51.1823840924676],[-4.2305319688265,51.187879777925],[-4.21155811319808,51.1901514277201],[-4.20156114901346,51.2003628125002],[-4.19896111935856,51.2001590418681],[-4.19347611031583,51.198941827424],[-4.19311570526633,51.1988618363108],[-4.18370178755133,51.1998771574885],[-4.17760181983893,51.1974107226949],[-4.17724775214764,51.197585688485],[-4.17721317277521,51.1974506544412],[-4.17586193286007,51.1982704793008],[-4.16682823945752,51.2027335120434],[-4.14609473473036,51.2040575175681],[-4.14577209863183,51.2044676763531],[-4.14497538766406,51.2054804805756],[-4.13957086477793,51.2077468042256],[-4.1217006065391,51.2104221599905],[-4.12167747096155,51.2120455125727],[-4.11431815026556,51.211821457916],[-4.11160221102323,51.2115213847083],[-4.11569683212426,51.2098879214861],[-4.11154460134533,51.209479998183],[-4.10315016287168,51.2134084830333],[-4.09970705531429,51.2120013841189],[-4.09808962691971,51.2108841283625],[-4.09774083392917,51.2111977613241],[-4.09700779557702,51.2108981426491],[-4.08811792350737,51.2174541675175],[-4.08339391518714,51.2158746801613],[-4.08165749220656,51.2170328241943],[-4.07805401617664,51.2161545043766],[-4.07747333472333,51.2156237819159],[-4.07714142141747,51.2153204171517],[-4.07017766423375,51.2141668627879],[-4.07060170030614,51.2147880749968],[-4.06927158244498,51.2145614863083],[-4.07082611006949,51.2151168281019],[-4.07237710987788,51.2173888447732],[-4.05080058517891,51.2074557291144],[-4.04198867540649,51.2069036184514],[-4.0386720186143,51.2066956373715],[-4.04072965526003,51.2091865868861],[-4.03902205334584,51.2101511761327],[-4.03189015601996,51.2105324011289],[-4.02865574464721,51.2160055002179],[-4.0279571484788,51.2163999434911],[-4.01340996179214,51.2175996694018],[-4.00600447279767,51.2179706278918],[-3.96710405480081,51.2199113208271],[-3.96682219785763,51.219944761488],[-3.95823254769538,51.2192154565689],[-3.95183240462219,51.2217221571117],[-3.94817242899069,51.2221558235339],[-3.94559055182258,51.2241662631872],[-3.92565921457186,51.231966791402],[-3.90365754027049,51.2296873372778],[-3.89197907284282,51.2238100891877],[-3.88702289515785,51.2262979533471],[-3.87754609317279,51.2286482018614],[-3.87205311217013,51.2274399526008],[-3.87181761796522,51.2300683786947],[-3.86762618115311,51.2311072682371],[-3.86150411553578,51.2307324138604],[-3.84600885033262,51.2351855225268],[-3.84529353650392,51.2351800341692],[-3.83007555180771,51.230387300421],[-3.8275777149849,51.2327042099051],[-3.80855444773817,51.2318126214857],[-3.78542444693296,51.2463935825163],[-3.7697535302731,51.2376665630275]]]]},"properties":{"FID":35,"PFA23CD":"E23000035","PFA23NM":"Devon & Cornwall","BNG_E":249983,"BNG_N":81319,"LONG":-4.12171,"LAT":50.61223,"GlobalID":"732b1efd-fb73-44ff-9438-b7aed4ebf0e5"}},{"type":"Feature","id":36,"geometry":{"type":"MultiPolygon","coordinates":[[[[-3.01577328883599,51.2284862458919],[-3.0148210695477,51.2230920041491],[-3.0186832058029,51.2284187610187],[-3.01577328883599,51.2284862458919]]],[[[-3.10515061960547,51.3401880651349],[-3.11482786782436,51.3396628028672],[-3.10602211780306,51.3414268428582],[-3.10515061960547,51.3401880651349]]],[[[-2.48494086430748,51.6484451329364],[-2.49067532485481,51.6448339830528],[-2.48557179610517,51.6450700361723],[-2.47033486962957,51.6474744002682],[-2.46044163290382,51.6526019012015],[-2.44565551167838,51.6493338399884],[-2.44298607534301,51.6524866246724],[-2.43182247171768,51.6468702619717],[-2.40715742213128,51.6412011800686],[-2.39880273746903,51.6457952954752],[-2.39478337462343,51.6421203911513],[-2.39714244145639,51.6395543575651],[-2.38598850246378,51.639943108714],[-2.38818156672031,51.6371745596556],[-2.40047490634886,51.6351434801944],[-2.38890966915367,51.6275403736507],[-2.39503181777046,51.6048989305292],[-2.39309999157226,51.5970755235585],[-2.37042970085191,51.5975734288406],[-2.36564150390742,51.603741118934],[-2.35278557722726,51.5966956419105],[-2.34401934720479,51.5964986437411],[-2.34411179506057,51.5942289145099],[-2.33525249178929,51.5942536542271],[-2.33417576290482,51.5966331517943],[-2.33106255956941,51.591602189699],[-2.3198465858343,51.5939154216915],[-2.31657005647675,51.5898340400006],[-2.30825311590234,51.5928647508411],[-2.30009795021309,51.591481490324],[-2.29654955961151,51.5949945280929],[-2.291637286721,51.5936959201854],[-2.29408573554953,51.5885735361379],[-2.28350315504068,51.5849635197928],[-2.28727755828398,51.5831568760944],[-2.2808884197401,51.5813129248525],[-2.28274577923905,51.5785165611065],[-2.27656182594913,51.579896318525],[-2.27255905245869,51.5775903264934],[-2.27399237600914,51.5723593372891],[-2.26028641253826,51.5698801480534],[-2.2687492274442,51.5596856037209],[-2.2683685485945,51.5496919139984],[-2.26172185239436,51.5447409824896],[-2.26651322011075,51.536255296381],[-2.25240978443968,51.5268896664633],[-2.26371915728532,51.5185590930405],[-2.27756324751315,51.516861848027],[-2.29638487659129,51.5097456481751],[-2.29745267557207,51.506214554438],[-2.32432448172805,51.4975094719001],[-2.31142293570328,51.4873730696501],[-2.29055781500036,51.4868576144909],[-2.28885097878328,51.4781497835667],[-2.29574294629382,51.458590038425],[-2.2852608786029,51.4579266111892],[-2.28512472635348,51.4578448513901],[-2.29461584331874,51.4288015351682],[-2.29535024778849,51.4262523417697],[-2.28488500384064,51.4234873033745],[-2.27854748377854,51.4159104706364],[-2.29080374096335,51.4057164977673],[-2.28191115864131,51.3972104102944],[-2.28186387733418,51.3972012171077],[-2.2820804014425,51.3970880947297],[-2.29677120736379,51.3949223766489],[-2.29749398279954,51.3849189165714],[-2.29028857269608,51.372620964875],[-2.29979808631897,51.3621376984378],[-2.30751872210451,51.3649968269988],[-2.31040787639415,51.3618861265659],[-2.3105912908797,51.3616203688322],[-2.31021466517647,51.3575345967534],[-2.32298311899921,51.3566566149795],[-2.33742937721836,51.3514294507557],[-2.34427966508052,51.3454011895442],[-2.32404765810054,51.3477599059188],[-2.30852823689829,51.3397505202506],[-2.29640906948892,51.3426619841087],[-2.29444044215702,51.337262795677],[-2.30092693165784,51.3332225310719],[-2.28843893324608,51.3297714366215],[-2.28909082429693,51.3252720476245],[-2.27774724630575,51.3257041230591],[-2.27309487103777,51.3228790451051],[-2.2723312776516,51.3184999903077],[-2.27551931229617,51.3186804946257],[-2.27195450640093,51.3142540530138],[-2.28512005576167,51.3095280429277],[-2.2782777031628,51.3024480657267],[-2.27997259712106,51.2922300157612],[-2.26547401276139,51.2962401559072],[-2.26528664579718,51.2928586708875],[-2.25349723752292,51.2898347400343],[-2.24443053733742,51.2631190838808],[-2.24958324766784,51.2589664647533],[-2.24534123488723,51.2538761361828],[-2.25286114000551,51.247351640182],[-2.26332437295175,51.2326050873241],[-2.26975854518045,51.2188933172786],[-2.26666588045607,51.2155785665525],[-2.28456029034064,51.1972534292489],[-2.29846468216909,51.1753224433337],[-2.31008908661748,51.16842330337],[-2.33228701782695,51.1449576115235],[-2.33217403500786,51.1379835743597],[-2.34585866968418,51.1333687931432],[-2.34630465392582,51.1305106822478],[-2.34453924740452,51.1246781592988],[-2.3645276284756,51.1188788391385],[-2.36252944244235,51.1016236717414],[-2.34705123241377,51.0882362557167],[-2.32914039662606,51.0852585336848],[-2.32586314227273,51.0796783386233],[-2.344457181574,51.0743284404328],[-2.34998725978621,51.0688819930746],[-2.34925572287764,51.0612432265226],[-2.34448629250846,51.0554826246089],[-2.34010875824919,51.0560628689543],[-2.33316970259521,51.0514788154044],[-2.3300144212501,51.0413445737009],[-2.36067411343568,51.0251749633016],[-2.36914680378366,51.0142759140119],[-2.3780471456702,51.0117143507456],[-2.37565545843126,51.0092770301732],[-2.38175580426671,51.0019465152671],[-2.37775968624669,50.9914131517698],[-2.35494989641456,50.9908965362722],[-2.34385249024576,50.9843805457862],[-2.34455653686763,50.9788293020014],[-2.38354177441284,50.9723591960965],[-2.41492761933618,50.9605834373784],[-2.42799147535897,50.9713867566727],[-2.4471777663599,50.9678502218697],[-2.44347830365998,50.9584626515388],[-2.45248591937577,50.9502737645667],[-2.45866343561368,50.9497470848878],[-2.45864397457283,50.9542883363365],[-2.46681733097456,50.9598107110938],[-2.47474233061772,50.9579515286827],[-2.47457783221309,50.9625077527002],[-2.49034524922401,50.972772405707],[-2.48833270145095,50.9757564804733],[-2.5022806378064,50.9937979853188],[-2.51731295965314,50.9946091615884],[-2.52653053195363,50.9919251682209],[-2.53556146341318,50.9940224013147],[-2.53516730738778,50.9993729379038],[-2.54743511832829,50.999541686375],[-2.54729137489875,50.9964183936383],[-2.55148994047515,50.9963446816072],[-2.5519243464678,50.9936979865429],[-2.54472450703341,50.9916662467482],[-2.54542343612897,50.9850805001359],[-2.55620702557173,50.9795351566586],[-2.56237140207564,50.9777106351901],[-2.5746303684989,50.9866936804358],[-2.57493896132656,50.9833181535061],[-2.5860233663728,50.9768692881753],[-2.59584521904693,50.9813399691908],[-2.60113972012826,50.9780116716371],[-2.60341773043154,50.9762831782956],[-2.59805739047368,50.9736130259007],[-2.59988267828278,50.9674015709972],[-2.5949101362557,50.9622284537652],[-2.59837803518897,50.9595066922557],[-2.59820027247584,50.9485744868514],[-2.60717446787137,50.9457574331123],[-2.60884652815884,50.9420077882235],[-2.61603537712869,50.9414483982041],[-2.60626758011159,50.9346743315548],[-2.60404000220076,50.9267247015292],[-2.61480514196196,50.9232565734318],[-2.62043406416576,50.9100201688929],[-2.62382845108009,50.9071945768054],[-2.61489105092517,50.893261207874],[-2.60954134221856,50.8915262925642],[-2.61553187683303,50.8818991360322],[-2.62408282921632,50.8792871462083],[-2.62791836665158,50.8863087289476],[-2.64706631556146,50.8883587101913],[-2.65036288141666,50.8833323803344],[-2.66066607869173,50.8871431755986],[-2.67888529971152,50.8775226489813],[-2.69571289499728,50.8760072631077],[-2.70709911827722,50.8697285074469],[-2.71441140072303,50.8711611425103],[-2.71541954899364,50.8638882113832],[-2.72309164653749,50.866190870716],[-2.75093697991122,50.8638379577204],[-2.7549883370845,50.8667904048978],[-2.75504913665447,50.8668045818438],[-2.75993561184281,50.8659731544673],[-2.76182158128949,50.8607587244342],[-2.78228605255402,50.8596968510288],[-2.78897767388687,50.8534432422457],[-2.80784207175352,50.8586793219471],[-2.80806844592912,50.8636309013749],[-2.82577728799501,50.8508836538844],[-2.82868222706452,50.8520411324324],[-2.82861959719543,50.8487816644589],[-2.84286493428985,50.8473728919321],[-2.84520454300503,50.8516127976634],[-2.86679114458052,50.8492560482892],[-2.87705173151232,50.8493203822699],[-2.87923502166908,50.846374875263],[-2.88626243086946,50.8505400075098],[-2.91647889977583,50.841765902415],[-2.93012271487112,50.8409220174779],[-2.93433265871813,50.8364848023812],[-2.94168981624245,50.8358829576234],[-2.9473407654928,50.8237394651437],[-2.9541148335957,50.821008044732],[-2.95432229557041,50.8211655664244],[-2.96982908150892,50.8341996682611],[-2.97257193207858,50.8460305296578],[-2.96805102600975,50.8513012009627],[-2.97463077467138,50.8523379400005],[-2.97358972941313,50.8556573591744],[-2.99444367099347,50.8551460975109],[-2.99855148875937,50.8509652058506],[-3.01144289287399,50.8572089649254],[-3.03680608618723,50.851065172005],[-3.03263151653362,50.8616392382458],[-3.03844233055172,50.8683152508326],[-3.05406225928356,50.8730431230204],[-3.0524049755771,50.9082720272832],[-3.08985067965539,50.9061144076956],[-3.12207872748112,50.8981605048531],[-3.12634080218261,50.9017199603079],[-3.13962619766317,50.8914611818665],[-3.14418503962857,50.8913981817686],[-3.15287661639887,50.893828172227],[-3.1561556676407,50.9000755157333],[-3.17039665158748,50.9003727571112],[-3.17055570776067,50.9075899895618],[-3.18796247786107,50.9103440855569],[-3.18029863083859,50.9229286214865],[-3.17243818464657,50.925638286345],[-3.17246096702704,50.9357811777742],[-3.16394553245484,50.9459725326053],[-3.19578318518889,50.9475078146591],[-3.21834689218712,50.9432807409213],[-3.25483048358088,50.941845748744],[-3.29384739259865,50.9551387039269],[-3.3336699633033,50.9827882860689],[-3.37866358603564,50.9775085056912],[-3.38342763451052,50.994536986228],[-3.38048774397398,51.0184858597692],[-3.41417405059937,51.0197027041855],[-3.41570229532634,51.0278363100522],[-3.42681521868444,51.0314052426858],[-3.4472247972653,51.0257252256507],[-3.46368891051596,51.0252619948468],[-3.48443257376162,51.033842399984],[-3.52045780685949,51.0258953360323],[-3.51888138570953,51.0147955189713],[-3.52756394702126,51.0055219447375],[-3.53504945700713,51.0033472644127],[-3.60320812898055,51.0072332297436],[-3.60974550295832,51.0079832337995],[-3.61470093632614,51.0155497343001],[-3.59821498805504,51.0370333063647],[-3.60028579909774,51.0506067067568],[-3.59447111942891,51.0551947230772],[-3.61032958331091,51.0579467704263],[-3.61305261013602,51.0561070427144],[-3.6243037868799,51.0612390412072],[-3.63535394938882,51.0562968852223],[-3.65233088998452,51.0596417699072],[-3.65028940551679,51.0640756406639],[-3.68236767600799,51.0733543119156],[-3.69244496856632,51.080559148083],[-3.71994749264963,51.0808206521958],[-3.76739542662762,51.1057833437866],[-3.80428873272582,51.1156852813333],[-3.82211474766656,51.1269538766481],[-3.83473753508469,51.1413826258954],[-3.83206908998791,51.1511856961196],[-3.83982066625529,51.1766737210918],[-3.80626740660348,51.1778734295522],[-3.78630346639544,51.171926921259],[-3.75730045101367,51.1773104295833],[-3.74587510142888,51.1755571583303],[-3.7260324686327,51.1789344973206],[-3.7244213932398,51.1839205984168],[-3.73208759181914,51.1909692441506],[-3.72621104504747,51.1994232043004],[-3.73157276196686,51.215131308659],[-3.72873689866934,51.2188513764014],[-3.73320126956949,51.2227250747861],[-3.72054918666876,51.2330675596031],[-3.72016921124437,51.2330276532884],[-3.68854511321366,51.2297018024505],[-3.6398368417433,51.2233692536765],[-3.63780980494075,51.2243471405347],[-3.63330986353202,51.2238710772483],[-3.62367379759492,51.2181022453396],[-3.62171408877056,51.2167743609447],[-3.59217538021585,51.2227005027736],[-3.59024161822476,51.2240297839076],[-3.58848603632814,51.2253049620444],[-3.57879645701062,51.2321433048904],[-3.56871672737533,51.2326246378311],[-3.56874906151459,51.2326033630938],[-3.55451084867313,51.2330877752852],[-3.50297850217554,51.2230081168531],[-3.49689826504952,51.2239862700087],[-3.48648534581471,51.219960182638],[-3.4862994565178,51.2198882949677],[-3.47241775286111,51.2136471210261],[-3.46903363319122,51.2079056206006],[-3.46841908284355,51.2079790171518],[-3.45523473921521,51.209552729388],[-3.44201483561275,51.2065062410712],[-3.43260992055348,51.1981923620249],[-3.42427807514544,51.1908125568388],[-3.41164398996629,51.18386319038],[-3.39312065037907,51.1825033779527],[-3.37362417136395,51.1846636765756],[-3.35024044899596,51.1815159723203],[-3.34953070262427,51.1816001008238],[-3.32885747139513,51.1840485489141],[-3.3281420717091,51.1818606865326],[-3.31321663206093,51.1795597948868],[-3.29395512524132,51.1826825969581],[-3.28534398427263,51.1808790898869],[-3.28414135130616,51.1806271503692],[-3.27584819130941,51.1797755013576],[-3.25690424501575,51.1877223172613],[-3.22897501684103,51.1918139551661],[-3.21627119457835,51.1943099471972],[-3.2021829622056,51.2014607567652],[-3.19012321302831,51.2026658361308],[-3.18042991607843,51.1997614832966],[-3.16428724679581,51.2026452313071],[-3.15482147932731,51.2086011474968],[-3.14663056075551,51.2093854296592],[-3.13144137756214,51.210838169724],[-3.11444756817476,51.2069742421962],[-3.10074613972497,51.2084022546423],[-3.07637887941965,51.2013744816403],[-3.05455598463182,51.2056689750309],[-3.05387273350212,51.2060265847176],[-3.03082764166879,51.2180828577054],[-3.01915209610144,51.2182579131404],[-3.0242480641587,51.2129026007943],[-3.02637076888121,51.2149441336957],[-3.03029522339059,51.2082086070437],[-3.02447859121935,51.2121937852862],[-3.03270944014092,51.1944254689713],[-3.04518951540499,51.1946519552783],[-3.05641989480066,51.186535568234],[-3.06138214651075,51.1735769891904],[-3.05723808197852,51.1734010031754],[-3.05618149248754,51.1733561094807],[-3.05615606121789,51.1736899342068],[-3.05595026605395,51.1763911112663],[-3.05593013644485,51.1766553053072],[-3.05555092629347,51.1816318885492],[-3.0510400433665,51.1871154205023],[-3.03462949984068,51.1889205507116],[-3.02708386922012,51.192693571057],[-3.02514639763646,51.1957943878714],[-3.02224471976832,51.20043754249],[-3.01801496996201,51.2072036958287],[-3.01621010759202,51.2029237813111],[-3.01569410843895,51.2100456165996],[-3.00246321191138,51.2258535009561],[-3.00233165891691,51.2260106141583],[-3.00308678055685,51.2258144336059],[-3.00419286036122,51.2255270621216],[-3.00407676610217,51.2257524047505],[-3.00186087685316,51.2300530765089],[-3.00176387597782,51.2303171752656],[-3.00027923970611,51.2343999651349],[-2.99935376212906,51.2369446774687],[-3.00182311790027,51.2448770801268],[-3.01561231058946,51.2576297853557],[-3.02189668640386,51.2690266966599],[-3.01123616570036,51.3202919489399],[-3.0137972037091,51.3235364273104],[-3.02814036534534,51.3241770138023],[-3.03592989396078,51.3285451721506],[-3.00297143260305,51.3251521919709],[-2.994155447979,51.3209385245146],[-2.99755944336203,51.3191376337633],[-2.98663175100594,51.3127488399457],[-2.98637790596471,51.3125260379558],[-2.9864103832155,51.3125078496498],[-2.99521572870653,51.3075756405977],[-2.99470687925271,51.3059374256387],[-2.99459540076716,51.3055785081558],[-2.99448610852033,51.3052369061761],[-2.99339377580547,51.3018224171434],[-2.99401929951394,51.3047480178702],[-2.99431114897126,51.306204963065],[-2.98593582034049,51.307680141437],[-2.98910764290492,51.3083376805071],[-2.98436408284803,51.3118711357295],[-2.98439718647358,51.3122585397998],[-2.98517948193462,51.3214112248981],[-2.98651751072144,51.3151432255327],[-2.99243712369398,51.320499355554],[-2.98604477474392,51.334533409322],[-2.985979428719,51.3349330457674],[-2.98584718250735,51.3357418020412],[-2.98346362837943,51.3503138779346],[-2.98340427433843,51.3506766453768],[-2.99001796391158,51.3510526128418],[-2.99413206269543,51.3571531748279],[-2.96832568337954,51.3633139593888],[-2.96775527886767,51.3640544411644],[-2.96329882936568,51.3698388019539],[-2.96250100498869,51.3823471618145],[-2.97287445845538,51.3881684508607],[-2.98079855960708,51.3884162463913],[-2.95682844100287,51.3920916242262],[-2.94407930259432,51.3967614100177],[-2.93936085462771,51.3977474992409],[-2.93672412486611,51.3964713675518],[-2.93939258130784,51.3910988149368],[-2.93674936782948,51.3928622111913],[-2.93604340409084,51.3933331554405],[-2.93073334302344,51.389760643643],[-2.93578508635205,51.3949726708043],[-2.91734184009278,51.3958873210163],[-2.89797252369921,51.3903350848707],[-2.89839448268573,51.3909532090955],[-2.89930959171906,51.3922936850445],[-2.89583000050384,51.3926647266131],[-2.90309986415992,51.3922894255516],[-2.90377016736864,51.3922548032607],[-2.90565657235568,51.3930153828129],[-2.91302295917806,51.3959849107561],[-2.888928172489,51.413274751427],[-2.88806555193322,51.4150347515613],[-2.88804783620282,51.4150708949186],[-2.88291110151294,51.4255483874152],[-2.87440648376768,51.4286990137458],[-2.87583247177369,51.4304760134515],[-2.87602302827593,51.4305583706154],[-2.87904583152075,51.4318647276259],[-2.87912944633119,51.43190086139],[-2.87855059575147,51.4322005038413],[-2.86462698764647,51.4394060370153],[-2.86360708528987,51.4399336885981],[-2.86331323156642,51.4402138745946],[-2.84589792914581,51.4568117401807],[-2.84585181145149,51.4568556735545],[-2.81778196309824,51.4729925853124],[-2.81723695212284,51.473305690443],[-2.79942435637146,51.4853858012519],[-2.7838399425458,51.4875880722137],[-2.78315673963079,51.487684565531],[-2.77409613350154,51.4914677231289],[-2.77355946285335,51.4945638955812],[-2.77355028903305,51.4946168172197],[-2.7732757599236,51.4946783508012],[-2.761507502883,51.4950597006819],[-2.75872070746056,51.4951283486572],[-2.75690721584673,51.4926038363803],[-2.75282414176892,51.4928543519667],[-2.75123752472873,51.4929516756314],[-2.7331873561856,51.4928864844969],[-2.73122128294978,51.492879059912],[-2.7352412230244,51.4941937732364],[-2.73541818585083,51.4942983486671],[-2.72750276433977,51.498149737059],[-2.72770173908588,51.4988151880284],[-2.7281222092997,51.5002285626552],[-2.72885726540913,51.5026793919387],[-2.72745401497816,51.4996991990531],[-2.72743159289486,51.4996758023436],[-2.71678537213998,51.500582103098],[-2.71648224169541,51.5006083235134],[-2.68992548371507,51.4855201203538],[-2.68543318580489,51.4811586749122],[-2.68480727663257,51.4805509023555],[-2.67624485628395,51.4796772286672],[-2.66812456908108,51.4814384952129],[-2.66362354946931,51.4866090242311],[-2.65887026682336,51.4840687024953],[-2.65113378290566,51.4736582486091],[-2.65727132831608,51.4850854069987],[-2.65733529404454,51.4851129184092],[-2.66372965791279,51.4878626877034],[-2.67887013515046,51.480982148493],[-2.70872559766001,51.4977314850611],[-2.71831717905998,51.5061593506697],[-2.71370006564539,51.5059276690575],[-2.71821750267118,51.5082397647947],[-2.71458114227796,51.5079022222953],[-2.70272786837718,51.5168115352297],[-2.69521446790263,51.5224563458588],[-2.69500999696119,51.5226697767084],[-2.69462598384778,51.5231719512667],[-2.69439644518511,51.5233002820195],[-2.69411850419111,51.5235823190836],[-2.69398444958823,51.5237150517385],[-2.69289996203398,51.5245597110846],[-2.69274033364984,51.5246757123859],[-2.69101123540721,51.5264312217633],[-2.68758582071095,51.5293628352874],[-2.68705446267965,51.5294001188104],[-2.68708535452484,51.5295587581981],[-2.68704329283028,51.5297139816929],[-2.6870256805114,51.5300256532362],[-2.68688687564706,51.5302863392052],[-2.68663297152584,51.5306619181869],[-2.68623852557524,51.5313669099345],[-2.68611594882067,51.5315054063401],[-2.68581276794655,51.5319520091054],[-2.68561245193356,51.5320871863443],[-2.68531927562062,51.532256483229],[-2.68490763688351,51.5326933215781],[-2.68471619051805,51.5329274933743],[-2.68449930636539,51.5331261579855],[-2.68415975414411,51.5335354958449],[-2.68398771653097,51.53364372426],[-2.68361912072347,51.5340140697412],[-2.68343392730979,51.534191838747],[-2.68330727096796,51.5343683522329],[-2.68306641261421,51.534653003707],[-2.68298818442217,51.5347965945468],[-2.68275344093615,51.5349264310051],[-2.68263380897072,51.5350331580958],[-2.68259846400433,51.535177728646],[-2.6821525214181,51.5354851220308],[-2.68193710998181,51.53563228699],[-2.68106559528437,51.5354861438734],[-2.68088159698145,51.5353160654017],[-2.68054054658647,51.5350755564128],[-2.6805915705123,51.5352452728209],[-2.68090668514741,51.5355701545097],[-2.68132659009531,51.5360628921365],[-2.68107721724929,51.5365636217344],[-2.68103778648291,51.5367440803848],[-2.68058849398094,51.5371903500118],[-2.68049099113468,51.5373291244281],[-2.68025927830368,51.537552949913],[-2.68014277690818,51.537729722416],[-2.67993558010505,51.5379920822898],[-2.67978256551707,51.5381701507787],[-2.67954592621418,51.5383987319863],[-2.6792140789527,51.5387270551809],[-2.67909617863981,51.5388410011034],[-2.6789505231668,51.5389353316305],[-2.67871046560374,51.5391813188085],[-2.67858727775436,51.5393353830782],[-2.67832861885076,51.5395306690968],[-2.67818992798822,51.5397607093054],[-2.67804943664309,51.5398799541712],[-2.67782861337875,51.5402000448233],[-2.67755183114377,51.5403906700899],[-2.677468994205,51.5405678643087],[-2.67728163215377,51.5407397716443],[-2.67711245985375,51.5408622706489],[-2.67678403217287,51.5412740392294],[-2.67656627541823,51.5414810021101],[-2.67637807634472,51.5417226012993],[-2.67529033936647,51.5429154666],[-2.67514072296169,51.5430724104345],[-2.67474979021105,51.54347581048],[-2.67460498367859,51.5436259362006],[-2.67449062377528,51.5437361820484],[-2.67442598185339,51.5438025339247],[-2.67434682658269,51.5438837821187],[-2.67413532359366,51.5441017948304],[-2.67384501612315,51.5443988049445],[-2.67382003275519,51.5444319371264],[-2.66389522945569,51.5731525402867],[-2.65725002548308,51.574604264888],[-2.63799940140177,51.5918457138269],[-2.63750378983305,51.5922893613372],[-2.62780480333706,51.6056350408578],[-2.59902282310735,51.6177813317868],[-2.59621434664256,51.6165278066568],[-2.59778415648155,51.618599626963],[-2.5852071698116,51.6260118926726],[-2.58075112302739,51.6330979197145],[-2.57932683882105,51.6326888131625],[-2.56670696090924,51.6290628429745],[-2.57934207967557,51.6338878633017],[-2.58018884226677,51.6342111344044],[-2.57937085353216,51.6361366802406],[-2.5740271448253,51.6487116662675],[-2.55827028671273,51.6664201920789],[-2.53474246620219,51.6772457713411],[-2.53238885278877,51.6780596825419],[-2.50905031093672,51.6660417821481],[-2.48964630141277,51.6639645095007],[-2.49310044561101,51.6520352886947],[-2.48494086430748,51.6484451329364]]]]},"properties":{"FID":36,"PFA23CD":"E23000036","PFA23NM":"Avon and Somerset","BNG_E":356362,"BNG_N":150274,"LONG":-2.62662,"LAT":51.24995,"GlobalID":"29601579-c0a1-419f-aed5-14b476bee7f3"}},{"type":"Feature","id":37,"geometry":{"type":"Polygon","coordinates":[[[-1.74234937901402,52.0919845052264],[-1.73855957362033,52.0913584304027],[-1.72856052811281,52.1001203046394],[-1.73065604717972,52.0732913537538],[-1.71311213593006,52.0665529393768],[-1.70985855869454,52.0733064029702],[-1.70169911871026,52.0728344030857],[-1.70505254003613,52.0596336077601],[-1.69967286651981,52.0546484984144],[-1.69017978736201,52.0547355748437],[-1.69398075504565,52.0395278979871],[-1.66745219060359,52.0362441741677],[-1.66106546140919,52.0316171307969],[-1.6535821038503,52.0354004993505],[-1.64711550967444,52.0344925472481],[-1.62446030247049,52.0389532635568],[-1.61779622458016,52.0319314971566],[-1.62011034658381,52.0277381883698],[-1.62833683694736,52.0271924008074],[-1.63862773951566,52.0205312919744],[-1.64287860261692,52.009223003306],[-1.66575091348295,51.9974047833333],[-1.66993446038091,51.9931648127938],[-1.66575430454863,51.9874888210715],[-1.66894325930551,51.9752727366586],[-1.66252911046192,51.9640049466649],[-1.65237458389309,51.9615118623224],[-1.65536694409537,51.9575034676202],[-1.64892655470324,51.9589248385571],[-1.63249065036283,51.9556514579195],[-1.61518893058729,51.9376816289697],[-1.64552984349675,51.9222942559287],[-1.64118208193421,51.9215618306361],[-1.6448892968022,51.9137157984115],[-1.63484112597183,51.9128831119397],[-1.63392765972339,51.9052998110188],[-1.63325262377541,51.8995830300291],[-1.64488272263789,51.8946007643952],[-1.6586519744456,51.896551192631],[-1.66895716387556,51.8815043774707],[-1.66711188278055,51.8770000576877],[-1.68635122945085,51.8662923526775],[-1.67869369640775,51.8529225175955],[-1.67638499897572,51.8503096854222],[-1.68646159226861,51.8344557908918],[-1.68112008394852,51.8160526636066],[-1.67685963544216,51.8170246741067],[-1.68375295466747,51.8013375241318],[-1.71948863302901,51.7832118276915],[-1.70070464063817,51.7705842299967],[-1.69486551241876,51.748575012994],[-1.6870208353919,51.7398840228322],[-1.68550782018289,51.7306341682843],[-1.69581834766911,51.723772915203],[-1.69370645393313,51.7215879161959],[-1.6861662033357,51.7101759442565],[-1.6646996737265,51.6968786936753],[-1.65743813962788,51.6964513211231],[-1.64825374342062,51.6840870658459],[-1.66845860139018,51.6804375689642],[-1.67520821810946,51.6825352398647],[-1.67601545528862,51.6884070398009],[-1.68305860763384,51.6901103599566],[-1.69683095088565,51.6920420112852],[-1.70966046777436,51.6816568362953],[-1.71105528242177,51.6717929464008],[-1.727488092936,51.6672085668],[-1.73931300126797,51.6674195130079],[-1.75382175989693,51.6621732050119],[-1.76631971520486,51.6626841585488],[-1.77027478254481,51.667969981849],[-1.77698862281829,51.6693909405045],[-1.78861685777866,51.6670018966071],[-1.81194238645542,51.7031457121143],[-1.81851428971195,51.7023354455325],[-1.81939844031575,51.6943341914686],[-1.81248134528336,51.6863091979302],[-1.82328624616454,51.6735430348114],[-1.81528462477523,51.6635440863429],[-1.83447111005641,51.6575203015536],[-1.85048414193447,51.6562848035479],[-1.87388368376944,51.6825898302259],[-1.89328914846433,51.6769391160503],[-1.89901313594195,51.6796865082518],[-1.88735195230874,51.6600826832202],[-1.87632568520428,51.6530852266451],[-1.88839733772518,51.6488587609396],[-1.90390253495955,51.6560279472909],[-1.92090498005307,51.6572437735704],[-1.93111349025791,51.6629760667442],[-1.94205954029405,51.670416870644],[-1.95222068296536,51.6678291850785],[-1.95794641933528,51.6596764341427],[-1.9629675452052,51.6586868807649],[-1.95225949700391,51.636865263557],[-1.96864421271599,51.639951344159],[-1.97719872120297,51.6379297414434],[-1.97646853234765,51.6432529593496],[-1.98483826883352,51.6431605886503],[-1.99531096059941,51.6513768284528],[-2.00310875372608,51.6490314233674],[-2.01510144317502,51.6503682385629],[-2.05717380115619,51.6724431312967],[-2.07341140682766,51.6594989658937],[-2.10809692043985,51.6309186576746],[-2.15253791543564,51.5903416230622],[-2.18277554131831,51.5992296011579],[-2.18106244530722,51.5965078063854],[-2.19001237832702,51.5925031486904],[-2.1924428757715,51.5958134931806],[-2.20655236834298,51.5959494443215],[-2.20595427860883,51.6012941565196],[-2.21081330802621,51.6029597857386],[-2.22294437516111,51.5961100242327],[-2.24186688776213,51.5921071668252],[-2.24511651561049,51.58140947309],[-2.26745328375231,51.5827174693015],[-2.27255905245869,51.5775903264934],[-2.27656182594913,51.579896318525],[-2.28274577923905,51.5785165611065],[-2.2808884197401,51.5813129248525],[-2.28727755828398,51.5831568760944],[-2.28350315504068,51.5849635197928],[-2.29408573554953,51.5885735361379],[-2.291637286721,51.5936959201854],[-2.29654955961151,51.5949945280929],[-2.30009795021309,51.591481490324],[-2.30825311590234,51.5928647508411],[-2.31657005647675,51.5898340400006],[-2.3198465858343,51.5939154216915],[-2.33106255956941,51.591602189699],[-2.33417576290482,51.5966331517943],[-2.33525249178929,51.5942536542271],[-2.34411179506057,51.5942289145099],[-2.34401934720479,51.5964986437411],[-2.35278557722726,51.5966956419105],[-2.36564150390742,51.603741118934],[-2.37042970085191,51.5975734288406],[-2.39309999157226,51.5970755235585],[-2.39503181777046,51.6048989305292],[-2.38890966915367,51.6275403736507],[-2.40047490634886,51.6351434801944],[-2.38818156672031,51.6371745596556],[-2.38598850246378,51.639943108714],[-2.39714244145639,51.6395543575651],[-2.39478337462343,51.6421203911513],[-2.39880273746903,51.6457952954752],[-2.40715742213128,51.6412011800686],[-2.43182247171768,51.6468702619717],[-2.44298607534301,51.6524866246724],[-2.44565551167838,51.6493338399884],[-2.46044163290382,51.6526019012015],[-2.47033486962957,51.6474744002682],[-2.48557179610517,51.6450700361723],[-2.49067532485481,51.6448339830528],[-2.48494086430748,51.6484451329364],[-2.49310044561101,51.6520352886947],[-2.48964630141277,51.6639645095007],[-2.50905031093672,51.6660417821481],[-2.53238885278877,51.6780596825419],[-2.5086489798893,51.6862649889114],[-2.49331389816177,51.6977130286035],[-2.49004752289599,51.7001504566829],[-2.48900335829745,51.6996644954429],[-2.48185529471287,51.7256508130891],[-2.47230184330503,51.7259880981312],[-2.44945513642474,51.7398210905565],[-2.43262239925047,51.7362246963861],[-2.38321670826707,51.7586377809334],[-2.3820371608502,51.7591723621786],[-2.37932797095086,51.7662780454644],[-2.38371957489988,51.7757559472025],[-2.41303948189091,51.7860585838479],[-2.4407729970534,51.7883017885736],[-2.44702445454518,51.792684842079],[-2.44411876083952,51.7997612584687],[-2.43486468614545,51.8099542656918],[-2.42459797804573,51.8150493756005],[-2.41260928765107,51.8053177005693],[-2.37488320331898,51.7928014623235],[-2.35425069467288,51.7940363645149],[-2.35420449596408,51.7940391256431],[-2.34714669742062,51.7976898335339],[-2.34580516426246,51.8039165386393],[-2.35934797130809,51.8111768399551],[-2.36167603297644,51.8222154321373],[-2.35976388430485,51.8266063092634],[-2.35325006441172,51.8287978210181],[-2.35038703160491,51.8297608788201],[-2.3608019169857,51.8272163401713],[-2.36323062215408,51.8215785576732],[-2.36037974099849,51.8068659782208],[-2.34800999185562,51.8028338219175],[-2.35004237386291,51.7991236141909],[-2.35072124174485,51.7978841593069],[-2.3514883885215,51.7977417946769],[-2.36925480353324,51.7944431087312],[-2.3895834667137,51.8005981839959],[-2.38988649646593,51.8007255337637],[-2.39040997176166,51.8008483239357],[-2.40175439316455,51.8042808118136],[-2.41455368422914,51.8171154253888],[-2.42393581265048,51.8193054870455],[-2.44059836040735,51.8126025765922],[-2.44061923296423,51.812576991948],[-2.45179433484176,51.7988742138585],[-2.45133963841297,51.7969876052665],[-2.45020930476032,51.7922969705686],[-2.44843206935402,51.7849199086746],[-2.44139763769684,51.7814552291047],[-2.41134856038994,51.7797877197793],[-2.40569117406359,51.7778706632937],[-2.40463997921253,51.7728121955521],[-2.43422835726345,51.7600594382481],[-2.43782146600749,51.7593337608508],[-2.43761185322522,51.7590434410639],[-2.47757496260631,51.7400450787281],[-2.47734609191943,51.7397209897735],[-2.47732537373911,51.7396916524702],[-2.47883547944317,51.7349890501973],[-2.49376207173078,51.7279633277338],[-2.49623967530871,51.7262055522671],[-2.50533337796562,51.7103836426016],[-2.51458322548519,51.7072784472089],[-2.54371799616009,51.6974902731038],[-2.57080654132759,51.6883792545905],[-2.57133385749219,51.6888326925479],[-2.57481554942366,51.6854410607374],[-2.579975194804,51.6835305760385],[-2.60999005665618,51.6724091597302],[-2.62594940603421,51.6606153645002],[-2.62363357035498,51.6539829174724],[-2.64875772467274,51.6313837319894],[-2.64769714521889,51.6132894213499],[-2.65124432969432,51.6097539861576],[-2.65613479309018,51.6102104935108],[-2.65934191558259,51.6165676113035],[-2.65518589314373,51.6227475137442],[-2.66736570792562,51.6336459146605],[-2.66781459309127,51.6370412925695],[-2.66599499001056,51.6416840867747],[-2.66616520162816,51.6426389528163],[-2.66640345777187,51.6432355276159],[-2.66790450958105,51.6449291011476],[-2.66825661589071,51.6453524141629],[-2.66943906079065,51.6461288794984],[-2.67138803918431,51.646469296983],[-2.67424326299832,51.6455420539669],[-2.67530384430786,51.6447473417346],[-2.67738500274821,51.6445537583653],[-2.680059684461,51.648581817507],[-2.66597684034939,51.6644671488217],[-2.67809152496124,51.6597769187298],[-2.68497099562609,51.6612384959266],[-2.68382830154878,51.6685787570726],[-2.66841870685829,51.6692926042993],[-2.6569864049332,51.6735858778848],[-2.67283591342456,51.6816639577314],[-2.66889634205597,51.6913343639275],[-2.6740696109289,51.6975592294232],[-2.68394149466604,51.7009790917669],[-2.68236041893809,51.7033305984206],[-2.67523063048912,51.7002311530441],[-2.66897706851228,51.7023268421947],[-2.66897011888597,51.7070528132653],[-2.67988833185911,51.7158608858544],[-2.68027358172907,51.7176110048919],[-2.68122675434775,51.7201625891257],[-2.68166401024765,51.7214197300791],[-2.68168139650867,51.7216075830259],[-2.68051439842623,51.7246875935023],[-2.68137597139686,51.7253749068712],[-2.68208653377122,51.7258302867625],[-2.68573725662737,51.7278886656501],[-2.68637760139366,51.728297599793],[-2.6870898140724,51.7291467390182],[-2.6873909518673,51.7297168425933],[-2.68745333252323,51.7299098255371],[-2.68753448385493,51.7302052268534],[-2.67958286414166,51.7335296476375],[-2.67328849839103,51.7356141954609],[-2.67222511999267,51.736362949282],[-2.67177746038398,51.7375209420179],[-2.67139819976877,51.7406602343517],[-2.67135636233957,51.7407701378282],[-2.67075894973144,51.7414083457994],[-2.66979026380863,51.742305839974],[-2.66950787586876,51.7427587862261],[-2.66938482542774,51.7430966566349],[-2.66893375133592,51.7442267925728],[-2.6670862609868,51.7464393055655],[-2.66269206735517,51.7538947427429],[-2.66293180651011,51.7547349285762],[-2.66313552327037,51.7550178888737],[-2.66320422043307,51.7550885137627],[-2.66367922666773,51.7554707130857],[-2.66449841976689,51.7560531954754],[-2.66618920852437,51.7570363518827],[-2.66993674277472,51.7584662071779],[-2.6709771791855,51.7586706996973],[-2.67436992725161,51.760868562445],[-2.67855770554602,51.7662977323846],[-2.67945832004671,51.7672096626607],[-2.67864452209494,51.7722756323517],[-2.67501695893964,51.777579921298],[-2.67507712174037,51.7777738056162],[-2.67543307212349,51.7786511218064],[-2.67619776206953,51.7799136291239],[-2.67424484176079,51.7828074803875],[-2.67336148597512,51.7847285862797],[-2.67457802468424,51.7860001977435],[-2.67584421685202,51.7880690703019],[-2.67289070647863,51.7898087270911],[-2.67291196467375,51.7904577765641],[-2.67280445338023,51.7907362369184],[-2.67308871249296,51.7914251306037],[-2.6729805516384,51.7919490785725],[-2.67262175877502,51.7925904168037],[-2.67271459941374,51.7930771669939],[-2.66991661392954,51.7943789380825],[-2.67223294783861,51.7955354829784],[-2.67243991113677,51.7957078595521],[-2.67455551553763,51.796996813666],[-2.67578185712802,51.7979670759861],[-2.67691743318128,51.7988633054672],[-2.67711638764219,51.7992315933964],[-2.67717790759392,51.7993441706577],[-2.67744731116902,51.7997360242408],[-2.67756586792071,51.7999294692487],[-2.67758670523944,51.8001550565418],[-2.67752657225002,51.8003074037842],[-2.67758865779959,51.8004769330276],[-2.67752151964453,51.8007443762371],[-2.67773339328916,51.8014300731656],[-2.67787276322751,51.8016406220637],[-2.67852567716422,51.8023300339593],[-2.67860396466421,51.8026146142275],[-2.67853782959666,51.8028451984713],[-2.67705564509341,51.8043048997631],[-2.67699974541084,51.8045408172047],[-2.67647466938335,51.8051166069173],[-2.67653558363056,51.8051198523431],[-2.67564821885022,51.8059080638843],[-2.67568093720633,51.8063529971142],[-2.67539104254004,51.8067520587567],[-2.67429583798073,51.8071350750447],[-2.67346946507631,51.8071577985083],[-2.6734727336112,51.8073771941749],[-2.66648405821164,51.8097998301671],[-2.66462787184043,51.8102266209897],[-2.66228038499888,51.8100932778998],[-2.65882691439661,51.8124963462365],[-2.65884873490396,51.8128936164995],[-2.65883213953321,51.81355186717],[-2.66048230085147,51.8170240471114],[-2.6606984748177,51.8173411671047],[-2.66103111113301,51.8179030053283],[-2.66110684295623,51.8181165998143],[-2.65888845513819,51.8198005272619],[-2.6608714417656,51.8227538627137],[-2.65388651932636,51.8236470873574],[-2.65016630230065,51.8241143941251],[-2.65001532621458,51.8243439093878],[-2.6498728323064,51.8250334134749],[-2.64995025114785,51.8251525627778],[-2.65016225164442,51.8255092458847],[-2.65040070567432,51.8261246880221],[-2.63630654696853,51.8394910954852],[-2.63671005341688,51.8430952603725],[-2.62546695815918,51.8389640015383],[-2.62159359642244,51.8433246698416],[-2.60943413562022,51.8467969245371],[-2.60640062095109,51.8520257881789],[-2.59953949895494,51.8565314425971],[-2.58619788884871,51.8497853251847],[-2.57882169171365,51.8518494047763],[-2.58520409059383,51.8599145479902],[-2.57584154693707,51.8625419088354],[-2.56161946666289,51.8642711715507],[-2.53405179974821,51.8603963175063],[-2.52223340432222,51.8646959983026],[-2.50862440109418,51.8851690560296],[-2.5018679321442,51.8863121443894],[-2.50025379604018,51.881738049498],[-2.49465604213406,51.8842397004992],[-2.49386126494357,51.8800028148504],[-2.48779469274655,51.8804175449928],[-2.48672835462937,51.8847160378116],[-2.48073427086485,51.8857252248705],[-2.47340817682411,51.8855536333177],[-2.46521347137183,51.8929913173463],[-2.44638985265459,51.8940920672145],[-2.44602000055253,51.8939972287755],[-2.43923080771773,51.899521223574],[-2.44531994517423,51.9005581660893],[-2.44008129841439,51.9024199624109],[-2.44644962304205,51.9150883084715],[-2.4660430006938,51.9279745026219],[-2.46787865506536,51.9373797825606],[-2.46338406597602,51.9392716139048],[-2.46557353500141,51.9517045843731],[-2.47372852291771,51.9565383741247],[-2.4861074430909,51.9574201959719],[-2.49018750591508,51.9549792912077],[-2.50090645407367,51.9606091433712],[-2.49903014476934,51.963718081246],[-2.49224484623915,51.964128776399],[-2.49491293332375,51.9810752059117],[-2.48863786343256,51.9874076047794],[-2.47097993694179,51.9947774688723],[-2.47764646244236,52.0001505288547],[-2.4854967162393,52.0003323090956],[-2.49125236025256,52.0104908363663],[-2.48036569317797,52.0160607832299],[-2.47893230092191,52.0225304101253],[-2.46619200280129,52.023746323885],[-2.46251149742554,52.02183846222],[-2.46337278472343,52.0140424468424],[-2.4361213982017,52.0145914684016],[-2.43660749577437,51.9968432300216],[-2.41319627507641,51.9940903068968],[-2.3990184898963,51.9961459469645],[-2.39289223171328,52.0129587691277],[-2.38698268471681,52.0121665262028],[-2.35137852244174,52.0213590281247],[-2.35254266829771,52.0135353093701],[-2.3404932556809,52.0067404415382],[-2.32942304043216,52.0068286017653],[-2.32470967818414,52.0035672774164],[-2.32065696637927,51.9921284113593],[-2.32653883120796,51.9757909459813],[-2.31261970069138,51.9765049736609],[-2.30946536146718,51.9706466986844],[-2.30043302609069,51.9667752636857],[-2.28829064497739,51.9706681633801],[-2.27055558557873,51.9689390800587],[-2.25135998124032,51.9665649333006],[-2.2206132435217,51.9954966439335],[-2.20288600060755,51.9963629904356],[-2.18508403441562,51.9905609779425],[-2.17942583356144,51.9948475683839],[-2.18110637903987,51.9994833903341],[-2.1749071210172,51.9961409710497],[-2.16472740060025,51.9960730088621],[-2.16412790281408,52.0034004426575],[-2.18406559054382,52.0139009421301],[-2.18768330302322,52.0190801567564],[-2.17690606521531,52.0225592291],[-2.18067935412919,52.0417281229636],[-2.17136924553862,52.047610534044],[-2.16183573315993,52.0505948860808],[-2.11838638193208,52.0421167569588],[-2.11721985481579,52.0336144270826],[-2.13939720724878,52.0278918487723],[-2.14965530887931,52.0112561677635],[-2.15078195954122,52.0066280407731],[-2.13906369390974,52.003949819417],[-2.14185772526002,51.9998152156871],[-2.13520211576955,51.9997043397132],[-2.1315234008533,52.0059068019949],[-2.12111733790517,52.0112926933427],[-2.11805411412913,52.0143850637873],[-2.10872419018119,52.0142790404489],[-2.08487319407292,52.0104785837075],[-2.07145144628413,52.0121930935774],[-2.06077974233804,52.0146632884129],[-2.05929352374806,52.0094738294131],[-2.048683005885,52.0071151028051],[-2.04951417600198,52.0037962176657],[-2.03835621126119,52.0046006226081],[-2.03825256733375,52.0095626837447],[-2.02699699485911,52.0105880389455],[-2.02927127218363,52.0128396662462],[-2.02365946276158,52.0169532954999],[-1.99856512357771,52.0296677469089],[-1.9951896393208,52.0265631408397],[-1.98413574037062,52.0358792735091],[-1.95137076201915,52.0376994827586],[-1.94746507634291,52.0318013694595],[-1.93169767686998,52.0298892728558],[-1.9270448826783,52.0366609254568],[-1.92215719605332,52.0356149128372],[-1.91344602070409,52.0444612397009],[-1.86226882816264,52.0174853374754],[-1.86154357558555,52.0126276651864],[-1.83905030714283,52.0067831275768],[-1.8353091289734,52.0091624202505],[-1.83565953282706,52.0225025850846],[-1.8250228816679,52.0309334126422],[-1.83056034585543,52.0321390313493],[-1.82975128600407,52.0390716041666],[-1.8345888140813,52.0437330158037],[-1.86344917989937,52.0534177221476],[-1.86287745945827,52.0634319519335],[-1.86498840401184,52.0662781566403],[-1.87168224491349,52.0654261156667],[-1.87200505095905,52.0719168651456],[-1.86904499487076,52.0738565358953],[-1.85560691263515,52.0744406650098],[-1.85338863530379,52.0723674194912],[-1.84661960637666,52.0794210947487],[-1.83175334172358,52.0727693533542],[-1.81894341276327,52.085404114207],[-1.81273665650818,52.0787440005564],[-1.80228873762243,52.0969414685877],[-1.79013499514956,52.100591533347],[-1.78941728675708,52.1063748328607],[-1.7676920738422,52.1125783274844],[-1.75363062414134,52.0976237115526],[-1.74234937901402,52.0919845052264]]]},"properties":{"FID":37,"PFA23CD":"E23000037","PFA23NM":"Gloucestershire","BNG_E":389595,"BNG_N":213466,"LONG":-2.15235,"LAT":51.81972,"GlobalID":"306821ab-cc2d-4819-8290-a1bb67e035df"}},{"type":"Feature","id":38,"geometry":{"type":"Polygon","coordinates":[[[-1.81194238645542,51.7031457121143],[-1.78861685777866,51.6670018966071],[-1.77698862281829,51.6693909405045],[-1.77027478254481,51.667969981849],[-1.76631971520486,51.6626841585488],[-1.75382175989693,51.6621732050119],[-1.73931300126797,51.6674195130079],[-1.727488092936,51.6672085668],[-1.71105528242177,51.6717929464008],[-1.70966046777436,51.6816568362953],[-1.69683095088565,51.6920420112852],[-1.68305860763384,51.6901103599566],[-1.69651831061135,51.6821163764542],[-1.70018909588819,51.6707416640529],[-1.69062315863403,51.663783582464],[-1.68849517464084,51.6567879881751],[-1.69193809184422,51.6521645865553],[-1.68627335008817,51.6523816384785],[-1.67564787950632,51.6414110354453],[-1.66330747014688,51.6399305207133],[-1.65995432000758,51.6349908717091],[-1.67373615894307,51.6228498656456],[-1.66700965139022,51.6162644730941],[-1.6749552846623,51.6117512678137],[-1.68131999668135,51.6135616170504],[-1.69061673406566,51.6054499281008],[-1.68475642339567,51.5903268866521],[-1.69042935937104,51.5843869323527],[-1.69111065938545,51.5835237268059],[-1.68400935507576,51.572804616015],[-1.67654765821201,51.5693909366413],[-1.65504259728401,51.5764933599863],[-1.64768626504516,51.5719347085607],[-1.63413177355139,51.553265517361],[-1.61372143593795,51.5365110195415],[-1.60281908100538,51.5182939231226],[-1.58470801107569,51.5249121183388],[-1.58806412526132,51.5135028993256],[-1.58229087127299,51.4941117956833],[-1.57044904662374,51.486274148803],[-1.56683051540033,51.4769303233408],[-1.56158295445419,51.4763785698125],[-1.55952593937496,51.4697386043729],[-1.54839018913458,51.4606558348025],[-1.52907203495841,51.4555077462164],[-1.52911662024835,51.4552871350505],[-1.52912288863622,51.4552513728255],[-1.52598425437224,51.4514059449979],[-1.52577598529802,51.4511723033239],[-1.52559859376814,51.4510422822833],[-1.52544294818895,51.4509247578274],[-1.52532034540985,51.450812762219],[-1.52527206077347,51.4507505228647],[-1.52490861693905,51.4502715827433],[-1.52485519258394,51.4501499762861],[-1.52483832428337,51.4499586516576],[-1.52484051465511,51.4498861864139],[-1.52421978346201,51.4454836927939],[-1.52429123761065,51.4445189793428],[-1.52432451465454,51.4440992856938],[-1.52439675448256,51.4431832209982],[-1.524421797574,51.4429883796695],[-1.52443183322458,51.4428531831803],[-1.52440742423604,51.4427927487895],[-1.52439096856221,51.4427569276927],[-1.52437506166967,51.4427223011406],[-1.52403170518691,51.4411748483936],[-1.52405868408235,51.4409321782653],[-1.52407495813783,51.4408890835669],[-1.53187803440128,51.4298453708172],[-1.53189702812953,51.4297813347894],[-1.53200344316341,51.4295939202435],[-1.53202897978539,51.4295018557357],[-1.53088525554937,51.4292375032975],[-1.53083443502761,51.4292277682655],[-1.53079224837678,51.4292177081415],[-1.53063214514955,51.4290918996154],[-1.52795924633381,51.427515849095],[-1.52786386028733,51.4273643112135],[-1.52787309079919,51.4270265240811],[-1.52786622793959,51.4267849749064],[-1.52745934949009,51.4265866812312],[-1.52732160369656,51.4265542040446],[-1.52707442418955,51.4259614511104],[-1.52705838682638,51.4259265878027],[-1.52681339680808,51.4256799400697],[-1.52674345416367,51.4256420713537],[-1.52668335389485,51.4256121552307],[-1.52661768630686,51.4255642328323],[-1.52640661379993,51.4254320080862],[-1.52622460170593,51.4253688681857],[-1.52612058888933,51.425315485194],[-1.52586427805673,51.4252186842015],[-1.52566020896436,51.4251467320113],[-1.5253981196083,51.4250386667864],[-1.52526633300834,51.4249868789136],[-1.52753513490639,51.4242564761277],[-1.52757657220104,51.4242584866647],[-1.52856815960176,51.4245022515066],[-1.52882101609007,51.4245434630036],[-1.52970442380005,51.4246958302329],[-1.52985512163702,51.4247271876535],[-1.53038276255643,51.4248036680096],[-1.5307799354491,51.4248958984704],[-1.53161692896559,51.425087629604],[-1.53172477036705,51.4251046959501],[-1.53175943825518,51.4250619433991],[-1.53191653691958,51.4249314701655],[-1.53209388979523,51.4248034155438],[-1.5325804231775,51.4249693706994],[-1.53261489424757,51.4250093423012],[-1.53392586775581,51.4257195762482],[-1.53399330598821,51.4256789317023],[-1.53954583758971,51.4261297683484],[-1.53958857638779,51.4260274291231],[-1.5434149019729,51.4246960142657],[-1.54345939769819,51.4247556691581],[-1.54350004062428,51.4246895573732],[-1.54599224553882,51.4227497139084],[-1.5462340134703,51.4227349152276],[-1.54630174978187,51.4227207906544],[-1.54682768562497,51.4226212187535],[-1.5469623317494,51.4226037559612],[-1.54702640112685,51.4225968103011],[-1.54707271864897,51.4226106571633],[-1.54885914833509,51.4224627128112],[-1.54896052577947,51.4224497953219],[-1.55307463016939,51.4212475218085],[-1.553108616077,51.4213166194592],[-1.55365186093517,51.4223820295148],[-1.55453702311878,51.4220853832168],[-1.55465909568825,51.422059051397],[-1.55729586067786,51.4214840305661],[-1.55737837511899,51.421487939105],[-1.55840771608967,51.4214702428672],[-1.55837373425046,51.4213998878909],[-1.5614916758336,51.4205644708255],[-1.56158494473976,51.4205865803346],[-1.56208593439628,51.4206837683895],[-1.56216967249061,51.4206949615841],[-1.56334306574002,51.4209973330993],[-1.56359500460218,51.4210909785405],[-1.56363653893605,51.4211091170892],[-1.56367662660429,51.4211281494274],[-1.56383985387309,51.4212042893523],[-1.56396009178865,51.4212640835997],[-1.56403170738071,51.4212949226517],[-1.56475866833604,51.4216624278202],[-1.5648008767894,51.4217005305227],[-1.56995708778586,51.4177677098584],[-1.57116270846944,51.4163465485191],[-1.57117427006634,51.4161868941553],[-1.57117691333373,51.4160445498813],[-1.57114420482041,51.4158809685517],[-1.57032197252088,51.4152192970681],[-1.56999209428585,51.4151888630526],[-1.56962349153935,51.414780534806],[-1.56962000275189,51.414708047016],[-1.56674329157569,51.4143010800183],[-1.5668110340322,51.4140563902556],[-1.56685377876531,51.413946037434],[-1.56541599714398,51.4133065118815],[-1.56538573375861,51.4132680939781],[-1.56505730404771,51.4133140828205],[-1.56489761273441,51.4133376781719],[-1.56480173073782,51.4133498208353],[-1.56439904232958,51.4133869896292],[-1.56424361357463,51.4134007987292],[-1.56416041036258,51.4133951839942],[-1.56408051372475,51.4131932875692],[-1.56397661221645,51.4132019827836],[-1.56359232078474,51.4132401164656],[-1.56245276691042,51.4093867772506],[-1.56246077995158,51.4093607305483],[-1.56246061875912,51.4093098805207],[-1.56226536634864,51.408249136521],[-1.56222439427088,51.4081734511714],[-1.5605645699562,51.4084790777157],[-1.5605269041699,51.4085086098116],[-1.56052174908901,51.4082217478328],[-1.56007203295448,51.4081148544698],[-1.56003475585525,51.4081039241762],[-1.55649776951698,51.4093726584289],[-1.55608917217285,51.409325162147],[-1.55600262876247,51.4093090083854],[-1.5550353734586,51.4098803437124],[-1.55496733951009,51.4098927936106],[-1.55447330523577,51.4102766701923],[-1.55432442040644,51.4102689103702],[-1.55371751828557,51.410326846115],[-1.55361710515453,51.4102583945891],[-1.55354578905305,51.4101845687759],[-1.55310516150639,51.410125834991],[-1.55295497655987,51.4099125576662],[-1.55429495803872,51.4076230124472],[-1.55425959360206,51.4075486945731],[-1.55423827985606,51.4075079700076],[-1.55415198515808,51.4073189911827],[-1.55413410369672,51.4072801679625],[-1.55394528018484,51.4070340597759],[-1.55388145688909,51.4069737507643],[-1.55412382831651,51.4034323949389],[-1.55412466875408,51.4033608224026],[-1.55382514578851,51.4027624387549],[-1.55375549416817,51.4026959929991],[-1.55376734493105,51.402660070413],[-1.55369856302729,51.4024306043033],[-1.55367853269731,51.4023764865476],[-1.55362061021832,51.401917857514],[-1.55362007103953,51.4018920486285],[-1.55359937919814,51.4018247102049],[-1.55358541394724,51.401753081272],[-1.55358083802623,51.4016325720112],[-1.55357887423376,51.4015243017189],[-1.55357951924058,51.4014876171089],[-1.55372469370504,51.4011797467888],[-1.55382518660378,51.4009870726379],[-1.55457161645439,51.4000945014796],[-1.55463507567186,51.3999991598895],[-1.55620896418483,51.3981349256958],[-1.55620418148754,51.3980350986652],[-1.55622120011234,51.3977621721701],[-1.5562345024772,51.3976947840498],[-1.55623691140024,51.3971790237309],[-1.55623035600857,51.3971138083944],[-1.55622919474961,51.3970853000035],[-1.55624456320115,51.3969975083117],[-1.55626564367774,51.3965129302085],[-1.55621757576788,51.3964299338416],[-1.55620051739975,51.3963954306956],[-1.5561848972803,51.3963608430728],[-1.55585525160647,51.3958321361138],[-1.55584106665589,51.3957978236379],[-1.55364775899932,51.3949715123417],[-1.55343261684642,51.3948061434938],[-1.5510050470368,51.3947493979957],[-1.55070552853396,51.3947467223845],[-1.55024791156819,51.3947283336526],[-1.55008982622302,51.3947259289803],[-1.54983096850708,51.3947249357063],[-1.54959120037446,51.3947267127081],[-1.54872600662091,51.3930244780904],[-1.54719034411039,51.3932695200215],[-1.5471193598959,51.3932603440635],[-1.54729429800314,51.3911711012734],[-1.54645170938311,51.3906488839363],[-1.54645493527728,51.3906133787963],[-1.54645857033194,51.3905437963106],[-1.54264853716359,51.3904455558542],[-1.54260653246696,51.3904493484291],[-1.54246338992079,51.3902473736534],[-1.54240111573057,51.3901509183754],[-1.54072486090395,51.3890933135327],[-1.54059488713777,51.389055578362],[-1.53897605522234,51.3885837196216],[-1.53893670851087,51.3885663006604],[-1.53887791039865,51.3885395436399],[-1.53864016354852,51.3884579070695],[-1.53834342851933,51.3884255826772],[-1.53802148027489,51.3883852903763],[-1.53786316818107,51.3883505876533],[-1.53776737227512,51.3883301583686],[-1.53770352665824,51.3883194761984],[-1.53825786646535,51.3855208908492],[-1.5382754439315,51.3854878701875],[-1.5355879218369,51.3841044769486],[-1.53555267038118,51.3841230403109],[-1.5346672062573,51.3842758074351],[-1.5346017052638,51.3842872366975],[-1.53393981547868,51.3840462781867],[-1.53385375536291,51.3839456321681],[-1.53379082484631,51.383859779722],[-1.5328498887582,51.383194684462],[-1.53274371102305,51.3831789750697],[-1.53265411084811,51.3831299720429],[-1.53253987782586,51.3830868952102],[-1.53244969473625,51.3830528161206],[-1.53234818599881,51.3830020568999],[-1.53182146939854,51.3827264226626],[-1.53166852494092,51.3826468633579],[-1.53153723771798,51.3825573195889],[-1.53150739320332,51.3825248297274],[-1.53131616984301,51.3823945828878],[-1.53123613475465,51.3823520012102],[-1.52944974465879,51.3816887985386],[-1.52942843123489,51.381665334216],[-1.52897220615224,51.3814548910382],[-1.52827173796775,51.3809620190354],[-1.52782268013873,51.380614924436],[-1.5272112878306,51.3801535165647],[-1.52691561701244,51.3799264486125],[-1.52696277132873,51.3799101839255],[-1.52773726495139,51.3795189262217],[-1.52780784403519,51.379474341423],[-1.52810460490898,51.3792885068367],[-1.52814255235034,51.3792731937005],[-1.52797008776923,51.37899788871],[-1.52784725377238,51.3789263584156],[-1.52776156404501,51.378875658889],[-1.52745400416133,51.3787431383554],[-1.52733075453929,51.3787120690651],[-1.52686254508004,51.3785528225598],[-1.5267824372675,51.3785183301393],[-1.52674882855341,51.3785030881403],[-1.52661540297285,51.3784696391212],[-1.52608775757435,51.3784033946546],[-1.52600005715246,51.3783945876225],[-1.51700899903189,51.3787886729],[-1.51690141979573,51.3787711449644],[-1.51577043172461,51.3776184894019],[-1.51570941149021,51.3776142808257],[-1.51563196608607,51.3776075765303],[-1.51546230095319,51.3775873322471],[-1.51340538103072,51.3720449738391],[-1.49544914388954,51.3696644478365],[-1.49911871681922,51.3551430229004],[-1.49874800806877,51.3550160908865],[-1.49407712768105,51.3524065371697],[-1.49401147902198,51.3523825151391],[-1.49391452166479,51.3523588074245],[-1.49383660784673,51.3523531656338],[-1.49375020131428,51.3523363371827],[-1.49370582462857,51.3523236467271],[-1.4917124929614,51.3522189824983],[-1.49165252503676,51.3522137767867],[-1.48781485429698,51.3497479500817],[-1.48694830157031,51.349474762987],[-1.48680847174159,51.3494312307155],[-1.498298923396,51.3293760922954],[-1.51628154811362,51.3393553048564],[-1.52750728243899,51.3384659569216],[-1.53356185391502,51.3162235794285],[-1.52775751374727,51.3128895620923],[-1.52595805280993,51.3060888512313],[-1.52802242176449,51.299808201637],[-1.5195537995102,51.2962417889219],[-1.52414658181275,51.2931609683434],[-1.52280740170925,51.2870580073228],[-1.53451117504177,51.2870924673936],[-1.54258390871829,51.2812507350614],[-1.53591642777953,51.2773039808653],[-1.54051263214595,51.2608334786388],[-1.53056978423279,51.262616788609],[-1.52982022728447,51.2605141190568],[-1.53595523193576,51.2486187191619],[-1.54426628025323,51.2450535778054],[-1.54832920079631,51.247510459589],[-1.57757201593558,51.2555795581159],[-1.60018632725542,51.2535243103417],[-1.60022661967832,51.2514380690411],[-1.60759078945477,51.2527924061638],[-1.61039319584532,51.2429796318858],[-1.61933558949838,51.2412178205934],[-1.63362097701599,51.2175905577841],[-1.65349635758962,51.2204676453189],[-1.66677152902693,51.2174443201397],[-1.68978806224739,51.2147685862798],[-1.69094296659371,51.2094950391057],[-1.69279238690395,51.2030498037815],[-1.66882042147437,51.1907592185769],[-1.66945180584535,51.184806812074],[-1.67236777184947,51.1785439063109],[-1.65704022775114,51.1593063778637],[-1.65461235514815,51.1519949630082],[-1.66297542061049,51.1271919933478],[-1.64065952476035,51.1254125340399],[-1.6263412733448,51.1173368726114],[-1.63079543039735,51.1128864833621],[-1.62710192526472,51.1027573341416],[-1.63731080993168,51.0921654713324],[-1.63409067492468,51.0854643007531],[-1.62780726975054,51.0781558152831],[-1.63496031495275,51.0408872621548],[-1.63237574994688,51.032779708019],[-1.61945709662409,51.0330594495547],[-1.60058342660973,51.0221750481415],[-1.6053674272659,51.0172581013493],[-1.59752363475861,51.0080554075024],[-1.60501407788256,51.0070055000826],[-1.60908820129309,51.0098131491787],[-1.61493013918541,51.0066564109872],[-1.60607793189018,51.0018978050281],[-1.61723097131332,51.0041820413101],[-1.62880469880737,50.9990945293125],[-1.62521299074386,50.9903307344927],[-1.61895853606211,50.9874001051109],[-1.61973084457042,50.9830349737378],[-1.61442566755805,50.9794812137995],[-1.60292975190204,50.9785041787189],[-1.61975086537986,50.9585669216435],[-1.6233992105681,50.954637271241],[-1.63496498191182,50.9592422023824],[-1.64637611512953,50.9494654489152],[-1.66165999760679,50.9452778916326],[-1.67688169474342,50.9496669661644],[-1.69765138187314,50.9604324307577],[-1.71957103083064,50.9767862616202],[-1.74710160601678,50.9779412043934],[-1.80031396441254,50.9913947995553],[-1.80758352883346,50.9920455127531],[-1.81542176154033,50.9859226497394],[-1.83581261899271,51.0094222619758],[-1.85280422195812,51.0050277115547],[-1.87398355229609,50.9844410360503],[-1.87423696403635,50.9876839781024],[-1.87448162937032,51.0063305721162],[-1.88674132171074,50.9995277353679],[-1.92787590068259,50.9976972344344],[-1.94993597428249,50.9823105862036],[-1.95683008078171,50.9898002876488],[-1.96533372970933,50.9920295090997],[-1.98526594366025,50.9847136656343],[-1.99383003479632,50.9757710651012],[-2.03720818978598,50.9719698379577],[-2.04122533417257,50.968067688471],[-2.05832769273258,50.9636432468432],[-2.06728311124988,50.951820489223],[-2.0828636408361,50.9513383638335],[-2.10286096073371,50.9456077467533],[-2.11052117612026,50.9554887150899],[-2.11946160180189,50.9596801913158],[-2.12065165846279,50.9694078085271],[-2.11976435895004,50.9781906477164],[-2.1324554109471,50.9800364846397],[-2.15632357494904,50.9909837054979],[-2.1563023033337,50.9910160963727],[-2.17179853954315,51.001000884123],[-2.17810131427413,51.0082607625692],[-2.17638826673499,51.012817986874],[-2.18860376740816,51.0185323069933],[-2.18883642272575,51.0252698627898],[-2.19320866066048,51.0377123700344],[-2.20532289406916,51.0427938357508],[-2.21799337719909,51.0551783313272],[-2.22791083731079,51.0603919715376],[-2.22889164787777,51.0607847859319],[-2.24468900566554,51.0723104083819],[-2.26862013866279,51.0687409074173],[-2.29126928580832,51.0770754744119],[-2.32586314227273,51.0796783386233],[-2.32914039662606,51.0852585336848],[-2.34705123241377,51.0882362557167],[-2.36252944244235,51.1016236717414],[-2.3645276284756,51.1188788391385],[-2.34453924740452,51.1246781592988],[-2.34630465392582,51.1305106822478],[-2.34585866968418,51.1333687931432],[-2.33217403500786,51.1379835743597],[-2.33228701782695,51.1449576115235],[-2.31008908661748,51.16842330337],[-2.29846468216909,51.1753224433337],[-2.28456029034064,51.1972534292489],[-2.26666588045607,51.2155785665525],[-2.26975854518045,51.2188933172786],[-2.26332437295175,51.2326050873241],[-2.25286114000551,51.247351640182],[-2.24534123488723,51.2538761361828],[-2.24958324766784,51.2589664647533],[-2.24443053733742,51.2631190838808],[-2.25349723752292,51.2898347400343],[-2.26528664579718,51.2928586708875],[-2.26547401276139,51.2962401559072],[-2.27997259712106,51.2922300157612],[-2.2782777031628,51.3024480657267],[-2.28512005576167,51.3095280429277],[-2.27195450640093,51.3142540530138],[-2.27551931229617,51.3186804946257],[-2.2723312776516,51.3184999903077],[-2.27309487103777,51.3228790451051],[-2.27774724630575,51.3257041230591],[-2.28909082429693,51.3252720476245],[-2.28843893324608,51.3297714366215],[-2.30092693165784,51.3332225310719],[-2.29444044215702,51.337262795677],[-2.29640906948892,51.3426619841087],[-2.30852823689829,51.3397505202506],[-2.32404765810054,51.3477599059188],[-2.34427966508052,51.3454011895442],[-2.33742937721836,51.3514294507557],[-2.32298311899921,51.3566566149795],[-2.31021466517647,51.3575345967534],[-2.3105912908797,51.3616203688322],[-2.31040787639415,51.3618861265659],[-2.30751872210451,51.3649968269988],[-2.29979808631897,51.3621376984378],[-2.29028857269608,51.372620964875],[-2.29749398279954,51.3849189165714],[-2.29677120736379,51.3949223766489],[-2.2820804014425,51.3970880947297],[-2.28186387733418,51.3972012171077],[-2.28191115864131,51.3972104102944],[-2.29080374096335,51.4057164977673],[-2.27854748377854,51.4159104706364],[-2.28488500384064,51.4234873033745],[-2.29535024778849,51.4262523417697],[-2.29461584331874,51.4288015351682],[-2.28512472635348,51.4578448513901],[-2.2852608786029,51.4579266111892],[-2.29574294629382,51.458590038425],[-2.28885097878328,51.4781497835667],[-2.29055781500036,51.4868576144909],[-2.31142293570328,51.4873730696501],[-2.32432448172805,51.4975094719001],[-2.29745267557207,51.506214554438],[-2.29638487659129,51.5097456481751],[-2.27756324751315,51.516861848027],[-2.26371915728532,51.5185590930405],[-2.25240978443968,51.5268896664633],[-2.26651322011075,51.536255296381],[-2.26172185239436,51.5447409824896],[-2.2683685485945,51.5496919139984],[-2.2687492274442,51.5596856037209],[-2.26028641253826,51.5698801480534],[-2.27399237600914,51.5723593372891],[-2.27255905245869,51.5775903264934],[-2.26745328375231,51.5827174693015],[-2.24511651561049,51.58140947309],[-2.24186688776213,51.5921071668252],[-2.22294437516111,51.5961100242327],[-2.21081330802621,51.6029597857386],[-2.20595427860883,51.6012941565196],[-2.20655236834298,51.5959494443215],[-2.1924428757715,51.5958134931806],[-2.19001237832702,51.5925031486904],[-2.18106244530722,51.5965078063854],[-2.18277554131831,51.5992296011579],[-2.15253791543564,51.5903416230622],[-2.10809692043985,51.6309186576746],[-2.07341140682766,51.6594989658937],[-2.05717380115619,51.6724431312967],[-2.01510144317502,51.6503682385629],[-2.00310875372608,51.6490314233674],[-1.99531096059941,51.6513768284528],[-1.98483826883352,51.6431605886503],[-1.97646853234765,51.6432529593496],[-1.97719872120297,51.6379297414434],[-1.96864421271599,51.639951344159],[-1.95225949700391,51.636865263557],[-1.9629675452052,51.6586868807649],[-1.95794641933528,51.6596764341427],[-1.95222068296536,51.6678291850785],[-1.94205954029405,51.670416870644],[-1.93111349025791,51.6629760667442],[-1.92090498005307,51.6572437735704],[-1.90390253495955,51.6560279472909],[-1.88839733772518,51.6488587609396],[-1.87632568520428,51.6530852266451],[-1.88735195230874,51.6600826832202],[-1.89901313594195,51.6796865082518],[-1.89328914846433,51.6769391160503],[-1.87388368376944,51.6825898302259],[-1.85048414193447,51.6562848035479],[-1.83447111005641,51.6575203015536],[-1.81528462477523,51.6635440863429],[-1.82328624616454,51.6735430348114],[-1.81248134528336,51.6863091979302],[-1.81939844031575,51.6943341914686],[-1.81851428971195,51.7023354455325],[-1.81194238645542,51.7031457121143]]]},"properties":{"FID":38,"PFA23CD":"E23000038","PFA23NM":"Wiltshire","BNG_E":405213,"BNG_N":158862,"LONG":-1.92655,"LAT":51.32882,"GlobalID":"6e3a743b-dce3-429c-9421-d652c1748f33"}},{"type":"Feature","id":39,"geometry":{"type":"MultiPolygon","coordinates":[[[[-1.98710789633152,50.67927044206],[-1.99062962587833,50.6770585015678],[-1.99670385300853,50.6799707409596],[-1.99385719258704,50.6828744377405],[-1.99534499823341,50.6806280761465],[-1.98710789633152,50.67927044206]]],[[[-1.98004646465949,50.683523014188],[-1.98898983403101,50.6816735036745],[-1.99114078983005,50.6841503540855],[-1.98615957148271,50.6846588864325],[-1.98004646465949,50.683523014188]]],[[[-2.01223417679183,50.6879656398759],[-2.01738002416466,50.6844262740981],[-2.02200499976065,50.69394884695],[-2.01867644562559,50.6940691361971],[-2.01460775667783,50.6908943695936],[-2.0178461803559,50.6892823716222],[-2.01223417679183,50.6879656398759]]],[[[-1.95676426465836,50.6882194326631],[-1.96664723483653,50.6859154206755],[-1.98354573892022,50.6870749195882],[-1.98808847416946,50.6924532814542],[-1.97416887426422,50.6972277229473],[-1.95815544518318,50.6949304217082],[-1.95676426465836,50.6882194326631]]],[[[-2.29126928580832,51.0770754744119],[-2.26862013866279,51.0687409074173],[-2.24468900566554,51.0723104083819],[-2.22889164787777,51.0607847859319],[-2.22791083731079,51.0603919715376],[-2.21799337719909,51.0551783313272],[-2.20532289406916,51.0427938357508],[-2.19320866066048,51.0377123700344],[-2.18883642272575,51.0252698627898],[-2.18860376740816,51.0185323069933],[-2.17638826673499,51.012817986874],[-2.17810131427413,51.0082607625692],[-2.17179853954315,51.001000884123],[-2.1563023033337,50.9910160963727],[-2.15632357494904,50.9909837054979],[-2.1324554109471,50.9800364846397],[-2.11976435895004,50.9781906477164],[-2.12065165846279,50.9694078085271],[-2.11946160180189,50.9596801913158],[-2.11052117612026,50.9554887150899],[-2.10286096073371,50.9456077467533],[-2.0828636408361,50.9513383638335],[-2.06728311124988,50.951820489223],[-2.05832769273258,50.9636432468432],[-2.04122533417257,50.968067688471],[-2.03720818978598,50.9719698379577],[-1.99383003479632,50.9757710651012],[-1.98526594366025,50.9847136656343],[-1.96533372970933,50.9920295090997],[-1.95683008078171,50.9898002876488],[-1.95546558071481,50.9782663317828],[-1.94482964651933,50.9757484465456],[-1.93921993599609,50.9696570530922],[-1.92988882607699,50.967795802808],[-1.92098608590854,50.9614955072735],[-1.9091834909372,50.9453266220774],[-1.8788026287397,50.9243256364139],[-1.87364432144964,50.9172258888636],[-1.86348818582137,50.9193888367659],[-1.85418452824258,50.9275113382312],[-1.84184002606343,50.9316803733843],[-1.82630054372418,50.9268698026976],[-1.81278395456333,50.9275197506395],[-1.82040716507336,50.9121059188026],[-1.8165419268142,50.9039481448891],[-1.82495317235721,50.8957706140675],[-1.83986988005767,50.8978900114317],[-1.84855553218411,50.8898873561065],[-1.84404328098034,50.8868294002315],[-1.84797723552525,50.8823391331597],[-1.84783218206065,50.8696864618405],[-1.85353926230969,50.8665050121757],[-1.85094373356272,50.8587249568276],[-1.82951847980606,50.8553189306476],[-1.81483262735636,50.858701170704],[-1.81279020218292,50.864572785551],[-1.80802778450622,50.8644598688691],[-1.80549765664633,50.8519909457727],[-1.79994285659937,50.8484492024429],[-1.80335858531726,50.8444766238506],[-1.79061492044422,50.8363141185068],[-1.79665510382449,50.8332214416555],[-1.79443681480999,50.8310295978743],[-1.8036350079783,50.8300239589019],[-1.80175630048349,50.8209758293368],[-1.80727369861198,50.8162998772227],[-1.80287359929401,50.8135120023341],[-1.81183215095162,50.808730056342],[-1.80973550034025,50.8049568620598],[-1.80137345969877,50.7997145033997],[-1.8039049599245,50.7959652088114],[-1.80086788601507,50.7941183010713],[-1.80596719919514,50.7920207950158],[-1.80096531345132,50.7918846651297],[-1.79752276226219,50.7838364017688],[-1.78786824551276,50.7788551157719],[-1.78827683003831,50.7668695229858],[-1.78342488463905,50.7646492685655],[-1.77606489327831,50.766352846398],[-1.76888155844042,50.7697829474974],[-1.77011733009873,50.7725488311536],[-1.74875861609301,50.7794491584214],[-1.73895962345847,50.7632705325318],[-1.74465615100658,50.7560727428087],[-1.74416871755885,50.7474553878365],[-1.72703528870617,50.7510146057316],[-1.68181880176013,50.751850044785],[-1.68464543168229,50.7438209191953],[-1.69174813705308,50.7372826640369],[-1.692547967083,50.7373528291345],[-1.71795343948768,50.735043454087],[-1.72215175740775,50.7346612648461],[-1.74112706155002,50.7240702672374],[-1.7415042066345,50.7238992076345],[-1.74235694252529,50.7237191492197],[-1.74342764381778,50.7282605745807],[-1.75416738664181,50.7274077460852],[-1.75708723392253,50.7301799897126],[-1.7575237039338,50.7235676671496],[-1.76199597926117,50.725288175522],[-1.76029137322098,50.7228341653274],[-1.76433348122147,50.723328893263],[-1.76569328486683,50.7288982331615],[-1.77056819447297,50.7302989612946],[-1.76948369906457,50.7277073350751],[-1.76947331680195,50.7276825216531],[-1.76699749372796,50.7217650247348],[-1.76087326995483,50.7201159542266],[-1.76570925352408,50.7198622336413],[-1.76342930490591,50.7186050078956],[-1.747051486984,50.718034715299],[-1.75011579864097,50.7174324945357],[-1.74602993583266,50.7154813121436],[-1.74269078748914,50.7215314695368],[-1.74110091120498,50.7232608929741],[-1.74446059842513,50.7154551280261],[-1.74884156008202,50.7110424135805],[-1.76682686149852,50.7161068864555],[-1.76862271729031,50.7162967178389],[-1.76927729366597,50.7164718894633],[-1.80256454272012,50.719990427057],[-1.80918698243759,50.7206892224593],[-1.81635900086924,50.7207850410591],[-1.83103784492116,50.7203164130233],[-1.83787868115578,50.7200973825489],[-1.84380058576083,50.7194561194011],[-1.84418563568598,50.7194200904946],[-1.8648799878008,50.717481787038],[-1.86518879585138,50.7174528341996],[-1.87619586403308,50.7154370952176],[-1.87925439854258,50.7146931617203],[-1.90089939925553,50.7094254320018],[-1.90236807493104,50.708773347189],[-1.92054203681289,50.700701273639],[-1.9478094101184,50.6826768805077],[-1.9512774575054,50.6866155081124],[-1.9400074216236,50.6890973367865],[-1.93212740370537,50.6961467443308],[-1.94736876466497,50.7067061965733],[-1.95080281494809,50.7044870892472],[-1.95137583171339,50.7041234364031],[-1.95146331653753,50.7040679154469],[-1.95124010076533,50.7043073799971],[-1.94813836540867,50.7074250592621],[-1.95009202293337,50.705863202318],[-1.95231123573963,50.7040888806312],[-1.95319527899825,50.707903098341],[-1.94965270213855,50.7071451811991],[-1.94896250538668,50.707548700426],[-1.94873039730723,50.7101511235031],[-1.94875157952421,50.7101845548958],[-1.94931345454125,50.7112114641653],[-1.94950098311628,50.7112907245746],[-1.95024424407263,50.7114934525805],[-1.95381654479714,50.7083232945018],[-1.96038207758796,50.7119320259489],[-1.95759451413208,50.7152483339452],[-1.96308080383804,50.7157321080863],[-1.97268419341131,50.7104223997238],[-1.99190921550623,50.7124649127161],[-1.98958624706885,50.7188337420251],[-1.98455268530886,50.720306088703],[-1.99225439454616,50.7234067414431],[-1.99232919933465,50.7295307423668],[-1.9989100688029,50.7299087330144],[-2.00135848863344,50.7298050100733],[-2.0050654877711,50.7296478046067],[-2.00135849512244,50.7299577234405],[-1.99924301869114,50.7301344917174],[-1.99195304237092,50.7297869811401],[-1.99596095998786,50.7374884880633],[-2.00135874650887,50.7358933369805],[-2.01033104432467,50.7332409057254],[-2.01051426899443,50.7326965546347],[-2.0118135138978,50.7288361816014],[-2.00552557647054,50.7296010750612],[-2.01140062300153,50.7265844527197],[-2.0072961515772,50.7268509888263],[-2.00316120592022,50.7177461732301],[-2.00135796307638,50.7177464104608],[-1.99378935857664,50.7177468827813],[-1.99456467876081,50.7131714203245],[-1.99319330063883,50.712230596654],[-1.98785303591065,50.710214952299],[-1.98684386519538,50.7098340003593],[-1.98681714250609,50.7097053751706],[-1.98650393151947,50.7081976608028],[-1.9965833991353,50.7072929394319],[-2.00024580232654,50.7107822374518],[-2.00135761900601,50.7107401767465],[-2.01056077280389,50.7103913252628],[-2.04022710741169,50.7190633092175],[-2.03504398861547,50.7228132324549],[-2.03635861400797,50.7252755673914],[-2.03676641316315,50.726039334268],[-2.02686934975375,50.7293263023408],[-2.03518816931244,50.7278796817569],[-2.0347874318929,50.7301307651797],[-2.04257054885649,50.7319005599083],[-2.0499634100888,50.7262745982524],[-2.04999464817064,50.7262508228743],[-2.04946527822753,50.7256908636848],[-2.04747806339634,50.7238041750075],[-2.04593145931004,50.7261276852904],[-2.04214009681879,50.72447271509],[-2.04242122520714,50.7238022094703],[-2.04414728140624,50.7196850417728],[-2.04077910673203,50.7199855453989],[-2.0469427551451,50.7175112257573],[-2.04162630761674,50.7140313032106],[-2.05560360229709,50.7178023103075],[-2.06290249092498,50.7165404624021],[-2.07085857509563,50.7099135676079],[-2.07134514224695,50.7076470784731],[-2.05763246363065,50.7056197137789],[-2.07216256498224,50.705044061278],[-2.07105417883749,50.6979179027715],[-2.08321695539036,50.6933009071103],[-2.07938921330364,50.6943791958545],[-2.07841551537164,50.6887170601655],[-2.08423845320731,50.6905771897885],[-2.08119723467529,50.6862807533317],[-2.06572311975732,50.6867204675315],[-2.05452015138048,50.699802833566],[-2.0430183313153,50.7030236269469],[-2.0398754054458,50.7071578736399],[-2.02624887114515,50.7074353384961],[-2.01808342163337,50.701574645515],[-2.03320283190619,50.7021141727165],[-2.02917923490779,50.7011818959708],[-2.03028242951334,50.6970557053115],[-2.02605662255407,50.698216871293],[-2.02399668090646,50.690673264326],[-2.02786329779625,50.6888719774974],[-2.02445650976953,50.6876362428331],[-2.0368983521882,50.680502381746],[-2.04638811694223,50.6814368002527],[-2.05267156124091,50.6779789827883],[-2.04646638667178,50.6789960985862],[-2.05111742503945,50.6778753624333],[-2.04731336228987,50.6740487785234],[-2.04651929459752,50.6780797212309],[-2.03510252849509,50.6790919868835],[-2.02515846425187,50.6843742592336],[-2.02472109046026,50.6846065449658],[-2.02518930262437,50.684239061565],[-2.02980720060183,50.680614224986],[-2.02690618820669,50.6815052637102],[-2.02659802536249,50.6780594276342],[-2.03269818322415,50.6734224302609],[-2.03015486607401,50.6740273064877],[-2.02945816509605,50.6741929901449],[-2.02881674209937,50.6743455240795],[-2.02487719419422,50.6726053900738],[-2.02725902776199,50.6679636508213],[-2.02279401118179,50.6724377107342],[-2.02600208799139,50.6747158232319],[-2.02320707157072,50.6775995657851],[-2.02102967907273,50.6762312748262],[-2.02206573400334,50.6820953916632],[-2.01144856812292,50.6827705569047],[-2.00399558679415,50.6777997944529],[-2.01296626572092,50.674200146152],[-2.00941841700842,50.6747040701809],[-2.00957605365196,50.6709091257385],[-2.00716549497617,50.6754056989428],[-2.00135592981925,50.6762353586155],[-1.99857355043308,50.6766325904142],[-1.99578429352828,50.6733806834671],[-2.0013556749288,50.6709698061147],[-2.00189198901538,50.6707377048835],[-2.00135564866512,50.6704257769809],[-1.99573233029697,50.667154850184],[-1.99191676934153,50.6727051185359],[-1.97836639693774,50.6769452904709],[-1.98524947183026,50.6699013757219],[-1.98077598558238,50.6638565647221],[-1.97470842811473,50.6651458531892],[-1.97820587676979,50.6592633630798],[-1.97276774428805,50.6642532815651],[-1.96811958846347,50.6604966299168],[-1.9711021926418,50.6694130103393],[-1.96348419121847,50.6704755349481],[-1.96134087344713,50.6748983530975],[-1.95805415916443,50.6723360077091],[-1.94982786014496,50.6801175400248],[-1.94201167401933,50.6732944703837],[-1.94177233292476,50.6729903824874],[-1.95229801001409,50.6564190250501],[-1.95131677494268,50.6528469110177],[-1.95184316555674,50.6500707299757],[-1.95018329319614,50.6487199658373],[-1.94939373939346,50.6458448183267],[-1.94082790755989,50.6406895887111],[-1.92375945775831,50.6420339891584],[-1.93096305140739,50.6333601735635],[-1.93316107638848,50.6309104902458],[-1.93625235148917,50.6303522321646],[-1.94379334392265,50.6291697797534],[-1.95372453235678,50.619686184491],[-1.9569925773645,50.6165608027923],[-1.95687422161285,50.6162934677178],[-1.95719095749694,50.6159872565173],[-1.95556577276682,50.6082958756976],[-1.95327604312428,50.608164800678],[-1.95300998424176,50.607563632463],[-1.94409002078993,50.6074581457996],[-1.94591083577559,50.6060775326367],[-1.95089028735692,50.6036961199457],[-1.95091958991871,50.6022791273214],[-1.95259119415066,50.6010112714801],[-1.95132317428598,50.5944867089763],[-1.96095414372905,50.5909949618938],[-1.98813024475209,50.5909117904319],[-2.02634590356957,50.5890017803394],[-2.02659905398048,50.588884551933],[-2.0396372380934,50.5801739517557],[-2.0452054702801,50.5788621705246],[-2.0553532610983,50.5765584077744],[-2.06187663566491,50.5813170089895],[-2.06336423178075,50.5931833746926],[-2.06425172786426,50.593100824726],[-2.06435818690159,50.5936491717179],[-2.06828463255363,50.5927256209788],[-2.07290611017534,50.5922954786002],[-2.07598208366706,50.5946381369438],[-2.07664918478784,50.5952774552563],[-2.07671642336746,50.5952630108767],[-2.07703076504197,50.5954367386274],[-2.09288834530182,50.596505163611],[-2.09838489581834,50.5981245848557],[-2.10221163764125,50.5971323527487],[-2.10304356925181,50.5971882748603],[-2.12724571028067,50.6042669687938],[-2.13255837325925,50.6104529929015],[-2.13345659528205,50.6122810066099],[-2.13398155500058,50.6121098516802],[-2.13441579481619,50.6126153635384],[-2.14603487208705,50.6084933353132],[-2.14743780917319,50.6093202093888],[-2.1473571487792,50.6105241271904],[-2.14950466035989,50.6105383111628],[-2.15777257274533,50.6154100067058],[-2.18032889796215,50.6149829682452],[-2.18744507083764,50.6149163508883],[-2.18482578439966,50.6182104075363],[-2.18515930571548,50.6183953442744],[-2.18513463583148,50.6184280932072],[-2.1877844042799,50.6194673973826],[-2.18796397925824,50.6195436861953],[-2.19306800106179,50.6217118150679],[-2.19310295647943,50.6217266616421],[-2.20720616949285,50.6223474813413],[-2.22040504508313,50.6201550600027],[-2.22068933994694,50.6199536621571],[-2.22076538353235,50.6199407175503],[-2.22078513172991,50.6198111053219],[-2.22114512823358,50.6194853247958],[-2.22421792189496,50.6167043116726],[-2.23806976196777,50.6160651028792],[-2.2459524867758,50.6166479171411],[-2.24604332648209,50.6193448121679],[-2.24636165379988,50.6191331855655],[-2.24639251348996,50.6193795182114],[-2.24752550690508,50.6183594223546],[-2.24953244497576,50.6170250503547],[-2.25894572928625,50.6190244129967],[-2.26065361088392,50.6194038302299],[-2.27307138505907,50.6221615845375],[-2.28408795295836,50.6228275508919],[-2.32422107911316,50.6252511108404],[-2.3387413069399,50.631984761855],[-2.36564621584343,50.6309770883632],[-2.39361565997597,50.6366773664091],[-2.39447813505477,50.636550230395],[-2.39473639292615,50.6366025360449],[-2.39852319907529,50.6359538598628],[-2.41116505616438,50.6341141450762],[-2.41124436115413,50.6341257357451],[-2.42336640411731,50.6358967202074],[-2.44092514277912,50.6266582388295],[-2.44386857348169,50.6241968686119],[-2.44405107510572,50.6239608085445],[-2.4480141451832,50.6188340494879],[-2.45257047745202,50.6129382342591],[-2.45046285487011,50.6086306532973],[-2.44384345160686,50.6090231626612],[-2.44380052435751,50.6090146398394],[-2.45074656273898,50.6044630073708],[-2.45073137325095,50.6042348889259],[-2.45081476180996,50.6042071559231],[-2.44958088925018,50.602093360567],[-2.44947270466472,50.6019054747037],[-2.44943919736782,50.6018506083632],[-2.4399098890416,50.5987153582084],[-2.43343615910021,50.5965255769843],[-2.43631576866582,50.5973123207524],[-2.44986935612726,50.6012432523804],[-2.4501944250104,50.6011027488646],[-2.4522018663959,50.5999887031765],[-2.46479899393446,50.5932113347169],[-2.46622619671967,50.5918161348064],[-2.47134348957411,50.5846514529303],[-2.47240168316337,50.5845239007629],[-2.4878016852208,50.5911046358528],[-2.498853708766,50.5974229929206],[-2.49569810090449,50.6028558565277],[-2.50139023881387,50.6068577097223],[-2.5067918842434,50.6061165816184],[-2.5083818440201,50.6112223147002],[-2.51153418936816,50.6106074868138],[-2.51363667229913,50.6101973635421],[-2.51749165634176,50.6178577972011],[-2.53168607861517,50.6174654639395],[-2.53334650822574,50.6184738615025],[-2.5455685179787,50.6258943418863],[-2.54884797415127,50.6248851482577],[-2.55186643539135,50.627429419764],[-2.54676526038894,50.6276684794264],[-2.5452841781843,50.6308877321338],[-2.55805549075413,50.6308343407125],[-2.56049586822828,50.6391465597955],[-2.56700387285589,50.638090478692],[-2.57025846980974,50.6375621889033],[-2.59844616891511,50.6491232947873],[-2.59822095003597,50.6539986722266],[-2.61145256570102,50.6540468041876],[-2.56691819973587,50.6309777057935],[-2.54272780372315,50.6184302027338],[-2.51676475231603,50.6049501301777],[-2.50258207893114,50.5975807300637],[-2.4699438170759,50.5781327193252],[-2.46952607904143,50.5824275895456],[-2.46160362760313,50.5724644348615],[-2.46059593843725,50.5710611768796],[-2.46053034550992,50.5710467833476],[-2.44594463552729,50.568297142663],[-2.44374030297137,50.5687825837889],[-2.441894603885,50.5685329151275],[-2.44102485148575,50.569380513502],[-2.43894316980154,50.5698388367004],[-2.43919518936263,50.56936687512],[-2.43269420692928,50.5711925433321],[-2.43869958825597,50.5693704979422],[-2.43663794118654,50.5687110836372],[-2.4374044069385,50.5682968101778],[-2.43568451900889,50.5684061143024],[-2.43333926949784,50.5676558930482],[-2.42243385201977,50.5692189355418],[-2.42863588225113,50.5670393032524],[-2.42791412884526,50.566298561267],[-2.4283771063158,50.5660591314972],[-2.41985228721061,50.5557960436282],[-2.41567517095136,50.5491850657224],[-2.41820961398214,50.5427316362226],[-2.42956852919961,50.5359959830111],[-2.43120052357666,50.5340756596096],[-2.43714167624136,50.5301835586801],[-2.4424103224134,50.5208805576971],[-2.44276915999556,50.5204580286842],[-2.44381829723276,50.519899406281],[-2.4572586209349,50.513387049973],[-2.45844321400889,50.5150151055551],[-2.45894769745463,50.5163854637788],[-2.45764045943431,50.5219489602937],[-2.45566832991544,50.5255144293779],[-2.45589779475659,50.5293635544304],[-2.45366447569657,50.5388623614846],[-2.45641134328987,50.5424577818374],[-2.44965126587861,50.5556730745404],[-2.44981807173355,50.5562690904498],[-2.44856514729884,50.5588886264817],[-2.44876210505181,50.5590218129648],[-2.44870660319066,50.5591416807916],[-2.4510669552886,50.5607310035833],[-2.45149861175842,50.5622729953779],[-2.50400145774758,50.5965531531162],[-2.50854204588974,50.5989780474888],[-2.51749288201308,50.6041624668666],[-2.53188923453721,50.61143982925],[-2.54497528904611,50.6184196860407],[-2.56690774271143,50.6301100784474],[-2.59087244179783,50.6428722751303],[-2.6170260438203,50.6543938739751],[-2.62549444869254,50.6586587115603],[-2.63334410619887,50.6615767102493],[-2.65255110326318,50.6700254260414],[-2.76024908907227,50.7088621038092],[-2.76307061327601,50.7097519059796],[-2.76171464070388,50.7112665534135],[-2.7632813807675,50.7098183505749],[-2.77680226264135,50.7140796011372],[-2.77917780784563,50.7144579528962],[-2.77970224546285,50.7146673149754],[-2.78824148040464,50.7159010181152],[-2.79884298479139,50.7175879418107],[-2.83119103156659,50.722728624204],[-2.83385072828841,50.7234826726242],[-2.83495854752569,50.723326672448],[-2.85142186961313,50.7259385691504],[-2.89445578432034,50.7327538265181],[-2.89478578847851,50.7327422484131],[-2.92089930437522,50.7318231179364],[-2.92486895326067,50.7295608087597],[-2.92741933452239,50.7286777884563],[-2.92749843450687,50.7280620684759],[-2.93710253200577,50.7225866751842],[-2.93826289023484,50.7192588277296],[-2.93420530173804,50.7191113113275],[-2.94739275942927,50.7182876280686],[-2.9530673537135,50.7284970676818],[-2.93786246829322,50.7440966722523],[-2.9405724367833,50.7498925553938],[-2.93513871049183,50.7541946406436],[-2.95208886972491,50.7613560689036],[-2.95259126928183,50.7613816310053],[-2.95262892249,50.7616987762374],[-2.95433354829791,50.7677102240463],[-2.94095509837945,50.7774513727518],[-2.92965284923324,50.782432514019],[-2.89745642511434,50.7861399103673],[-2.88703944680701,50.7925228181602],[-2.88702921912511,50.7961776981738],[-2.89286786692339,50.8047942398505],[-2.91855633938116,50.8056305532502],[-2.93840199722837,50.8098348895522],[-2.94796101685793,50.8154257479701],[-2.96130299095557,50.8155547830265],[-2.95432229557041,50.8211655664244],[-2.9541148335957,50.821008044732],[-2.9473407654928,50.8237394651437],[-2.94168981624245,50.8358829576234],[-2.93433265871813,50.8364848023812],[-2.93012271487112,50.8409220174779],[-2.91647889977583,50.841765902415],[-2.88626243086946,50.8505400075098],[-2.87923502166908,50.846374875263],[-2.87705173151232,50.8493203822699],[-2.86679114458052,50.8492560482892],[-2.84520454300503,50.8516127976634],[-2.84286493428985,50.8473728919321],[-2.82861959719543,50.8487816644589],[-2.82868222706452,50.8520411324324],[-2.82577728799501,50.8508836538844],[-2.80806844592912,50.8636309013749],[-2.80784207175352,50.8586793219471],[-2.78897767388687,50.8534432422457],[-2.78228605255402,50.8596968510288],[-2.76182158128949,50.8607587244342],[-2.75993561184281,50.8659731544673],[-2.75504913665447,50.8668045818438],[-2.7549883370845,50.8667904048978],[-2.75093697991122,50.8638379577204],[-2.72309164653749,50.866190870716],[-2.71541954899364,50.8638882113832],[-2.71441140072303,50.8711611425103],[-2.70709911827722,50.8697285074469],[-2.69571289499728,50.8760072631077],[-2.67888529971152,50.8775226489813],[-2.66066607869173,50.8871431755986],[-2.65036288141666,50.8833323803344],[-2.64706631556146,50.8883587101913],[-2.62791836665158,50.8863087289476],[-2.62408282921632,50.8792871462083],[-2.61553187683303,50.8818991360322],[-2.60954134221856,50.8915262925642],[-2.61489105092517,50.893261207874],[-2.62382845108009,50.9071945768054],[-2.62043406416576,50.9100201688929],[-2.61480514196196,50.9232565734318],[-2.60404000220076,50.9267247015292],[-2.60626758011159,50.9346743315548],[-2.61603537712869,50.9414483982041],[-2.60884652815884,50.9420077882235],[-2.60717446787137,50.9457574331123],[-2.59820027247584,50.9485744868514],[-2.59837803518897,50.9595066922557],[-2.5949101362557,50.9622284537652],[-2.59988267828278,50.9674015709972],[-2.59805739047368,50.9736130259007],[-2.60341773043154,50.9762831782956],[-2.60113972012826,50.9780116716371],[-2.59584521904693,50.9813399691908],[-2.5860233663728,50.9768692881753],[-2.57493896132656,50.9833181535061],[-2.5746303684989,50.9866936804358],[-2.56237140207564,50.9777106351901],[-2.55620702557173,50.9795351566586],[-2.54542343612897,50.9850805001359],[-2.54472450703341,50.9916662467482],[-2.5519243464678,50.9936979865429],[-2.55148994047515,50.9963446816072],[-2.54729137489875,50.9964183936383],[-2.54743511832829,50.999541686375],[-2.53516730738778,50.9993729379038],[-2.53556146341318,50.9940224013147],[-2.52653053195363,50.9919251682209],[-2.51731295965314,50.9946091615884],[-2.5022806378064,50.9937979853188],[-2.48833270145095,50.9757564804733],[-2.49034524922401,50.972772405707],[-2.47457783221309,50.9625077527002],[-2.47474233061772,50.9579515286827],[-2.46681733097456,50.9598107110938],[-2.45864397457283,50.9542883363365],[-2.45866343561368,50.9497470848878],[-2.45248591937577,50.9502737645667],[-2.44347830365998,50.9584626515388],[-2.4471777663599,50.9678502218697],[-2.42799147535897,50.9713867566727],[-2.41492761933618,50.9605834373784],[-2.38354177441284,50.9723591960965],[-2.34455653686763,50.9788293020014],[-2.34385249024576,50.9843805457862],[-2.35494989641456,50.9908965362722],[-2.37775968624669,50.9914131517698],[-2.38175580426671,51.0019465152671],[-2.37565545843126,51.0092770301732],[-2.3780471456702,51.0117143507456],[-2.36914680378366,51.0142759140119],[-2.36067411343568,51.0251749633016],[-2.3300144212501,51.0413445737009],[-2.33316970259521,51.0514788154044],[-2.34010875824919,51.0560628689543],[-2.34448629250846,51.0554826246089],[-2.34925572287764,51.0612432265226],[-2.34998725978621,51.0688819930746],[-2.344457181574,51.0743284404328],[-2.32586314227273,51.0796783386233],[-2.29126928580832,51.0770754744119]]]]},"properties":{"FID":39,"PFA23CD":"E23000039","PFA23NM":"Dorset","BNG_E":375742,"BNG_N":99796,"LONG":-2.34556,"LAT":50.7972,"GlobalID":"98c7f438-4896-4d1e-b3a2-9e3d2b799331"}},{"type":"Feature","id":40,"geometry":{"type":"MultiPolygon","coordinates":[[[[-3.93115929577371,52.5540064371014],[-3.93293144753597,52.5529783098573],[-3.93424100310587,52.5536934767274],[-3.93115929577371,52.5540064371014]]],[[[-3.94167213449333,52.557954035153],[-3.94150656453684,52.5576605823873],[-3.94198424163015,52.5579213597655],[-3.94167213449333,52.557954035153]]],[[[-4.7802232300981,52.7589901376158],[-4.78585254538041,52.7531559107061],[-4.79673505891754,52.7536810416102],[-4.7956058389078,52.7494021260579],[-4.80068963341485,52.7457692971954],[-4.80163796229527,52.7451216716624],[-4.79862133848019,52.7537130837929],[-4.79581851456351,52.75591571123],[-4.79598754168708,52.7612115226438],[-4.79370685273969,52.76770265199],[-4.79145964960161,52.7681465382172],[-4.78046805364216,52.7661958491794],[-4.77990124747184,52.7660162770374],[-4.7802232300981,52.7589901376158]]],[[[-4.46221317290233,52.8064521262051],[-4.46106037023511,52.8041604636114],[-4.46512430419957,52.8054635268662],[-4.46294279091651,52.8072593674878],[-4.46221317290233,52.8064521262051]]],[[[-3.08242434457176,53.2555051740848],[-3.08806306599121,53.2577335711541],[-3.09175424866415,53.2597154966722],[-3.08242434457176,53.2555051740848]]],[[[-3.09580623644781,53.26237833571],[-3.09216577343979,53.2599742410967],[-3.09313917023342,53.2605052758435],[-3.09332364548558,53.2606284986534],[-3.09698249848678,53.2598973527185],[-3.09510070410978,53.2618854487468],[-3.10029761918675,53.2617072445946],[-3.10042654687575,53.2617028205604],[-3.10135434964126,53.2669179025104],[-3.09952850634629,53.2653505364021],[-3.0974437478442,53.2636432007398],[-3.09735539799515,53.2635750270773],[-3.09620524328538,53.2626885588222],[-3.09580623644781,53.26237833571]]],[[[-4.02145480141211,53.3214531273526],[-4.03186392427865,53.3155110909612],[-4.03082367968302,53.3174871092256],[-4.02979396085218,53.3191943291753],[-4.02397309512058,53.3208753884785],[-4.02145480141211,53.3214531273526]]],[[[-4.58367354821708,53.2901846777334],[-4.58372712975557,53.2901893612118],[-4.59585637459346,53.2886897073019],[-4.6018269379321,53.2879324583846],[-4.59719467373135,53.2835990161746],[-4.60868801637136,53.2833937491764],[-4.60542995440038,53.2821460420231],[-4.60997154331875,53.2792971217606],[-4.59794796767847,53.2826618797609],[-4.59209738068893,53.2802411399323],[-4.59712211264356,53.2750084492347],[-4.59368662886799,53.2726969801047],[-4.59244749561492,53.275320690407],[-4.57732476864315,53.272984575542],[-4.57800011027311,53.2668369459122],[-4.58633948922416,53.2634751246025],[-4.56812872346317,53.2664341897968],[-4.56209867096501,53.2641414860852],[-4.56185977408454,53.2640506432866],[-4.56221699754757,53.2639702889143],[-4.57258569250885,53.261637337987],[-4.56170234217487,53.2557311571368],[-4.55868718271718,53.2540944320361],[-4.55891607333721,53.25230566587],[-4.55908381262137,53.2509947149079],[-4.56470622536632,53.2526072750772],[-4.56108562713467,53.2482165525361],[-4.55487611813955,53.247337748902],[-4.55342375004516,53.2471321492889],[-4.554580534724,53.2469742184665],[-4.5782268127821,53.243743177535],[-4.58243013653848,53.2405311038786],[-4.58470062195369,53.2417042972085],[-4.58785531116434,53.2449253391993],[-4.58891688450803,53.2438826050638],[-4.58917586191021,53.2440163924688],[-4.58991900579734,53.2428982144792],[-4.59271972534919,53.2401467537344],[-4.60320170253325,53.2428204863919],[-4.61435974887285,53.2482655581372],[-4.61449881873893,53.2484608259265],[-4.6094554151145,53.2508829365057],[-4.61219875617317,53.2524486547154],[-4.61147551016827,53.2537024603703],[-4.60880170885505,53.2563991467686],[-4.62561748786709,53.2693244027247],[-4.61939742828844,53.2727539743927],[-4.62081152400299,53.2742798591016],[-4.61867731277447,53.2763148908323],[-4.6165321120296,53.2767237241951],[-4.61740885709585,53.2791896874368],[-4.62019250136728,53.2794037551886],[-4.62036033081831,53.2795923509967],[-4.62306785175871,53.279624804332],[-4.63653588396547,53.280659234851],[-4.63799791336739,53.2841525707556],[-4.64002632888367,53.28407330315],[-4.64046437170017,53.2850406010259],[-4.65039582921752,53.2837488269097],[-4.65070888110495,53.2843046165438],[-4.65148071821086,53.2874644991374],[-4.65158670275158,53.2878983554566],[-4.65266215111951,53.2874382034048],[-4.66631948556334,53.2815929522407],[-4.66691159525895,53.2813803594227],[-4.67564977968037,53.2856367340887],[-4.67849932079409,53.2839923649805],[-4.68293057771136,53.2820281014691],[-4.68661030975835,53.2840342029343],[-4.68378153530924,53.2864654579368],[-4.68442476959952,53.2867272740357],[-4.6882946413613,53.2883022868796],[-4.67885335343271,53.2931671484868],[-4.67874299291785,53.2936666634442],[-4.67852167258186,53.2937877900715],[-4.67856544804878,53.294470242167],[-4.67771426474907,53.2983223744132],[-4.67905884831613,53.2985330082516],[-4.67909785342086,53.2988775213738],[-4.68491855127281,53.2994507511686],[-4.69079880247904,53.3003713790697],[-4.69145207364143,53.3012559666556],[-4.69499236854405,53.3066160425341],[-4.6954093824956,53.306613636636],[-4.69543534409501,53.3066487809103],[-4.6961067215617,53.3066660697824],[-4.69671870782879,53.307396706209],[-4.69229141088997,53.3097451513331],[-4.68405358319206,53.3129412815503],[-4.6832897674678,53.3132312682865],[-4.68325668719677,53.3132504078607],[-4.68298450956716,53.3146806044349],[-4.68072991214809,53.3158759400597],[-4.68122098308528,53.3234279034486],[-4.66713368727287,53.3192751249168],[-4.66689688367412,53.319338312334],[-4.6536948634369,53.3228600291025],[-4.65040299298901,53.3215417128879],[-4.64900624793182,53.3207250533856],[-4.64361406580064,53.3249217054517],[-4.64226160282813,53.3253776599721],[-4.6283881941613,53.3257715886613],[-4.62342153598281,53.3286131997037],[-4.62589296741991,53.3270559828162],[-4.62831009861214,53.3256212835132],[-4.64318964900184,53.3249320586593],[-4.64328126019686,53.3248397580126],[-4.64343566238452,53.3248303952406],[-4.64375336642806,53.3243640907618],[-4.64725905764447,53.320831581752],[-4.64686856022874,53.3203141307987],[-4.64813720506392,53.3186718867601],[-4.64546598336048,53.3184554441941],[-4.64481181869302,53.3175884860596],[-4.64400740954283,53.3182681378408],[-4.63017746750641,53.315273981262],[-4.62879903814286,53.3144540780661],[-4.62841706462729,53.3148927113138],[-4.62754417332428,53.3147036471476],[-4.62555031980022,53.3181843790189],[-4.62451559262992,53.3193723402454],[-4.6242242045858,53.3192468399606],[-4.62009395072994,53.3146493836132],[-4.62010394016036,53.314174533757],[-4.62022187077902,53.3141576800097],[-4.62669623607411,53.3141498558876],[-4.62704538369455,53.3136625359866],[-4.62892795661807,53.3135970392556],[-4.62924293252144,53.3128118092746],[-4.63126711037607,53.307764888503],[-4.62082764309244,53.3126839236495],[-4.61117336868832,53.3027877015282],[-4.59753605988832,53.3056886681329],[-4.59710720815224,53.3056999151606],[-4.59099793170849,53.3015358770717],[-4.58646579407553,53.3021675419091],[-4.58898045880671,53.2931980130606],[-4.58367354821708,53.2901846777334]]],[[[-3.08242434457176,53.2555051740848],[-3.07442455878248,53.253707521531],[-3.06111635760503,53.2527195863007],[-3.05062738299724,53.2522960470774],[-3.04867070154157,53.2522094841413],[-3.03606321915262,53.2518064397795],[-3.02590523620471,53.2484562322812],[-3.01642307999594,53.2441217031611],[-3.01218681459194,53.2421603915381],[-3.01223734302269,53.2420817797559],[-2.949510091719,53.21127971505],[-2.94604813610319,53.2067919901173],[-2.94367574127496,53.2040259240106],[-2.94373216295696,53.2040039093116],[-2.93728878837852,53.1976310037921],[-2.93584045306419,53.1966338123697],[-2.92229929317117,53.1892926708204],[-2.92036056770696,53.1828309529495],[-2.92039540005886,53.1825735745483],[-2.92031921283668,53.1794297154091],[-2.9279508326589,53.171557916167],[-2.92784057008542,53.1714106890062],[-2.94030431761433,53.1667416604572],[-2.94480125443191,53.1658595258329],[-2.96268672681295,53.1619765834382],[-2.96299120891791,53.1619030291799],[-2.97092595816805,53.1607823999691],[-2.98149190787267,53.156291906583],[-2.98995676868437,53.157542366361],[-2.99292900752875,53.1532880706437],[-2.98456488845346,53.1477796892233],[-2.97949802680966,53.1506216451438],[-2.96381312518341,53.1327575241621],[-2.94690567901902,53.1272704111146],[-2.94367033475339,53.1216257321628],[-2.92083628700424,53.1184237764425],[-2.91023233565262,53.1126389633283],[-2.89700150898169,53.1139942763899],[-2.88649976236547,53.1213837999082],[-2.88094231782242,53.1213747331969],[-2.88387882843162,53.1113435253937],[-2.89171593461695,53.1093946601088],[-2.89337950720479,53.1041766141599],[-2.88730377718142,53.1044224586068],[-2.893486745639,53.0962418988307],[-2.89781982506262,53.0964151777377],[-2.89483798746909,53.0988144087114],[-2.8993999877082,53.0979251298912],[-2.90094374755769,53.0908335333307],[-2.89357617271463,53.0915524651516],[-2.89105116344755,53.0875109717907],[-2.87572225442175,53.081522027628],[-2.88175073390281,53.0745944781085],[-2.8753627035755,53.0733013676065],[-2.87765277501084,53.0689202201566],[-2.86935778825608,53.0697442536241],[-2.86550863241197,53.0660210930051],[-2.87043378383573,53.0641918731755],[-2.86151314240195,53.0607743450991],[-2.87256273722493,53.0587080446341],[-2.86095963670318,53.0576455767147],[-2.86709331211026,53.0567407403889],[-2.85923562405487,53.0541647951744],[-2.8660908449665,53.052736080711],[-2.86834048155913,53.0500624758705],[-2.86342001402353,53.0521244389242],[-2.86311870843391,53.0486225771201],[-2.87011791101549,53.045360592318],[-2.86160123755242,53.0438251557334],[-2.8667042511445,53.04056261143],[-2.86187298241954,53.0386038782474],[-2.85571506741516,53.0372559033468],[-2.86039549662602,53.028522110338],[-2.86043466056566,53.0283959204701],[-2.85861696216635,53.0198376113779],[-2.84406201373811,53.0176683661674],[-2.83387298951252,52.9967237008863],[-2.83361314955802,52.9968441499674],[-2.80342005901847,52.9896150159896],[-2.80330964102896,52.9895989956269],[-2.80321861256679,52.9895948083319],[-2.80206884074995,52.9905770228905],[-2.80211432644449,52.9904597967346],[-2.80170526795782,52.9904913136273],[-2.80181259717633,52.9907351234783],[-2.80077798618745,52.9907816353652],[-2.80100041631125,52.9905617567874],[-2.80059461390996,52.9905303378868],[-2.80063158022207,52.9907556602442],[-2.80004763279064,52.9903568834058],[-2.80017210499421,52.9901600407869],[-2.79804314342445,52.9895900980253],[-2.79809813885564,52.9896616255536],[-2.79758383527006,52.9899671258327],[-2.79768038172762,52.9901138645354],[-2.79716761264963,52.990583005364],[-2.79761634539974,52.9905979715551],[-2.79724974614019,52.9910741316551],[-2.79727027119304,52.9912214690456],[-2.79472239292058,52.9912843491835],[-2.79472754477314,52.9910766268793],[-2.79179266914843,52.9913164653595],[-2.79192058620928,52.9913929024627],[-2.7918430690049,52.9914662130615],[-2.79211800387916,52.9917565483636],[-2.79199596101812,52.9919273055136],[-2.79229067806242,52.9921572951406],[-2.79228485505763,52.9920808565666],[-2.7942559437971,52.992813897922],[-2.79216469669654,52.9939847302831],[-2.79216647532139,52.994081866243],[-2.79220917385733,52.9941328068048],[-2.7914935044954,52.9943479557323],[-2.79180299139808,52.9944914847998],[-2.78485595606949,52.99393341982],[-2.78500133358494,52.994146439917],[-2.78500209987467,52.9941886730171],[-2.78442854163774,52.9943506240208],[-2.78453561703833,52.9944228040454],[-2.78408750975426,52.9946881732417],[-2.78441575627381,52.9950411762185],[-2.78391259749404,52.9952314179317],[-2.78396394498229,52.995353392296],[-2.78395448188658,52.9954073764321],[-2.78397666693747,52.9956418784865],[-2.78362114140958,52.9957565548776],[-2.78386220998979,52.995576039266],[-2.78372265688536,52.9954403555669],[-2.78372513302553,52.995414277748],[-2.78092075752214,52.9961311644601],[-2.7809256620009,52.9959945309309],[-2.78070164254517,52.9957999935837],[-2.78070029672255,52.9957254108322],[-2.78123760135893,52.9956085628272],[-2.78084278961119,52.9955275717176],[-2.78110135861285,52.9954108443499],[-2.78110254287502,52.9954764404088],[-2.78163849583475,52.9952850079999],[-2.78121528095181,52.994950683413],[-2.78130963752937,52.9948970406265],[-2.78114175951268,52.9946751760903],[-2.78158649081235,52.9942219216374],[-2.78047332312212,52.9940457963361],[-2.76676378969471,52.9946463708054],[-2.75853190568822,52.9861301765386],[-2.74374138657614,52.9871475198594],[-2.7268406065337,52.9832729453915],[-2.73529356518204,52.9699461891475],[-2.72748124602623,52.9663551682854],[-2.72417751071701,52.9571216546992],[-2.72816319297404,52.9469922787728],[-2.72854141965598,52.9251781184273],[-2.75532645758129,52.9246280363585],[-2.77210967293473,52.9142659280937],[-2.80047694829725,52.8955151282304],[-2.81297600685658,52.9095625760671],[-2.8130262985268,52.9149406341665],[-2.83849605180922,52.9321838564903],[-2.84101496067848,52.9426237140995],[-2.87156393212405,52.9452578200538],[-2.88366209558834,52.9466688604705],[-2.88743132915924,52.9525298899764],[-2.89829195826508,52.9502754588551],[-2.90818770231576,52.9420852038531],[-2.92027801788374,52.9433953625795],[-2.9288886576968,52.9386788293684],[-2.9598133204483,52.9511695547838],[-2.96182411649713,52.9556588953614],[-2.97282828144283,52.9604623920952],[-2.96848677225909,52.9641755888793],[-2.97477008589386,52.9689516069911],[-2.97740339424664,52.9672651011871],[-2.98202234589558,52.9591982537615],[-3.0086136534051,52.9565913094277],[-3.01324979372048,52.9487262575615],[-3.01703910434808,52.9487079360218],[-3.020061925965,52.9459711405581],[-3.02386813203466,52.9364414080422],[-3.02832035005653,52.9367838186056],[-3.03500585010775,52.9295082828756],[-3.05757082479085,52.92824615638],[-3.07651316772971,52.92547934312],[-3.09595322236249,52.9302818594646],[-3.1095771488456,52.9184436235482],[-3.11689429004674,52.8996934187183],[-3.11416217688046,52.8939782156026],[-3.13751787901147,52.894916686259],[-3.14750393983102,52.8901693448939],[-3.15483896779282,52.8980929870089],[-3.17438182854302,52.901575544171],[-3.19702799615388,52.8908367233297],[-3.20536495070437,52.893129266023],[-3.21570477557308,52.8868604007789],[-3.21647141904825,52.8768224548183],[-3.22809547707675,52.8755502330982],[-3.23300312723679,52.8670110249386],[-3.23953343459294,52.8688740509554],[-3.26180306073989,52.8666086172671],[-3.29134615846935,52.8708424756609],[-3.29680378485505,52.8807223690925],[-3.31403813374559,52.8837395540525],[-3.3220917620579,52.8820822658439],[-3.34565100557456,52.8925408577838],[-3.37501483546352,52.8924534531431],[-3.38882355067375,52.8760701209545],[-3.44938391529186,52.8645249689317],[-3.4692680839852,52.861939444092],[-3.48301242437159,52.8654536355573],[-3.50544810231264,52.8418944438667],[-3.51789798743879,52.8373782085296],[-3.53379612759522,52.8380736930308],[-3.56667290042623,52.8300796730684],[-3.5643936802294,52.8263805517152],[-3.56817022436498,52.822895510155],[-3.58606213535391,52.8277606109412],[-3.58647616495156,52.8277173293537],[-3.58666287004195,52.8274640749062],[-3.59705828680558,52.8140539836219],[-3.59693000548971,52.8050069377395],[-3.60697255394521,52.7975011160865],[-3.60646219054343,52.7869902612319],[-3.59695572611577,52.7834819745654],[-3.59931051392743,52.7787941266971],[-3.59024883001953,52.7659033361888],[-3.5947633290095,52.7571336929711],[-3.58821059565975,52.7470803677045],[-3.5913874669588,52.7417630412673],[-3.58351412881328,52.7386228968569],[-3.59929431340588,52.7258819384339],[-3.60472189712703,52.7088704205906],[-3.60198242270955,52.7050874051497],[-3.61440269013418,52.7019699427851],[-3.61960217979728,52.6974558865482],[-3.64844172609459,52.6962221784657],[-3.65450657903895,52.6916954203441],[-3.66339677587714,52.6914271991468],[-3.6824858172399,52.6941507602356],[-3.69359286651381,52.686805378438],[-3.6969402261661,52.6882715546272],[-3.70936761188281,52.6710824604113],[-3.71434629244569,52.6718467043212],[-3.71151820917258,52.6744544272927],[-3.71675970977808,52.678778691118],[-3.73586781210336,52.67789254523],[-3.74390740995229,52.6813087670939],[-3.75935156167215,52.6694463659204],[-3.76539515504445,52.6730930670406],[-3.76851816901048,52.6703987379296],[-3.78821973828451,52.6709759973097],[-3.8024695889776,52.6782216137448],[-3.80809559100283,52.6779453563972],[-3.8407140579194,52.6509028641219],[-3.84401589050331,52.641223062261],[-3.83431245007205,52.6363064096002],[-3.83461399752491,52.6330587252139],[-3.84624188614537,52.6288357055694],[-3.84356686304606,52.6226708643652],[-3.85044991341621,52.6206358714979],[-3.84501258486331,52.6112720493926],[-3.84874901425584,52.6073018281521],[-3.84298039619871,52.6046305802035],[-3.84213455033387,52.5996806857785],[-3.85672488817008,52.6004232360989],[-3.86607685547479,52.5918227924066],[-3.87520411122371,52.5930439537999],[-3.87256423007905,52.5886049909142],[-3.8775815089101,52.5824153105241],[-3.88285649812414,52.5832079424286],[-3.88392229630255,52.5771192529013],[-3.91535464798611,52.5785894766175],[-3.9154101195208,52.5735984924662],[-3.92885334573839,52.5714606507817],[-3.92645021911398,52.5607698946078],[-3.92651809938397,52.5566989972523],[-3.93115929577371,52.5540064371014],[-3.93182212708071,52.5545267588348],[-3.93977340166628,52.5606600353014],[-3.96031209200846,52.5606706055185],[-3.96939111158104,52.5561996122439],[-3.98680682029315,52.5535634671879],[-3.98779453454702,52.5527225787407],[-4.06042728868472,52.5412080122138],[-4.06584783861201,52.542332170063],[-4.07015798660979,52.5432258249345],[-4.08138508140741,52.5589904696735],[-4.08193742284209,52.5596782769153],[-4.09764203942805,52.579224134836],[-4.09848246959293,52.5802695707984],[-4.11024877559073,52.5948999497486],[-4.11147481056338,52.5958568231141],[-4.11149975317122,52.5958896293573],[-4.1128800414104,52.5969243247535],[-4.12643991267439,52.6073707649373],[-4.10359849331506,52.5991840295777],[-4.09060828978123,52.6005479066225],[-4.09082276904054,52.6029421483098],[-4.0885568441293,52.6027757353332],[-4.08835367109211,52.6027608116652],[-4.08724063347259,52.6026790498397],[-4.09772907315501,52.6074109506106],[-4.09791438770888,52.6073842975501],[-4.11487795589411,52.6049430784672],[-4.11637900776411,52.6047269315566],[-4.11994253349456,52.6066412266794],[-4.12837192385126,52.6111682991506],[-4.11705300880319,52.640124601533],[-4.10592306401953,52.6556846622836],[-4.09478661585339,52.6685777697912],[-4.08817580758654,52.6718891083627],[-4.08355905774377,52.673177906658],[-4.07509721688792,52.6784375891816],[-4.07233124082857,52.6798220879707],[-4.0572993805063,52.6873435788795],[-4.05862213843535,52.7083203996955],[-4.04967779886907,52.7154515929618],[-4.05737464142638,52.706284001917],[-4.05122255497798,52.7037858423368],[-4.03201458318447,52.7086616021034],[-4.03787366183557,52.7139970925742],[-4.02450991467153,52.7147834976191],[-4.01619083633086,52.7206301279189],[-4.01135232687916,52.7131759587602],[-4.00889843297889,52.7200562086073],[-3.9995715642678,52.723525302325],[-3.98949024234855,52.7359578347947],[-3.97684431687318,52.7383825750123],[-3.97641112299222,52.738465607322],[-3.97074412463116,52.7395516548384],[-3.95902967139634,52.746989791688],[-3.9582149390346,52.7473291741408],[-3.94942074931986,52.7509917700416],[-3.95548034831526,52.7505935606751],[-3.96634274060364,52.7498789426743],[-3.97661567022447,52.7433685737538],[-3.98930495644446,52.7404447842237],[-3.98957041310719,52.7403836008609],[-3.99536317527606,52.7388378433644],[-3.99641852779465,52.7411531829548],[-4.00579657647386,52.7359051369265],[-4.02312084542335,52.7360208253803],[-4.03502213127905,52.7216930231032],[-4.05421006759528,52.7188923060547],[-4.05223231454538,52.7165043443087],[-4.05891138205238,52.7178271341317],[-4.05476942503797,52.719577636414],[-4.06016091758353,52.7204946700831],[-4.07513414162406,52.7389266580343],[-4.08462720656791,52.7506033192565],[-4.08503329403762,52.7511026555701],[-4.09453055345638,52.7591047755225],[-4.14420122932811,52.8008943766255],[-4.15232649481323,52.8132629847837],[-4.14707774484169,52.8189504950205],[-4.13090918504723,52.8262792051513],[-4.13962764523619,52.8181095186068],[-4.13316568026623,52.8193470303559],[-4.13329174948723,52.8225257910818],[-4.11974211064446,52.8255737806918],[-4.11866722902682,52.8302961750889],[-4.10781868888023,52.8264074729576],[-4.11672489305327,52.8316875497859],[-4.12894468707245,52.8271728119798],[-4.12744159244633,52.831053292519],[-4.11910313682173,52.8480675400671],[-4.14816972854732,52.8869846325331],[-4.14785865800265,52.8962338729003],[-4.13315306603078,52.900864009674],[-4.13638603299836,52.8972463892951],[-4.12280774483452,52.8954651486424],[-4.08706115682709,52.9019330189128],[-4.08290706429436,52.8984698625598],[-4.08275691954664,52.8985941685301],[-4.07376338968295,52.9060384361419],[-4.08011849006455,52.901960459736],[-4.08294750861613,52.9025628752004],[-4.08659050444153,52.9033384990216],[-4.08309843985389,52.9057071555911],[-4.07478592410554,52.9113441195358],[-4.07661303679499,52.9135041592737],[-4.07053345165065,52.9158239072574],[-4.06861728658555,52.9139134448268],[-4.05574940770516,52.9235000436097],[-4.04420298514176,52.9266403727006],[-4.04071705016868,52.932142962965],[-4.03996663584031,52.9333273098462],[-4.03900191964336,52.934741400898],[-4.03891988312096,52.9347625075461],[-4.03870912438211,52.9348167337782],[-4.03095707839471,52.9368108978614],[-4.03089481538453,52.9368269117623],[-4.02920459302919,52.9372616179378],[-4.0343758814114,52.9373970948668],[-4.03671955085299,52.9374584197528],[-4.03706803439346,52.9374618022012],[-4.04561766914883,52.9283098368662],[-4.05336364235504,52.9274370833918],[-4.0569419521809,52.9247188612182],[-4.06060956991607,52.9219323137509],[-4.06918542455559,52.9225367329627],[-4.07302088636189,52.922806846308],[-4.07013116482105,52.9241321719204],[-4.08374093031464,52.9201440000657],[-4.08379021324745,52.9201152982894],[-4.09606107476264,52.912967216003],[-4.09846921008769,52.9115640024417],[-4.10286629490918,52.9090014910795],[-4.11225475650625,52.9122055164236],[-4.10907276552089,52.919077218223],[-4.1207081675008,52.9226195581875],[-4.1296920738784,52.921764991311],[-4.13486020427403,52.9139573729549],[-4.15113731950442,52.9099828449707],[-4.15184895301865,52.9063681829492],[-4.1697524600374,52.9058338549456],[-4.19509323005452,52.9145463041478],[-4.2001847300247,52.91377642469],[-4.20039834742233,52.9137441181922],[-4.22364269316436,52.9193065273575],[-4.22957231717522,52.9189041182369],[-4.23228352643804,52.914960924379],[-4.23283988339796,52.9148829504478],[-4.25477282370991,52.9126561392492],[-4.25626024315572,52.9115979402668],[-4.26136009872992,52.9108819398486],[-4.27120707583178,52.9105095909546],[-4.27182489340926,52.9104862015175],[-4.28162270217631,52.9100566105977],[-4.28331670357191,52.9102227158105],[-4.28446757572863,52.909931721989],[-4.2947613517554,52.9094792608136],[-4.29526675058247,52.9099357521158],[-4.29955179741521,52.9092683893345],[-4.31654481205767,52.9085188137726],[-4.31783903726471,52.9079297732213],[-4.31792562833467,52.9078903623678],[-4.32503864977061,52.9046524674694],[-4.32674277179487,52.8919450100416],[-4.37510274910356,52.8963976935802],[-4.37997098831095,52.8956633130944],[-4.39785651262982,52.8929633333195],[-4.39850745711712,52.8923120499862],[-4.40297295048044,52.8878435995596],[-4.40059299556814,52.884713008705],[-4.40041278003466,52.8844759328519],[-4.40101468816693,52.884534297205],[-4.40457051428171,52.8848790222898],[-4.40544612448214,52.8849638929405],[-4.40564606509451,52.885858975449],[-4.40697631500997,52.8918131415836],[-4.41688125936636,52.8873608705781],[-4.41512725785979,52.8852016519587],[-4.40908410266105,52.8871991556066],[-4.41223631922377,52.8837075704014],[-4.40434767527826,52.8828435133987],[-4.39561471400638,52.8861390647501],[-4.39755899709492,52.8822536081327],[-4.42786453649273,52.8788967537984],[-4.45170427791198,52.8724721766256],[-4.45215925162589,52.8723495002982],[-4.45683702414543,52.8711949244527],[-4.45706160763392,52.8711394857535],[-4.47875700738587,52.8548575238103],[-4.47044707524216,52.8478327627784],[-4.4710327244626,52.8475818320005],[-4.48197706123031,52.8441870485923],[-4.48233275580496,52.8440213012191],[-4.49502406814509,52.8381059689622],[-4.50548042528726,52.8270146767351],[-4.50546146467683,52.8245711197075],[-4.49806723851694,52.8254957149679],[-4.49993605428867,52.8192898718888],[-4.49899461609747,52.8174589134391],[-4.49986267475088,52.8132361434427],[-4.50000796677534,52.8125292767722],[-4.49295640913691,52.8094002392108],[-4.48796511839746,52.8113331991244],[-4.48531885393564,52.8080333489606],[-4.48650456664384,52.794925126906],[-4.4865631841368,52.7947578237608],[-4.49159626202121,52.7909130714902],[-4.49735136524522,52.7949776490127],[-4.51480487042661,52.7929669755847],[-4.51514687175315,52.7920328796302],[-4.51543841746206,52.7919932084374],[-4.51743296266596,52.7857879508855],[-4.51890559995089,52.7817642382756],[-4.52908299087818,52.7783155580477],[-4.54187116219846,52.7860245416259],[-4.54257474662559,52.7865400314497],[-4.5361963354739,52.8002588986062],[-4.57195083246022,52.8178224556763],[-4.59325631374617,52.8238495724802],[-4.59379239688645,52.824001153056],[-4.61127589018767,52.8244708786458],[-4.62457992154722,52.8095581647003],[-4.64435291351828,52.7997744853437],[-4.64959227295795,52.7991765309234],[-4.65145907653453,52.804326790288],[-4.66115398316826,52.806197673113],[-4.66500475402848,52.8050381484748],[-4.66561022086888,52.8050869034604],[-4.66662772120562,52.8045493932712],[-4.67164406125434,52.8030385200396],[-4.67909357670781,52.8007942195174],[-4.68126926749249,52.7990382169089],[-4.68555037309136,52.7968454197687],[-4.68688679559051,52.7945034708373],[-4.68806224183268,52.793554441927],[-4.68826410764435,52.7936859460461],[-4.6925131434531,52.7996882470716],[-4.69852739985389,52.8003704131201],[-4.6992844836649,52.8008633786106],[-4.70992088554143,52.8016618078116],[-4.72071610906178,52.802884305686],[-4.73212050067663,52.78211255992],[-4.73612466104189,52.7841607109923],[-4.73840368900517,52.7854603012317],[-4.74253272513868,52.7841256278021],[-4.74451857245227,52.7835786418735],[-4.75383479912796,52.7904201071336],[-4.75718311936732,52.7883434922633],[-4.75818334010519,52.7889038853275],[-4.76754076646482,52.7972082665807],[-4.76760837888321,52.7975797535325],[-4.75172237329917,52.8050995560558],[-4.75159238475925,52.8157259726254],[-4.74046500515565,52.8210713233439],[-4.73980055984631,52.8227175567067],[-4.73893637208692,52.8232224968266],[-4.73762116223338,52.8281163799126],[-4.73660552764565,52.8306318630487],[-4.72240216405046,52.836457312225],[-4.72617323452998,52.853540364861],[-4.71944315203322,52.8552508312341],[-4.71623249147157,52.8539147852561],[-4.7026598411246,52.8591231996444],[-4.70261901968874,52.8591332337007],[-4.69386483949106,52.861284658894],[-4.6870358888755,52.876080265614],[-4.67917439718906,52.8747653304802],[-4.67612571601941,52.875965326473],[-4.6681982425811,52.8790849975072],[-4.66780675575765,52.8818952778469],[-4.66563423089506,52.8857687731581],[-4.66713409464303,52.8867232547904],[-4.66677548748376,52.889296761963],[-4.65306510659252,52.899219941035],[-4.65005599146328,52.9060256392501],[-4.6324044945135,52.9058625802642],[-4.62236041663177,52.917214171689],[-4.6172826782763,52.922266829966],[-4.61123332035553,52.9235269690907],[-4.61092561395059,52.923586661676],[-4.59414896261823,52.9268397830313],[-4.58948757189012,52.9291655065378],[-4.58105699851635,52.9333707065692],[-4.57979995668149,52.9378300349519],[-4.57053594285113,52.9388958922846],[-4.56747757514725,52.9484460466265],[-4.56708159458733,52.9483178511098],[-4.56383298753284,52.9457746560944],[-4.56704348880808,52.9407418982494],[-4.56241743367126,52.9381721567661],[-4.54505548754827,52.9378288726701],[-4.53656057412884,52.941369939399],[-4.53652311600244,52.9412256009207],[-4.53566384617917,52.9379142591279],[-4.52886576395015,52.9374194892718],[-4.5111001527778,52.9449204797099],[-4.51073559455714,52.9451254445429],[-4.50083799763483,52.9506890000016],[-4.49725022935887,52.9524525619823],[-4.49650598830723,52.9531233704052],[-4.49121861115408,52.9560940307583],[-4.48200253492696,52.9661039365515],[-4.47179511902211,52.9666494636589],[-4.46138361210565,52.9817141580536],[-4.443558119603,52.9902859171689],[-4.4372183592224,52.9984808747851],[-4.4344488226261,52.9990327292903],[-4.4252140209127,53.0000302412887],[-4.41894453282317,52.9991771373422],[-4.41324022218837,52.997160842639],[-4.40208076176803,53.0045665440436],[-4.40165978762248,53.0048174244526],[-4.40158790225916,53.0048602633642],[-4.38647221565338,53.0138655807575],[-4.3534953340235,53.0334924139691],[-4.34936866099862,53.0446899211989],[-4.34256212886505,53.0468274858168],[-4.33894138140886,53.0538579475914],[-4.33790699078718,53.0667841195111],[-4.33790430795788,53.0668176392883],[-4.33788146239344,53.0671030609003],[-4.336479662787,53.084243489584],[-4.34654804111915,53.1045595352968],[-4.34656436743991,53.1140384358566],[-4.34656487688016,53.1143333386554],[-4.33701308189159,53.1223575278655],[-4.33270147692973,53.1232106622342],[-4.32947672335701,53.1234415231601],[-4.32908043461714,53.123278888071],[-4.32860155661153,53.1203891902096],[-4.31957280183985,53.1214961277142],[-4.3331971550441,53.1143008025985],[-4.33376726708679,53.1139996298979],[-4.32488139374803,53.1075921314716],[-4.31934007088808,53.0927724545271],[-4.32004911503115,53.0981217857076],[-4.31783857001134,53.0996517487611],[-4.30581593776167,53.1079703491149],[-4.31373289680889,53.106543505394],[-4.31375802110158,53.1072845838591],[-4.31381579256281,53.1089885571788],[-4.31389043354978,53.1111898616328],[-4.31400866480136,53.1146760462214],[-4.31431412574225,53.1236791048414],[-4.29402201031468,53.1359895977026],[-4.29366469202901,53.1362062757621],[-4.28021364772069,53.1393776733651],[-4.27284271417943,53.1362414222018],[-4.273691052452,53.1327430132729],[-4.27093195824368,53.1362976843012],[-4.27837096096969,53.1407211388078],[-4.27759818187199,53.1414565540733],[-4.27417643793704,53.1447124942534],[-4.26022249027708,53.157984253018],[-4.26010272121329,53.1580981254378],[-4.24367599778807,53.1704375982991],[-4.23422539031873,53.174060074559],[-4.22083717723225,53.1784259965745],[-4.21837046004877,53.1801343423474],[-4.21410393847883,53.1817682664287],[-4.21279730417937,53.1839934022547],[-4.20811988704334,53.1872314908441],[-4.20989650497685,53.1889324818238],[-4.20970515836239,53.1893193316926],[-4.20970463632301,53.1893507676275],[-4.2095014092583,53.2015869990225],[-4.20924211753382,53.2019033354726],[-4.19941972268262,53.2099672588123],[-4.18429764376014,53.2153202113554],[-4.16523711837991,53.2187802859385],[-4.16317430414806,53.2188377444495],[-4.15624709669446,53.2226692567883],[-4.15535844222153,53.2230515279999],[-4.15524979573875,53.2230982628494],[-4.13529321686974,53.2316787660372],[-4.13424997759583,53.2321271201917],[-4.12254050657918,53.2371966586648],[-4.11902205847173,53.2341181533472],[-4.1189517625313,53.2340955497331],[-4.11153126747755,53.2317091182275],[-4.11100023372666,53.2315383098393],[-4.11104415451315,53.2316846473256],[-4.11110444621564,53.2318142797209],[-4.11320990531604,53.2369435138339],[-4.10642480344385,53.2323436089101],[-4.09902846217676,53.2344263384898],[-4.09106856610004,53.2366670221675],[-4.08288286595865,53.2285067714388],[-4.08557835232046,53.2256716284102],[-4.06588969971823,53.233706031325],[-4.03102873997766,53.2374244350783],[-4.02663997202323,53.2425568769619],[-4.01032960755823,53.2442887034655],[-4.0073434453783,53.2468727256329],[-3.99977294591463,53.2491251427139],[-4.00057248951516,53.2503597426713],[-4.00167937649906,53.2497629157537],[-4.00159227274798,53.2528076504913],[-3.95936657449178,53.2652306571665],[-3.93256431823591,53.2689928868092],[-3.91146328804555,53.2759923379253],[-3.87827116784907,53.2890445663815],[-3.87676292739258,53.2889287178964],[-3.87666696538103,53.2889213459448],[-3.86431346534171,53.287971710065],[-3.85101152212337,53.2961126541157],[-3.84500478769826,53.2964943391467],[-3.83731391083292,53.2920056319581],[-3.8382024478081,53.2919838552513],[-3.83941647429009,53.2919582930664],[-3.84217856031831,53.2920024378113],[-3.84169447271475,53.2917396593042],[-3.83669895422451,53.2890276240577],[-3.83833057383586,53.2874473401106],[-3.83276269752535,53.2868902580066],[-3.82834099517301,53.2844888805386],[-3.82468943992677,53.2806932010817],[-3.8289986822022,53.2787896719876],[-3.81991958124296,53.2774951461857],[-3.81767331426063,53.2771747498171],[-3.80974154245838,53.2662665051193],[-3.82283774710635,53.260336722658],[-3.82783221237579,53.2512773787788],[-3.80981563507441,53.242568068106],[-3.80630626214517,53.2408838844585],[-3.82133124539488,53.2514892618811],[-3.81790526268463,53.256489232942],[-3.81745916987744,53.2571401787414],[-3.81412842802228,53.2588106884353],[-3.80065236647106,53.2655672386308],[-3.7984185025411,53.2666868882961],[-3.79753278959591,53.2733456549378],[-3.80098633089227,53.2735158544041],[-3.8028814618658,53.2736092060552],[-3.80657711120908,53.2778126438706],[-3.80720806993716,53.2780088317934],[-3.8145946304501,53.2803051935145],[-3.814812135582,53.2804544947977],[-3.8157241423421,53.2810805020156],[-3.82060317006279,53.2807973308922],[-3.82313219141383,53.2806504718279],[-3.82183274189895,53.2812994817009],[-3.81788093013761,53.2832730049123],[-3.82268783775284,53.2894944047257],[-3.82351327743873,53.2898267336657],[-3.82371954697105,53.2899097772754],[-3.82582903981676,53.2907923922701],[-3.82582660687693,53.2908247845993],[-3.82694731058282,53.2912091855102],[-3.82738905295474,53.2913870060041],[-3.82806742358909,53.2924450269014],[-3.82810799728506,53.2916764045717],[-3.83816834012459,53.2957251607951],[-3.83966706968843,53.3027568856051],[-3.83993877359531,53.3040129389584],[-3.84247527344615,53.3080065801694],[-3.84606439911536,53.3075276443464],[-3.84494512419335,53.3183107685518],[-3.86357982679023,53.3266270292011],[-3.86489081501134,53.3282881441834],[-3.87730753864814,53.3328718961202],[-3.8783159662641,53.3395548278354],[-3.87542924585131,53.3405230358168],[-3.8726063552529,53.341446770617],[-3.86356178902677,53.3417176588208],[-3.84075012250076,53.3369847887674],[-3.8330046597231,53.3379922133835],[-3.82833734084439,53.3253520372216],[-3.82374128658125,53.3238752221823],[-3.82331943065365,53.3237396558497],[-3.81351622531228,53.3225834833035],[-3.80312752618941,53.3243850804614],[-3.78176488896022,53.3280845925802],[-3.77632028276597,53.3282763169976],[-3.77511662503895,53.3283030440952],[-3.76610713706837,53.3194387594469],[-3.7565395395845,53.3169640344986],[-3.75474182995581,53.3166762987214],[-3.73912426419148,53.3141752878047],[-3.73749792952392,53.3042895657433],[-3.73742825683876,53.3038659519829],[-3.73716091142048,53.3037145603449],[-3.73057801243722,53.2999862828781],[-3.72641153434388,53.2976260390388],[-3.72214023182704,53.2985427305651],[-3.72204350143392,53.2985634880799],[-3.72326931905122,53.2967311386503],[-3.70756956057963,53.2938411929062],[-3.70716760533439,53.2938207335172],[-3.69763978161397,53.2933353804141],[-3.69666786571379,53.2932858277335],[-3.67197916418406,53.2929027832806],[-3.67193045864109,53.2929020228386],[-3.65455182001659,53.2921707604908],[-3.65360210230677,53.2922835417258],[-3.63442389665423,53.2945593390407],[-3.6220375885546,53.2905546365525],[-3.60957953307032,53.2904728742102],[-3.60884887667269,53.2906110812338],[-3.58936312609358,53.2942948766296],[-3.5891493349212,53.2943453930472],[-3.56401440113655,53.3002811108027],[-3.56376032400768,53.3003647961908],[-3.55367083405223,53.3036848826752],[-3.54238329846968,53.3069734778948],[-3.50849806803335,53.3168363244354],[-3.5111229180395,53.312820632583],[-3.50511213097807,53.3074494335079],[-3.50213962675524,53.3047925954857],[-3.49764778019149,53.3007770000699],[-3.497315387343,53.3007190786735],[-3.49052725274415,53.2995359774112],[-3.48725487957886,53.2989654776143],[-3.48579604670159,53.2987111134941],[-3.49479761711685,53.3032112461316],[-3.49463505699229,53.3039383686102],[-3.49381824904364,53.3075915211083],[-3.49357611285471,53.3086743503075],[-3.4949676544766,53.3075771080367],[-3.49761909523008,53.305486216475],[-3.50106248187483,53.3075004944275],[-3.50225923772331,53.3082004953211],[-3.50491922088292,53.3097562345366],[-3.50510807963519,53.3099080591159],[-3.50927396221858,53.3132566683754],[-3.50258167461678,53.3173869930264],[-3.49023696774786,53.3250025733586],[-3.44726078971725,53.3331192887284],[-3.44718018161347,53.3331344896104],[-3.44703665429808,53.3331615546394],[-3.41281846934654,53.3426389057786],[-3.41216715260663,53.3427632532883],[-3.36345340252464,53.3520515332211],[-3.32734489101776,53.3566972781191],[-3.30970223080365,53.3557874794894],[-3.31117271309238,53.3459315822927],[-3.31628908090301,53.3534371100391],[-3.31537502044871,53.3475645473876],[-3.30960145820966,53.3438408400521],[-3.30928625361978,53.3436375181426],[-3.31230505822262,53.342345241037],[-3.30639715700321,53.3414101492488],[-3.30355096153455,53.3348726513684],[-3.28893928994784,53.3273355987714],[-3.28888782071125,53.3273090412858],[-3.2885383335708,53.3271287110101],[-3.27311113124209,53.3205434695548],[-3.26167230948872,53.3260265818187],[-3.2614756452991,53.3259779663855],[-3.26291574463983,53.3190103715575],[-3.25863080551886,53.3147570517717],[-3.2454604626746,53.310443432795],[-3.23521957917769,53.3070876700398],[-3.23669165227351,53.3044295546131],[-3.22206165369935,53.3010931073104],[-3.22029799630644,53.3006907325577],[-3.20164661133222,53.2925879452108],[-3.19368465785511,53.2891273264334],[-3.1933464090179,53.2889802841514],[-3.19041513087039,53.2863406911361],[-3.18983090621788,53.28603074711],[-3.17669469344271,53.2790597346904],[-3.17856981462808,53.276781351961],[-3.16594656980989,53.2724943345602],[-3.16873408249914,53.2702305485956],[-3.16496060899784,53.2703782077272],[-3.16316169185583,53.2704485578304],[-3.14262589571971,53.2594670528053],[-3.1425896372733,53.2594476552046],[-3.1315012110903,53.2579290477653],[-3.131662730015,53.2577505574154],[-3.13182862321962,53.2575672322784],[-3.13531863632356,53.2537100539806],[-3.13152632095262,53.2566082555584],[-3.12199540064122,53.2486547028692],[-3.12177494453644,53.2484706873122],[-3.12133737040871,53.24834426858],[-3.10749600377153,53.2443441598528],[-3.11191383226038,53.2443974169126],[-3.10703663164419,53.2434422762055],[-3.10848731288556,53.2401387343951],[-3.10560045428221,53.2437702310346],[-3.08604045718086,53.2373469224502],[-3.06422040676737,53.2242832936866],[-3.06361928377185,53.2239228391391],[-3.06229416605936,53.2231282210868],[-3.04887050434028,53.2207842864638],[-3.04467353859822,53.2200478592766],[-3.04609799086254,53.2165449080564],[-3.04381976101344,53.2197692030475],[-3.04377859719518,53.2197550029493],[-3.03414552576491,53.2164311066513],[-3.03855266801235,53.2190802113487],[-3.04089293015147,53.2204663582601],[-3.04828684417695,53.2221979337634],[-3.06065610282204,53.2254530374079],[-3.06104534932987,53.2256852546434],[-3.06284336875001,53.2267578701214],[-3.08337275880067,53.2389978536766],[-3.09378628605111,53.2444491038768],[-3.07906924701666,53.2416450941596],[-3.07426547535451,53.2446142939636],[-3.08616501230041,53.2474312299973],[-3.08565042443488,53.2503106192207],[-3.08802661806804,53.24797069515],[-3.09287356788256,53.2510294097122],[-3.09776855446463,53.249265750701],[-3.09903521063982,53.2524299696352],[-3.09444789079314,53.2558664987732],[-3.08600119714253,53.2562889036625],[-3.07667718793364,53.2507867045542],[-3.08242434457176,53.2555051740848]]],[[[-4.58367354821708,53.2901846777334],[-4.58315053381545,53.2902952063667],[-4.57887505469411,53.2890581050027],[-4.57482957216235,53.2878868453527],[-4.57258925785389,53.2891941657912],[-4.56084298305029,53.2960466234611],[-4.55971304003217,53.3007643581107],[-4.55641102489411,53.2981019092715],[-4.54704445818442,53.2996888733173],[-4.542677362021,53.3068420757546],[-4.53925749754159,53.30691227601],[-4.52973063490138,53.3094866568492],[-4.53014554385453,53.3095941756589],[-4.53027850251256,53.3096286294944],[-4.53781282005792,53.3115806733769],[-4.53861196209764,53.3085217103726],[-4.53890471181889,53.3076071614216],[-4.54464138650791,53.3076986556276],[-4.54531085676093,53.3076588501186],[-4.55055841931603,53.3030439072315],[-4.55784694892691,53.3024884782765],[-4.5582042163895,53.3044723784265],[-4.56367844997798,53.2996631032585],[-4.56660352902538,53.3010126719408],[-4.56211640399611,53.3165094512628],[-4.57032078835654,53.3184655417262],[-4.57249161771614,53.3243988011903],[-4.58294206871473,53.325689607476],[-4.58265096102423,53.3275751833628],[-4.58201266159295,53.3285917485811],[-4.58245656047061,53.328834286095],[-4.58186794514783,53.3326462368844],[-4.57925432723794,53.3338361993882],[-4.57459209654156,53.3331676217462],[-4.56969022372857,53.3370515026009],[-4.5718089209895,53.3401320375027],[-4.56701145935204,53.3441708876416],[-4.57016546730994,53.3466995768839],[-4.56580783198207,53.3515210453546],[-4.56940917808405,53.3536085558077],[-4.56120693735923,53.3590673760758],[-4.55513130397222,53.3739198607728],[-4.55915614699345,53.3758028759101],[-4.56557457037745,53.3815204566319],[-4.56735397859404,53.3845978059197],[-4.56691483178405,53.3860090995802],[-4.56439092128545,53.3891248050874],[-4.57214265524856,53.391645407098],[-4.57001655433432,53.3980443669286],[-4.57533227493093,53.4021198184378],[-4.57528857494831,53.4023155465407],[-4.56891722965691,53.4054315057065],[-4.56469305603259,53.4069168845653],[-4.55448736434229,53.4038669798111],[-4.54763671727088,53.4065004087888],[-4.52989147967089,53.406071526418],[-4.52831189897421,53.4113000320495],[-4.51029260485036,53.4168817397999],[-4.51533711479929,53.4117990538392],[-4.50755442888457,53.4090138542724],[-4.49989579854941,53.4135837550906],[-4.49204998119396,53.4112231648279],[-4.48777457212362,53.4136785560779],[-4.48751911565424,53.4138252525016],[-4.48585878813557,53.4191312959387],[-4.48036705215132,53.4184615959925],[-4.47792795583683,53.4222740843394],[-4.47287620705633,53.4218179444782],[-4.47162597062803,53.4216420952275],[-4.47555426548945,53.4185174966809],[-4.46763661023078,53.4147272503944],[-4.45566635763531,53.4163641843861],[-4.45017986438032,53.4129444411145],[-4.44742039609634,53.415648904219],[-4.45159532645502,53.4174469137406],[-4.45188647087489,53.4183058362057],[-4.4455252151951,53.4211982806477],[-4.45017885642215,53.4226442551152],[-4.45087558499117,53.4229160274426],[-4.4501593458535,53.423165801835],[-4.43349022102189,53.4279275185957],[-4.42789603192034,53.4274832365865],[-4.42575948242904,53.4301169151281],[-4.41982556447083,53.4260971178937],[-4.4191095498201,53.4261275102562],[-4.41906124725905,53.4260983287445],[-4.40956049020285,53.4269618547258],[-4.40537786341797,53.4273417623935],[-4.40683195584983,53.4228462477373],[-4.40251361809854,53.4209247423405],[-4.39562879002216,53.4260269046352],[-4.36840531090853,53.4240941878353],[-4.36573787289638,53.4177744404137],[-4.35642764663845,53.414255326991],[-4.33856585492933,53.4195623721175],[-4.33481949300644,53.4180745820114],[-4.33167585970679,53.4167633284068],[-4.33199885555398,53.4163543071273],[-4.33351105652417,53.4149012043031],[-4.3329728544025,53.4151208443043],[-4.33443587272882,53.4132679464681],[-4.32653051996837,53.4177495996981],[-4.32511042852663,53.4183289689727],[-4.3035811008948,53.4130942328952],[-4.30153682493976,53.4134486298074],[-4.2940747580745,53.4118796481771],[-4.29300514925762,53.4111041740621],[-4.29279496501547,53.4116104986771],[-4.29271747459422,53.4115942016976],[-4.29214780770486,53.4144806470927],[-4.29136227380641,53.4175738651096],[-4.28785591574104,53.4171686863203],[-4.28650388740321,53.4134255934512],[-4.28467002318397,53.4070527949575],[-4.27408392787353,53.4023748528926],[-4.26937068431737,53.3905375974198],[-4.27750475674262,53.3781274249244],[-4.28066327515941,53.3759379433045],[-4.28189648545736,53.3750830001492],[-4.29329177984462,53.3671808259444],[-4.2944421367912,53.3663828798674],[-4.29554240667395,53.3644817492119],[-4.29070425592852,53.3675210366601],[-4.28741425386346,53.3651090347899],[-4.27642714720306,53.3709797324914],[-4.28006833133062,53.376056653863],[-4.26671118097529,53.3698457873647],[-4.26466032322636,53.3608023560225],[-4.23015809341518,53.3577391808396],[-4.23125858126854,53.3558915095793],[-4.23541926951685,53.351190774317],[-4.23449009924945,53.3504649692552],[-4.2358133036598,53.3482425550175],[-4.22869670009494,53.3439731301032],[-4.22876917734913,53.343599596147],[-4.23393563352852,53.3406977046375],[-4.23015003638859,53.3367272229174],[-4.22475047260554,53.338205414503],[-4.21904076788802,53.3190870047293],[-4.20447461630463,53.3140113287242],[-4.21448228909371,53.298707164031],[-4.20576471766068,53.2965464078537],[-4.20130729657261,53.2954412489657],[-4.20405932769055,53.2922922318035],[-4.19923555934949,53.296667271527],[-4.19905863852834,53.2968277148036],[-4.17369590640123,53.3021281037763],[-4.17324344365431,53.3022226009556],[-4.14371950103158,53.3052331251413],[-4.13512494695583,53.3147023828828],[-4.11897056790485,53.3192358510257],[-4.10307322238055,53.3168896049194],[-4.0809456412809,53.3136198763583],[-4.08032774116758,53.3134559487932],[-4.07997481145977,53.3134763131072],[-4.07145253768078,53.3122156889187],[-4.05763972729141,53.3147629268239],[-4.0565919634324,53.3148231792177],[-4.0401837672877,53.310626636485],[-4.042476525951,53.3083089436116],[-4.046363406493,53.3050395941721],[-4.05615765214146,53.3030790990187],[-4.05749388575311,53.2991972670923],[-4.05879120106701,53.2954278214204],[-4.07145864762311,53.2906745707418],[-4.075901562431,53.2810854132727],[-4.08595584175196,53.2750013607658],[-4.0872099959296,53.2633088614236],[-4.09752821550498,53.2613529885122],[-4.10007440790007,53.2557970096278],[-4.10054208511341,53.2547763447566],[-4.12422519578728,53.247370905992],[-4.1432462249773,53.2370758652025],[-4.15558542278439,53.2325746576222],[-4.15587786379232,53.2326865684958],[-4.15955625385429,53.2340940968313],[-4.16010130544724,53.2266785466119],[-4.1579205214992,53.2268747969025],[-4.16153360870888,53.2227825530972],[-4.16312788499264,53.2213999322254],[-4.1695939941562,53.2219467123603],[-4.17129103714543,53.2223254508909],[-4.17052888947082,53.2251762768014],[-4.17811141836648,53.2238007023098],[-4.18618202469194,53.2173152950505],[-4.20254678456384,53.2141755376311],[-4.21443141010517,53.2051363271935],[-4.2185537429484,53.1856278849864],[-4.24502597122394,53.1792105885312],[-4.27576498009474,53.163249433079],[-4.27580935395206,53.1632003441857],[-4.28211817311445,53.1562199848488],[-4.28466806566718,53.1551206158486],[-4.31813037682443,53.1440944946851],[-4.32493085412805,53.1455514518044],[-4.31855956920931,53.1499509931325],[-4.32783667634011,53.1470492015359],[-4.33920171069259,53.1484158400274],[-4.33610239547521,53.1465015340241],[-4.33756472955682,53.1427810560641],[-4.34671364818217,53.1351137539401],[-4.3453520521604,53.1352281565486],[-4.33693452399228,53.1300449733537],[-4.32935788184118,53.129647818052],[-4.32885972537899,53.1281262535499],[-4.32896698934807,53.1267857887825],[-4.35836917888885,53.1314536585482],[-4.38040990435599,53.1414995242118],[-4.39368557986578,53.1440342531976],[-4.39873980908824,53.144998790559],[-4.40748954921773,53.1433161824067],[-4.40607600138261,53.1400459026629],[-4.40676879918104,53.1394372334197],[-4.4137989387556,53.1344557534401],[-4.41464031463376,53.1346450298421],[-4.4101455885232,53.1414134080818],[-4.40757819175232,53.1442854269836],[-4.41969908598104,53.1639730764019],[-4.40611537109225,53.1690368140581],[-4.3950922993997,53.1693044950427],[-4.38717144732546,53.169496233501],[-4.38020920224241,53.1824407454647],[-4.38634449510678,53.190988013226],[-4.39613998320338,53.188096856823],[-4.39680414473132,53.1879007856611],[-4.40242437381845,53.1810613179793],[-4.41139195537217,53.1784660152991],[-4.41267900445041,53.1724689928995],[-4.42898558975001,53.1600868927815],[-4.43116435129438,53.1593279544537],[-4.43592951276065,53.1592149704327],[-4.44342533320369,53.1552608489913],[-4.4431480819888,53.1557817927953],[-4.44090554549389,53.1579288943324],[-4.44167666128542,53.1585463225503],[-4.44107775692247,53.1596714466495],[-4.44505715095652,53.1612527834453],[-4.44541133334622,53.1615363210513],[-4.44996097475996,53.1632011349915],[-4.45249011294538,53.1642058422998],[-4.45300710060986,53.1656256517609],[-4.45161441989829,53.1670995995334],[-4.45457680360525,53.169935912201],[-4.45797559108232,53.1792654550971],[-4.4658941009643,53.1836814222819],[-4.46667328038752,53.1822254151212],[-4.48090380306168,53.1807923204388],[-4.4840621731021,53.1787723131619],[-4.48648600174063,53.1776173393122],[-4.4877147437132,53.1841956691083],[-4.48750669018254,53.1851267816109],[-4.4878679415114,53.1850156899518],[-4.48814641043791,53.1865061648659],[-4.49276021635624,53.1846342902554],[-4.49252463815589,53.18571968292],[-4.4914695191703,53.1876162939027],[-4.49536007725615,53.1865288753009],[-4.50259345537723,53.1871183010976],[-4.50504026620735,53.1878904024204],[-4.50539263074354,53.1904072098951],[-4.50608074377357,53.196718960205],[-4.49727705517133,53.2067879547148],[-4.5047939569246,53.2066156744931],[-4.50129336778853,53.2113583856804],[-4.50578747514911,53.2165947928388],[-4.50626582137208,53.2171520601148],[-4.51080871137574,53.2199491351592],[-4.51615897015788,53.2232426104778],[-4.52223333489419,53.2217761971664],[-4.52384731362134,53.226368898612],[-4.52351451199374,53.2316121489976],[-4.52344107762366,53.2327689719487],[-4.55073820539205,53.2460864854946],[-4.55552084643606,53.2496703211186],[-4.54835257963479,53.254419322098],[-4.56022195582924,53.2592286832471],[-4.55446553072403,53.2655409589118],[-4.5506919258608,53.2645014637248],[-4.55478606091438,53.2679725253571],[-4.56045272053857,53.2645951305788],[-4.56136959655409,53.2652121757366],[-4.56645025110398,53.2685302271257],[-4.56593847648362,53.2736051973133],[-4.58028248902749,53.2747242480758],[-4.58234983526518,53.2806497256897],[-4.5870782783873,53.2785114736065],[-4.58846585441597,53.2813892053971],[-4.58267064440032,53.2811921736469],[-4.57616754901082,53.2860839578677],[-4.58259675118444,53.2889774348905],[-4.58379409705733,53.2895162209903],[-4.58344074129241,53.2899832484551],[-4.58367354821708,53.2901846777334]]]]},"properties":{"FID":40,"PFA23CD":"W15000001","PFA23NM":"North Wales","BNG_E":282469,"BNG_N":346125,"LONG":-3.75276,"LAT":52.99952,"GlobalID":"c5536cf6-6b60-43e5-ac47-2314663b871d"}},{"type":"Feature","id":41,"geometry":{"type":"Polygon","coordinates":[[[-3.05205922874621,51.9728689064159],[-3.05189977148966,51.9725871118101],[-3.05176520007516,51.9724354656169],[-3.05139312518511,51.9720881367323],[-3.05126034528987,51.9720128984105],[-3.05010455206501,51.9714804457613],[-3.04938406136942,51.9711485169779],[-3.04826713275532,51.9706954298682],[-3.0480364872856,51.9705721256935],[-3.0467783106612,51.9698994829035],[-3.04600151145392,51.9696726212773],[-3.04450631996317,51.9689126661458],[-3.04334273606452,51.9685897235076],[-3.04297450964872,51.9684542187056],[-3.04211364208475,51.9680527493567],[-3.03832700255396,51.9651326394118],[-3.03807660635454,51.9646897882754],[-3.03798581887678,51.9639038665261],[-3.03785502484053,51.9636038176913],[-3.03753801681894,51.9631121015316],[-3.0373817983565,51.9629651252502],[-3.03695274362785,51.962663208526],[-3.03677151821421,51.9617477110872],[-3.03658953964873,51.9614301293496],[-3.03622391178072,51.9610377399314],[-3.03598788076167,51.960900455541],[-3.03575820011371,51.9602064357532],[-3.03572976040522,51.9601204998402],[-3.03555745337733,51.9599062291714],[-3.03538711571702,51.9597773565833],[-3.03519609194751,51.9596981168801],[-3.03409223997037,51.9594785487991],[-3.03147040532427,51.9590654931704],[-3.03088591288428,51.9589627222365],[-3.03005959008402,51.9587856411888],[-3.02910036634647,51.9585243014934],[-3.02802290125686,51.9581830670891],[-3.02634837242546,51.9575053699195],[-3.02592825998755,51.957270769139],[-3.02542853121262,51.9567356581847],[-3.02524446675457,51.9563732116813],[-3.02468646077166,51.9557003216937],[-3.02418279892794,51.955035946998],[-3.02383222702091,51.9545563543273],[-3.0237724912231,51.9544637260211],[-3.01433281432052,51.9454850070451],[-3.0140191073784,51.945380626105],[-3.01349657884167,51.9451775217197],[-3.01333434110123,51.945080015969],[-3.01308987163877,51.9448843148724],[-3.01243443968892,51.9438829418489],[-3.01235948383486,51.9437846835167],[-3.00823373586958,51.9272581388503],[-2.99889469993679,51.9234886019757],[-2.99674928138649,51.923865528476],[-2.99252079732485,51.924607951873],[-2.99007020511377,51.9251249469512],[-2.98883053074591,51.9254257927145],[-2.98868728242665,51.9254602550198],[-2.98819107278481,51.9255129608052],[-2.98779820458396,51.925635899167],[-2.98712923904948,51.9257664551429],[-2.98702843972327,51.9256810085785],[-2.98703592648441,51.9256233273755],[-2.98656162835949,51.9255491013058],[-2.9860998297912,51.9256456449212],[-2.98354917864914,51.9257874414671],[-2.98335297942071,51.9259887225403],[-2.98321191087693,51.9260573181181],[-2.98250460826444,51.9262340153836],[-2.9818549367656,51.9263815521304],[-2.98160609195911,51.92644025841],[-2.98079355629604,51.9272625904242],[-2.98074428384212,51.9276037661548],[-2.98025916884007,51.9275672704956],[-2.97977363425922,51.9273079440112],[-2.97956595917695,51.9271873360988],[-2.97929116568277,51.92699097141],[-2.97857956458355,51.9271038603126],[-2.97752817985425,51.9275108960613],[-2.97117237544611,51.9134201490423],[-2.97537120273871,51.9096009909526],[-2.97275848557235,51.9058894127876],[-2.95864841279318,51.9067955747605],[-2.95800131660172,51.9068520798756],[-2.95789963503367,51.9068556050309],[-2.95742272516996,51.9067821824233],[-2.95694687374331,51.9066232669171],[-2.95601563705117,51.9065121847673],[-2.95571990531287,51.9064139128436],[-2.9422393271386,51.9094924812545],[-2.93392452368646,51.9150507172738],[-2.92804857964451,51.913891573869],[-2.91624346108662,51.917692135466],[-2.90413542883235,51.9251822002523],[-2.89227371982282,51.9254283158554],[-2.88704864911808,51.9281634657987],[-2.88865716334539,51.9334624609877],[-2.88269920691322,51.9343421613431],[-2.87542257173629,51.9330887259947],[-2.86990040075651,51.9267875260882],[-2.85943881337434,51.9277489770801],[-2.84515682480003,51.9222658623175],[-2.84644674545594,51.9198987123992],[-2.86333336574936,51.9171762759246],[-2.86187161480982,51.9139790704284],[-2.8541179863612,51.9132994469426],[-2.85371032628077,51.9157353724162],[-2.84516386201871,51.9152035172536],[-2.84201407836682,51.9177501581602],[-2.83614469601679,51.9060748456053],[-2.82376051160823,51.9052989462739],[-2.80867045189898,51.8962278759298],[-2.7969945688002,51.8884132195493],[-2.76845708326348,51.8805382700943],[-2.77272206180189,51.876794716052],[-2.77623154956349,51.8737236950712],[-2.77641599479149,51.8736406786977],[-2.77879887552431,51.865859065782],[-2.76916519376852,51.8614943037745],[-2.76911569646707,51.8614002456974],[-2.75699280317543,51.8459905055195],[-2.74126843487032,51.8425598203494],[-2.73884858634764,51.8366165094632],[-2.73154290806487,51.8413916861337],[-2.72758042926545,51.8401422458282],[-2.71966531119947,51.8488696891103],[-2.71610134718433,51.8407352516914],[-2.71022269587742,51.8390689526682],[-2.70511266084999,51.8456957693146],[-2.69733677490444,51.8447981340223],[-2.69336566959471,51.8338729566316],[-2.68700248327029,51.8330561769206],[-2.6864335256877,51.8358198505527],[-2.68619904659978,51.8360504508586],[-2.68677146220752,51.836378948732],[-2.68285081365734,51.8384562829004],[-2.6653839340164,51.8353710026876],[-2.6648132428822,51.8351503278707],[-2.65813703622344,51.8326542078917],[-2.65685722559277,51.8268809144197],[-2.65040070567432,51.8261246880221],[-2.65016225164442,51.8255092458847],[-2.64995025114785,51.8251525627778],[-2.6498728323064,51.8250334134749],[-2.65001532621458,51.8243439093878],[-2.65016630230065,51.8241143941251],[-2.65388651932636,51.8236470873574],[-2.6608714417656,51.8227538627137],[-2.65888845513819,51.8198005272619],[-2.66110684295623,51.8181165998143],[-2.66103111113301,51.8179030053283],[-2.6606984748177,51.8173411671047],[-2.66048230085147,51.8170240471114],[-2.65883213953321,51.81355186717],[-2.65884873490396,51.8128936164995],[-2.65882691439661,51.8124963462365],[-2.66228038499888,51.8100932778998],[-2.66462787184043,51.8102266209897],[-2.66648405821164,51.8097998301671],[-2.6734727336112,51.8073771941749],[-2.67346946507631,51.8071577985083],[-2.67429583798073,51.8071350750447],[-2.67539104254004,51.8067520587567],[-2.67568093720633,51.8063529971142],[-2.67564821885022,51.8059080638843],[-2.67653558363056,51.8051198523431],[-2.67647466938335,51.8051166069173],[-2.67699974541084,51.8045408172047],[-2.67705564509341,51.8043048997631],[-2.67853782959666,51.8028451984713],[-2.67860396466421,51.8026146142275],[-2.67852567716422,51.8023300339593],[-2.67787276322751,51.8016406220637],[-2.67773339328916,51.8014300731656],[-2.67752151964453,51.8007443762371],[-2.67758865779959,51.8004769330276],[-2.67752657225002,51.8003074037842],[-2.67758670523944,51.8001550565418],[-2.67756586792071,51.7999294692487],[-2.67744731116902,51.7997360242408],[-2.67717790759392,51.7993441706577],[-2.67711638764219,51.7992315933964],[-2.67691743318128,51.7988633054672],[-2.67578185712802,51.7979670759861],[-2.67455551553763,51.796996813666],[-2.67243991113677,51.7957078595521],[-2.67223294783861,51.7955354829784],[-2.66991661392954,51.7943789380825],[-2.67271459941374,51.7930771669939],[-2.67262175877502,51.7925904168037],[-2.6729805516384,51.7919490785725],[-2.67308871249296,51.7914251306037],[-2.67280445338023,51.7907362369184],[-2.67291196467375,51.7904577765641],[-2.67289070647863,51.7898087270911],[-2.67584421685202,51.7880690703019],[-2.67457802468424,51.7860001977435],[-2.67336148597512,51.7847285862797],[-2.67424484176079,51.7828074803875],[-2.67619776206953,51.7799136291239],[-2.67543307212349,51.7786511218064],[-2.67507712174037,51.7777738056162],[-2.67501695893964,51.777579921298],[-2.67864452209494,51.7722756323517],[-2.67945832004671,51.7672096626607],[-2.67855770554602,51.7662977323846],[-2.67436992725161,51.760868562445],[-2.6709771791855,51.7586706996973],[-2.66993674277472,51.7584662071779],[-2.66618920852437,51.7570363518827],[-2.66449841976689,51.7560531954754],[-2.66367922666773,51.7554707130857],[-2.66320422043307,51.7550885137627],[-2.66313552327037,51.7550178888737],[-2.66293180651011,51.7547349285762],[-2.66269206735517,51.7538947427429],[-2.6670862609868,51.7464393055655],[-2.66893375133592,51.7442267925728],[-2.66938482542774,51.7430966566349],[-2.66950787586876,51.7427587862261],[-2.66979026380863,51.742305839974],[-2.67075894973144,51.7414083457994],[-2.67135636233957,51.7407701378282],[-2.67139819976877,51.7406602343517],[-2.67177746038398,51.7375209420179],[-2.67222511999267,51.736362949282],[-2.67328849839103,51.7356141954609],[-2.67958286414166,51.7335296476375],[-2.68753448385493,51.7302052268534],[-2.68745333252323,51.7299098255371],[-2.6873909518673,51.7297168425933],[-2.6870898140724,51.7291467390182],[-2.68637760139366,51.728297599793],[-2.68573725662737,51.7278886656501],[-2.68208653377122,51.7258302867625],[-2.68137597139686,51.7253749068712],[-2.68051439842623,51.7246875935023],[-2.68168139650867,51.7216075830259],[-2.68166401024765,51.7214197300791],[-2.68122675434775,51.7201625891257],[-2.68027358172907,51.7176110048919],[-2.67988833185911,51.7158608858544],[-2.66897011888597,51.7070528132653],[-2.66897706851228,51.7023268421947],[-2.67523063048912,51.7002311530441],[-2.68236041893809,51.7033305984206],[-2.68394149466604,51.7009790917669],[-2.6740696109289,51.6975592294232],[-2.66889634205597,51.6913343639275],[-2.67283591342456,51.6816639577314],[-2.6569864049332,51.6735858778848],[-2.66841870685829,51.6692926042993],[-2.68382830154878,51.6685787570726],[-2.68497099562609,51.6612384959266],[-2.67809152496124,51.6597769187298],[-2.66597684034939,51.6644671488217],[-2.680059684461,51.648581817507],[-2.67738500274821,51.6445537583653],[-2.67530384430786,51.6447473417346],[-2.67424326299832,51.6455420539669],[-2.67138803918431,51.646469296983],[-2.66943906079065,51.6461288794984],[-2.66825661589071,51.6453524141629],[-2.66790450958105,51.6449291011476],[-2.66640345777187,51.6432355276159],[-2.66616520162816,51.6426389528163],[-2.66599499001056,51.6416840867747],[-2.66781459309127,51.6370412925695],[-2.66886752803205,51.6450036574271],[-2.6696326852458,51.6345285766874],[-2.66953611173274,51.6343942160525],[-2.66824038499484,51.632591412229],[-2.66556990094097,51.6288753823551],[-2.66547199458925,51.6287391303463],[-2.65794608894467,51.6221251070173],[-2.67143908464839,51.6082754969967],[-2.67150707038794,51.6082499859981],[-2.69194310207121,51.6005784110089],[-2.69266684707595,51.6012079631922],[-2.69427694719594,51.6026084344525],[-2.71039200015043,51.5836694631002],[-2.72500433110732,51.5817172570083],[-2.74705568014939,51.5802366564598],[-2.74785020945149,51.5801832567153],[-2.74844875395497,51.5801430819598],[-2.75738244498279,51.5782312910602],[-2.75847641390165,51.577997126445],[-2.79068069734656,51.5668402787596],[-2.79138836891143,51.5672806768098],[-2.81135119488122,51.5585641385074],[-2.8213581618749,51.5541920735788],[-2.82163585567918,51.5540701732376],[-2.84487710780917,51.5456894759836],[-2.86658719993077,51.5428393790405],[-2.86975010485866,51.5424237885562],[-2.90504052688807,51.5324171840444],[-2.92252666193866,51.5357591507989],[-2.914072273132,51.5425404045619],[-2.92250060458645,51.5367529676319],[-2.92245734351691,51.5386775601646],[-2.92744821147066,51.5359298457733],[-2.94806499486766,51.5350730300677],[-2.96034452779543,51.5363954396228],[-2.98153515849326,51.5449666031081],[-2.96724886972708,51.5533019913161],[-2.96119340975319,51.551984040317],[-2.96557877924508,51.5534460949557],[-2.96820248047568,51.5615315544796],[-2.98151601192749,51.567440735029],[-2.98361882730624,51.5683737795461],[-2.98314953736848,51.5686871773007],[-2.98060873712538,51.5703838493384],[-2.97353123972615,51.5751090493679],[-2.97509145788179,51.5795740162458],[-2.96875951239342,51.5781176495327],[-2.98072849753262,51.5816552715403],[-2.98107655112707,51.5819069363344],[-2.9930943339348,51.5906458917742],[-2.9884859317122,51.597480495856],[-2.99136950038768,51.6084316396859],[-2.98491327030803,51.6086487436671],[-2.98002961598185,51.6047754801924],[-2.97873401858333,51.6056433429763],[-2.97843027334409,51.6058468018071],[-2.98433806249885,51.609761349323],[-2.99274723739592,51.6094841344031],[-2.99338772745742,51.6094629945971],[-2.99160758347667,51.6043696945084],[-2.99092041822887,51.6017391861296],[-2.99489450276153,51.5913097050761],[-2.9939135408937,51.5904888768926],[-2.99362024480268,51.5902822880037],[-2.98539977580589,51.583824287728],[-2.98534004952415,51.5837773578969],[-2.97554838281911,51.5765813235824],[-2.98485832779991,51.5742637215278],[-2.98669418575382,51.5682715392309],[-2.96953036125037,51.5564752752631],[-2.98848903057862,51.5494949722254],[-2.99578089315202,51.5555381372576],[-2.99584457727104,51.5555909072464],[-2.99716421320937,51.5566843362632],[-2.99559598404612,51.5497352365038],[-2.99002632280446,51.5483598653189],[-2.99535948097479,51.5363869269647],[-3.02755313886609,51.5206044746358],[-3.04238508211675,51.520445733348],[-3.04674668022663,51.5142481471128],[-3.04727316737925,51.5134999169697],[-3.07207521452901,51.5032714147708],[-3.07558418539961,51.5053173931352],[-3.08265803328462,51.5018183201508],[-3.08336712414263,51.5015227000861],[-3.09039120430917,51.5098746229729],[-3.07806188124331,51.5132246629907],[-3.08214999653274,51.5148532269498],[-3.06891000794598,51.5202663722767],[-3.07731819214498,51.523665822846],[-3.08086631499698,51.5316056501664],[-3.09414171062504,51.5357041321614],[-3.11082053650016,51.5464558194535],[-3.1188911554542,51.5456379831059],[-3.14448296450805,51.5553377808013],[-3.15257557541337,51.5516412034686],[-3.16373462517749,51.5605050140722],[-3.20264515599679,51.5551659595027],[-3.21587414454534,51.5513483228741],[-3.21518933698127,51.5532014512033],[-3.22777759047508,51.5497468419114],[-3.23769569140824,51.552602684894],[-3.23679544074897,51.5581754107365],[-3.24856325695942,51.5689211730745],[-3.26277685900633,51.5662151343263],[-3.26428898598668,51.5691786848841],[-3.26853509247415,51.576363106724],[-3.26984751893858,51.5838310132279],[-3.28292850617264,51.585906481432],[-3.29138189699849,51.592106751493],[-3.30026448976997,51.6105985387793],[-3.30029475386869,51.6106509218643],[-3.3027035726546,51.6149947625822],[-3.30449575632833,51.6367024230146],[-3.31389674357014,51.6446826449655],[-3.30056868871727,51.6522150025867],[-3.29610987069155,51.6640939487461],[-3.28880375948518,51.6581946659667],[-3.28341738767277,51.6609268806004],[-3.2846798334777,51.6771298229469],[-3.27393042083335,51.6823368561502],[-3.30173181250996,51.7315078957493],[-3.30063731998051,51.7363143902388],[-3.31551152629488,51.731808629706],[-3.31011259357232,51.7394551139554],[-3.31794332314995,51.7428796885296],[-3.32719972002046,51.7560165922044],[-3.32904601048213,51.7586528064037],[-3.32905862941003,51.7587228325666],[-3.32989675258804,51.7637936582543],[-3.3303293033036,51.7665285914115],[-3.33086786652302,51.7698646911788],[-3.33194278012351,51.7760101266425],[-3.33278936805045,51.7816760675497],[-3.33447027982823,51.7904023126928],[-3.31009487268817,51.7943019867891],[-3.30858543846897,51.8061329605471],[-3.28343451733682,51.8254886575548],[-3.24824332869813,51.8151550604593],[-3.23877871810066,51.8123552850197],[-3.19207831846482,51.813248780813],[-3.15735167770916,51.8160510789088],[-3.14320757219499,51.8198598061426],[-3.1401940567742,51.8231935154775],[-3.14323868957997,51.8257337051182],[-3.13622528298441,51.8268096279762],[-3.13195191823627,51.8330055395264],[-3.11804157004046,51.838936279362],[-3.10157682525185,51.8318338185291],[-3.10315508962877,51.8398780587215],[-3.09473230058961,51.839295923456],[-3.09717296498312,51.8464275686096],[-3.0838134574078,51.8501399746948],[-3.07670966776329,51.8579260830627],[-3.06553111846703,51.8626422948186],[-3.07224579086096,51.8751961706337],[-3.05712068859064,51.8801435209897],[-3.04364600076934,51.8807142507286],[-3.03864242687823,51.8936916839555],[-3.04954731233429,51.9056523557123],[-3.04950657913779,51.9114457900436],[-3.05984804817177,51.9136899865758],[-3.06218838729769,51.9190897268757],[-3.07865087218254,51.9245307879104],[-3.08339803099021,51.9307117923674],[-3.08019789828075,51.9360856281076],[-3.09005398204765,51.9503546188234],[-3.08159314872394,51.9553940160701],[-3.09308619989053,51.9651906239873],[-3.08319451031861,51.9731124477885],[-3.07817828899073,51.9725894371096],[-3.06737674091607,51.9831362965463],[-3.06546021139489,51.9817844196802],[-3.06479477896391,51.9813543734678],[-3.06437147728706,51.9811125061366],[-3.06338516324162,51.9805489276561],[-3.06285195236337,51.9801671265997],[-3.05959062739978,51.9786320800155],[-3.05950653585757,51.9784620059865],[-3.05951451784957,51.9781832098007],[-3.05855442915421,51.9772927375514],[-3.05791844940301,51.9768713778402],[-3.05762461732263,51.9766525269575],[-3.05742941741415,51.9765071367574],[-3.057374978888,51.9763592724715],[-3.05736410277263,51.976206521268],[-3.05731634657223,51.9760212721091],[-3.0570288282167,51.9752609704874],[-3.05670171649127,51.9751623136172],[-3.05646431248561,51.9750907123041],[-3.05600495254958,51.9747486771061],[-3.05503826566021,51.9741909066677],[-3.05350511513961,51.9733774577917],[-3.05324027841794,51.9732584480403],[-3.05224432370457,51.9730021183932],[-3.05205922874621,51.9728689064159]]]},"properties":{"FID":41,"PFA23CD":"W15000002","PFA23NM":"Gwent","BNG_E":331783,"BNG_N":205361,"LONG":-2.98942,"LAT":51.74278,"GlobalID":"ef355cea-b9d0-46c7-bd5c-c7684a9f7962"}},{"type":"Feature","id":42,"geometry":{"type":"MultiPolygon","coordinates":[[[[-3.12146183609615,51.3798457743148],[-3.11780067315129,51.375099646194],[-3.12514028440515,51.3769677331052],[-3.12213993085465,51.3797402681561],[-3.12146183609615,51.3798457743148]]],[[[-4.32460748689473,51.5657595631145],[-4.31465657524201,51.5626611779702],[-4.32298083755829,51.5636084644512],[-4.32476447602351,51.5642693351496],[-4.3283115161871,51.5642147540021],[-4.33185315444658,51.5646174231509],[-4.33000460030268,51.5651277262549],[-4.32460748689473,51.5657595631145]]],[[[-4.31207835978251,51.6103033456966],[-4.31036540111641,51.6084120410775],[-4.3120436361369,51.6085822919881],[-4.31613358754949,51.6089970973665],[-4.31213015721612,51.6102866628255],[-4.31207835978251,51.6103033456966]]],[[[-3.40620092079886,51.8211646272144],[-3.40230936533691,51.8141984160876],[-3.38730028950219,51.815572402284],[-3.37824709299772,51.8108009151468],[-3.37285049731442,51.8122218215995],[-3.36592323203764,51.8045419947565],[-3.35753935294715,51.8069768389537],[-3.35554002979762,51.7967988038572],[-3.36005377637026,51.791088177896],[-3.33447027982823,51.7904023126928],[-3.33278936805045,51.7816760675497],[-3.33194278012351,51.7760101266425],[-3.33086786652302,51.7698646911788],[-3.3303293033036,51.7665285914115],[-3.32989675258804,51.7637936582543],[-3.32905862941003,51.7587228325666],[-3.32904601048213,51.7586528064037],[-3.32719972002046,51.7560165922044],[-3.31794332314995,51.7428796885296],[-3.31011259357232,51.7394551139554],[-3.31551152629488,51.731808629706],[-3.30063731998051,51.7363143902388],[-3.30173181250996,51.7315078957493],[-3.27393042083335,51.6823368561502],[-3.2846798334777,51.6771298229469],[-3.28341738767277,51.6609268806004],[-3.28880375948518,51.6581946659667],[-3.29610987069155,51.6640939487461],[-3.30056868871727,51.6522150025867],[-3.31389674357014,51.6446826449655],[-3.30449575632833,51.6367024230146],[-3.3027035726546,51.6149947625822],[-3.30029475386869,51.6106509218643],[-3.30026448976997,51.6105985387793],[-3.29138189699849,51.592106751493],[-3.28292850617264,51.585906481432],[-3.26984751893858,51.5838310132279],[-3.26853509247415,51.576363106724],[-3.26428898598668,51.5691786848841],[-3.26277685900633,51.5662151343263],[-3.24856325695942,51.5689211730745],[-3.23679544074897,51.5581754107365],[-3.23769569140824,51.552602684894],[-3.22777759047508,51.5497468419114],[-3.21518933698127,51.5532014512033],[-3.21587414454534,51.5513483228741],[-3.20264515599679,51.5551659595027],[-3.16373462517749,51.5605050140722],[-3.15257557541337,51.5516412034686],[-3.14448296450805,51.5553377808013],[-3.1188911554542,51.5456379831059],[-3.11082053650016,51.5464558194535],[-3.09414171062504,51.5357041321614],[-3.08086631499698,51.5316056501664],[-3.07731819214498,51.523665822846],[-3.06891000794598,51.5202663722767],[-3.08214999653274,51.5148532269498],[-3.07806188124331,51.5132246629907],[-3.09039120430917,51.5098746229729],[-3.08336712414263,51.5015227000861],[-3.10624695784761,51.4919798047176],[-3.11373838550428,51.492750629174],[-3.11394672848511,51.4927720587074],[-3.1213109906155,51.4905087740842],[-3.12197043871705,51.4894954503643],[-3.13200497159968,51.474070208271],[-3.14027058979129,51.4729837106976],[-3.13607006072271,51.4668992038274],[-3.15276243387375,51.4544992887405],[-3.15664901123427,51.4516108398059],[-3.1641183772287,51.4518408388634],[-3.16411944756048,51.4512355825852],[-3.16412911062178,51.4457575438428],[-3.1643982864147,51.4458168999274],[-3.16557404024211,51.4461046608531],[-3.16567321571392,51.4454863299356],[-3.16732840361765,51.4351901224833],[-3.16734093017114,51.4351374269395],[-3.17125554286708,51.4186639817886],[-3.17132548686659,51.4183695399635],[-3.16961189759061,51.406228332206],[-3.18710922552995,51.4023333607501],[-3.18760801070388,51.4000541597466],[-3.22411103584474,51.40367454198],[-3.23866394266818,51.3973816565335],[-3.23895388325043,51.3972562489404],[-3.24995688842222,51.3975888580114],[-3.25544058909996,51.3930740368207],[-3.25652370666317,51.3922997290136],[-3.25551104111715,51.3933365322165],[-3.25963463379523,51.3939527878488],[-3.26198861222981,51.3943045099479],[-3.25879921386221,51.3912600922714],[-3.25952639133754,51.3911579842027],[-3.26536204475522,51.3920650523209],[-3.26629845275443,51.3874636272505],[-3.27826289072865,51.389775020761],[-3.27893639942084,51.3853858320805],[-3.28592815147419,51.3896326501213],[-3.27942490272631,51.392575999899],[-3.28399379572301,51.3936850638719],[-3.28950827484271,51.3859623232853],[-3.30726434083055,51.392602189365],[-3.31664191067329,51.388843931751],[-3.31739279754697,51.3885429422875],[-3.34089908921785,51.3811912336399],[-3.35791953843218,51.3839267016561],[-3.38108168575594,51.3831838512204],[-3.38107201730226,51.385203657275],[-3.39364093137508,51.382455116997],[-3.39562081114086,51.3866147113297],[-3.39605128685771,51.3875190038807],[-3.39665494333254,51.3823302370788],[-3.40517518144139,51.3813443923629],[-3.41495678552908,51.3877730898374],[-3.43555418968102,51.3886241015014],[-3.43582036602765,51.3886068414444],[-3.43854315218291,51.3884302462822],[-3.44769412010143,51.3878362580763],[-3.51484935696394,51.3991851184418],[-3.5199912697041,51.4000522613265],[-3.53978714317256,51.397607852454],[-3.5589612520361,51.401326304978],[-3.5810852652266,51.4256537009736],[-3.58123565785986,51.4258189690861],[-3.5970472898935,51.4412273555536],[-3.60417890155212,51.441712668939],[-3.6067017449131,51.4433204186784],[-3.60632799186099,51.4463845114408],[-3.61772010282803,51.4506990506878],[-3.61865535634618,51.4513294190044],[-3.6199157648521,51.4517386376369],[-3.62163021188174,51.4528305150396],[-3.6282059662132,51.4546686579375],[-3.63045443027995,51.4555196393754],[-3.64186941925717,51.4633600062939],[-3.64153238337769,51.4679670550944],[-3.62671111328522,51.4738239000357],[-3.61965343558139,51.4766116702113],[-3.63863192605098,51.4701945824423],[-3.65039898218121,51.4776722101117],[-3.66666038827349,51.4806614319183],[-3.67574085635753,51.4788388776928],[-3.67792722422672,51.4755372986188],[-3.67947106041757,51.4732056848421],[-3.68740659961692,51.4770473851905],[-3.68992552407247,51.4753233783642],[-3.69854259593413,51.4781943229675],[-3.69959100339354,51.4736250622069],[-3.70137824075716,51.4737095236543],[-3.70789432113281,51.4761790963955],[-3.71640042599702,51.4794019277266],[-3.71689957469722,51.4794366713112],[-3.71902837091873,51.479584821296],[-3.72173005789416,51.4820092582677],[-3.72417225042527,51.4884710306069],[-3.72997129651004,51.4937647805366],[-3.73604694903043,51.4993094505269],[-3.74940707420378,51.5040177978515],[-3.74716881281748,51.505905433698],[-3.74579999290008,51.5070597278436],[-3.76269113465683,51.5365480373479],[-3.76121662426433,51.5361394926031],[-3.76157299178215,51.5365576586261],[-3.76280418115286,51.5380172971656],[-3.78089757032977,51.5592199729318],[-3.77998104804541,51.5597125707658],[-3.78094919771321,51.559280466722],[-3.78992230107543,51.5697944355262],[-3.79581893517496,51.569074172932],[-3.8040295637666,51.5696012915261],[-3.81723968286181,51.5743214584623],[-3.79725967928031,51.569211780605],[-3.80264815364537,51.5818044071414],[-3.81692155952108,51.5796634871856],[-3.79886634597438,51.5833362502046],[-3.7976812966107,51.5873898312312],[-3.79881948006371,51.5862420525574],[-3.79889899798155,51.586161861807],[-3.80072680584447,51.5843184966857],[-3.80911075377039,51.58653923136],[-3.811639251218,51.583597287725],[-3.80940906888344,51.587725218932],[-3.81771587851007,51.5932876600117],[-3.81849707712762,51.5937369458649],[-3.83688433911708,51.6043079603274],[-3.83746583240175,51.6047322136292],[-3.85081605712233,51.6144699027796],[-3.83779240217455,51.6215757029127],[-3.82468435098462,51.6282655619639],[-3.8318926080518,51.6259258347033],[-3.83099412194247,51.6347578115905],[-3.83090589128818,51.6354332806156],[-3.83077026460496,51.636958282298],[-3.8347809255703,51.6394055482021],[-3.83518681593332,51.6397248303157],[-3.83512729587594,51.6397601428946],[-3.83113173055654,51.6421304468275],[-3.83541406683032,51.6403001550433],[-3.83676211150238,51.6423797505486],[-3.83669143847486,51.6413613449495],[-3.83650393425684,51.6386590528697],[-3.84514807433903,51.6363177059949],[-3.83657857029772,51.6382874404511],[-3.83250286296683,51.6361659749008],[-3.8365583001917,51.6238942533483],[-3.84601008407309,51.6202657803346],[-3.84819602977418,51.6208209534436],[-3.85110423407492,51.6184292877425],[-3.88627542294726,51.6175441731574],[-3.89347699122318,51.618845276598],[-3.90276721123619,51.6132269341357],[-3.92375040154902,51.6093510854691],[-3.92287686064243,51.610313192074],[-3.93008258092381,51.6163394218671],[-3.9295863038405,51.6134095051895],[-3.93021647829035,51.6133745133681],[-3.96131851651812,51.6116308130566],[-3.97091011635314,51.6092010279455],[-3.97203291907412,51.6089165272838],[-3.99396733227727,51.5983818986013],[-3.99449402622692,51.5981288327566],[-3.9973891116361,51.5914475237128],[-3.99763280339965,51.5900108482507],[-3.99954145027406,51.5787555124086],[-3.99943855799978,51.578625606266],[-3.99939712898381,51.5785733002208],[-3.99607777637592,51.5743819936323],[-3.97633241995177,51.567771166549],[-3.99347084147173,51.5631297414571],[-4.00599941676059,51.5670985658894],[-4.00733520277822,51.5672723447938],[-4.01223839129261,51.567910084247],[-4.01320632187379,51.5657304639945],[-4.0219245281347,51.5633232122458],[-4.02437352485683,51.5631259189975],[-4.03122655916387,51.5697809649512],[-4.03152667198414,51.5700723517681],[-4.05780592231891,51.5637125828202],[-4.05878695470586,51.5634750165122],[-4.06422677206354,51.5572382224927],[-4.07414867869458,51.5621675402892],[-4.09693940029866,51.5646977814651],[-4.10460483022034,51.5665690550474],[-4.11111373382987,51.5698214738775],[-4.11141168803729,51.5699703385714],[-4.11133659142753,51.573078272419],[-4.11131643782655,51.5739123511287],[-4.11130584337597,51.5743508103043],[-4.11218079419659,51.5738774634584],[-4.12250000641412,51.5682935520512],[-4.14352311336311,51.5689633962053],[-4.14400992388279,51.568698977346],[-4.15656622416833,51.5618771158291],[-4.16103059637215,51.5553111105777],[-4.14698949622129,51.5456597855535],[-4.14734224727215,51.5443326979688],[-4.15261794236665,51.5410303391348],[-4.18268391518694,51.5484900612519],[-4.19479066038862,51.5482578524734],[-4.20837960781404,51.5442661634839],[-4.20494802030147,51.5387668412809],[-4.20496488151233,51.5378540469687],[-4.2132469566422,51.5374818050495],[-4.21617023581375,51.5414321187581],[-4.24004923438456,51.5431851593667],[-4.25875613699611,51.5527044283966],[-4.25893341372189,51.5534269845843],[-4.26885063508004,51.5559103799422],[-4.27937376177266,51.5591048795418],[-4.27883208892531,51.5614956230864],[-4.2913391985379,51.5630829753819],[-4.29697872101382,51.5596056739185],[-4.30825188162662,51.5630086381748],[-4.29061180105222,51.5698528635017],[-4.28907483044495,51.5763426108219],[-4.29631236207888,51.5963682257854],[-4.30920622894354,51.6096183814928],[-4.29761396845353,51.6150870187875],[-4.28620273161154,51.6137774510451],[-4.27965056655498,51.6159112804573],[-4.27239206424067,51.6248849863945],[-4.25504531233883,51.6308608849923],[-4.24584722287558,51.6474368330513],[-4.23059954796192,51.6477365673618],[-4.24246597205178,51.6463521584046],[-4.23252996814376,51.6422456850526],[-4.23617915237084,51.6413551297107],[-4.2353399054508,51.6376039757078],[-4.23991710483695,51.6394528837181],[-4.23982288796712,51.636631786812],[-4.23595154976182,51.63670020379],[-4.24744358547626,51.6278070318564],[-4.24271283934707,51.6286250413419],[-4.2463145538615,51.6253672633411],[-4.24277198376229,51.6267550301323],[-4.23991643990103,51.6216765030569],[-4.24556014016912,51.6179894430119],[-4.23972870947491,51.6215200075577],[-4.23974045609899,51.6218480225574],[-4.24209540535152,51.6269758621608],[-4.23670764252733,51.6236622327546],[-4.24248598191923,51.6297094204418],[-4.23884090469552,51.6276971696956],[-4.24201314567853,51.6299369862515],[-4.23827810603188,51.630502029182],[-4.23640949774489,51.6257092981285],[-4.23782621509286,51.6309791450263],[-4.2335520004678,51.6309257027989],[-4.23396639432446,51.6282127073619],[-4.23226399751154,51.6315041470105],[-4.2338881313531,51.622856184457],[-4.23143523805692,51.6266016701311],[-4.22920107311354,51.6230865498791],[-4.22871227024847,51.6303603322121],[-4.22372281878134,51.6209682817564],[-4.22537441950433,51.6262293243219],[-4.22022235786607,51.6259716880102],[-4.21844173188943,51.6212220092414],[-4.21322899338331,51.6240247013163],[-4.21834890308975,51.6243542167047],[-4.21678425293549,51.6260445352101],[-4.22461268454168,51.6276412694365],[-4.22149944620432,51.6287479198312],[-4.22548296418527,51.6298640145734],[-4.219354396773,51.6296203780205],[-4.21959189108808,51.6315565462952],[-4.21401747919389,51.6281038214097],[-4.20889594156033,51.6249308960396],[-4.22365801995024,51.6407081043193],[-4.21089472455419,51.641076954608],[-4.19683908202184,51.6353758774617],[-4.18819236964806,51.627475253825],[-4.19787415853376,51.6262664687833],[-4.18621825577923,51.6261619300643],[-4.17950673174438,51.6284938933902],[-4.1785922859919,51.6256043563312],[-4.16945317262515,51.6242925208566],[-4.16728910674372,51.6286625438698],[-4.16474485145329,51.625210309904],[-4.16605150756188,51.6221278002451],[-4.17140699322129,51.6228210696961],[-4.17075809615523,51.6221558950071],[-4.16532492740493,51.6220028198642],[-4.16152292154596,51.6320475628501],[-4.16135407495677,51.6321210420907],[-4.15283088376728,51.6358295729448],[-4.14965072403556,51.6311684407742],[-4.14823303396707,51.6349569111576],[-4.13787345102165,51.6354607282382],[-4.13378120052223,51.6322681046842],[-4.13991093915679,51.6384955148033],[-4.13379156780752,51.6405520238905],[-4.13744681444567,51.6421213468264],[-4.12508517286019,51.6405867008528],[-4.1050552901977,51.6437843475356],[-4.11685107071988,51.645826201146],[-4.11346413664794,51.6497073082408],[-4.09147165811183,51.6560637047922],[-4.07740783981399,51.6571788936527],[-4.07588979688888,51.6572991633364],[-4.07181657316513,51.6529998840376],[-4.07132384904206,51.6524797502402],[-4.07137599199687,51.6531500467203],[-4.07138004723074,51.653202176577],[-4.07163493141077,51.6564687855778],[-4.07168200198603,51.6570020387453],[-4.07207259701019,51.6569710140182],[-4.07390036276062,51.6567003333577],[-4.08129792709282,51.6620154472963],[-4.07125802723798,51.6669367082223],[-4.07078157235802,51.6684119220119],[-4.06976587153939,51.6715564710858],[-4.06937911372125,51.6727537368373],[-4.06404591949414,51.6726791745017],[-4.06243240030437,51.6726565688189],[-4.06425705029532,51.6727955521736],[-4.06699341321801,51.6730039257813],[-4.06947113372128,51.6731925483315],[-4.06982850915455,51.6732197500931],[-4.07579555216537,51.6804045464314],[-4.07716213849028,51.6820496519698],[-4.07296137571373,51.6848711396176],[-4.06786212522925,51.6810411627525],[-4.06430356325451,51.6913661780525],[-4.05828892426471,51.6936956596915],[-4.06198967102727,51.693141552552],[-4.06016766809124,51.6979720252477],[-4.06069884815336,51.6978076830574],[-4.05992627546333,51.69996093549],[-4.05274069675786,51.7008614099638],[-4.05130297605664,51.7060641135059],[-4.05364323599391,51.7093154864488],[-4.04306709770762,51.707499901952],[-4.0499554735442,51.7119044007087],[-4.04604492392369,51.7125605086433],[-4.04512506609456,51.7201236184891],[-4.04905959307908,51.7297924527782],[-4.04407030263468,51.7361751624903],[-4.03460327822986,51.7356163872342],[-4.02969306128621,51.7385201998561],[-4.02558472054475,51.7488105973368],[-4.02143149200423,51.7482346452244],[-4.00925852217966,51.7601038488772],[-4.00168319784235,51.7625693644466],[-4.00517085062549,51.7689571035267],[-3.99980417233353,51.774151471798],[-3.98495473230466,51.7697864927493],[-3.97960883305748,51.7646771455878],[-3.9532771985621,51.764719210989],[-3.94859014265915,51.7688644077229],[-3.93660340259396,51.7713279327773],[-3.93650461617364,51.7713554110544],[-3.91842457565384,51.7753011220655],[-3.90686957905786,51.7687286956055],[-3.90041177639776,51.7712621674345],[-3.88720583055589,51.7687979311018],[-3.8820962986127,51.7879048370055],[-3.89233815781316,51.7998987739245],[-3.90001817881651,51.8029734073159],[-3.88881951106425,51.8041978366419],[-3.86510424639149,51.8103611109088],[-3.84212616078769,51.8094654136832],[-3.82871344339656,51.8045969806136],[-3.81684188379015,51.8015187364664],[-3.8170913502471,51.796865944087],[-3.80669047538918,51.7879522852374],[-3.80139380765036,51.7815133415789],[-3.79637082670451,51.782180102139],[-3.78244696231322,51.7734934521449],[-3.78001130500055,51.768319373052],[-3.780388459144,51.7596713355433],[-3.77032044220936,51.7545216242931],[-3.75380704675331,51.7533871298557],[-3.74609070527297,51.7533922248221],[-3.737519012099,51.7581034078839],[-3.73125178316892,51.7670745852227],[-3.7366811016725,51.7698018624043],[-3.72865934731988,51.7758485346778],[-3.71203196196931,51.7783883275288],[-3.69241115982462,51.7816047109264],[-3.68576993785228,51.7802047060045],[-3.67036593629973,51.7871982142865],[-3.65297421151802,51.7854460351905],[-3.62874594741665,51.7747779881168],[-3.61220871267381,51.7717679557853],[-3.60365851594867,51.7739296363064],[-3.60136565007031,51.7717632523312],[-3.59129302676969,51.7546119606989],[-3.56564346678195,51.7648845408407],[-3.55986799668613,51.7775158819693],[-3.53706351746384,51.7761977180907],[-3.53535392379336,51.7798545278766],[-3.54121292551029,51.7845633303035],[-3.53133618966722,51.7859116989785],[-3.50234220364277,51.8010126336737],[-3.47632991677645,51.8094707299762],[-3.46854510346955,51.8234559768029],[-3.47007348567582,51.8285046273371],[-3.46013155656307,51.8301292499997],[-3.44779334923562,51.8230803148122],[-3.44418989536612,51.8164834006362],[-3.43336063904364,51.8208932912088],[-3.41715948163403,51.8350609910573],[-3.40237448114706,51.8263409628214],[-3.40620092079886,51.8211646272144]]]]},"properties":{"FID":42,"PFA23CD":"W15000003","PFA23NM":"South Wales","BNG_E":291642,"BNG_N":190817,"LONG":-3.56609,"LAT":51.60573,"GlobalID":"01e02d62-1374-414a-b2db-92f2661132b2"}},{"type":"Feature","id":43,"geometry":{"type":"MultiPolygon","coordinates":[[[[-4.70220512192761,51.6422771069918],[-4.69379990654238,51.6396994105313],[-4.6840832513296,51.6413794564802],[-4.67504505054047,51.6379407479616],[-4.6746707250603,51.6377266227806],[-4.68405664537645,51.629915447751],[-4.69440094878835,51.6345016772347],[-4.70347148501114,51.6320248901184],[-4.70134006837745,51.6383749288403],[-4.70951488873412,51.6421769710713],[-4.70220512192761,51.6422771069918]]],[[[-5.27255857211452,51.6956131101307],[-5.28819243542484,51.6934933010726],[-5.28933139660213,51.6963299803176],[-5.2792908006667,51.701021917066],[-5.27398897589969,51.703303571296],[-5.27189438048246,51.7031246758823],[-5.26465017495297,51.7018356798585],[-5.2705313043589,51.6993630468983],[-5.27026651556904,51.6973060456981],[-5.27255857211452,51.6956131101307]]],[[[-4.33853406779112,51.7250454158282],[-4.33644319361477,51.7227452098163],[-4.34260020013101,51.7248483447404],[-4.33436514999299,51.7270132463479],[-4.33853406779112,51.7250454158282]]],[[[-4.33460531876955,51.7285264650793],[-4.34143364719727,51.727018230157],[-4.33864061322809,51.7298302136888],[-4.33460531876955,51.7285264650793]]],[[[-5.66812342812174,51.7206665741718],[-5.66817181664226,51.7197456175741],[-5.66932862445889,51.7204534269971],[-5.66812342812174,51.7206665741718]]],[[[-5.47735739361143,51.7324857130561],[-5.48006712483309,51.7283661838166],[-5.48154134578904,51.7305067046942],[-5.47735739361143,51.7324857130561]]],[[[-5.28139348125984,51.7395513786497],[-5.28129419739276,51.7372203034727],[-5.2806222445255,51.7373931727398],[-5.28061643701631,51.7373238272011],[-5.28044754094337,51.7374381174282],[-5.27747041977869,51.7382039572359],[-5.27232664811608,51.7364369404655],[-5.27088965990993,51.7356126263786],[-5.27013703551834,51.7351157355988],[-5.27867459238694,51.7345635734177],[-5.27871620466158,51.7345610395311],[-5.27886350314048,51.734554968189],[-5.27924977305696,51.7337815105345],[-5.28027717551108,51.7317612071585],[-5.28141919666469,51.7367463952161],[-5.29303622474801,51.7283188690149],[-5.29846914343687,51.7293892648505],[-5.29660550053789,51.7304929561224],[-5.2939066749067,51.7314056284203],[-5.30876629964548,51.7325601993962],[-5.31144341870868,51.7346255961204],[-5.31286660304339,51.7388153819718],[-5.30956093500049,51.7411706119311],[-5.29965397923237,51.7449149961762],[-5.29300802513639,51.7435392785413],[-5.28139348125984,51.7395513786497]]],[[[-5.33531473947775,51.8693529480934],[-5.33226909899179,51.8581442693543],[-5.33270926293168,51.8546393681192],[-5.33311101686442,51.8537837488146],[-5.33869383306157,51.855953016786],[-5.34157431079677,51.8540470999929],[-5.34215437630788,51.8538093538439],[-5.34212366018484,51.8584262432058],[-5.34241773734444,51.8584013785834],[-5.34242219569498,51.8586128788582],[-5.34844950444736,51.8578912208596],[-5.34994771278484,51.8577644551018],[-5.35311967982164,51.8648758729322],[-5.35303258323878,51.8652603933739],[-5.34275646263489,51.8677994707039],[-5.34363084194613,51.8691150120942],[-5.34266796332124,51.8693876965527],[-5.3482547180379,51.876084773271],[-5.34730964115783,51.8763741719062],[-5.33825615738084,51.8790876870611],[-5.32981058097771,51.8777030894616],[-5.33531473947775,51.8693529480934]]],[[[-4.68849054741223,52.1318833980265],[-4.69504873164446,52.1315034217752],[-4.68884300642899,52.134089108762],[-4.68870787750427,52.1339939657715],[-4.68849054741223,52.1318833980265]]],[[[-3.97108759550894,52.5553639960629],[-3.98779453454702,52.5527225787407],[-3.98680682029315,52.5535634671879],[-3.96939111158104,52.5561996122439],[-3.97108759550894,52.5553639960629]]],[[[-3.15483896779282,52.8980929870089],[-3.14750393983102,52.8901693448939],[-3.13552413220342,52.8850136660634],[-3.14704141058896,52.8846972505021],[-3.15241672487316,52.878747886248],[-3.12771287514737,52.8671030319031],[-3.16264040154044,52.8479872102473],[-3.15174482669583,52.8418626217321],[-3.15647859472833,52.8370140528747],[-3.15511212127461,52.8307236043798],[-3.16788753046969,52.819266678782],[-3.16820515656899,52.807328442099],[-3.16141222613193,52.8035763651799],[-3.15430123218108,52.8074878946445],[-3.15412062361283,52.8025208769109],[-3.1619145375707,52.7992533761367],[-3.15842528976348,52.7934881029228],[-3.14799808832453,52.7920908113836],[-3.144552385033,52.7885091930814],[-3.14245428509554,52.790326537104],[-3.11890970948157,52.7872237200157],[-3.119066338311,52.7847779418166],[-3.10974828036882,52.7866867748829],[-3.10610108099855,52.7929553760174],[-3.09773093721515,52.7913736035839],[-3.08663218442715,52.7955931558439],[-3.085738068899,52.7903035723121],[-3.09169361801942,52.786751850201],[-3.08881964933085,52.7775393640165],[-3.08064859414838,52.777440547284],[-3.07951607132088,52.771513911764],[-3.07424570776923,52.7696172625617],[-3.06955621698082,52.7742220675038],[-3.06261034088793,52.7690748103203],[-3.05792568495652,52.7736853966648],[-3.04779141568697,52.7726355733758],[-3.05254038732917,52.7685883478595],[-3.04662733522515,52.7670325621824],[-3.03898545182156,52.7703947262685],[-3.03263394728735,52.7672500656626],[-3.03553234089734,52.7640491157192],[-3.02678561987293,52.7670457990696],[-3.02278646792633,52.7641171993071],[-3.01719151424293,52.7676407153281],[-3.01062003161084,52.7616446387898],[-3.014359474155,52.7529936189516],[-3.02189115209444,52.7523788410907],[-3.01664249738085,52.748531272207],[-3.00976876243176,52.7503466672211],[-2.99199278312435,52.7437560376404],[-2.99253721979029,52.7385796374964],[-2.99738295007643,52.7383546448533],[-2.99103015995307,52.7337178766621],[-2.97365263508716,52.735735350564],[-2.96506569361931,52.7322680639285],[-2.96669784921881,52.725646296741],[-2.96172224613079,52.7255645497863],[-2.96109991405064,52.716387247975],[-2.96559952342559,52.7144079645253],[-2.97810302517224,52.715357324982],[-2.97759195389928,52.7265916751035],[-3.00055465557069,52.7202753098192],[-3.01837994395229,52.7212661762484],[-3.0190403818907,52.7253337579646],[-3.02147728971123,52.7242448164798],[-3.02533813131382,52.7165116393287],[-3.0224859512498,52.7066679412475],[-3.03212276393134,52.6998896098082],[-3.03422412874811,52.6934407099899],[-3.04704782420661,52.6912658400172],[-3.0420819552301,52.6814970321144],[-3.0456565899251,52.6754637097909],[-3.03858027691564,52.6753731659248],[-3.04471113927556,52.6656128876261],[-3.049109580426,52.6623438871931],[-3.04493214125485,52.6559693668366],[-3.05086901030178,52.6534124802857],[-3.05112433418108,52.6473703190466],[-3.06959114609825,52.6458441672484],[-3.08356627752097,52.6412925192923],[-3.06957552666757,52.6374963543911],[-3.05980887011232,52.6307546624332],[-3.07318689672821,52.6289626614398],[-3.07205753373732,52.6260951721392],[-3.08254159156423,52.6195815482737],[-3.08260092033823,52.6156327768547],[-3.09362257365342,52.6093390867467],[-3.08955816271373,52.5995062971115],[-3.10042113203173,52.5976338414433],[-3.11741414899447,52.5857631466243],[-3.12214252075826,52.587636037295],[-3.13950076571608,52.5857198071629],[-3.13497843262842,52.5836748664779],[-3.13858558515981,52.5829318218794],[-3.13770789110085,52.5738340070736],[-3.12736020564463,52.5660502524095],[-3.11149542440582,52.5413637639296],[-3.13716063405154,52.5333937018633],[-3.13308143025898,52.5274741129364],[-3.10868277600728,52.5291669310088],[-3.08541228712571,52.534502701906],[-3.0807509267608,52.539143834134],[-3.09394324649299,52.5449022869698],[-3.09231115400474,52.5478301849296],[-3.06500385767174,52.5568292804623],[-3.05981644852868,52.5555605876821],[-3.03477476080113,52.5721649923178],[-3.01443998659297,52.5754974436957],[-3.00648394147031,52.5738404335206],[-2.99760358607628,52.5638436708026],[-2.99972006074677,52.5546693366534],[-2.99430716764492,52.5530480800461],[-3.00507490611383,52.5294612084802],[-3.000905364938,52.5241105167978],[-3.00387364775971,52.5198330362371],[-3.03237893922629,52.5237313424194],[-3.03079603663291,52.5195215604688],[-3.03671093415921,52.5132773592118],[-3.02920219998827,52.5012680249874],[-3.10812426801194,52.4993008929303],[-3.14492544498911,52.4887936413806],[-3.14532921465855,52.4885481350057],[-3.18059181517014,52.4738363444172],[-3.19724017301225,52.4759894035959],[-3.23087399741286,52.4532282352122],[-3.23555343310675,52.4425111831888],[-3.22834594121455,52.4395219151629],[-3.23066768403844,52.4305072783284],[-3.22227943576437,52.4267746235593],[-3.21954231380943,52.4212465653009],[-3.17885189317182,52.4094453010763],[-3.16058150132304,52.3999292606892],[-3.16152977033761,52.3921555563547],[-3.15444662965246,52.3877151712535],[-3.12954138427134,52.3845025362617],[-3.12021271534894,52.3774806681785],[-3.11060650812059,52.3771928577085],[-3.10075927452106,52.3677997607946],[-3.07054415760182,52.355976863575],[-3.06329658078396,52.3492111267604],[-3.04017440612675,52.344326448647],[-3.0000046271936,52.3517202440973],[-2.98592499272817,52.3508784279636],[-2.97450325778266,52.3547007710804],[-2.97053014603474,52.3513565764685],[-2.95465135625057,52.3491547619378],[-2.96345165238923,52.3346721296057],[-2.96396216309505,52.3343937361767],[-2.96680116367831,52.3294490737256],[-2.9730491036733,52.3288295152482],[-2.97397639341177,52.3282913882919],[-2.98698969506279,52.3235593660713],[-2.98726925234319,52.3235966660514],[-2.99697919209331,52.324557965043],[-3.0007270864235,52.3218478765057],[-3.00094585848268,52.3216572705086],[-3.00148078939084,52.3207887021898],[-3.0015573466969,52.3203430492007],[-3.00132035214736,52.2999441509363],[-3.00560327992807,52.2906480881234],[-3.01192729310232,52.2877709167547],[-3.01171756142912,52.2875739853386],[-3.0097812395321,52.2853924111239],[-3.00983893064233,52.2853513814979],[-3.00955786648255,52.2834333620469],[-3.0094591527071,52.2832805079554],[-3.01261128212472,52.2794137726788],[-2.99270576274024,52.2728132973985],[-2.96509455336909,52.2743290643018],[-2.94962136496068,52.2695258649155],[-2.95590871351638,52.2709118633744],[-2.96503838029795,52.2681249998257],[-2.96465908437432,52.2634709364261],[-2.96464084116097,52.2634422431141],[-2.96596193953717,52.2618931463824],[-2.97750294290696,52.2597733676699],[-2.97743511438894,52.2608213276779],[-2.97721675382983,52.2608843466208],[-2.99502281188851,52.2610699771978],[-3.00550225677038,52.2642717226502],[-3.0202484430321,52.2602296324623],[-3.02078286361239,52.26015031641],[-3.02680167793675,52.2580554000033],[-3.02922285478879,52.2579492940519],[-3.02946772626367,52.2578749920102],[-3.03826777759381,52.2542101021572],[-3.03884247350455,52.2536177675235],[-3.04344982261623,52.2535550276502],[-3.04505386674219,52.2533458331127],[-3.04515555416922,52.253352942051],[-3.04831298631203,52.2502248727737],[-3.04815513530056,52.249978018666],[-3.04795202623865,52.249612191891],[-3.04795596842785,52.2494718506097],[-3.04770118790928,52.2491333670164],[-3.04729827693336,52.2486747666064],[-3.04553989632351,52.2475126297692],[-3.04576677500861,52.246697342801],[-3.04707461458447,52.2462017220854],[-3.04776106765415,52.2459205757239],[-3.04986687160153,52.2449262050323],[-3.04976414021989,52.2448461511546],[-3.04971483317865,52.2448439197302],[-3.04367892074279,52.2455421568466],[-3.04386491802779,52.2453525653629],[-3.04339049819955,52.2450456780551],[-3.04331255121007,52.2449807467698],[-3.04311707076078,52.2448179058787],[-3.04311779047196,52.244657907666],[-3.04311576703006,52.2445715492578],[-3.04284500189802,52.243957165623],[-3.04320711477793,52.242909252071],[-3.04307032810542,52.2427558618798],[-3.04384069594838,52.2416979528866],[-3.04382229680065,52.2415363265196],[-3.04394586529342,52.2414852955811],[-3.0441721471281,52.2413240520285],[-3.04552405340839,52.2407857372817],[-3.04540603725014,52.2406860414572],[-3.04530448498781,52.2406078451554],[-3.04414636917664,52.2393055235141],[-3.04424008690469,52.2391158490461],[-3.0440895878639,52.2385678156122],[-3.04539165790517,52.2385769534981],[-3.04540889513049,52.2387005036943],[-3.04541816792801,52.2387700568567],[-3.04595703247197,52.2386003489677],[-3.05443249446866,52.2377475569892],[-3.05443397017436,52.2379372868537],[-3.05524660939447,52.237623426686],[-3.06004562724192,52.236111272737],[-3.05992599182343,52.2363577917075],[-3.06327954119033,52.2362997413226],[-3.06334434487353,52.2367432692483],[-3.06605322539088,52.2358197111847],[-3.06611065714568,52.2358937931943],[-3.06678745143738,52.2359066392357],[-3.06683644869051,52.235943872417],[-3.06743978183036,52.2362387876104],[-3.06726335376623,52.236514529887],[-3.07400227544547,52.234200256831],[-3.07393705261248,52.2341386839317],[-3.07295407901101,52.2326912209568],[-3.07293218670803,52.2326679763753],[-3.07272652723884,52.2324559988216],[-3.07264228402046,52.2323875890879],[-3.07254150061554,52.2322975627738],[-3.07256715366849,52.2320042584924],[-3.07197696723409,52.2314540563542],[-3.07185465619934,52.2312977816013],[-3.07169042455722,52.2311050384675],[-3.07156430139133,52.230915631597],[-3.07148552571894,52.2308678090151],[-3.07140630619531,52.2278466233282],[-3.0713741025935,52.2278136954117],[-3.07304708613732,52.2235116250442],[-3.07222727732273,52.2233536754233],[-3.07801192761048,52.2160480104788],[-3.07220950875477,52.2149940871371],[-3.07220573826102,52.2144789010064],[-3.0722012462501,52.2142919852077],[-3.07227191360337,52.2139434051094],[-3.07210637947488,52.2132868024623],[-3.07246579213586,52.2129472081063],[-3.0724958760961,52.2129901061433],[-3.07541814668195,52.2133132620185],[-3.07542574072464,52.2133536122554],[-3.07722199754993,52.213095363929],[-3.09093146675872,52.2057775442217],[-3.09157493574685,52.2053382640628],[-3.09179896839144,52.2051644239234],[-3.09349010511775,52.2041894341996],[-3.09392842859887,52.2038590036516],[-3.09508415016077,52.2034302330017],[-3.09726659710755,52.2029181118285],[-3.09739316979575,52.2028890707162],[-3.097848305511,52.2027140570145],[-3.09809162721944,52.2026686485401],[-3.09819513003313,52.2026533031935],[-3.09832711365689,52.2026088407089],[-3.09838990162873,52.2026010651867],[-3.09885164004545,52.20251317385],[-3.10097855602133,52.2026048894602],[-3.10153590128469,52.2027147376556],[-3.10195084173338,52.202691088375],[-3.10208187078616,52.2027204247282],[-3.09465104889233,52.1837422721208],[-3.10140991621773,52.1772661370058],[-3.11248966538687,52.1736233334651],[-3.11245934549557,52.1702313021258],[-3.12199485648723,52.1669168319366],[-3.12243047087079,52.1634196046664],[-3.09889603996449,52.1547338851738],[-3.08254318096633,52.1630471599712],[-3.0715715098143,52.1581897488746],[-3.0725382658941,52.1557732338737],[-3.09369007605061,52.1443059955093],[-3.13587330508285,52.137908391339],[-3.13413719876664,52.1335779159902],[-3.14122947075569,52.1299219958831],[-3.13681484638137,52.1233202545313],[-3.12806150953142,52.1245704997672],[-3.10492212967307,52.1167418928952],[-3.10784629665687,52.1135174030185],[-3.10783374698134,52.1134056719097],[-3.10534931223889,52.105417821816],[-3.12103651230468,52.1041163330185],[-3.12116979268074,52.104074604417],[-3.11882417854068,52.0886528271608],[-3.12589457339956,52.0783105771297],[-3.11833311578482,52.0701639267648],[-3.10994989815687,52.0633335310343],[-3.1098160125025,52.063288951806],[-3.09078087745997,52.0508252935815],[-3.09281242205453,52.0474787910002],[-3.08649189284935,52.0411428326716],[-3.09919890693024,52.0226858076554],[-3.08689696098424,52.0139113856829],[-3.08408810673976,52.0041082533495],[-3.06737674091607,51.9831362965463],[-3.07817828899073,51.9725894371096],[-3.08319451031861,51.9731124477885],[-3.09308619989053,51.9651906239873],[-3.08159314872394,51.9553940160701],[-3.09005398204765,51.9503546188234],[-3.08019789828075,51.9360856281076],[-3.08339803099021,51.9307117923674],[-3.07865087218254,51.9245307879104],[-3.06218838729769,51.9190897268757],[-3.05984804817177,51.9136899865758],[-3.04950657913779,51.9114457900436],[-3.04954731233429,51.9056523557123],[-3.03864242687823,51.8936916839555],[-3.04364600076934,51.8807142507286],[-3.05712068859064,51.8801435209897],[-3.07224579086096,51.8751961706337],[-3.06553111846703,51.8626422948186],[-3.07670966776329,51.8579260830627],[-3.0838134574078,51.8501399746948],[-3.09717296498312,51.8464275686096],[-3.09473230058961,51.839295923456],[-3.10315508962877,51.8398780587215],[-3.10157682525185,51.8318338185291],[-3.11804157004046,51.838936279362],[-3.13195191823627,51.8330055395264],[-3.13622528298441,51.8268096279762],[-3.14323868957997,51.8257337051182],[-3.1401940567742,51.8231935154775],[-3.14320757219499,51.8198598061426],[-3.15735167770916,51.8160510789088],[-3.19207831846482,51.813248780813],[-3.23877871810066,51.8123552850197],[-3.24824332869813,51.8151550604593],[-3.28343451733682,51.8254886575548],[-3.30858543846897,51.8061329605471],[-3.31009487268817,51.7943019867891],[-3.33447027982823,51.7904023126928],[-3.36005377637026,51.791088177896],[-3.35554002979762,51.7967988038572],[-3.35753935294715,51.8069768389537],[-3.36592323203764,51.8045419947565],[-3.37285049731442,51.8122218215995],[-3.37824709299772,51.8108009151468],[-3.38730028950219,51.815572402284],[-3.40230936533691,51.8141984160876],[-3.40620092079886,51.8211646272144],[-3.40237448114706,51.8263409628214],[-3.41715948163403,51.8350609910573],[-3.43336063904364,51.8208932912088],[-3.44418989536612,51.8164834006362],[-3.44779334923562,51.8230803148122],[-3.46013155656307,51.8301292499997],[-3.47007348567582,51.8285046273371],[-3.46854510346955,51.8234559768029],[-3.47632991677645,51.8094707299762],[-3.50234220364277,51.8010126336737],[-3.53133618966722,51.7859116989785],[-3.54121292551029,51.7845633303035],[-3.53535392379336,51.7798545278766],[-3.53706351746384,51.7761977180907],[-3.55986799668613,51.7775158819693],[-3.56564346678195,51.7648845408407],[-3.59129302676969,51.7546119606989],[-3.60136565007031,51.7717632523312],[-3.60365851594867,51.7739296363064],[-3.61220871267381,51.7717679557853],[-3.62874594741665,51.7747779881168],[-3.65297421151802,51.7854460351905],[-3.67036593629973,51.7871982142865],[-3.68576993785228,51.7802047060045],[-3.69241115982462,51.7816047109264],[-3.71203196196931,51.7783883275288],[-3.72865934731988,51.7758485346778],[-3.7366811016725,51.7698018624043],[-3.73125178316892,51.7670745852227],[-3.737519012099,51.7581034078839],[-3.74609070527297,51.7533922248221],[-3.75380704675331,51.7533871298557],[-3.77032044220936,51.7545216242931],[-3.780388459144,51.7596713355433],[-3.78001130500055,51.768319373052],[-3.78244696231322,51.7734934521449],[-3.79637082670451,51.782180102139],[-3.80139380765036,51.7815133415789],[-3.80669047538918,51.7879522852374],[-3.8170913502471,51.796865944087],[-3.81684188379015,51.8015187364664],[-3.82871344339656,51.8045969806136],[-3.84212616078769,51.8094654136832],[-3.86510424639149,51.8103611109088],[-3.88881951106425,51.8041978366419],[-3.90001817881651,51.8029734073159],[-3.89233815781316,51.7998987739245],[-3.8820962986127,51.7879048370055],[-3.88720583055589,51.7687979311018],[-3.90041177639776,51.7712621674345],[-3.90686957905786,51.7687286956055],[-3.91842457565384,51.7753011220655],[-3.93650461617364,51.7713554110544],[-3.93660340259396,51.7713279327773],[-3.94859014265915,51.7688644077229],[-3.9532771985621,51.764719210989],[-3.97960883305748,51.7646771455878],[-3.98495473230466,51.7697864927493],[-3.99980417233353,51.774151471798],[-4.00517085062549,51.7689571035267],[-4.00168319784235,51.7625693644466],[-4.00925852217966,51.7601038488772],[-4.02143149200423,51.7482346452244],[-4.02558472054475,51.7488105973368],[-4.02969306128621,51.7385201998561],[-4.03460327822986,51.7356163872342],[-4.04407030263468,51.7361751624903],[-4.04905959307908,51.7297924527782],[-4.04512506609456,51.7201236184891],[-4.04604492392369,51.7125605086433],[-4.0499554735442,51.7119044007087],[-4.04306709770762,51.707499901952],[-4.05364323599391,51.7093154864488],[-4.05130297605664,51.7060641135059],[-4.05274069675786,51.7008614099638],[-4.05992627546333,51.69996093549],[-4.06069884815336,51.6978076830574],[-4.06456729335125,51.6966107114224],[-4.06624798266804,51.6960906147751],[-4.06520659026658,51.6928943746464],[-4.07169908431345,51.6943186728307],[-4.06771705933281,51.6902944609707],[-4.07365533630468,51.688561196616],[-4.07816264597271,51.6908438756031],[-4.08215778825627,51.6848325129665],[-4.08210822236717,51.6840509602033],[-4.08187028500277,51.6802972483845],[-4.08087935165527,51.6646523070011],[-4.08534871553005,51.6617360600663],[-4.0892306891414,51.6634932670151],[-4.10604318347634,51.660671434711],[-4.10653526750521,51.6606158937808],[-4.12466569470279,51.6585679939134],[-4.12642044521392,51.6609660871304],[-4.13016254357997,51.658005315307],[-4.13543914845091,51.6602017262802],[-4.13325911388743,51.6653815354921],[-4.13531913807387,51.661080413193],[-4.1363442473675,51.6589397699735],[-4.13894856791679,51.6606954177607],[-4.14561677345334,51.6548085469445],[-4.15446411298078,51.6551879142372],[-4.15425267768887,51.6575587105831],[-4.16377755330107,51.6598862898309],[-4.1634348650602,51.6645598268018],[-4.16754677311485,51.6639984078801],[-4.16473407305763,51.6663317278675],[-4.1704390082214,51.6713049176964],[-4.17015701086103,51.6654223216953],[-4.17753911299425,51.6668630202656],[-4.17263211802784,51.667765932906],[-4.18085815053871,51.6765576688048],[-4.17914627905342,51.6776874167875],[-4.17963900905196,51.6778582491969],[-4.18145993964641,51.6784895478207],[-4.19663874386868,51.6837500904032],[-4.22340984458522,51.6838279274376],[-4.22400560220563,51.6838295893007],[-4.22556233163455,51.6807236827581],[-4.24028587915086,51.678547280166],[-4.24460915567725,51.678170466768],[-4.25037963522961,51.678145438978],[-4.24909862554908,51.6822149868934],[-4.25366252195858,51.6827614799629],[-4.25105136228855,51.6771769578912],[-4.250844935011,51.676735408177],[-4.25290593103567,51.6771413642049],[-4.26246155227356,51.6790229755848],[-4.26229859491875,51.6769605899465],[-4.26221451854882,51.6758964288879],[-4.26344464088059,51.6761861207794],[-4.26639748049028,51.6768814400856],[-4.27387039606083,51.6786407142326],[-4.28908681709866,51.6769502663169],[-4.28882454685194,51.676446609964],[-4.28809384980149,51.675043333878],[-4.27828214090374,51.6766514991515],[-4.27196375202631,51.6776866071619],[-4.27567197581372,51.6767020324673],[-4.2764904084715,51.6764847071093],[-4.2655654488193,51.6757679307876],[-4.26499598561366,51.6727914500756],[-4.28309240376888,51.6676018180493],[-4.30903349525467,51.671959805268],[-4.31544519481097,51.6753880709099],[-4.31641211333488,51.675904994865],[-4.33562718965963,51.6861734203708],[-4.3709055613999,51.7146696458451],[-4.37967140720467,51.7273488491076],[-4.37880789696587,51.7326083538553],[-4.36509242376964,51.7268941525292],[-4.36656225639934,51.7293888853789],[-4.36054562738286,51.7302905253893],[-4.36298516653656,51.7246685175141],[-4.35751543997947,51.7296966865033],[-4.36036152717913,51.7232832988393],[-4.35936996598518,51.7231941696044],[-4.35564965252984,51.7285164683932],[-4.34926247077649,51.7290337580199],[-4.35600079164262,51.7268043562327],[-4.35555813945726,51.7241396440387],[-4.3557124988471,51.7267741641221],[-4.35308225887745,51.7249257752718],[-4.35485197238167,51.7269901626408],[-4.34858045201944,51.7265203759832],[-4.35067686433555,51.7281313528896],[-4.34817068613018,51.728848924343],[-4.34901662492941,51.7287886358263],[-4.34596485639112,51.7308209305906],[-4.34459913484908,51.7298714027246],[-4.34229877321923,51.7305298781531],[-4.34273344435966,51.7278838558275],[-4.34203020485938,51.7279128449716],[-4.34357821791434,51.7254475575358],[-4.35793420819841,51.7230650974686],[-4.35334269015474,51.7226522060506],[-4.34619604676172,51.7247154700805],[-4.35054605411084,51.7213955314759],[-4.34560867915723,51.7229646082068],[-4.34879813123991,51.7214466834621],[-4.3432558775035,51.7202794606132],[-4.34304674740778,51.7250561979059],[-4.34226307394158,51.7217462737751],[-4.34185017837706,51.7240656666722],[-4.33806084239805,51.7229180968539],[-4.34097505974914,51.7205533886694],[-4.34197428576037,51.719939914748],[-4.33656300968711,51.7210252023359],[-4.33646437284944,51.7175109344969],[-4.33506549316377,51.722310401983],[-4.33417155893869,51.7175780936359],[-4.32981213713887,51.7178867531289],[-4.33334560112105,51.7191952410646],[-4.33095692905515,51.7227759902655],[-4.3291921211886,51.7210634773233],[-4.32742448600198,51.7227126085592],[-4.33067656427934,51.722814823297],[-4.33057971092908,51.7252106724997],[-4.32674987886527,51.723341951106],[-4.32557052548002,51.7244421224027],[-4.32217524138239,51.7235740111745],[-4.32393728071895,51.7215203823368],[-4.32276629468741,51.721064986969],[-4.31994366533714,51.722297061489],[-4.32182420730866,51.7246349286067],[-4.31779982267046,51.7215005721132],[-4.31225734245546,51.7214629710866],[-4.31789047341752,51.7232610790742],[-4.31261762673058,51.7237274748909],[-4.31792122217549,51.7238627517199],[-4.3190421128649,51.7238913089885],[-4.3179553307299,51.7245301591269],[-4.3150117138975,51.7262603741297],[-4.30897611667257,51.7245562956524],[-4.30908641875173,51.7241359648521],[-4.30566591044542,51.7226212870958],[-4.30639480903226,51.724807657379],[-4.30662293645871,51.7254918886945],[-4.30586908324582,51.7249770993572],[-4.30332561939084,51.7232400986769],[-4.30194556541045,51.7262432465376],[-4.31113090877162,51.7264355535604],[-4.31478608025272,51.726506454166],[-4.31805958444747,51.7265698545266],[-4.32236351519289,51.7266530632764],[-4.31964371456593,51.7273264116133],[-4.32504584455395,51.729680981068],[-4.32016565496986,51.7283844495869],[-4.32502348717946,51.7318972611303],[-4.31861122848161,51.7363832376641],[-4.31856208503216,51.7363873350002],[-4.30551969703593,51.7374739329429],[-4.29545639616487,51.7418840236165],[-4.30445293990881,51.7403077913221],[-4.3055863873064,51.7375617176491],[-4.31866284112515,51.7383541346039],[-4.32056359100219,51.7384691977332],[-4.3215956924243,51.7345297874693],[-4.32597466772469,51.7356808228129],[-4.36430088780732,51.7372259009045],[-4.37539949858697,51.7470669616178],[-4.37601988322604,51.7556003408016],[-4.37216990863805,51.7679858380026],[-4.36320752833132,51.7761601409505],[-4.36614505012704,51.7873323173759],[-4.3595841300209,51.7892870826435],[-4.35863958714686,51.7873329626897],[-4.35558065773764,51.7892701067466],[-4.34348517417474,51.796927493296],[-4.33682861092616,51.7961813838868],[-4.33389190133717,51.7975793365177],[-4.32687808498197,51.8009174766938],[-4.3341682637452,51.7987549247571],[-4.34123644087473,51.8002169006222],[-4.35620733545575,51.7951677797223],[-4.3634647307721,51.7964169407081],[-4.37394298861475,51.7851975463743],[-4.37668233134568,51.7757157866878],[-4.38809416809526,51.7652271668158],[-4.40385820068385,51.7572509913931],[-4.42666175748821,51.76371678939],[-4.43527124153569,51.7634316547549],[-4.44893758095866,51.7701649802692],[-4.43748392991726,51.7731873204166],[-4.43530535495964,51.779276720493],[-4.44078992072253,51.7737949664364],[-4.43841787862837,51.7793952834233],[-4.44221797738169,51.7840821466565],[-4.4546708082631,51.7885522356475],[-4.45073689970289,51.7946830697537],[-4.45410656936672,51.7933928694542],[-4.45600972412697,51.7926641031053],[-4.456306226544,51.7925505601395],[-4.45607877720134,51.792887214924],[-4.45443950054976,51.7953134054493],[-4.45349389433377,51.7967128134484],[-4.45710858468699,51.7971851955025],[-4.45733790897997,51.7972566472601],[-4.45690216288959,51.7928055451941],[-4.45522418489272,51.7899873839042],[-4.45522825608042,51.7898344484702],[-4.46560953906944,51.7894850519664],[-4.47160461006342,51.7892828567771],[-4.45841441258126,51.788221290328],[-4.44807974866218,51.7811273960068],[-4.45964133120665,51.7680411688877],[-4.4627854259538,51.7690571960347],[-4.45561502841879,51.7627070324496],[-4.4589990300195,51.7604914511447],[-4.44807457649232,51.7610226213361],[-4.44933974657908,51.7581580496613],[-4.44502034816149,51.7593739299297],[-4.44631957572213,51.7570293812919],[-4.44288125984142,51.7555865026006],[-4.44436210452812,51.7589928302709],[-4.43910209999255,51.7531676300032],[-4.42480507605521,51.74873320105],[-4.43028382893095,51.7478834441517],[-4.41773495014819,51.7452376133585],[-4.42005622171396,51.7425081091205],[-4.44568310580043,51.7334779972349],[-4.46282162303834,51.7316954125059],[-4.55918662978946,51.7419697460653],[-4.57869024897759,51.7342658257705],[-4.60833724216159,51.7378523099935],[-4.61085374092157,51.7381563731335],[-4.62877726468323,51.7338498770378],[-4.63285222008331,51.7351814256326],[-4.63357123022251,51.7350917480489],[-4.6611201196416,51.731652188229],[-4.68481407126084,51.723041136785],[-4.68642629228261,51.7224549203774],[-4.69747799844373,51.7115508874962],[-4.69791777661605,51.7111168590344],[-4.69542288927717,51.7068724829277],[-4.69513574320019,51.7065716933893],[-4.68781069639075,51.6988969810409],[-4.68020032626247,51.697420596413],[-4.69700928284258,51.6859655006796],[-4.70081936519249,51.6734713821975],[-4.69378460139584,51.6721080978537],[-4.69347661544758,51.6719252167234],[-4.70014627659285,51.6677069005502],[-4.71444576406821,51.6586589971526],[-4.71604437938723,51.6543194648679],[-4.71103510007341,51.6521238346178],[-4.72082431866813,51.6515459589356],[-4.74201853041056,51.6541508892865],[-4.74713983863826,51.6533620405963],[-4.75132963085094,51.6536594406548],[-4.75295695349189,51.6529860720106],[-4.75457074063949,51.653060907897],[-4.75579197597591,51.6520287344555],[-4.75966399791316,51.6514318109254],[-4.76011387579449,51.6513624470047],[-4.76128700424492,51.6468065376708],[-4.75593465534437,51.6440327586784],[-4.77704545525568,51.6424154095158],[-4.77570980954477,51.6406834553396],[-4.7805712387314,51.6353635067703],[-4.78107642494656,51.6349414731246],[-4.79184139487333,51.6391360201137],[-4.806195218217,51.6389825252522],[-4.80403235518696,51.6431903378099],[-4.81288184015686,51.6451703859682],[-4.82084726314768,51.6432438159609],[-4.82437831036302,51.6426951915913],[-4.83156741993579,51.6479643032261],[-4.83326680779748,51.6469807838674],[-4.84282457040564,51.6453435254503],[-4.84490092248177,51.6454115928618],[-4.84514973578317,51.6454197473411],[-4.86080230678263,51.6471259252669],[-4.86753717850281,51.6409945310827],[-4.86312437290108,51.6380464787905],[-4.8771132661087,51.637134168045],[-4.87968121667968,51.6320623934066],[-4.89020997241911,51.6313610730123],[-4.89122609247892,51.6308581495207],[-4.89869434532258,51.6271611687933],[-4.89850974147764,51.6257027763989],[-4.90199628085522,51.618823357458],[-4.90414333942033,51.617204080261],[-4.89655419984772,51.6102131316287],[-4.90080297661297,51.6111733721007],[-4.9042150190401,51.6120704035317],[-4.9044449370679,51.612033965453],[-4.90838708594163,51.6129653281431],[-4.91161806367054,51.6108969018426],[-4.91369275805879,51.6105679346681],[-4.91728416756177,51.6083443863351],[-4.92314792621824,51.6114068609079],[-4.92630403656103,51.5961137724587],[-4.92713222813513,51.5962816724106],[-4.93436072244698,51.5987445763693],[-4.93742806656443,51.5983683571632],[-4.94207540196286,51.5993098830296],[-4.94184943541589,51.5978259119221],[-4.94834988836488,51.59703024855],[-4.95610933277227,51.6038508108659],[-4.97349266412958,51.6060657523733],[-4.97539824617055,51.6103985096753],[-4.98303318647459,51.6092584527842],[-4.98353514424045,51.6095404614811],[-4.98732682997613,51.6121637799412],[-4.98796022645175,51.6120439526384],[-4.98818607031981,51.6121637809816],[-4.98947239015263,51.6128757090776],[-4.9897613902818,51.6118524170536],[-4.99167492641902,51.6114741702118],[-4.99317977648551,51.6125311468941],[-5.00766699493398,51.6086493026411],[-5.03283593997793,51.6181514936399],[-5.05932965267492,51.6205982505359],[-5.06195439547208,51.6293467739227],[-5.06145807782979,51.6297142389522],[-5.0509243125646,51.6329927617911],[-5.04995612800973,51.6377741179702],[-5.05991444609948,51.657264654196],[-5.06146034355917,51.6588409702051],[-5.06703679638609,51.6645260322546],[-5.07532262100261,51.6646979750841],[-5.09235820416838,51.6678333296746],[-5.09474263252286,51.6686009411879],[-5.09817449780834,51.6678380172852],[-5.10112808166772,51.6674469003531],[-5.11348735045543,51.6742313151727],[-5.1199271678911,51.6722905434161],[-5.12205528721473,51.6718502179274],[-5.12064447665612,51.6728668503236],[-5.11745393899026,51.6747340758193],[-5.12465913718858,51.6818147366515],[-5.12081552568907,51.6831529693914],[-5.10675975106731,51.686197622857],[-5.11324332109184,51.6914631672707],[-5.11159638040291,51.6918656973526],[-5.07985016300371,51.6897651728057],[-5.07562843560659,51.6871549532405],[-5.08669199153988,51.6844252769103],[-5.07833917785855,51.6792299612376],[-5.051204946445,51.6760050744104],[-5.04542397787592,51.6766948680826],[-5.04229487273864,51.6811400320407],[-5.04461932521415,51.6848178904091],[-5.05662706239002,51.687858161321],[-5.05118326939394,51.6939020577997],[-5.04026273247716,51.6944320884138],[-5.01876488210943,51.6926974953557],[-5.00939112201494,51.6902375899377],[-5.00741295388581,51.6873353971488],[-5.00458035579316,51.6897491299389],[-4.9816681833321,51.6891960671173],[-4.98065402400624,51.6878552793603],[-4.97997487805358,51.6865574899535],[-4.98596939898032,51.684101886385],[-4.98628872466088,51.6839969768569],[-4.97858939103109,51.677686590102],[-4.98176040914112,51.6740938304876],[-4.97552429173129,51.6742961905911],[-4.97453904421063,51.6718001069314],[-4.96441210108065,51.6765228704594],[-4.94098547926972,51.6774981935923],[-4.9380186839387,51.6729240901225],[-4.93668205157947,51.6719162663588],[-4.93645562578758,51.6717465004501],[-4.93606489601372,51.6795299661974],[-4.92389740815601,51.6789218928836],[-4.92191357022978,51.6788226273295],[-4.92338777260042,51.6794084897048],[-4.9251882741005,51.6801239821259],[-4.92631646130647,51.6805722818773],[-4.93029223295075,51.682149482361],[-4.93952123143984,51.6799093132098],[-4.94455732669828,51.6822043078387],[-4.94473082430394,51.6817854508335],[-4.94539420768822,51.6801838470995],[-4.9535558164,51.6811875597918],[-4.97555732129003,51.6868592067039],[-4.97609119375708,51.6872481775394],[-4.97015154653896,51.6888997378766],[-4.96835227904922,51.6893999539302],[-4.96023112533554,51.6930914759356],[-4.95816023582202,51.6992174734481],[-4.94824522766567,51.6963428501073],[-4.94763304350716,51.6961653157464],[-4.94321353160429,51.6954163290518],[-4.94260499418057,51.6994441388695],[-4.94202941862834,51.6997064518547],[-4.93132757474304,51.7045826255842],[-4.9306181972968,51.7043322761382],[-4.92050111558994,51.700761017472],[-4.91949878640304,51.6922047902721],[-4.91718131178977,51.6941088838507],[-4.9141857880304,51.6920606536481],[-4.91280952657126,51.6925794128301],[-4.90742457416797,51.6946089153872],[-4.89523552950978,51.6937841634096],[-4.88965429693409,51.6934060864803],[-4.89527581174857,51.6944146703827],[-4.91864717515358,51.6986044850046],[-4.904637933576,51.7077964269791],[-4.89605904479679,51.7066860918884],[-4.89239325846459,51.7062114278249],[-4.89117380022634,51.7060410330602],[-4.88412755718844,51.7166680036732],[-4.86411890066916,51.7146509625602],[-4.85773641959617,51.7079404781399],[-4.86090455853154,51.7061167460306],[-4.85702059554771,51.7076772800464],[-4.84876682615119,51.7024823371806],[-4.85121814545462,51.6980575092431],[-4.85276903762587,51.6952575617126],[-4.84571656310405,51.7006298120236],[-4.84608761995075,51.6974343104437],[-4.83897153221426,51.6942248147787],[-4.84333037143996,51.6996937928995],[-4.82651378905757,51.6994030084819],[-4.84549988937885,51.7013284679866],[-4.84934991808861,51.7054955167325],[-4.84095825245127,51.7081504861808],[-4.84765086933966,51.7081755243191],[-4.86110982548688,51.7197356660037],[-4.85805611280438,51.7176253866715],[-4.85590959103733,51.7202345350351],[-4.85356818426002,51.7165104216411],[-4.8547970351524,51.7202274047301],[-4.85201024943089,51.7178226866438],[-4.85396829885491,51.7203806256158],[-4.84957711009184,51.7195794917877],[-4.85125302560218,51.7172483673593],[-4.84623408498844,51.7185330000011],[-4.85008905003667,51.7202595977269],[-4.84804772186488,51.7222313842233],[-4.84010659255062,51.7230233548557],[-4.83146629820621,51.7238784275031],[-4.8313055558485,51.7239005796282],[-4.82496690053184,51.7245377443409],[-4.82427074861,51.7286566995359],[-4.82529923103173,51.7260053506435],[-4.82545732250044,51.725597777087],[-4.82553463063502,51.7253984681923],[-4.83475587205764,51.7237165965775],[-4.84037097023451,51.7257358985974],[-4.85538681567871,51.7250607197472],[-4.85613252732784,51.7225081431578],[-4.86960915110319,51.7239596167498],[-4.87479410269606,51.7192648282376],[-4.88412618590973,51.7192843255006],[-4.88311694310996,51.7321190488605],[-4.86879026334158,51.7332576379864],[-4.89675501647529,51.740355522831],[-4.89411605267023,51.7542323859083],[-4.89019463748516,51.7603574668212],[-4.88044354030134,51.760220982143],[-4.88966486202741,51.7635209966686],[-4.88809762457458,51.7671705696096],[-4.87318820772354,51.7722011724227],[-4.8711894378343,51.769283889682],[-4.8641223844351,51.7837657863447],[-4.85940082062781,51.7819557073691],[-4.86105534192427,51.7846602915708],[-4.85286913453496,51.7875034607563],[-4.82711041925582,51.7897681770121],[-4.80923824087177,51.7971084034593],[-4.82888944129022,51.790132763835],[-4.85521065293943,51.7910521442932],[-4.86564303676535,51.78479043917],[-4.87459748656912,51.7751912481296],[-4.88352490944522,51.7754330234914],[-4.89607790660998,51.7681964008946],[-4.9001708780362,51.7709184400949],[-4.90791568513126,51.7760677656545],[-4.90849832085123,51.7732931189006],[-4.92254560253913,51.7748908540506],[-4.93950155124624,51.7669984685215],[-4.9431595980603,51.7758090713699],[-4.93630311981938,51.7824354753046],[-4.93522585289879,51.7834763863504],[-4.93448953362297,51.7841878224467],[-4.94117646914906,51.7862898147721],[-4.94032291128193,51.7889301631618],[-4.95075671514954,51.7900267354226],[-4.95589995270717,51.7941281535965],[-4.95544950388155,51.7933716794198],[-4.95255297446433,51.7885066325491],[-4.93602673311605,51.7831394279724],[-4.94465818891066,51.7766342611657],[-4.94559029140992,51.7759316286309],[-4.94912247517173,51.7693566671556],[-4.94027393080418,51.7653449775322],[-4.91466274930001,51.7717184478155],[-4.90166701996891,51.7655222930557],[-4.90311908908642,51.7612709796037],[-4.91128582334044,51.7641214268549],[-4.91705561780446,51.7618207066612],[-4.90866664631343,51.761778645517],[-4.90075247068157,51.754403289036],[-4.90029469811316,51.7465377987099],[-4.91377025766158,51.7466162693838],[-4.90408928025073,51.7437819173247],[-4.90514248794767,51.7412519870435],[-4.90460327839517,51.7409550705874],[-4.89801880572541,51.7373287875756],[-4.88730799566111,51.7314279013661],[-4.8884002064577,51.7271876155101],[-4.89013159754693,51.7221236639134],[-4.89610031464126,51.7196336637165],[-4.89268332790488,51.7185729024788],[-4.89503052975928,51.7112220677471],[-4.89634799509537,51.7112105449722],[-4.89805694216773,51.7111955763254],[-4.90640298375969,51.7118449833177],[-4.92048964508348,51.7050359159746],[-4.92269591671781,51.7058414535338],[-4.92867093904014,51.7089237243426],[-4.94170320480696,51.7085206299737],[-4.94198255141875,51.7099990030698],[-4.94319534258921,51.7164161377626],[-4.94340173993437,51.717508029726],[-4.94338685764584,51.7166223068266],[-4.94319580262943,51.7052445331618],[-4.95403296748169,51.7066591057338],[-4.95411577689866,51.7066528698731],[-4.96836854695923,51.7055786125704],[-4.98493171303064,51.6993661912672],[-4.99695800742278,51.7008953814539],[-5.02090739425415,51.7075481882942],[-5.01391951642502,51.7171737083959],[-5.02020389418469,51.7136986623297],[-5.02035865710094,51.7136130752905],[-5.02051254107178,51.7135279738861],[-5.0218195603693,51.7080931376446],[-5.03630838244661,51.7101867767312],[-5.03867172949482,51.7097961966218],[-5.0538005439704,51.7072982397903],[-5.06253793288279,51.7094719715499],[-5.06193063219684,51.7071928221667],[-5.063157133297,51.7072168279749],[-5.0634237919341,51.7075435002895],[-5.07799298971006,51.7074310000744],[-5.08804847524684,51.7075543612897],[-5.08638524122814,51.7117661728725],[-5.09148786666233,51.7145764965842],[-5.09450246371199,51.7170047669424],[-5.0946890152052,51.7211427373595],[-5.10510573617076,51.7235767624134],[-5.1056312052673,51.7179329535201],[-5.10579987120048,51.7169349363751],[-5.11171339980109,51.7166335727942],[-5.11597307247504,51.7103323815625],[-5.12460224487847,51.7174128234585],[-5.13472578688814,51.7153260420472],[-5.13437290188284,51.7127783377056],[-5.14504708021039,51.7146407035276],[-5.15165508948603,51.7136066090728],[-5.15868855299141,51.7140952779128],[-5.16732464371347,51.7194590986064],[-5.16651496665755,51.7216697077195],[-5.17346076104229,51.7150425605077],[-5.16764142471602,51.7108806118592],[-5.16851212475982,51.7068086661771],[-5.14975097348367,51.7023086414593],[-5.15817441381277,51.7016815395068],[-5.15316212336773,51.6964589019563],[-5.15286567546147,51.6960813745614],[-5.1608291321193,51.6924634881946],[-5.15740540949148,51.6880345793522],[-5.1593198480763,51.6879252800029],[-5.169493659523,51.6880114585618],[-5.1696322774524,51.6868800852818],[-5.17240949113318,51.6846615626201],[-5.17016834373429,51.6825043636104],[-5.17025374381881,51.6818072027864],[-5.17555640109882,51.680483624047],[-5.17612558584747,51.680845915579],[-5.17691100094022,51.6838110801879],[-5.18311906864751,51.6857182420141],[-5.18248193280437,51.6880798882536],[-5.18196653706115,51.6891697854796],[-5.18437858147885,51.6894152297973],[-5.18504028423057,51.6894825532149],[-5.1882035486292,51.690156006448],[-5.18618315485776,51.6938189054496],[-5.19133551621638,51.6993904641854],[-5.19086161040372,51.7004906455338],[-5.18757065210019,51.7030329202489],[-5.18848392655403,51.7060096781347],[-5.18725764097387,51.7088555914063],[-5.20250107241837,51.7115307870604],[-5.20276130959265,51.7140550867],[-5.20137826919785,51.7174083140761],[-5.21480565288077,51.7236865609363],[-5.2236290462791,51.7238377302019],[-5.22822078277013,51.7206489504902],[-5.23117290941923,51.7193490093489],[-5.22780046491455,51.7231321854481],[-5.23297512662738,51.7242221841673],[-5.24030357798986,51.7267790266047],[-5.24497312308053,51.7327657833863],[-5.25282416319096,51.7330771852809],[-5.25340617674139,51.7331264421084],[-5.25343762043466,51.7332788045834],[-5.25406102400328,51.7381420778697],[-5.21595488408298,51.7351226634868],[-5.21208268325244,51.7342020986391],[-5.21137787335983,51.734759115597],[-5.20884296375394,51.7345576906393],[-5.20661548678208,51.7385224120826],[-5.20510423954457,51.7397164512494],[-5.20493030823703,51.7415214188495],[-5.20258091774224,51.7457018070505],[-5.2032634387664,51.755527644363],[-5.19897208531913,51.7541740096369],[-5.19676548730013,51.7553357452433],[-5.18959946902494,51.7549474767552],[-5.18897288893207,51.7547125587359],[-5.18609977646027,51.7536352928652],[-5.17542966339757,51.7650790803578],[-5.16628869292096,51.7670257716409],[-5.16602509589318,51.7672487888493],[-5.16025408252089,51.7721306949424],[-5.14043127010021,51.7701511608766],[-5.1376884907091,51.7724143697104],[-5.13646294838412,51.7732538320347],[-5.13049955248916,51.7694853792266],[-5.12853040890665,51.7693406120568],[-5.12830709762799,51.769226388414],[-5.12682609640983,51.7692152876498],[-5.11695886342237,51.7684892121604],[-5.1034937625494,51.7792088553847],[-5.10545363423509,51.7880929575477],[-5.10537025652118,51.799868819496],[-5.10342042751933,51.8047875912994],[-5.10334480549355,51.8049783409669],[-5.10409644467637,51.8130010236156],[-5.10946166753516,51.8191220302585],[-5.11037782149148,51.8219057252894],[-5.10754142878056,51.8241967195301],[-5.1117413549758,51.8233895028739],[-5.11528806531937,51.8260173349658],[-5.11675440231982,51.8273509745774],[-5.11669335879889,51.8277645712833],[-5.11389001458753,51.8369847028608],[-5.11413113260621,51.8373410709017],[-5.12842590051533,51.8584571987313],[-5.12859747985866,51.8585458180967],[-5.13949301174822,51.8641720427671],[-5.14272173180013,51.8635940820259],[-5.15637660602811,51.8625759121111],[-5.15765588373606,51.8632457833815],[-5.15913486636096,51.8593511123646],[-5.16622532957516,51.8649796422776],[-5.18155926547393,51.8611280440584],[-5.18147980100327,51.8613237952714],[-5.17884383418861,51.8647549497094],[-5.17978888941025,51.8654887366127],[-5.17912240276531,51.8671301724517],[-5.18192055364375,51.8671437462225],[-5.1822973110833,51.8674362414552],[-5.19121700853057,51.8671883689216],[-5.19459768333795,51.8672044141465],[-5.1955623167626,51.8704526741208],[-5.19709784370517,51.8695940523386],[-5.20145034340432,51.8671599764047],[-5.20260510190423,51.867125859819],[-5.20356304237683,51.868794411545],[-5.21233270247461,51.8674884014638],[-5.21066092962385,51.8695343926926],[-5.21762981834464,51.8734479596347],[-5.21834905108571,51.8733634726353],[-5.24059033932425,51.8707484803249],[-5.24578779072767,51.8734526575884],[-5.25194636388376,51.8686071034178],[-5.25386364296,51.87288394027],[-5.26131741172687,51.8689297182545],[-5.26594369568688,51.8718103869466],[-5.27858798005903,51.8674575983936],[-5.28246819372539,51.8701703716348],[-5.28254490717664,51.8702190692225],[-5.28240459925038,51.8698799669398],[-5.28168986015669,51.8654867084958],[-5.28247948439674,51.8653645729608],[-5.29027188701101,51.8649264999742],[-5.29624700059213,51.8608339078843],[-5.29719284940624,51.8635532639047],[-5.29795012112149,51.8661188983873],[-5.30999807589057,51.8615442064743],[-5.31326772213586,51.8605598637587],[-5.31639539236219,51.8610381585993],[-5.31828534960267,51.8636374735341],[-5.31466859204882,51.8674103866847],[-5.31032773701845,51.869641028979],[-5.30737070203545,51.8750211656209],[-5.30791600460302,51.8756054163815],[-5.30724018098906,51.8772466393752],[-5.31624816391291,51.8845304161304],[-5.3159358666809,51.8846729115698],[-5.30673712470655,51.886865374265],[-5.30450461624337,51.8860716653506],[-5.29569542859402,51.8950742550972],[-5.29854205807647,51.9003722020331],[-5.30238082633034,51.9005420189606],[-5.30417072601372,51.902649501438],[-5.30369348933893,51.9036598305948],[-5.31368633913538,51.9024596603393],[-5.31421336383291,51.902439613275],[-5.31398705319144,51.9026623881634],[-5.2891961388899,51.9141985659892],[-5.28604146479678,51.9118560590238],[-5.28622923836672,51.910995944034],[-5.25922913418769,51.9147966995779],[-5.25337032746677,51.916882852899],[-5.25369944463654,51.9176039835885],[-5.24081286688032,51.9237292622288],[-5.23916711868191,51.9242518520657],[-5.23620781439851,51.9295220684221],[-5.22418000374293,51.9294783790321],[-5.20757373336473,51.9341714331422],[-5.2075647466114,51.9342012978905],[-5.20670483115202,51.9370590252784],[-5.21302548639349,51.938629387052],[-5.20216465977371,51.9408557301723],[-5.20083220716304,51.9411287836628],[-5.20096537582841,51.9412919810586],[-5.19835088281694,51.9418636675268],[-5.20240725270758,51.944258105008],[-5.20407081619774,51.9452399811446],[-5.20250877089604,51.9456823555739],[-5.19332493267861,51.9482826324669],[-5.1937900930487,51.9486337227134],[-5.19350633608829,51.9487269931241],[-5.19623695680328,51.9505780865872],[-5.18224002270684,51.9481820207184],[-5.1823713272178,51.9488034055766],[-5.18166512508197,51.9500115754264],[-5.17612727381205,51.9497472306488],[-5.17426168210989,51.9492362643445],[-5.17411436293223,51.9489277916135],[-5.16239080660427,51.9485522316531],[-5.1577157180877,51.9482224002213],[-5.15680270649708,51.9483727832529],[-5.15404295381151,51.9482840614597],[-5.1561149605188,51.9527732003081],[-5.14735217029309,51.9550383746465],[-5.14317693263112,51.9560118927291],[-5.14317929209963,51.9560640165815],[-5.14280807807176,51.9562126707205],[-5.14182447198755,51.9592987804964],[-5.14336004167218,51.9599978568586],[-5.14656784292874,51.9614480261427],[-5.13912247830268,51.9628248318726],[-5.13919967223983,51.963164793968],[-5.13725427115611,51.9635886244848],[-5.12713977890875,51.95976193677],[-5.12543313398818,51.9615270714306],[-5.12239751758235,51.9607797539693],[-5.12198451819171,51.9606399715588],[-5.12186324118934,51.9606482134591],[-5.12171102673656,51.9606599490896],[-5.11082022048322,51.9614549350891],[-5.10705992219561,51.9611789117371],[-5.10264683420151,51.9647571924399],[-5.10428976221166,51.9692159196505],[-5.10415307175671,51.969263803475],[-5.08542811405377,51.9685514814466],[-5.08227644754894,51.9742236212774],[-5.08771017103046,51.9801742998395],[-5.087423491016,51.9804417037867],[-5.07994765124713,51.9853464530364],[-5.08181379570966,51.9856734507889],[-5.08158149827344,51.9858900669589],[-5.08539737544349,51.9863012881127],[-5.09111212446587,51.9873022231058],[-5.09089559172427,51.9876722900005],[-5.08856857434504,51.990212918221],[-5.08922316155412,51.9905303528201],[-5.08865388347681,51.9915031214837],[-5.09559815497525,51.99371950566],[-5.0722388317596,52.0045557921961],[-5.0770775209147,52.0053469985032],[-5.07930598457673,52.0057436035519],[-5.07771232157941,52.011455881434],[-5.08958160364816,52.0153143842729],[-5.08706622576063,52.0179356683909],[-5.08200400321691,52.0232099625257],[-5.07138715188375,52.0260526485258],[-5.07430245850547,52.0299449858722],[-5.07485104657353,52.0307626711244],[-5.07367816885773,52.0308621489754],[-5.06191708979727,52.0317846503569],[-5.0538304766726,52.0254175664413],[-5.04879726623037,52.0281319133109],[-5.02338344424858,52.0250482457034],[-5.02148354829058,52.021677507092],[-5.02079639227492,52.0203338783677],[-5.01695485319856,52.0241189371917],[-5.01052239099476,52.0224659286603],[-5.00316129349591,52.0239822660746],[-5.00432385590201,52.0259933287641],[-4.99395931507926,52.0225473342391],[-4.99377615944622,52.0224864252969],[-4.9923907799112,52.0250107322549],[-4.991774001745,52.0259824228938],[-4.98660984536014,52.0229076733123],[-4.98697450062328,52.0205177264161],[-4.98757877691214,52.0165568703784],[-4.98710438770458,52.01643332149],[-4.98448537298357,52.0158821496969],[-4.97106439368001,52.0129536222953],[-4.98345309202052,52.0142427964198],[-4.983612170736,52.0140777782428],[-4.99308306549667,52.0045039800342],[-4.99036463578597,52.0021312283135],[-4.98413265073218,52.0035779644448],[-4.98089755775725,52.0051092126991],[-4.9837428737902,52.003527945219],[-4.99042557286479,52.0018436560551],[-4.98814382853768,51.9996112581446],[-4.98798934464446,51.9994601050566],[-4.97613335421339,52.000540229846],[-4.97461167531105,51.999313319662],[-4.97225308283651,51.9966986000951],[-4.97211934452647,51.9973035948835],[-4.96922070817561,51.994965943083],[-4.97117027949675,52.0015055587299],[-4.96176507758281,51.9997702312046],[-4.95535084753369,52.0025368128064],[-4.94454033179429,52.0043789570043],[-4.94103967466776,52.0078849672501],[-4.93618792649692,52.0067001795286],[-4.93385715648004,52.0096110727682],[-4.92896692615474,52.0087300334462],[-4.92806209699206,52.0107786030528],[-4.92725487630145,52.0119644601942],[-4.91965134160244,52.0100937063665],[-4.92069000365811,52.014630409046],[-4.91608865485205,52.0173386617738],[-4.9094556164256,52.0212418270272],[-4.91141877677408,52.0224100168807],[-4.916619422882,52.0255042280562],[-4.91799182578348,52.0263206429025],[-4.91675989415923,52.0276645130926],[-4.91025194101729,52.0347622948363],[-4.90620555031673,52.0339086213353],[-4.89405469901733,52.0305665901812],[-4.89401218313046,52.0282120948811],[-4.89413706684255,52.0242498808656],[-4.89427823850609,52.0232868552668],[-4.89275721501851,52.0228696851707],[-4.88697622282328,52.0212838802848],[-4.8855938981418,52.0207938216906],[-4.88452331891566,52.0206108962275],[-4.87925305865509,52.0191646940025],[-4.87867885748456,52.0193835728375],[-4.87744760174426,52.0198528966992],[-4.87100355947709,52.0211017765591],[-4.86878162992283,52.0192422368342],[-4.85918024885649,52.0230668217161],[-4.85049222457304,52.0222171464581],[-4.85043118382796,52.0222064430799],[-4.8502368185743,52.0221650618404],[-4.84911959067257,52.0220828428152],[-4.82052195954918,52.0192809106723],[-4.81946155014418,52.0191768734317],[-4.81442979794656,52.0186830672089],[-4.82559125350666,52.0212061013945],[-4.82935491302575,52.0220565678906],[-4.83769559892706,52.0239407469949],[-4.83877158551532,52.0241837600939],[-4.83899472767874,52.0242341552492],[-4.84126524227656,52.0247469075743],[-4.83785599126851,52.0327460531282],[-4.84245485603371,52.0350147990777],[-4.84698570740016,52.0391521638513],[-4.84586758043913,52.0412875674446],[-4.8366094257216,52.0475217758117],[-4.83577581649705,52.0480085708811],[-4.83799379792755,52.0503112149192],[-4.82425402063453,52.0544393235301],[-4.79083115684595,52.0586715932996],[-4.78340066660919,52.0661778054103],[-4.78310060796407,52.0662940285297],[-4.77730568273841,52.0668135816331],[-4.77680573427824,52.0687319336657],[-4.77106572643871,52.0709544289135],[-4.77094952084859,52.0711298589937],[-4.77046058996965,52.0711745911446],[-4.76887463219883,52.0742619655949],[-4.76673714406913,52.0774880830352],[-4.7590342129018,52.0768593331865],[-4.75942983585925,52.0777823268958],[-4.75323700080735,52.0914159771431],[-4.75214763358968,52.0929563028989],[-4.74142775609825,52.0986911053356],[-4.74701455367876,52.1023359346023],[-4.74912011006718,52.1041349753613],[-4.73672801679097,52.108410357423],[-4.73150798502387,52.1178941330177],[-4.71049311600349,52.1080436715594],[-4.68933077497961,52.1030463252073],[-4.68852061652988,52.1028549140621],[-4.68817852067127,52.1027740866255],[-4.68891247396431,52.1024355780689],[-4.69149346374629,52.101245118631],[-4.68131357601656,52.0946037950634],[-4.68192329116804,52.0846643401387],[-4.67287684511595,52.0820421847201],[-4.67324895428119,52.0821767210211],[-4.67402775484443,52.0824631595192],[-4.68096065980266,52.0851394814073],[-4.67496883572328,52.0943900516571],[-4.67485879460051,52.0945599028663],[-4.67549022038604,52.1012933622701],[-4.67554937541659,52.1019238633707],[-4.68021496428842,52.1027731417084],[-4.68551455072798,52.1037375627952],[-4.68841874901532,52.1042659493318],[-4.68498006951566,52.1103724023896],[-4.69191718656823,52.1194958141628],[-4.68574009371213,52.1299540351071],[-4.67933808099411,52.128572867639],[-4.67876115963689,52.1284137253152],[-4.67869325813686,52.1284337293521],[-4.67864602125175,52.1284235365796],[-4.67635323266386,52.1291016010147],[-4.67381153579309,52.128831718368],[-4.65941007623554,52.1341103307706],[-4.64607886316045,52.1336048796112],[-4.64585202057654,52.1336021140365],[-4.64573922516293,52.1337175985544],[-4.64041609637941,52.1354840275227],[-4.64279633831992,52.136730370592],[-4.64129978575929,52.1382622825413],[-4.61905652925521,52.1380122723529],[-4.6180350983032,52.1382380540139],[-4.60550105977295,52.1406871758424],[-4.59335143261237,52.1376762728874],[-4.59308768522565,52.1376830419925],[-4.58280490131143,52.1379464897944],[-4.5758370718074,52.1430692776253],[-4.56448536796766,52.1441334090388],[-4.56097659381031,52.1435867555154],[-4.54557605996027,52.1335297256983],[-4.54351294955302,52.1352453655492],[-4.52901852216675,52.1348699828221],[-4.52836416989051,52.1348190068625],[-4.52813974834982,52.1348015230635],[-4.51861821217753,52.1349963358248],[-4.50301819233449,52.1410173808313],[-4.50081140176279,52.1429097171051],[-4.49706794467553,52.1440007841156],[-4.49702665726929,52.1440315773386],[-4.487891604419,52.1538603384092],[-4.47640173916021,52.1582170814401],[-4.47106334574826,52.1602406310141],[-4.4698270748072,52.1634888362713],[-4.46944154091729,52.1645550820058],[-4.46788630790097,52.1656622478856],[-4.46865135049473,52.166740305043],[-4.46759067420206,52.1696730587737],[-4.46604192259919,52.1738783343897],[-4.46522482988963,52.1692070378136],[-4.46517544677205,52.169192231634],[-4.46506378910245,52.1685692450453],[-4.46232527144267,52.1683376497924],[-4.46004771025587,52.1676546832051],[-4.4580851299437,52.1679789309921],[-4.4542688162302,52.167655933148],[-4.45131481971474,52.1690972062644],[-4.44508136932174,52.1701264141184],[-4.42796030145528,52.1804862239157],[-4.4231518891069,52.1828298045341],[-4.40149550610465,52.1964856519615],[-4.39795324945343,52.1986258336126],[-4.3975204785717,52.1989908548972],[-4.38431894365702,52.2073079873494],[-4.37889062564559,52.214221517264],[-4.37800866823573,52.2153445595614],[-4.37764790318011,52.2157443853507],[-4.37676973297119,52.2159990155096],[-4.36756782088052,52.2178670714471],[-4.36567023441041,52.2182521832055],[-4.36085602064662,52.217200379949],[-4.35539743561242,52.2141747469411],[-4.35479405360106,52.2107021792525],[-4.34950938738714,52.210910289703],[-4.34917270069898,52.210723598564],[-4.34868219216505,52.2109428414912],[-4.34320739089024,52.2111581402894],[-4.34233467377719,52.2111924363902],[-4.33642438844263,52.2143217089368],[-4.32490781087039,52.21365084732],[-4.32104166998102,52.2153734972953],[-4.30646922583258,52.2218642683739],[-4.27102982247595,52.2393425623235],[-4.27068116154478,52.2396641003061],[-4.26605907159972,52.2439261025889],[-4.2593667968906,52.2414313891095],[-4.26467344460194,52.2445327069105],[-4.25355109465451,52.24852920967],[-4.23882803432974,52.2497089094638],[-4.20749508262614,52.2636721160333],[-4.20079241091916,52.2697686861056],[-4.1892714356884,52.280243089851],[-4.18311010770392,52.2911710118184],[-4.16817531218373,52.2970095399439],[-4.16778656541195,52.2976368369653],[-4.1625731221479,52.3060476299532],[-4.14034181844144,52.3226156660038],[-4.1207825010015,52.352291537202],[-4.1207357143646,52.35236247187],[-4.12067844462262,52.3524493015986],[-4.11088593369325,52.3743389112847],[-4.09274326216109,52.3962672616633],[-4.09157033973552,52.3995010926246],[-4.08998316699238,52.4038762849236],[-4.09085738391073,52.4052072498778],[-4.09129019668948,52.4063880975159],[-4.08795956956363,52.4039874776855],[-4.08716727958412,52.4118709896438],[-4.09040921503679,52.4071361598077],[-4.0918484771344,52.4140018856376],[-4.08747632888726,52.4155126466851],[-4.08725172358496,52.4155902501397],[-4.08522944826458,52.417361324227],[-4.08519087979829,52.4175661501464],[-4.08315339395718,52.4283839452092],[-4.08281640133918,52.4287339796902],[-4.07957165362242,52.432103971866],[-4.08041832922867,52.4352855456585],[-4.07989005113982,52.4451205206416],[-4.07313245504926,52.4584151236982],[-4.07293004247643,52.4588132175297],[-4.06270400452743,52.4752445805314],[-4.06180837162273,52.4766830909556],[-4.05187380754881,52.4817273965647],[-4.05755647652972,52.5307146995452],[-4.05155009208446,52.5345441204204],[-4.04637571982334,52.5268920981777],[-4.04145283609408,52.5265635194658],[-4.04134574837456,52.5264014783669],[-4.04022732832278,52.5247090574237],[-4.0384153929584,52.5246752479943],[-4.03911343641352,52.5267899781869],[-4.01430188688134,52.5264577980778],[-4.00153468500927,52.5327660183134],[-3.99887074503318,52.5309899619077],[-4.00539654553444,52.5290870573565],[-3.99992280935396,52.5300338317496],[-3.99949591993248,52.5296622708951],[-3.99785334682862,52.5311162772614],[-3.99704410141179,52.5348550543279],[-3.99415547155401,52.5332268534424],[-3.99598675510027,52.5353404095263],[-3.98383656336545,52.5365534441691],[-3.96414408695134,52.5440731107898],[-3.96797416159165,52.5430195667659],[-3.96592389439165,52.5488503280204],[-3.96328924427052,52.5468601955714],[-3.95987859191206,52.5519077413125],[-3.95965165296081,52.5520445700951],[-3.95507515140973,52.55288719053],[-3.95597883989349,52.5553951977657],[-3.95225603412506,52.5552417390261],[-3.95512719802012,52.5515034793189],[-3.94931000408561,52.5566050753382],[-3.9493197126177,52.5571531228427],[-3.94198424163015,52.5579213597655],[-3.94150656453684,52.5576605823873],[-3.93702505235548,52.5497160106382],[-3.93666593614509,52.5534496558638],[-3.93424100310587,52.5536934767274],[-3.93293144753597,52.5529783098573],[-3.93115929577371,52.5540064371014],[-3.92651809938397,52.5566989972523],[-3.92645021911398,52.5607698946078],[-3.92885334573839,52.5714606507817],[-3.9154101195208,52.5735984924662],[-3.91535464798611,52.5785894766175],[-3.88392229630255,52.5771192529013],[-3.88285649812414,52.5832079424286],[-3.8775815089101,52.5824153105241],[-3.87256423007905,52.5886049909142],[-3.87520411122371,52.5930439537999],[-3.86607685547479,52.5918227924066],[-3.85672488817008,52.6004232360989],[-3.84213455033387,52.5996806857785],[-3.84298039619871,52.6046305802035],[-3.84874901425584,52.6073018281521],[-3.84501258486331,52.6112720493926],[-3.85044991341621,52.6206358714979],[-3.84356686304606,52.6226708643652],[-3.84624188614537,52.6288357055694],[-3.83461399752491,52.6330587252139],[-3.83431245007205,52.6363064096002],[-3.84401589050331,52.641223062261],[-3.8407140579194,52.6509028641219],[-3.80809559100283,52.6779453563972],[-3.8024695889776,52.6782216137448],[-3.78821973828451,52.6709759973097],[-3.76851816901048,52.6703987379296],[-3.76539515504445,52.6730930670406],[-3.75935156167215,52.6694463659204],[-3.74390740995229,52.6813087670939],[-3.73586781210336,52.67789254523],[-3.71675970977808,52.678778691118],[-3.71151820917258,52.6744544272927],[-3.71434629244569,52.6718467043212],[-3.70936761188281,52.6710824604113],[-3.6969402261661,52.6882715546272],[-3.69359286651381,52.686805378438],[-3.6824858172399,52.6941507602356],[-3.66339677587714,52.6914271991468],[-3.65450657903895,52.6916954203441],[-3.64844172609459,52.6962221784657],[-3.61960217979728,52.6974558865482],[-3.61440269013418,52.7019699427851],[-3.60198242270955,52.7050874051497],[-3.60472189712703,52.7088704205906],[-3.59929431340588,52.7258819384339],[-3.58351412881328,52.7386228968569],[-3.5913874669588,52.7417630412673],[-3.58821059565975,52.7470803677045],[-3.5947633290095,52.7571336929711],[-3.59024883001953,52.7659033361888],[-3.59931051392743,52.7787941266971],[-3.59695572611577,52.7834819745654],[-3.60646219054343,52.7869902612319],[-3.60697255394521,52.7975011160865],[-3.59693000548971,52.8050069377395],[-3.59705828680558,52.8140539836219],[-3.58666287004195,52.8274640749062],[-3.58647616495156,52.8277173293537],[-3.58606213535391,52.8277606109412],[-3.56817022436498,52.822895510155],[-3.5643936802294,52.8263805517152],[-3.56667290042623,52.8300796730684],[-3.53379612759522,52.8380736930308],[-3.51789798743879,52.8373782085296],[-3.50544810231264,52.8418944438667],[-3.48301242437159,52.8654536355573],[-3.4692680839852,52.861939444092],[-3.44938391529186,52.8645249689317],[-3.38882355067375,52.8760701209545],[-3.37501483546352,52.8924534531431],[-3.34565100557456,52.8925408577838],[-3.3220917620579,52.8820822658439],[-3.31403813374559,52.8837395540525],[-3.29680378485505,52.8807223690925],[-3.29134615846935,52.8708424756609],[-3.26180306073989,52.8666086172671],[-3.23953343459294,52.8688740509554],[-3.23300312723679,52.8670110249386],[-3.22809547707675,52.8755502330982],[-3.21647141904825,52.8768224548183],[-3.21570477557308,52.8868604007789],[-3.20536495070437,52.893129266023],[-3.19702799615388,52.8908367233297],[-3.17438182854302,52.901575544171],[-3.15483896779282,52.8980929870089]]]]},"properties":{"FID":43,"PFA23CD":"W15000004","PFA23NM":"Dyfed-Powys","BNG_E":290529,"BNG_N":263539,"LONG":-3.60532,"LAT":52.2591,"GlobalID":"69d71eea-7754-4625-a270-7c1f4c469dc4"}}]}