MSOA21CD,crime_type,month,prediction
E02000001,Anti-social behaviour,2025-12,12.3167
E02000001,Burglary,2025-12,39.699
E02000001,Criminal damage and arson,2025-12,60.16079999999999
E02000001,Disruptive crimes,2025-12,140.1406
E02000001,Property theft,2025-12,577.9538
E02000001,Vehicle crime,2025-12,586.2523000000001
E02000001,Violence,2025-12,736.6835000000002
E02000001,Anti-social behaviour,2026-01,751.8024000000001
E02000001,Burglary,2026-01,779.0011000000002
E02000001,Criminal damage and arson,2026-01,799.5071000000003
E02000001,Disruptive crimes,2026-01,879.1940000000002
E02000001,Property theft,2026-01,1313.7281000000003
E02000001,Vehicle crime,2026-01,1321.9812000000004
E02000001,Violence,2026-01,1471.6229000000005
E02000001,Anti-social behaviour,2026-02,1484.4262000000006
E02000001,Burglary,2026-02,1510.2813000000003
E02000001,Criminal damage and arson,2026-02,1529.1648000000002
E02000001,Disruptive crimes,2026-02,1599.8558
E02000001,Property theft,2026-02,2008.7496
E02000001,Vehicle crime,2026-02,2016.5954
E02000001,Violence,2026-02,2159.0722
E02000002,Anti-social behaviour,2025-12,11.9587
E02000002,Burglary,2025-12,12.7754
E02000002,Criminal damage and arson,2025-12,15.0392
E02000002,Disruptive crimes,2025-12,22.2834
E02000002,Property theft,2025-12,26.0422
E02000002,Vehicle crime,2025-12,31.131400000000003
E02000002,Violence,2025-12,54.97440000000001
E02000002,Anti-social behaviour,2026-01,68.6235
E02000002,Burglary,2026-01,69.5186
E02000002,Criminal damage and arson,2026-01,71.74780000000001
E02000002,Disruptive crimes,2026-01,79.20850000000002
E02000002,Property theft,2026-01,83.02950000000003
E02000002,Vehicle crime,2026-01,87.94300000000003
E02000002,Violence,2026-01,112.09560000000003
E02000002,Anti-social behaviour,2026-02,124.31790000000004
E02000002,Burglary,2026-02,125.25190000000005
E02000002,Criminal damage and arson,2026-02,127.42120000000004
E02000002,Disruptive crimes,2026-02,134.4096
E02000002,Property theft,2026-02,138.04110000000003
E02000002,Vehicle crime,2026-02,142.71600000000007
E02000002,Violence,2026-02,165.73510000000007
E02000003,Anti-social behaviour,2025-12,8.5283
E02000003,Burglary,2025-12,11.217
E02000003,Criminal damage and arson,2025-12,14.259699999999997
E02000003,Disruptive crimes,2025-12,20.614099999999997
E02000003,Property theft,2025-12,28.540999999999997
E02000003,Vehicle crime,2025-12,35.813599999999994
E02000003,Violence,2025-12,63.10209999999999
E02000003,Anti-social behaviour,2026-01,73.26010000000001
E02000003,Burglary,2026-01,76.00950000000002
E02000003,Criminal damage and arson,2026-01,79.12180000000002
E02000003,Disruptive crimes,2026-01,85.55840000000002
E02000003,Property theft,2026-01,93.33930000000002
E02000003,Vehicle crime,2026-01,100.43940000000003
E02000003,Violence,2026-01,128.13750000000005
E02000003,Anti-social behaviour,2026-02,137.1124
E02000003,Burglary,2026-02,139.86759999999998
E02000003,Criminal damage and arson,2026-02,142.82029999999997
E02000003,Disruptive crimes,2026-02,148.82469999999998
E02000003,Property theft,2026-02,156.24399999999994
E02000003,Vehicle crime,2026-02,163.04469999999992
E02000003,Violence,2026-02,189.2016999999999
E02000004,Anti-social behaviour,2025-12,2.5966
E02000004,Burglary,2025-12,2.6187
E02000004,Criminal damage and arson,2025-12,2.7220999999999997
E02000004,Disruptive crimes,2025-12,5.771199999999999
E02000004,Property theft,2025-12,8.4817
E02000004,Vehicle crime,2025-12,9.842600000000001
E02000004,Violence,2025-12,20.6634
E02000004,Anti-social behaviour,2026-01,23.6114
E02000004,Burglary,2026-01,23.6317
E02000004,Criminal damage and arson,2026-01,23.757599999999996
E02000004,Disruptive crimes,2026-01,26.819399999999995
E02000004,Property theft,2026-01,29.565199999999994
E02000004,Vehicle crime,2026-01,30.924099999999992
E02000004,Violence,2026-01,41.90209999999999
E02000004,Anti-social behaviour,2026-02,44.645999999999994
E02000004,Burglary,2026-02,44.6676
E02000004,Criminal damage and arson,2026-02,44.800000000000004
E02000004,Disruptive crimes,2026-02,47.6662
E02000004,Property theft,2026-02,50.2764
E02000004,Vehicle crime,2026-02,51.5506
E02000004,Violence,2026-02,61.9958
E02000005,Anti-social behaviour,2025-12,5.3749
E02000005,Burglary,2025-12,6.3976
E02000005,Criminal damage and arson,2025-12,8.379999999999999
E02000005,Disruptive crimes,2025-12,12.4687
E02000005,Property theft,2025-12,15.4084
E02000005,Vehicle crime,2025-12,21.1384
E02000005,Violence,2025-12,45.894600000000004
E02000005,Anti-social behaviour,2026-01,52.29070000000001
E02000005,Burglary,2026-01,53.29130000000002
E02000005,Criminal damage and arson,2026-01,55.27930000000003
E02000005,Disruptive crimes,2026-01,59.50840000000003
E02000005,Property theft,2026-01,62.27740000000003
E02000005,Vehicle crime,2026-01,67.92130000000004
E02000005,Violence,2026-01,93.47150000000006
E02000005,Anti-social behaviour,2026-02,99.31400000000005
E02000005,Burglary,2026-02,100.33380000000005
E02000005,Criminal damage and arson,2026-02,102.25930000000005
E02000005,Disruptive crimes,2026-02,106.15280000000006
E02000005,Property theft,2026-02,108.71660000000007
E02000005,Vehicle crime,2026-02,114.10560000000008
E02000005,Violence,2026-02,138.86930000000007
E02000007,Anti-social behaviour,2025-12,9.7916
E02000007,Burglary,2025-12,11.044400000000001
E02000007,Criminal damage and arson,2025-12,15.736600000000003
E02000007,Disruptive crimes,2025-12,24.309400000000004
E02000007,Property theft,2025-12,30.602700000000006
E02000007,Vehicle crime,2025-12,37.65330000000001
E02000007,Violence,2025-12,72.2116
E02000007,Anti-social behaviour,2026-01,83.5901
E02000007,Burglary,2026-01,84.97500000000001
E02000007,Criminal damage and arson,2026-01,89.57759999999999
E02000007,Disruptive crimes,2026-01,98.26199999999999
E02000007,Property theft,2026-01,104.38019999999997
E02000007,Vehicle crime,2026-01,111.32619999999999
E02000007,Violence,2026-01,146.27209999999997
E02000007,Anti-social behaviour,2026-02,156.19849999999997
E02000007,Burglary,2026-02,157.62109999999996
E02000007,Criminal damage and arson,2026-02,162.01849999999996
E02000007,Disruptive crimes,2026-02,170.10309999999993
E02000007,Property theft,2026-02,175.77759999999992
E02000007,Vehicle crime,2026-02,182.3688999999999
E02000007,Violence,2026-02,215.78039999999993
E02000008,Anti-social behaviour,2025-12,7.9521
E02000008,Burglary,2025-12,8.493500000000001
E02000008,Criminal damage and arson,2025-12,10.596000000000002
E02000008,Disruptive crimes,2025-12,13.974300000000001
E02000008,Property theft,2025-12,16.025399999999998
E02000008,Vehicle crime,2025-12,21.6334
E02000008,Violence,2025-12,50.0478
E02000008,Anti-social behaviour,2026-01,59.32
E02000008,Burglary,2026-01,59.848400000000005
E02000008,Criminal damage and arson,2026-01,62.0184
E02000008,Disruptive crimes,2026-01,65.64410000000001
E02000008,Property theft,2026-01,67.71930000000002
E02000008,Vehicle crime,2026-01,73.2855
E02000008,Violence,2026-01,102.1466
E02000008,Anti-social behaviour,2026-02,110.6216
E02000008,Burglary,2026-02,111.17980000000001
E02000008,Criminal damage and arson,2026-02,113.21930000000003
E02000008,Disruptive crimes,2026-02,116.60010000000004
E02000008,Property theft,2026-02,118.56150000000004
E02000008,Vehicle crime,2026-02,123.91450000000003
E02000008,Violence,2026-02,151.1506
E02000009,Anti-social behaviour,2025-12,9.826500000000001
E02000009,Burglary,2025-12,10.504900000000001
E02000009,Criminal damage and arson,2025-12,12.419400000000003
E02000009,Disruptive crimes,2025-12,16.6052
E02000009,Property theft,2025-12,20.293200000000002
E02000009,Vehicle crime,2025-12,26.245100000000004
E02000009,Violence,2025-12,54.976299999999995
E02000009,Anti-social behaviour,2026-01,66.02429999999998
E02000009,Burglary,2026-01,66.7428
E02000009,Criminal damage and arson,2026-01,68.5969
E02000009,Disruptive crimes,2026-01,72.8107
E02000009,Property theft,2026-01,76.50349999999999
E02000009,Vehicle crime,2026-01,82.31469999999999
E02000009,Violence,2026-01,111.66849999999998
E02000009,Anti-social behaviour,2026-02,122.29439999999998
E02000009,Burglary,2026-02,123.03129999999999
E02000009,Criminal damage and arson,2026-02,124.86939999999997
E02000009,Disruptive crimes,2026-02,128.92879999999994
E02000009,Property theft,2026-02,132.5365999999999
E02000009,Vehicle crime,2026-02,138.1940999999999
E02000009,Violence,2026-02,166.3268999999999
E02000010,Anti-social behaviour,2025-12,2.2647
E02000010,Burglary,2025-12,2.309
E02000010,Criminal damage and arson,2025-12,3.0525000000000007
E02000010,Disruptive crimes,2025-12,6.033200000000001
E02000010,Property theft,2025-12,7.564400000000001
E02000010,Vehicle crime,2025-12,11.636500000000002
E02000010,Violence,2025-12,24.9981
E02000010,Anti-social behaviour,2026-01,27.6068
E02000010,Burglary,2026-01,27.647899999999996
E02000010,Criminal damage and arson,2026-01,28.430799999999994
E02000010,Disruptive crimes,2026-01,31.54629999999999
E02000010,Property theft,2026-01,33.09399999999999
E02000010,Vehicle crime,2026-01,37.13139999999999
E02000010,Violence,2026-01,50.589999999999996
E02000010,Anti-social behaviour,2026-02,52.967999999999996
E02000010,Burglary,2026-02,53.0088
E02000010,Criminal damage and arson,2026-02,53.6936
E02000010,Disruptive crimes,2026-02,56.5429
E02000010,Property theft,2026-02,58.018800000000006
E02000010,Vehicle crime,2026-02,61.885200000000005
E02000010,Violence,2026-02,74.69910000000002
E02000011,Anti-social behaviour,2025-12,4.982799999999999
E02000011,Burglary,2025-12,5.510699999999999
E02000011,Criminal damage and arson,2025-12,7.397799999999999
E02000011,Disruptive crimes,2025-12,13.032699999999998
E02000011,Property theft,2025-12,18.938599999999997
E02000011,Vehicle crime,2025-12,22.104699999999994
E02000011,Violence,2025-12,42.51519999999999
E02000011,Anti-social behaviour,2026-01,48.45069999999999
E02000011,Burglary,2026-01,48.98299999999999
E02000011,Criminal damage and arson,2026-01,50.92599999999999
E02000011,Disruptive crimes,2026-01,56.63209999999999
E02000011,Property theft,2026-01,62.463199999999986
E02000011,Vehicle crime,2026-01,65.6283
E02000011,Violence,2026-01,86.3361
E02000011,Anti-social behaviour,2026-02,91.71940000000001
E02000011,Burglary,2026-02,92.31530000000001
E02000011,Criminal damage and arson,2026-02,94.17350000000002
E02000011,Disruptive crimes,2026-02,99.53890000000003
E02000011,Property theft,2026-02,105.06440000000002
E02000011,Vehicle crime,2026-02,108.1299
E02000011,Violence,2026-02,127.8101
E02000012,Anti-social behaviour,2025-12,7.4739
E02000012,Burglary,2025-12,9.1065
E02000012,Criminal damage and arson,2025-12,9.959599999999998
E02000012,Disruptive crimes,2025-12,13.887899999999997
E02000012,Property theft,2025-12,18.6545
E02000012,Vehicle crime,2025-12,25.9554
E02000012,Violence,2025-12,47.0231
E02000012,Anti-social behaviour,2026-01,55.733999999999995
E02000012,Burglary,2026-01,57.4518
E02000012,Criminal damage and arson,2026-01,58.316199999999995
E02000012,Disruptive crimes,2026-01,62.3091
E02000012,Property theft,2026-01,67.25200000000001
E02000012,Vehicle crime,2026-01,74.32180000000001
E02000012,Violence,2026-01,95.8278
E02000012,Anti-social behaviour,2026-02,103.67609999999999
E02000012,Burglary,2026-02,105.40499999999999
E02000012,Criminal damage and arson,2026-02,106.21799999999999
E02000012,Disruptive crimes,2026-02,109.9918
E02000012,Property theft,2026-02,114.2311
E02000012,Vehicle crime,2026-02,120.94900000000001
E02000012,Violence,2026-02,141.2688
E02000013,Anti-social behaviour,2025-12,3.5956
E02000013,Burglary,2025-12,3.8909000000000007
E02000013,Criminal damage and arson,2025-12,6.029300000000001
E02000013,Disruptive crimes,2025-12,10.7474
E02000013,Property theft,2025-12,16.7622
E02000013,Vehicle crime,2025-12,21.7461
E02000013,Violence,2025-12,42.147299999999994
E02000013,Anti-social behaviour,2026-01,46.3962
E02000013,Burglary,2026-01,46.725500000000004
E02000013,Criminal damage and arson,2026-01,48.9408
E02000013,Disruptive crimes,2026-01,53.738499999999995
E02000013,Property theft,2026-01,59.90659999999999
E02000013,Vehicle crime,2026-01,64.8218
E02000013,Violence,2026-01,85.5115
E02000013,Anti-social behaviour,2026-02,89.5218
E02000013,Burglary,2026-02,89.8631
E02000013,Criminal damage and arson,2026-02,91.99640000000001
E02000013,Disruptive crimes,2026-02,96.43900000000002
E02000013,Property theft,2026-02,102.28680000000003
E02000013,Vehicle crime,2026-02,107.05500000000004
E02000013,Violence,2026-02,126.69130000000006
E02000014,Anti-social behaviour,2025-12,6.386
E02000014,Burglary,2025-12,7.4465
E02000014,Criminal damage and arson,2025-12,10.0554
E02000014,Disruptive crimes,2025-12,17.2361
E02000014,Property theft,2025-12,24.717800000000004
E02000014,Vehicle crime,2025-12,30.9228
E02000014,Violence,2025-12,64.0013
E02000014,Anti-social behaviour,2026-01,71.30700000000002
E02000014,Burglary,2026-01,72.35290000000002
E02000014,Criminal damage and arson,2026-01,75.04530000000003
E02000014,Disruptive crimes,2026-01,82.40870000000002
E02000014,Property theft,2026-01,90.01030000000003
E02000014,Vehicle crime,2026-01,96.18720000000003
E02000014,Violence,2026-01,129.5406
E02000014,Anti-social behaviour,2026-02,136.0363
E02000014,Burglary,2026-02,137.0644
E02000014,Criminal damage and arson,2026-02,139.5753
E02000014,Disruptive crimes,2026-02,146.5673
E02000014,Property theft,2026-02,153.83829999999995
E02000014,Vehicle crime,2026-02,159.71569999999994
E02000014,Violence,2026-02,191.3456999999999
E02000015,Anti-social behaviour,2025-12,10.7821
E02000015,Burglary,2025-12,12.866100000000001
E02000015,Criminal damage and arson,2025-12,16.9877
E02000015,Disruptive crimes,2025-12,26.283900000000003
E02000015,Property theft,2025-12,38.425900000000006
E02000015,Vehicle crime,2025-12,43.53530000000001
E02000015,Violence,2025-12,73.13920000000002
E02000015,Anti-social behaviour,2026-01,85.31510000000002
E02000015,Burglary,2026-01,87.37950000000001
E02000015,Criminal damage and arson,2026-01,91.51870000000001
E02000015,Disruptive crimes,2026-01,100.94640000000001
E02000015,Property theft,2026-01,113.01960000000001
E02000015,Vehicle crime,2026-01,118.01190000000003
E02000015,Violence,2026-01,147.79670000000002
E02000015,Anti-social behaviour,2026-02,158.8302
E02000015,Burglary,2026-02,160.85250000000002
E02000015,Criminal damage and arson,2026-02,164.77460000000005
E02000015,Disruptive crimes,2026-02,173.72530000000003
E02000015,Property theft,2026-02,185.06320000000002
E02000015,Vehicle crime,2026-02,189.83430000000004
E02000015,Violence,2026-02,218.24030000000005
E02000016,Anti-social behaviour,2025-12,44.277100000000004
E02000016,Burglary,2025-12,48.568999999999996
E02000016,Criminal damage and arson,2025-12,56.8677
E02000016,Disruptive crimes,2025-12,93.96239999999999
E02000016,Property theft,2025-12,161.1064
E02000016,Vehicle crime,2025-12,169.6766
E02000016,Violence,2025-12,248.91679999999997
E02000016,Anti-social behaviour,2026-01,296.74799999999993
E02000016,Burglary,2026-01,301.9694999999999
E02000016,Criminal damage and arson,2026-01,310.8768999999999
E02000016,Disruptive crimes,2026-01,348.59079999999994
E02000016,Property theft,2026-01,417.56819999999993
E02000016,Vehicle crime,2026-01,426.5473999999999
E02000016,Violence,2026-01,506.58519999999993
E02000016,Anti-social behaviour,2026-02,552.7626
E02000016,Burglary,2026-02,558.5906
E02000016,Criminal damage and arson,2026-02,567.743
E02000016,Disruptive crimes,2026-02,603.5367000000001
E02000016,Property theft,2026-02,669.1883000000003
E02000016,Vehicle crime,2026-02,678.1890000000002
E02000016,Violence,2026-02,755.6917000000002
E02000017,Anti-social behaviour,2025-12,8.8793
E02000017,Burglary,2025-12,9.510100000000001
E02000017,Criminal damage and arson,2025-12,10.909300000000002
E02000017,Disruptive crimes,2025-12,18.25
E02000017,Property theft,2025-12,24.1723
E02000017,Vehicle crime,2025-12,28.479499999999998
E02000017,Violence,2025-12,50.9727
E02000017,Anti-social behaviour,2026-01,61.293200000000006
E02000017,Burglary,2026-01,61.93580000000001
E02000017,Criminal damage and arson,2026-01,63.360600000000005
E02000017,Disruptive crimes,2026-01,70.9031
E02000017,Property theft,2026-01,76.9272
E02000017,Vehicle crime,2026-01,81.1398
E02000017,Violence,2026-01,103.93209999999999
E02000017,Anti-social behaviour,2026-02,113.1047
E02000017,Burglary,2026-02,113.80529999999999
E02000017,Criminal damage and arson,2026-02,115.15419999999999
E02000017,Disruptive crimes,2026-02,122.09029999999998
E02000017,Property theft,2026-02,127.70819999999999
E02000017,Vehicle crime,2026-02,131.8012
E02000017,Violence,2026-02,153.25940000000003
E02000018,Anti-social behaviour,2025-12,7.589599999999999
E02000018,Burglary,2025-12,8.368
E02000018,Criminal damage and arson,2025-12,11.267999999999999
E02000018,Disruptive crimes,2025-12,15.574099999999998
E02000018,Property theft,2025-12,19.540899999999997
E02000018,Vehicle crime,2025-12,25.696499999999993
E02000018,Violence,2025-12,50.4501
E02000018,Anti-social behaviour,2026-01,59.13830000000001
E02000018,Burglary,2026-01,60.02930000000001
E02000018,Criminal damage and arson,2026-01,62.95290000000001
E02000018,Disruptive crimes,2026-01,67.30080000000001
E02000018,Property theft,2026-01,71.03470000000002
E02000018,Vehicle crime,2026-01,77.03050000000002
E02000018,Violence,2026-01,102.11260000000001
E02000018,Anti-social behaviour,2026-02,110.00100000000002
E02000018,Burglary,2026-02,110.95230000000002
E02000018,Criminal damage and arson,2026-02,113.78370000000004
E02000018,Disruptive crimes,2026-02,117.91100000000003
E02000018,Property theft,2026-02,120.85460000000003
E02000018,Vehicle crime,2026-02,126.59840000000003
E02000018,Violence,2026-02,150.4533
E02000019,Anti-social behaviour,2025-12,16.187
E02000019,Burglary,2025-12,17.580400000000004
E02000019,Criminal damage and arson,2025-12,20.917400000000004
E02000019,Disruptive crimes,2025-12,29.170200000000005
E02000019,Property theft,2025-12,46.8228
E02000019,Vehicle crime,2025-12,57.0477
E02000019,Violence,2025-12,89.2096
E02000019,Anti-social behaviour,2026-01,106.23269999999998
E02000019,Burglary,2026-01,107.60559999999998
E02000019,Criminal damage and arson,2026-01,110.89169999999997
E02000019,Disruptive crimes,2026-01,119.50689999999997
E02000019,Property theft,2026-01,136.99439999999998
E02000019,Vehicle crime,2026-01,147.1596
E02000019,Violence,2026-01,179.46210000000002
E02000019,Anti-social behaviour,2026-02,195.4074
E02000019,Burglary,2026-02,196.7279
E02000019,Criminal damage and arson,2026-02,199.8746
E02000019,Disruptive crimes,2026-02,207.91100000000003
E02000019,Property theft,2026-02,223.3713
E02000019,Vehicle crime,2026-02,233.1063
E02000019,Violence,2026-02,263.1008
E02000020,Anti-social behaviour,2025-12,16.2319
E02000020,Burglary,2025-12,17.695299999999996
E02000020,Criminal damage and arson,2025-12,20.97179999999999
E02000020,Disruptive crimes,2025-12,27.254599999999986
E02000020,Property theft,2025-12,35.20489999999999
E02000020,Vehicle crime,2025-12,46.18469999999999
E02000020,Violence,2025-12,85.21159999999998
E02000020,Anti-social behaviour,2026-01,103.58989999999999
E02000020,Burglary,2026-01,105.0722
E02000020,Criminal damage and arson,2026-01,108.4194
E02000020,Disruptive crimes,2026-01,114.9663
E02000020,Property theft,2026-01,123.5287
E02000020,Vehicle crime,2026-01,135.666
E02000020,Violence,2026-01,175.56259999999995
E02000020,Anti-social behaviour,2026-02,193.76249999999993
E02000020,Burglary,2026-02,195.16809999999992
E02000020,Criminal damage and arson,2026-02,198.60199999999992
E02000020,Disruptive crimes,2026-02,205.16009999999994
E02000020,Property theft,2026-02,213.85789999999994
E02000020,Vehicle crime,2026-02,226.45639999999992
E02000020,Violence,2026-02,265.94329999999997
E02000021,Anti-social behaviour,2025-12,10.039
E02000021,Burglary,2025-12,12.031500000000003
E02000021,Criminal damage and arson,2025-12,15.240700000000004
E02000021,Disruptive crimes,2025-12,21.395300000000002
E02000021,Property theft,2025-12,28.840600000000002
E02000021,Vehicle crime,2025-12,38.2485
E02000021,Violence,2025-12,67.28
E02000021,Anti-social behaviour,2026-01,78.14249999999998
E02000021,Burglary,2026-01,80.1447
E02000021,Criminal damage and arson,2026-01,83.28000000000002
E02000021,Disruptive crimes,2026-01,89.50030000000002
E02000021,Property theft,2026-01,96.82470000000004
E02000021,Vehicle crime,2026-01,106.20790000000002
E02000021,Violence,2026-01,135.43710000000002
E02000021,Anti-social behaviour,2026-02,145.58280000000005
E02000021,Burglary,2026-02,147.57930000000005
E02000021,Criminal damage and arson,2026-02,150.53470000000004
E02000021,Disruptive crimes,2026-02,156.36780000000005
E02000021,Property theft,2026-02,163.35080000000002
E02000021,Vehicle crime,2026-02,172.25230000000002
E02000021,Violence,2026-02,200.0726
E02000022,Anti-social behaviour,2025-12,11.669200000000002
E02000022,Burglary,2025-12,12.704500000000001
E02000022,Criminal damage and arson,2025-12,15.602700000000002
E02000022,Disruptive crimes,2025-12,25.0605
E02000022,Property theft,2025-12,32.9349
E02000022,Vehicle crime,2025-12,39.032399999999996
E02000022,Violence,2025-12,65.8732
E02000022,Anti-social behaviour,2026-01,78.4393
E02000022,Burglary,2026-01,79.42739999999999
E02000022,Criminal damage and arson,2026-01,82.30959999999999
E02000022,Disruptive crimes,2026-01,92.05069999999999
E02000022,Property theft,2026-01,99.87299999999999
E02000022,Vehicle crime,2026-01,106.0278
E02000022,Violence,2026-01,133.038
E02000022,Anti-social behaviour,2026-02,144.6217
E02000022,Burglary,2026-02,145.59730000000002
E02000022,Criminal damage and arson,2026-02,148.3202
E02000022,Disruptive crimes,2026-02,157.3704
E02000022,Property theft,2026-02,163.95039999999997
E02000022,Vehicle crime,2026-02,169.70069999999998
E02000022,Violence,2026-02,195.1684
E02000023,Anti-social behaviour,2025-12,7.1617999999999995
E02000023,Burglary,2025-12,8.208599999999999
E02000023,Criminal damage and arson,2025-12,10.3479
E02000023,Disruptive crimes,2025-12,14.018
E02000023,Property theft,2025-12,18.5866
E02000023,Vehicle crime,2025-12,23.915399999999998
E02000023,Violence,2025-12,48.123799999999996
E02000023,Anti-social behaviour,2026-01,56.350699999999996
E02000023,Burglary,2026-01,57.4706
E02000023,Criminal damage and arson,2026-01,59.659299999999995
E02000023,Disruptive crimes,2026-01,63.32469999999999
E02000023,Property theft,2026-01,67.824
E02000023,Vehicle crime,2026-01,73.07500000000002
E02000023,Violence,2026-01,97.50490000000002
E02000023,Anti-social behaviour,2026-02,104.62160000000003
E02000023,Burglary,2026-02,105.76640000000003
E02000023,Criminal damage and arson,2026-02,108.02770000000002
E02000023,Disruptive crimes,2026-02,111.47310000000002
E02000023,Property theft,2026-02,115.73560000000003
E02000023,Vehicle crime,2026-02,120.71910000000003
E02000023,Violence,2026-02,143.75730000000001
E02000024,Anti-social behaviour,2025-12,11.386700000000001
E02000024,Burglary,2025-12,12.4358
E02000024,Criminal damage and arson,2025-12,13.962600000000002
E02000024,Disruptive crimes,2025-12,19.233300000000003
E02000024,Property theft,2025-12,38.7948
E02000024,Vehicle crime,2025-12,43.241200000000006
E02000024,Violence,2025-12,58.566399999999994
E02000024,Anti-social behaviour,2026-01,71.1023
E02000024,Burglary,2026-01,72.11710000000001
E02000024,Criminal damage and arson,2026-01,73.65460000000002
E02000024,Disruptive crimes,2026-01,78.99600000000002
E02000024,Property theft,2026-01,98.71060000000003
E02000024,Vehicle crime,2026-01,103.09350000000002
E02000024,Violence,2026-01,118.69420000000002
E02000024,Anti-social behaviour,2026-02,130.80980000000002
E02000024,Burglary,2026-02,131.85530000000003
E02000024,Criminal damage and arson,2026-02,133.32590000000005
E02000024,Disruptive crimes,2026-02,138.34300000000005
E02000024,Property theft,2026-02,156.57130000000004
E02000024,Vehicle crime,2026-02,160.761
E02000024,Violence,2026-02,175.6875
E02000025,Anti-social behaviour,2025-12,8.9638
E02000025,Burglary,2025-12,10.384100000000002
E02000025,Criminal damage and arson,2025-12,11.663800000000002
E02000025,Disruptive crimes,2025-12,14.4891
E02000025,Property theft,2025-12,16.017200000000003
E02000025,Vehicle crime,2025-12,20.533400000000004
E02000025,Violence,2025-12,33.7766
E02000025,Anti-social behaviour,2026-01,43.7561
E02000025,Burglary,2026-01,45.115300000000005
E02000025,Criminal damage and arson,2026-01,46.395100000000006
E02000025,Disruptive crimes,2026-01,49.3173
E02000025,Property theft,2026-01,50.8341
E02000025,Vehicle crime,2026-01,55.293800000000005
E02000025,Violence,2026-01,68.73980000000002
E02000025,Anti-social behaviour,2026-02,78.03040000000001
E02000025,Burglary,2026-02,79.3752
E02000025,Criminal damage and arson,2026-02,80.59830000000001
E02000025,Disruptive crimes,2026-02,83.37089999999999
E02000025,Property theft,2026-02,84.82730000000001
E02000025,Vehicle crime,2026-02,89.07700000000001
E02000025,Violence,2026-02,101.819
E02000026,Anti-social behaviour,2025-12,1.8216
E02000026,Burglary,2025-12,2.0935
E02000026,Criminal damage and arson,2025-12,2.0942000000000003
E02000026,Disruptive crimes,2025-12,2.0952000000000006
E02000026,Property theft,2025-12,2.1266000000000007
E02000026,Vehicle crime,2025-12,4.478800000000001
E02000026,Violence,2025-12,8.2337
E02000026,Anti-social behaviour,2026-01,10.331600000000002
E02000026,Burglary,2026-01,10.574900000000001
E02000026,Criminal damage and arson,2026-01,10.576
E02000026,Disruptive crimes,2026-01,10.5774
E02000026,Property theft,2026-01,10.6111
E02000026,Vehicle crime,2026-01,12.9427
E02000026,Violence,2026-01,16.8434
E02000026,Anti-social behaviour,2026-02,18.997799999999998
E02000026,Burglary,2026-02,19.268099999999997
E02000026,Criminal damage and arson,2026-02,19.269599999999997
E02000026,Disruptive crimes,2026-02,19.271099999999997
E02000026,Property theft,2026-02,19.317099999999996
E02000026,Vehicle crime,2026-02,21.523599999999995
E02000026,Violence,2026-02,25.194999999999993
E02000027,Anti-social behaviour,2025-12,8.187
E02000027,Burglary,2025-12,8.235799999999998
E02000027,Criminal damage and arson,2025-12,9.211599999999997
E02000027,Disruptive crimes,2025-12,12.273499999999995
E02000027,Property theft,2025-12,14.520699999999994
E02000027,Vehicle crime,2025-12,17.5127
E02000027,Violence,2025-12,37.079699999999995
E02000027,Anti-social behaviour,2026-01,46.5411
E02000027,Burglary,2026-01,46.5902
E02000027,Criminal damage and arson,2026-01,47.6621
E02000027,Disruptive crimes,2026-01,50.8392
E02000027,Property theft,2026-01,53.132299999999994
E02000027,Vehicle crime,2026-01,56.14719999999999
E02000027,Violence,2026-01,76.027
E02000027,Anti-social behaviour,2026-02,84.6344
E02000027,Burglary,2026-02,84.68169999999999
E02000027,Criminal damage and arson,2026-02,85.7907
E02000027,Disruptive crimes,2026-02,88.87450000000001
E02000027,Property theft,2026-02,91.03460000000003
E02000027,Vehicle crime,2026-02,93.92620000000002
E02000027,Violence,2026-02,112.55500000000002
E02000028,Anti-social behaviour,2025-12,4.2595
E02000028,Burglary,2025-12,4.5959
E02000028,Criminal damage and arson,2025-12,4.6465000000000005
E02000028,Disruptive crimes,2025-12,5.7556
E02000028,Property theft,2025-12,11.881499999999999
E02000028,Vehicle crime,2025-12,15.9228
E02000028,Violence,2025-12,23.2279
E02000028,Anti-social behaviour,2026-01,28.348100000000002
E02000028,Burglary,2026-01,28.711499999999997
E02000028,Criminal damage and arson,2026-01,28.772699999999993
E02000028,Disruptive crimes,2026-01,29.89029999999999
E02000028,Property theft,2026-01,36.22949999999999
E02000028,Vehicle crime,2026-01,40.22099999999998
E02000028,Violence,2026-01,47.673299999999976
E02000028,Anti-social behaviour,2026-02,52.53089999999998
E02000028,Burglary,2026-02,52.91349999999998
E02000028,Criminal damage and arson,2026-02,52.97139999999998
E02000028,Disruptive crimes,2026-02,54.019199999999984
E02000028,Property theft,2026-02,59.94249999999999
E02000028,Vehicle crime,2026-02,63.73629999999999
E02000028,Violence,2026-02,70.71209999999999
E02000029,Anti-social behaviour,2025-12,7.8772
E02000029,Burglary,2025-12,10.136099999999999
E02000029,Criminal damage and arson,2025-12,11.599499999999999
E02000029,Disruptive crimes,2025-12,15.022799999999998
E02000029,Property theft,2025-12,22.8757
E02000029,Vehicle crime,2025-12,29.392399999999995
E02000029,Violence,2025-12,45.0911
E02000029,Anti-social behaviour,2026-01,53.7697
E02000029,Burglary,2026-01,56.0565
E02000029,Criminal damage and arson,2026-01,57.551
E02000029,Disruptive crimes,2026-01,61.028
E02000029,Property theft,2026-01,68.8642
E02000029,Vehicle crime,2026-01,75.213
E02000029,Violence,2026-01,91.1073
E02000029,Anti-social behaviour,2026-02,99.0876
E02000029,Burglary,2026-02,101.4066
E02000029,Criminal damage and arson,2026-02,102.8408
E02000029,Disruptive crimes,2026-02,106.0244
E02000029,Property theft,2026-02,113.22059999999999
E02000029,Vehicle crime,2026-02,119.27759999999999
E02000029,Violence,2026-02,134.3166
E02000030,Anti-social behaviour,2025-12,4.9826
E02000030,Burglary,2025-12,6.705
E02000030,Criminal damage and arson,2025-12,6.9491000000000005
E02000030,Disruptive crimes,2025-12,9.152700000000001
E02000030,Property theft,2025-12,10.773600000000002
E02000030,Vehicle crime,2025-12,13.985700000000003
E02000030,Violence,2025-12,25.063300000000005
E02000030,Anti-social behaviour,2026-01,31.08770000000001
E02000030,Burglary,2026-01,32.86570000000001
E02000030,Criminal damage and arson,2026-01,33.160100000000014
E02000030,Disruptive crimes,2026-01,35.47990000000001
E02000030,Property theft,2026-01,37.044300000000014
E02000030,Vehicle crime,2026-01,40.245700000000014
E02000030,Violence,2026-01,51.50390000000001
E02000030,Anti-social behaviour,2026-02,57.22730000000001
E02000030,Burglary,2026-02,59.09740000000001
E02000030,Criminal damage and arson,2026-02,59.42650000000001
E02000030,Disruptive crimes,2026-02,61.64690000000001
E02000030,Property theft,2026-02,63.18960000000001
E02000030,Vehicle crime,2026-02,66.38510000000002
E02000030,Violence,2026-02,76.92950000000002
E02000031,Anti-social behaviour,2025-12,2.8647
E02000031,Burglary,2025-12,4.0331
E02000031,Criminal damage and arson,2025-12,4.1697
E02000031,Disruptive crimes,2025-12,7.6232999999999995
E02000031,Property theft,2025-12,14.9347
E02000031,Vehicle crime,2025-12,19.789499999999997
E02000031,Violence,2025-12,29.5236
E02000031,Anti-social behaviour,2026-01,32.9456
E02000031,Burglary,2026-01,34.176700000000004
E02000031,Criminal damage and arson,2026-01,34.32760000000001
E02000031,Disruptive crimes,2026-01,37.84900000000001
E02000031,Property theft,2026-01,45.338400000000014
E02000031,Vehicle crime,2026-01,50.12820000000002
E02000031,Violence,2026-01,60.00520000000002
E02000031,Anti-social behaviour,2026-02,63.40990000000003
E02000031,Burglary,2026-02,64.69570000000003
E02000031,Criminal damage and arson,2026-02,64.83570000000003
E02000031,Disruptive crimes,2026-02,68.06410000000004
E02000031,Property theft,2026-02,75.06920000000004
E02000031,Vehicle crime,2026-02,79.62810000000005
E02000031,Violence,2026-02,89.04090000000005
E02000032,Anti-social behaviour,2025-12,2.9462
E02000032,Burglary,2025-12,3.5703000000000005
E02000032,Criminal damage and arson,2025-12,3.5722000000000005
E02000032,Disruptive crimes,2025-12,3.6144000000000007
E02000032,Property theft,2025-12,3.808600000000001
E02000032,Vehicle crime,2025-12,7.590700000000002
E02000032,Violence,2025-12,12.269200000000003
E02000032,Anti-social behaviour,2026-01,15.643400000000002
E02000032,Burglary,2026-01,16.306
E02000032,Criminal damage and arson,2026-01,16.3086
E02000032,Disruptive crimes,2026-01,16.357899999999997
E02000032,Property theft,2026-01,16.565399999999997
E02000032,Vehicle crime,2026-01,20.284399999999998
E02000032,Violence,2026-01,25.0311
E02000032,Anti-social behaviour,2026-02,28.4697
E02000032,Burglary,2026-02,29.1387
E02000032,Criminal damage and arson,2026-02,29.142
E02000032,Disruptive crimes,2026-02,29.203799999999998
E02000032,Property theft,2026-02,29.4469
E02000032,Vehicle crime,2026-02,32.995000000000005
E02000032,Violence,2026-02,37.453300000000006
E02000033,Anti-social behaviour,2025-12,4.6957
E02000033,Burglary,2025-12,6.4664
E02000033,Criminal damage and arson,2025-12,7.3217
E02000033,Disruptive crimes,2025-12,10.1011
E02000033,Property theft,2025-12,15.5922
E02000033,Vehicle crime,2025-12,20.4837
E02000033,Violence,2025-12,31.593
E02000033,Anti-social behaviour,2026-01,37.02190000000001
E02000033,Burglary,2026-01,38.84800000000001
E02000033,Criminal damage and arson,2026-01,39.705500000000015
E02000033,Disruptive crimes,2026-01,42.61930000000002
E02000033,Property theft,2026-01,48.29060000000002
E02000033,Vehicle crime,2026-01,53.12290000000002
E02000033,Violence,2026-01,64.33930000000002
E02000033,Anti-social behaviour,2026-02,69.49800000000002
E02000033,Burglary,2026-02,71.42350000000003
E02000033,Criminal damage and arson,2026-02,72.23660000000004
E02000033,Disruptive crimes,2026-02,74.96370000000003
E02000033,Property theft,2026-02,79.90420000000005
E02000033,Vehicle crime,2026-02,84.50420000000005
E02000033,Violence,2026-02,95.27500000000006
E02000034,Anti-social behaviour,2025-12,4.5598
E02000034,Burglary,2025-12,5.838800000000001
E02000034,Criminal damage and arson,2025-12,6.8006
E02000034,Disruptive crimes,2025-12,8.496400000000001
E02000034,Property theft,2025-12,14.229
E02000034,Vehicle crime,2025-12,19.676800000000004
E02000034,Violence,2025-12,30.396700000000003
E02000034,Anti-social behaviour,2026-01,35.7939
E02000034,Burglary,2026-01,37.18039999999999
E02000034,Criminal damage and arson,2026-01,38.180899999999994
E02000034,Disruptive crimes,2026-01,40.047399999999996
E02000034,Property theft,2026-01,45.7956
E02000034,Vehicle crime,2026-01,51.1766
E02000034,Violence,2026-01,62.0149
E02000034,Anti-social behaviour,2026-02,67.15920000000001
E02000034,Burglary,2026-02,68.57920000000003
E02000034,Criminal damage and arson,2026-02,69.50810000000003
E02000034,Disruptive crimes,2026-02,71.26130000000003
E02000034,Property theft,2026-02,76.71130000000004
E02000034,Vehicle crime,2026-02,81.80460000000005
E02000034,Violence,2026-02,92.10350000000004
E02000035,Anti-social behaviour,2025-12,7.3021
E02000035,Burglary,2025-12,7.761400000000001
E02000035,Criminal damage and arson,2025-12,7.769100000000001
E02000035,Disruptive crimes,2025-12,8.2162
E02000035,Property theft,2025-12,10.2464
E02000035,Vehicle crime,2025-12,14.6595
E02000035,Violence,2025-12,22.498499999999996
E02000035,Anti-social behaviour,2026-01,31.002299999999995
E02000035,Burglary,2026-01,31.460599999999996
E02000035,Criminal damage and arson,2026-01,31.471299999999996
E02000035,Disruptive crimes,2026-01,32.0323
E02000035,Property theft,2026-01,34.0789
E02000035,Vehicle crime,2026-01,38.44609999999999
E02000035,Violence,2026-01,46.3056
E02000035,Anti-social behaviour,2026-02,54.429899999999996
E02000035,Burglary,2026-02,54.926500000000004
E02000035,Criminal damage and arson,2026-02,54.93890000000001
E02000035,Disruptive crimes,2026-02,55.52920000000001
E02000035,Property theft,2026-02,57.47610000000001
E02000035,Vehicle crime,2026-02,61.63370000000001
E02000035,Violence,2026-02,69.0898
E02000036,Anti-social behaviour,2025-12,7.3024
E02000036,Burglary,2025-12,8.1374
E02000036,Criminal damage and arson,2025-12,8.651800000000001
E02000036,Disruptive crimes,2025-12,9.949900000000003
E02000036,Property theft,2025-12,13.102400000000003
E02000036,Vehicle crime,2025-12,17.816300000000002
E02000036,Violence,2025-12,31.332900000000002
E02000036,Anti-social behaviour,2026-01,39.7728
E02000036,Burglary,2026-01,40.60530000000001
E02000036,Criminal damage and arson,2026-01,41.11460000000002
E02000036,Disruptive crimes,2026-01,42.47100000000002
E02000036,Property theft,2026-01,45.33430000000002
E02000036,Vehicle crime,2026-01,49.84590000000002
E02000036,Violence,2026-01,63.44480000000002
E02000036,Anti-social behaviour,2026-02,71.35740000000001
E02000036,Burglary,2026-02,72.23130000000002
E02000036,Criminal damage and arson,2026-02,72.73940000000002
E02000036,Disruptive crimes,2026-02,73.97870000000002
E02000036,Property theft,2026-02,76.61160000000001
E02000036,Vehicle crime,2026-02,80.9355
E02000036,Violence,2026-02,93.8646
E02000037,Anti-social behaviour,2025-12,5.8993
E02000037,Burglary,2025-12,6.415100000000001
E02000037,Criminal damage and arson,2025-12,7.237000000000001
E02000037,Disruptive crimes,2025-12,8.330400000000001
E02000037,Property theft,2025-12,9.9304
E02000037,Vehicle crime,2025-12,13.6016
E02000037,Violence,2025-12,24.458999999999996
E02000037,Anti-social behaviour,2026-01,31.534999999999997
E02000037,Burglary,2026-01,32.01169999999999
E02000037,Criminal damage and arson,2026-01,32.81739999999999
E02000037,Disruptive crimes,2026-01,33.983999999999995
E02000037,Property theft,2026-01,35.51239999999999
E02000037,Vehicle crime,2026-01,39.19669999999999
E02000037,Violence,2026-01,50.21869999999999
E02000037,Anti-social behaviour,2026-02,56.85019999999998
E02000037,Burglary,2026-02,57.37579999999998
E02000037,Criminal damage and arson,2026-02,58.16609999999998
E02000037,Disruptive crimes,2026-02,59.27309999999998
E02000037,Property theft,2026-02,60.683299999999974
E02000037,Vehicle crime,2026-02,64.20379999999997
E02000037,Violence,2026-02,74.58929999999998
E02000038,Anti-social behaviour,2025-12,9.0998
E02000038,Burglary,2025-12,11.4476
E02000038,Criminal damage and arson,2025-12,13.3364
E02000038,Disruptive crimes,2025-12,17.0119
E02000038,Property theft,2025-12,25.146600000000003
E02000038,Vehicle crime,2025-12,33.9284
E02000038,Violence,2025-12,51.14580000000001
E02000038,Anti-social behaviour,2026-01,61.47100000000001
E02000038,Burglary,2026-01,63.969200000000015
E02000038,Criminal damage and arson,2026-01,65.91870000000002
E02000038,Disruptive crimes,2026-01,69.68370000000002
E02000038,Property theft,2026-01,77.96050000000001
E02000038,Vehicle crime,2026-01,86.59590000000001
E02000038,Violence,2026-01,104.04430000000002
E02000038,Anti-social behaviour,2026-02,113.64800000000002
E02000038,Burglary,2026-02,116.18840000000004
E02000038,Criminal damage and arson,2026-02,118.00560000000006
E02000038,Disruptive crimes,2026-02,121.52280000000006
E02000038,Property theft,2026-02,129.30650000000006
E02000038,Vehicle crime,2026-02,137.49740000000006
E02000038,Violence,2026-02,154.15160000000006
E02000039,Anti-social behaviour,2025-12,5.763400000000001
E02000039,Burglary,2025-12,7.519400000000001
E02000039,Criminal damage and arson,2025-12,8.489500000000001
E02000039,Disruptive crimes,2025-12,11.510200000000001
E02000039,Property theft,2025-12,17.709500000000002
E02000039,Vehicle crime,2025-12,21.097400000000004
E02000039,Violence,2025-12,30.902700000000003
E02000039,Anti-social behaviour,2026-01,37.44690000000001
E02000039,Burglary,2026-01,39.21120000000001
E02000039,Criminal damage and arson,2026-01,40.17110000000001
E02000039,Disruptive crimes,2026-01,43.263900000000014
E02000039,Property theft,2026-01,49.395800000000015
E02000039,Vehicle crime,2026-01,52.66920000000002
E02000039,Violence,2026-01,62.58210000000002
E02000039,Anti-social behaviour,2026-02,68.69640000000003
E02000039,Burglary,2026-02,70.4697
E02000039,Criminal damage and arson,2026-02,71.3797
E02000039,Disruptive crimes,2026-02,74.3058
E02000039,Property theft,2026-02,79.85820000000001
E02000039,Vehicle crime,2026-02,83.1499
E02000039,Violence,2026-02,92.5276
E02000040,Anti-social behaviour,2025-12,10.2238
E02000040,Burglary,2025-12,13.229
E02000040,Criminal damage and arson,2025-12,14.219899999999997
E02000040,Disruptive crimes,2025-12,23.874299999999995
E02000040,Property theft,2025-12,32.964499999999994
E02000040,Vehicle crime,2025-12,37.39829999999999
E02000040,Violence,2025-12,51.6795
E02000040,Anti-social behaviour,2026-01,63.1613
E02000040,Burglary,2026-01,66.20129999999999
E02000040,Criminal damage and arson,2026-01,67.1878
E02000040,Disruptive crimes,2026-01,78.6257
E02000040,Property theft,2026-01,87.8398
E02000040,Vehicle crime,2026-01,92.1357
E02000040,Violence,2026-01,107.1143
E02000040,Anti-social behaviour,2026-02,118.7379
E02000040,Burglary,2026-02,121.7116
E02000040,Criminal damage and arson,2026-02,122.64590000000001
E02000040,Disruptive crimes,2026-02,132.1534
E02000040,Property theft,2026-02,140.45690000000002
E02000040,Vehicle crime,2026-02,144.62610000000004
E02000040,Violence,2026-02,159.46100000000004
E02000041,Anti-social behaviour,2025-12,22.293499999999998
E02000041,Burglary,2025-12,25.3675
E02000041,Criminal damage and arson,2025-12,28.604599999999994
E02000041,Disruptive crimes,2025-12,36.0722
E02000041,Property theft,2025-12,59.9046
E02000041,Vehicle crime,2025-12,65.9795
E02000041,Violence,2025-12,90.31060000000001
E02000041,Anti-social behaviour,2026-01,114.09170000000002
E02000041,Burglary,2026-01,117.22090000000001
E02000041,Criminal damage and arson,2026-01,120.45810000000002
E02000041,Disruptive crimes,2026-01,128.0224
E02000041,Property theft,2026-01,151.7841
E02000041,Vehicle crime,2026-01,157.6908
E02000041,Violence,2026-01,182.339
E02000041,Anti-social behaviour,2026-02,204.5007
E02000041,Burglary,2026-02,207.6248
E02000041,Criminal damage and arson,2026-02,210.7069
E02000041,Disruptive crimes,2026-02,217.84029999999996
E02000041,Property theft,2026-02,239.76259999999996
E02000041,Vehicle crime,2026-02,245.38969999999998
E02000041,Violence,2026-02,268.8700999999999
E02000042,Anti-social behaviour,2025-12,18.209000000000003
E02000042,Burglary,2025-12,20.079599999999996
E02000042,Criminal damage and arson,2025-12,22.084699999999994
E02000042,Disruptive crimes,2025-12,29.042199999999994
E02000042,Property theft,2025-12,45.302499999999995
E02000042,Vehicle crime,2025-12,53.1524
E02000042,Violence,2025-12,75.408
E02000042,Anti-social behaviour,2026-01,95.17960000000001
E02000042,Burglary,2026-01,97.15740000000001
E02000042,Criminal damage and arson,2026-01,99.16510000000001
E02000042,Disruptive crimes,2026-01,106.2203
E02000042,Property theft,2026-01,122.82909999999998
E02000042,Vehicle crime,2026-01,130.61829999999995
E02000042,Violence,2026-01,153.09169999999995
E02000042,Anti-social behaviour,2026-02,171.62539999999993
E02000042,Burglary,2026-02,173.6662999999999
E02000042,Criminal damage and arson,2026-02,175.5925999999999
E02000042,Disruptive crimes,2026-02,182.21049999999988
E02000042,Property theft,2026-02,197.29999999999987
E02000042,Vehicle crime,2026-02,204.60609999999986
E02000042,Violence,2026-02,225.94779999999983
E02000043,Anti-social behaviour,2025-12,2.3013000000000003
E02000043,Burglary,2025-12,3.2878000000000007
E02000043,Criminal damage and arson,2025-12,3.2882000000000007
E02000043,Disruptive crimes,2025-12,3.2887000000000013
E02000043,Property theft,2025-12,3.319600000000001
E02000043,Vehicle crime,2025-12,6.546700000000001
E02000043,Violence,2025-12,9.433600000000002
E02000043,Anti-social behaviour,2026-01,12.008900000000002
E02000043,Burglary,2026-01,13.001700000000003
E02000043,Criminal damage and arson,2026-01,13.002200000000004
E02000043,Disruptive crimes,2026-01,13.002900000000004
E02000043,Property theft,2026-01,13.045800000000003
E02000043,Vehicle crime,2026-01,16.279000000000003
E02000043,Violence,2026-01,19.291200000000003
E02000043,Anti-social behaviour,2026-02,21.8753
E02000043,Burglary,2026-02,22.870300000000004
E02000043,Criminal damage and arson,2026-02,22.870900000000002
E02000043,Disruptive crimes,2026-02,22.8716
E02000043,Property theft,2026-02,22.9202
E02000043,Vehicle crime,2026-02,25.965200000000006
E02000043,Violence,2026-02,28.771700000000003
E02000044,Anti-social behaviour,2025-12,5.9785
E02000044,Burglary,2025-12,6.084200000000001
E02000044,Criminal damage and arson,2025-12,6.12
E02000044,Disruptive crimes,2025-12,8.7022
E02000044,Property theft,2025-12,9.965699999999998
E02000044,Vehicle crime,2025-12,12.727199999999998
E02000044,Violence,2025-12,24.387899999999995
E02000044,Anti-social behaviour,2026-01,31.044299999999993
E02000044,Burglary,2026-01,31.15249999999999
E02000044,Criminal damage and arson,2026-01,31.19779999999999
E02000044,Disruptive crimes,2026-01,33.93999999999999
E02000044,Property theft,2026-01,35.264399999999995
E02000044,Vehicle crime,2026-01,37.97689999999999
E02000044,Violence,2026-01,49.756699999999995
E02000044,Anti-social behaviour,2026-02,55.8636
E02000044,Burglary,2026-02,55.9787
E02000044,Criminal damage and arson,2026-02,56.0256
E02000044,Disruptive crimes,2026-02,58.5321
E02000044,Property theft,2026-02,59.8189
E02000044,Vehicle crime,2026-02,62.4351
E02000044,Violence,2026-02,73.708
E02000045,Anti-social behaviour,2025-12,9.3009
E02000045,Burglary,2025-12,11.036699999999998
E02000045,Criminal damage and arson,2025-12,12.661499999999998
E02000045,Disruptive crimes,2025-12,15.839299999999996
E02000045,Property theft,2025-12,20.458099999999998
E02000045,Vehicle crime,2025-12,30.4583
E02000045,Violence,2025-12,45.7113
E02000045,Anti-social behaviour,2026-01,56.293000000000006
E02000045,Burglary,2026-01,58.06750000000002
E02000045,Criminal damage and arson,2026-01,59.73970000000001
E02000045,Disruptive crimes,2026-01,63.000700000000016
E02000045,Property theft,2026-01,66.99970000000002
E02000045,Vehicle crime,2026-01,76.86260000000001
E02000045,Violence,2026-01,92.40010000000001
E02000045,Anti-social behaviour,2026-02,102.16590000000002
E02000045,Burglary,2026-02,104.00630000000002
E02000045,Criminal damage and arson,2026-02,105.55830000000003
E02000045,Disruptive crimes,2026-02,108.64560000000003
E02000045,Property theft,2026-02,111.59690000000003
E02000045,Vehicle crime,2026-02,120.92550000000004
E02000045,Violence,2026-02,135.68080000000003
E02000046,Anti-social behaviour,2025-12,9.1152
E02000046,Burglary,2025-12,10.3976
E02000046,Criminal damage and arson,2025-12,11.491800000000001
E02000046,Disruptive crimes,2025-12,16.4314
E02000046,Property theft,2025-12,24.1352
E02000046,Vehicle crime,2025-12,29.8324
E02000046,Violence,2025-12,40.988
E02000046,Anti-social behaviour,2026-01,51.3121
E02000046,Burglary,2026-01,52.5377
E02000046,Criminal damage and arson,2026-01,53.647200000000005
E02000046,Disruptive crimes,2026-01,58.74230000000001
E02000046,Property theft,2026-01,66.53030000000001
E02000046,Vehicle crime,2026-01,72.18590000000002
E02000046,Violence,2026-01,83.38040000000001
E02000046,Anti-social behaviour,2026-02,92.80910000000002
E02000046,Burglary,2026-02,94.04950000000001
E02000046,Criminal damage and arson,2026-02,95.13320000000002
E02000046,Disruptive crimes,2026-02,99.92170000000003
E02000046,Property theft,2026-02,107.10350000000004
E02000046,Vehicle crime,2026-02,112.42850000000004
E02000046,Violence,2026-02,123.02760000000004
E02000047,Anti-social behaviour,2025-12,18.8035
E02000047,Burglary,2025-12,22.099200000000003
E02000047,Criminal damage and arson,2025-12,26.116800000000005
E02000047,Disruptive crimes,2025-12,34.9193
E02000047,Property theft,2025-12,51.1816
E02000047,Vehicle crime,2025-12,56.79750000000001
E02000047,Violence,2025-12,95.21620000000003
E02000047,Anti-social behaviour,2026-01,116.03180000000003
E02000047,Burglary,2026-01,119.29650000000005
E02000047,Criminal damage and arson,2026-01,123.21780000000007
E02000047,Disruptive crimes,2026-01,132.2612000000001
E02000047,Property theft,2026-01,148.6706000000001
E02000047,Vehicle crime,2026-01,154.1265000000001
E02000047,Violence,2026-01,193.0970000000001
E02000047,Anti-social behaviour,2026-02,211.62200000000013
E02000047,Burglary,2026-02,214.90270000000012
E02000047,Criminal damage and arson,2026-02,218.61140000000015
E02000047,Disruptive crimes,2026-02,227.2170000000001
E02000047,Property theft,2026-02,242.92130000000012
E02000047,Vehicle crime,2026-02,248.18530000000013
E02000047,Violence,2026-02,285.93540000000013
E02000048,Anti-social behaviour,2025-12,5.7169
E02000048,Burglary,2025-12,9.645
E02000048,Criminal damage and arson,2025-12,9.897499999999999
E02000048,Disruptive crimes,2025-12,12.585099999999999
E02000048,Property theft,2025-12,16.284799999999997
E02000048,Vehicle crime,2025-12,22.149199999999997
E02000048,Violence,2025-12,34.711099999999995
E02000048,Anti-social behaviour,2026-01,41.2665
E02000048,Burglary,2026-01,45.23760000000001
E02000048,Criminal damage and arson,2026-01,45.530100000000004
E02000048,Disruptive crimes,2026-01,48.313500000000005
E02000048,Property theft,2026-01,51.9908
E02000048,Vehicle crime,2026-01,57.683
E02000048,Violence,2026-01,70.3897
E02000048,Anti-social behaviour,2026-02,76.6482
E02000048,Burglary,2026-02,80.63669999999999
E02000048,Criminal damage and arson,2026-02,80.92699999999999
E02000048,Disruptive crimes,2026-02,83.5462
E02000048,Property theft,2026-02,86.9399
E02000048,Vehicle crime,2026-02,92.4119
E02000048,Violence,2026-02,104.4351
E02000049,Anti-social behaviour,2025-12,10.4146
E02000049,Burglary,2025-12,11.0088
E02000049,Criminal damage and arson,2025-12,12.5427
E02000049,Disruptive crimes,2025-12,18.115399999999998
E02000049,Property theft,2025-12,21.315599999999996
E02000049,Vehicle crime,2025-12,25.1668
E02000049,Violence,2025-12,42.0633
E02000049,Anti-social behaviour,2026-01,54.4042
E02000049,Burglary,2026-01,55.066599999999994
E02000049,Criminal damage and arson,2026-01,56.59459999999999
E02000049,Disruptive crimes,2026-01,62.2418
E02000049,Property theft,2026-01,65.52140000000001
E02000049,Vehicle crime,2026-01,69.36350000000002
E02000049,Violence,2026-01,86.5553
E02000049,Anti-social behaviour,2026-02,97.0187
E02000049,Burglary,2026-02,97.70479999999999
E02000049,Criminal damage and arson,2026-02,99.21329999999998
E02000049,Disruptive crimes,2026-02,104.40399999999998
E02000049,Property theft,2026-02,107.49259999999998
E02000049,Vehicle crime,2026-02,111.24309999999998
E02000049,Violence,2026-02,127.47549999999998
E02000050,Anti-social behaviour,2025-12,11.7276
E02000050,Burglary,2025-12,12.8812
E02000050,Criminal damage and arson,2025-12,14.128300000000003
E02000050,Disruptive crimes,2025-12,18.316200000000002
E02000050,Property theft,2025-12,24.3614
E02000050,Vehicle crime,2025-12,32.6982
E02000050,Violence,2025-12,47.3925
E02000050,Anti-social behaviour,2026-01,60.59859999999999
E02000050,Burglary,2026-01,61.67879999999999
E02000050,Criminal damage and arson,2026-01,62.91259999999998
E02000050,Disruptive crimes,2026-01,67.27699999999999
E02000050,Property theft,2026-01,73.2941
E02000050,Vehicle crime,2026-01,81.7249
E02000050,Violence,2026-01,96.77420000000001
E02000050,Anti-social behaviour,2026-02,109.0022
E02000050,Burglary,2026-02,110.11090000000002
E02000050,Criminal damage and arson,2026-02,111.3176
E02000050,Disruptive crimes,2026-02,115.46260000000001
E02000050,Property theft,2026-02,120.41340000000002
E02000050,Vehicle crime,2026-02,128.32540000000003
E02000050,Violence,2026-02,142.61440000000002
E02000051,Anti-social behaviour,2025-12,8.4766
E02000051,Burglary,2025-12,12.164600000000002
E02000051,Criminal damage and arson,2025-12,12.745800000000001
E02000051,Disruptive crimes,2025-12,17.186100000000003
E02000051,Property theft,2025-12,20.457200000000007
E02000051,Vehicle crime,2025-12,27.629700000000007
E02000051,Violence,2025-12,38.4335
E02000051,Anti-social behaviour,2026-01,47.9866
E02000051,Burglary,2026-01,51.748400000000004
E02000051,Criminal damage and arson,2026-01,52.346700000000006
E02000051,Disruptive crimes,2026-01,56.914300000000004
E02000051,Property theft,2026-01,60.227700000000006
E02000051,Vehicle crime,2026-01,67.215
E02000051,Violence,2026-01,78.2195
E02000051,Anti-social behaviour,2026-02,87.36049999999999
E02000051,Burglary,2026-02,91.091
E02000051,Criminal damage and arson,2026-02,91.73360000000001
E02000051,Disruptive crimes,2026-02,96.0619
E02000051,Property theft,2026-02,99.1596
E02000051,Vehicle crime,2026-02,105.8606
E02000051,Violence,2026-02,116.1703
E02000052,Anti-social behaviour,2025-12,4.908200000000001
E02000052,Burglary,2025-12,6.841900000000002
E02000052,Criminal damage and arson,2025-12,7.019100000000002
E02000052,Disruptive crimes,2025-12,8.521600000000001
E02000052,Property theft,2025-12,17.706599999999998
E02000052,Vehicle crime,2025-12,23.318899999999996
E02000052,Violence,2025-12,34.295899999999996
E02000052,Anti-social behaviour,2026-01,40.1637
E02000052,Burglary,2026-01,42.1531
E02000052,Criminal damage and arson,2026-01,42.374300000000005
E02000052,Disruptive crimes,2026-01,43.967200000000005
E02000052,Property theft,2026-01,53.273300000000006
E02000052,Vehicle crime,2026-01,58.80960000000001
E02000052,Violence,2026-01,69.72890000000001
E02000052,Anti-social behaviour,2026-02,75.33650000000002
E02000052,Burglary,2026-02,77.38960000000002
E02000052,Criminal damage and arson,2026-02,77.64440000000002
E02000052,Disruptive crimes,2026-02,79.15780000000002
E02000052,Property theft,2026-02,87.90910000000002
E02000052,Vehicle crime,2026-02,93.20810000000002
E02000052,Violence,2026-02,103.55370000000002
E02000054,Anti-social behaviour,2025-12,5.8429
E02000054,Burglary,2025-12,7.4094999999999995
E02000054,Criminal damage and arson,2025-12,8.063899999999999
E02000054,Disruptive crimes,2025-12,11.048599999999999
E02000054,Property theft,2025-12,13.0609
E02000054,Vehicle crime,2025-12,16.8181
E02000054,Violence,2025-12,27.242599999999996
E02000054,Anti-social behaviour,2026-01,34.1164
E02000054,Burglary,2026-01,35.7367
E02000054,Criminal damage and arson,2026-01,36.404199999999996
E02000054,Disruptive crimes,2026-01,39.471599999999995
E02000054,Property theft,2026-01,41.388099999999994
E02000054,Vehicle crime,2026-01,45.0861
E02000054,Violence,2026-01,55.569
E02000054,Anti-social behaviour,2026-02,61.9536
E02000054,Burglary,2026-02,63.6012
E02000054,Criminal damage and arson,2026-02,64.2181
E02000054,Disruptive crimes,2026-02,67.1197
E02000054,Property theft,2026-02,68.9859
E02000054,Vehicle crime,2026-02,72.5212
E02000054,Violence,2026-02,82.43389999999998
E02000055,Anti-social behaviour,2025-12,19.5151
E02000055,Burglary,2025-12,24.012700000000002
E02000055,Criminal damage and arson,2025-12,28.424500000000002
E02000055,Disruptive crimes,2025-12,38.8082
E02000055,Property theft,2025-12,62.5434
E02000055,Vehicle crime,2025-12,70.21369999999999
E02000055,Violence,2025-12,95.94639999999998
E02000055,Anti-social behaviour,2026-01,117.54809999999999
E02000055,Burglary,2026-01,122.01409999999998
E02000055,Criminal damage and arson,2026-01,126.47739999999999
E02000055,Disruptive crimes,2026-01,136.9883
E02000055,Property theft,2026-01,160.97
E02000055,Vehicle crime,2026-01,168.47799999999998
E02000055,Violence,2026-01,194.6172
E02000055,Anti-social behaviour,2026-02,214.4649
E02000055,Burglary,2026-02,218.9392
E02000055,Criminal damage and arson,2026-02,223.20049999999998
E02000055,Disruptive crimes,2026-02,233.10559999999998
E02000055,Property theft,2026-02,254.9103
E02000055,Vehicle crime,2026-02,262.06329999999997
E02000055,Violence,2026-02,286.57269999999994
E02000056,Anti-social behaviour,2025-12,4.6177
E02000056,Burglary,2025-12,7.4460000000000015
E02000056,Criminal damage and arson,2025-12,7.466300000000001
E02000056,Disruptive crimes,2025-12,7.623400000000001
E02000056,Property theft,2025-12,10.4936
E02000056,Vehicle crime,2025-12,22.3948
E02000056,Violence,2025-12,28.786700000000003
E02000056,Anti-social behaviour,2026-01,34.10440000000001
E02000056,Burglary,2026-01,36.888600000000004
E02000056,Criminal damage and arson,2026-01,36.91420000000001
E02000056,Disruptive crimes,2026-01,37.102500000000006
E02000056,Property theft,2026-01,40.02580000000002
E02000056,Vehicle crime,2026-01,51.79610000000002
E02000056,Violence,2026-01,58.22610000000001
E02000056,Anti-social behaviour,2026-02,63.56450000000001
E02000056,Burglary,2026-02,66.3343
E02000056,Criminal damage and arson,2026-02,66.36500000000001
E02000056,Disruptive crimes,2026-02,66.5194
E02000056,Property theft,2026-02,69.2823
E02000056,Vehicle crime,2026-02,80.52310000000001
E02000056,Violence,2026-02,86.58110000000003
E02000057,Anti-social behaviour,2025-12,5.2131
E02000057,Burglary,2025-12,8.7899
E02000057,Criminal damage and arson,2025-12,9.8066
E02000057,Disruptive crimes,2025-12,16.055500000000002
E02000057,Property theft,2025-12,20.998299999999997
E02000057,Vehicle crime,2025-12,27.449999999999996
E02000057,Violence,2025-12,41.508399999999995
E02000057,Anti-social behaviour,2026-01,47.4733
E02000057,Burglary,2026-01,51.0346
E02000057,Criminal damage and arson,2026-01,52.1076
E02000057,Disruptive crimes,2026-01,58.52550000000001
E02000057,Property theft,2026-01,63.61520000000001
E02000057,Vehicle crime,2026-01,69.99290000000002
E02000057,Violence,2026-01,84.27050000000001
E02000057,Anti-social behaviour,2026-02,89.38450000000002
E02000057,Burglary,2026-02,92.9026
E02000057,Criminal damage and arson,2026-02,93.9084
E02000057,Disruptive crimes,2026-02,99.86430000000001
E02000057,Property theft,2026-02,104.60220000000002
E02000057,Vehicle crime,2026-02,110.67010000000002
E02000057,Violence,2026-02,124.13820000000001
E02000058,Anti-social behaviour,2025-12,7.4426000000000005
E02000058,Burglary,2025-12,11.289900000000001
E02000058,Criminal damage and arson,2025-12,12.2174
E02000058,Disruptive crimes,2025-12,14.136700000000001
E02000058,Property theft,2025-12,22.481500000000004
E02000058,Vehicle crime,2025-12,32.069500000000005
E02000058,Violence,2025-12,43.622
E02000058,Anti-social behaviour,2026-01,52.2431
E02000058,Burglary,2026-01,56.0543
E02000058,Criminal damage and arson,2026-01,56.9716
E02000058,Disruptive crimes,2026-01,59.0315
E02000058,Property theft,2026-01,67.67460000000001
E02000058,Vehicle crime,2026-01,77.10940000000002
E02000058,Violence,2026-01,88.82240000000003
E02000058,Anti-social behaviour,2026-02,97.00690000000003
E02000058,Burglary,2026-02,100.81020000000004
E02000058,Criminal damage and arson,2026-02,101.68010000000002
E02000058,Disruptive crimes,2026-02,103.64410000000004
E02000058,Property theft,2026-02,111.28900000000004
E02000058,Vehicle crime,2026-02,120.28330000000003
E02000058,Violence,2026-02,131.33300000000003
E02000059,Anti-social behaviour,2025-12,15.3957
E02000059,Burglary,2025-12,18.631
E02000059,Criminal damage and arson,2025-12,21.473800000000008
E02000059,Disruptive crimes,2025-12,27.41900000000001
E02000059,Property theft,2025-12,39.52170000000001
E02000059,Vehicle crime,2025-12,49.8243
E02000059,Violence,2025-12,70.70060000000001
E02000059,Anti-social behaviour,2026-01,87.68809999999999
E02000059,Burglary,2026-01,90.90299999999999
E02000059,Criminal damage and arson,2026-01,93.7751
E02000059,Disruptive crimes,2026-01,99.8493
E02000059,Property theft,2026-01,111.8586
E02000059,Vehicle crime,2026-01,122.2645
E02000059,Violence,2026-01,143.47320000000002
E02000059,Anti-social behaviour,2026-02,159.09520000000003
E02000059,Burglary,2026-02,162.29790000000006
E02000059,Criminal damage and arson,2026-02,164.98640000000003
E02000059,Disruptive crimes,2026-02,170.64460000000003
E02000059,Property theft,2026-02,181.857
E02000059,Vehicle crime,2026-02,191.7242
E02000059,Violence,2026-02,211.80539999999996
E02000060,Anti-social behaviour,2025-12,8.1552
E02000060,Burglary,2025-12,10.7453
E02000060,Criminal damage and arson,2025-12,11.368300000000001
E02000060,Disruptive crimes,2025-12,14.335500000000001
E02000060,Property theft,2025-12,18.7946
E02000060,Vehicle crime,2025-12,25.441399999999998
E02000060,Violence,2025-12,35.9354
E02000060,Anti-social behaviour,2026-01,44.92000000000001
E02000060,Burglary,2026-01,47.63270000000001
E02000060,Criminal damage and arson,2026-01,48.25720000000001
E02000060,Disruptive crimes,2026-01,51.32670000000002
E02000060,Property theft,2026-01,55.68950000000002
E02000060,Vehicle crime,2026-01,62.232000000000006
E02000060,Violence,2026-01,72.7612
E02000060,Anti-social behaviour,2026-02,80.99820000000001
E02000060,Burglary,2026-02,83.84050000000002
E02000060,Criminal damage and arson,2026-02,84.41660000000002
E02000060,Disruptive crimes,2026-02,87.284
E02000060,Property theft,2026-02,91.29199999999999
E02000060,Vehicle crime,2026-02,97.50309999999998
E02000060,Violence,2026-02,107.41359999999997
E02000061,Anti-social behaviour,2025-12,15.5295
E02000061,Burglary,2025-12,19.8226
E02000061,Criminal damage and arson,2025-12,21.4865
E02000061,Disruptive crimes,2025-12,28.108
E02000061,Property theft,2025-12,52.750099999999996
E02000061,Vehicle crime,2025-12,59.752
E02000061,Violence,2025-12,75.5977
E02000061,Anti-social behaviour,2026-01,93.0767
E02000061,Burglary,2026-01,97.36330000000001
E02000061,Criminal damage and arson,2026-01,99.01910000000002
E02000061,Disruptive crimes,2026-01,105.74000000000002
E02000061,Property theft,2026-01,130.53750000000002
E02000061,Vehicle crime,2026-01,137.4539
E02000061,Violence,2026-01,153.51489999999998
E02000061,Anti-social behaviour,2026-02,169.8597
E02000061,Burglary,2026-02,173.9775
E02000061,Criminal damage and arson,2026-02,175.54680000000002
E02000061,Disruptive crimes,2026-02,181.99000000000004
E02000061,Property theft,2026-02,204.93980000000002
E02000061,Vehicle crime,2026-02,211.53090000000003
E02000061,Violence,2026-02,226.77840000000003
E02000062,Anti-social behaviour,2025-12,21.0228
E02000062,Burglary,2025-12,24.705099999999998
E02000062,Criminal damage and arson,2025-12,30.042899999999996
E02000062,Disruptive crimes,2025-12,43.089
E02000062,Property theft,2025-12,109.78259999999999
E02000062,Vehicle crime,2025-12,121.36129999999999
E02000062,Violence,2025-12,155.94779999999997
E02000062,Anti-social behaviour,2026-01,179.18619999999999
E02000062,Burglary,2026-01,182.8166
E02000062,Criminal damage and arson,2026-01,188.10680000000002
E02000062,Disruptive crimes,2026-01,201.23690000000002
E02000062,Property theft,2026-01,267.607
E02000062,Vehicle crime,2026-01,279.3795
E02000062,Violence,2026-01,314.4729
E02000062,Anti-social behaviour,2026-02,335.7045
E02000062,Burglary,2026-02,339.27799999999996
E02000062,Criminal damage and arson,2026-02,344.23319999999995
E02000062,Disruptive crimes,2026-02,356.4658
E02000062,Property theft,2026-02,417.6692
E02000062,Vehicle crime,2026-02,428.46400000000006
E02000062,Violence,2026-02,461.90160000000003
E02000063,Anti-social behaviour,2025-12,7.857600000000001
E02000063,Burglary,2025-12,10.1648
E02000063,Criminal damage and arson,2025-12,10.5009
E02000063,Disruptive crimes,2025-12,13.002899999999999
E02000063,Property theft,2025-12,14.963399999999996
E02000063,Vehicle crime,2025-12,19.296499999999995
E02000063,Violence,2025-12,30.886499999999995
E02000063,Anti-social behaviour,2026-01,40.0728
E02000063,Burglary,2026-01,42.4402
E02000063,Criminal damage and arson,2026-01,42.80649999999999
E02000063,Disruptive crimes,2026-01,45.4556
E02000063,Property theft,2026-01,47.3976
E02000063,Vehicle crime,2026-01,51.632299999999994
E02000063,Violence,2026-01,63.405499999999996
E02000063,Anti-social behaviour,2026-02,71.15369999999999
E02000063,Burglary,2026-02,73.59919999999998
E02000063,Criminal damage and arson,2026-02,73.92649999999999
E02000063,Disruptive crimes,2026-02,76.3528
E02000063,Property theft,2026-02,78.2185
E02000063,Vehicle crime,2026-02,82.3064
E02000063,Violence,2026-02,93.5339
E02000064,Anti-social behaviour,2025-12,5.064299999999999
E02000064,Burglary,2025-12,7.502799999999999
E02000064,Criminal damage and arson,2025-12,7.622799999999999
E02000064,Disruptive crimes,2025-12,10.1972
E02000064,Property theft,2025-12,20.297800000000002
E02000064,Vehicle crime,2025-12,24.440700000000003
E02000064,Violence,2025-12,34.830400000000004
E02000064,Anti-social behaviour,2026-01,40.76780000000001
E02000064,Burglary,2026-01,43.2015
E02000064,Criminal damage and arson,2026-01,43.3512
E02000064,Disruptive crimes,2026-01,46.153099999999995
E02000064,Property theft,2026-01,56.508399999999995
E02000064,Vehicle crime,2026-01,60.61349999999999
E02000064,Violence,2026-01,71.23899999999998
E02000064,Anti-social behaviour,2026-02,76.71409999999997
E02000064,Burglary,2026-02,79.15499999999999
E02000064,Criminal damage and arson,2026-02,79.30439999999999
E02000064,Disruptive crimes,2026-02,81.88789999999999
E02000064,Property theft,2026-02,91.3868
E02000064,Vehicle crime,2026-02,95.3071
E02000064,Violence,2026-02,105.4573
E02000065,Anti-social behaviour,2025-12,5.8927000000000005
E02000065,Burglary,2025-12,5.902400000000001
E02000065,Criminal damage and arson,2025-12,8.199
E02000065,Disruptive crimes,2025-12,12.986999999999998
E02000065,Property theft,2025-12,15.358899999999997
E02000065,Vehicle crime,2025-12,19.278699999999997
E02000065,Violence,2025-12,40.887699999999995
E02000065,Anti-social behaviour,2026-01,47.69709999999999
E02000065,Burglary,2026-01,47.705799999999996
E02000065,Criminal damage and arson,2026-01,50.0417
E02000065,Disruptive crimes,2026-01,54.9943
E02000065,Property theft,2026-01,57.39280000000001
E02000065,Vehicle crime,2026-01,61.30180000000001
E02000065,Violence,2026-01,83.15849999999999
E02000065,Anti-social behaviour,2026-02,89.1502
E02000065,Burglary,2026-02,89.1597
E02000065,Criminal damage and arson,2026-02,91.44040000000001
E02000065,Disruptive crimes,2026-02,96.0106
E02000065,Property theft,2026-02,98.3338
E02000065,Vehicle crime,2026-02,101.99759999999999
E02000065,Violence,2026-02,122.68269999999998
E02000066,Anti-social behaviour,2025-12,7.6366
E02000066,Burglary,2025-12,7.983199999999999
E02000066,Criminal damage and arson,2025-12,11.8813
E02000066,Disruptive crimes,2025-12,17.4401
E02000066,Property theft,2025-12,21.2737
E02000066,Vehicle crime,2025-12,28.492100000000004
E02000066,Violence,2025-12,47.1333
E02000066,Anti-social behaviour,2026-01,55.9238
E02000066,Burglary,2026-01,56.2649
E02000066,Criminal damage and arson,2026-01,60.2522
E02000066,Disruptive crimes,2026-01,65.95049999999999
E02000066,Property theft,2026-01,69.78779999999999
E02000066,Vehicle crime,2026-01,77.0454
E02000066,Violence,2026-01,95.9742
E02000066,Anti-social behaviour,2026-02,103.89750000000001
E02000066,Burglary,2026-02,104.1769
E02000066,Criminal damage and arson,2026-02,107.91890000000001
E02000066,Disruptive crimes,2026-02,113.12380000000002
E02000066,Property theft,2026-02,116.4927
E02000066,Vehicle crime,2026-02,123.38500000000002
E02000066,Violence,2026-02,141.34490000000002
E02000067,Anti-social behaviour,2025-12,11.0047
E02000067,Burglary,2025-12,12.569099999999999
E02000067,Criminal damage and arson,2025-12,16.4605
E02000067,Disruptive crimes,2025-12,22.928200000000004
E02000067,Property theft,2025-12,42.1973
E02000067,Vehicle crime,2025-12,47.4443
E02000067,Violence,2025-12,72.7277
E02000067,Anti-social behaviour,2026-01,85.15729999999999
E02000067,Burglary,2026-01,86.74999999999999
E02000067,Criminal damage and arson,2026-01,90.67399999999999
E02000067,Disruptive crimes,2026-01,97.34179999999999
E02000067,Property theft,2026-01,116.97009999999999
E02000067,Vehicle crime,2026-01,122.13769999999998
E02000067,Violence,2026-01,147.76209999999995
E02000067,Anti-social behaviour,2026-02,158.94329999999994
E02000067,Burglary,2026-02,160.57589999999996
E02000067,Criminal damage and arson,2026-02,164.31969999999995
E02000067,Disruptive crimes,2026-02,170.55849999999992
E02000067,Property theft,2026-02,189.11129999999994
E02000067,Vehicle crime,2026-02,193.99629999999993
E02000067,Violence,2026-02,218.29999999999995
E02000068,Anti-social behaviour,2025-12,15.0474
E02000068,Burglary,2025-12,17.4809
E02000068,Criminal damage and arson,2025-12,23.502099999999995
E02000068,Disruptive crimes,2025-12,37.7087
E02000068,Property theft,2025-12,47.5804
E02000068,Vehicle crime,2025-12,54.558499999999995
E02000068,Violence,2025-12,83.0259
E02000068,Anti-social behaviour,2026-01,99.3272
E02000068,Burglary,2026-01,101.7874
E02000068,Criminal damage and arson,2026-01,107.7225
E02000068,Disruptive crimes,2026-01,122.2307
E02000068,Property theft,2026-01,132.4594
E02000068,Vehicle crime,2026-01,139.30619999999996
E02000068,Violence,2026-01,167.87059999999994
E02000068,Anti-social behaviour,2026-02,182.97539999999992
E02000068,Burglary,2026-02,185.43409999999992
E02000068,Criminal damage and arson,2026-02,191.04609999999994
E02000068,Disruptive crimes,2026-02,204.6144999999999
E02000068,Property theft,2026-02,213.01669999999993
E02000068,Vehicle crime,2026-02,219.4937999999999
E02000068,Violence,2026-02,246.55489999999995
E02000069,Anti-social behaviour,2025-12,4.4701
E02000069,Burglary,2025-12,4.5283999999999995
E02000069,Criminal damage and arson,2025-12,5.6071
E02000069,Disruptive crimes,2025-12,7.916
E02000069,Property theft,2025-12,9.110000000000001
E02000069,Vehicle crime,2025-12,11.6513
E02000069,Violence,2025-12,25.5733
E02000069,Anti-social behaviour,2026-01,30.5515
E02000069,Burglary,2026-01,30.602
E02000069,Criminal damage and arson,2026-01,31.7139
E02000069,Disruptive crimes,2026-01,34.1324
E02000069,Property theft,2026-01,35.36509999999999
E02000069,Vehicle crime,2026-01,37.934999999999995
E02000069,Violence,2026-01,52.088499999999996
E02000069,Anti-social behaviour,2026-02,56.681799999999996
E02000069,Burglary,2026-02,56.7263
E02000069,Criminal damage and arson,2026-02,57.7845
E02000069,Disruptive crimes,2026-02,59.9802
E02000069,Property theft,2026-02,61.1199
E02000069,Vehicle crime,2026-02,63.63649999999999
E02000069,Violence,2026-02,77.03869999999999
E02000070,Anti-social behaviour,2025-12,2.8758
E02000070,Burglary,2025-12,2.8762000000000003
E02000070,Criminal damage and arson,2025-12,2.9448000000000003
E02000070,Disruptive crimes,2025-12,4.0175
E02000070,Property theft,2025-12,5.6818
E02000070,Vehicle crime,2025-12,8.5907
E02000070,Violence,2025-12,19.454099999999997
E02000070,Anti-social behaviour,2026-01,22.89379999999999
E02000070,Burglary,2026-01,22.89429999999999
E02000070,Criminal damage and arson,2026-01,22.98169999999999
E02000070,Disruptive crimes,2026-01,24.10409999999999
E02000070,Property theft,2026-01,25.79969999999999
E02000070,Vehicle crime,2026-01,28.71299999999999
E02000070,Violence,2026-01,39.78779999999999
E02000070,Anti-social behaviour,2026-02,43.23409999999999
E02000070,Burglary,2026-02,43.2348
E02000070,Criminal damage and arson,2026-02,43.3328
E02000070,Disruptive crimes,2026-02,44.3793
E02000070,Property theft,2026-02,45.9956
E02000070,Vehicle crime,2026-02,48.80550000000001
E02000070,Violence,2026-02,59.17230000000001
E02000071,Anti-social behaviour,2025-12,4.0973999999999995
E02000071,Burglary,2025-12,4.1259
E02000071,Criminal damage and arson,2025-12,6.492900000000001
E02000071,Disruptive crimes,2025-12,9.4985
E02000071,Property theft,2025-12,11.6933
E02000071,Vehicle crime,2025-12,12.688700000000003
E02000071,Violence,2025-12,27.198099999999997
E02000071,Anti-social behaviour,2026-01,32.0737
E02000071,Burglary,2026-01,32.1
E02000071,Criminal damage and arson,2026-01,34.449600000000004
E02000071,Disruptive crimes,2026-01,37.54240000000001
E02000071,Property theft,2026-01,39.62470000000001
E02000071,Vehicle crime,2026-01,40.61760000000002
E02000071,Violence,2026-01,55.26170000000002
E02000071,Anti-social behaviour,2026-02,59.65020000000002
E02000071,Burglary,2026-02,59.680300000000024
E02000071,Criminal damage and arson,2026-02,61.88440000000003
E02000071,Disruptive crimes,2026-02,64.79410000000003
E02000071,Property theft,2026-02,66.77140000000004
E02000071,Vehicle crime,2026-02,67.76160000000004
E02000071,Violence,2026-02,81.56990000000006
E02000072,Anti-social behaviour,2025-12,11.1061
E02000072,Burglary,2025-12,11.375799999999998
E02000072,Criminal damage and arson,2025-12,16.906299999999998
E02000072,Disruptive crimes,2025-12,26.2687
E02000072,Property theft,2025-12,32.635999999999996
E02000072,Vehicle crime,2025-12,38.4142
E02000072,Violence,2025-12,73.63250000000001
E02000072,Anti-social behaviour,2026-01,86.55120000000001
E02000072,Burglary,2026-01,86.8078
E02000072,Criminal damage and arson,2026-01,92.35310000000001
E02000072,Disruptive crimes,2026-01,101.88459999999999
E02000072,Property theft,2026-01,108.31979999999999
E02000072,Vehicle crime,2026-01,114.18559999999998
E02000072,Violence,2026-01,150.02989999999997
E02000072,Anti-social behaviour,2026-02,161.83539999999996
E02000072,Burglary,2026-02,162.1421
E02000072,Criminal damage and arson,2026-02,167.62830000000002
E02000072,Disruptive crimes,2026-02,176.521
E02000072,Property theft,2026-02,182.65019999999996
E02000072,Vehicle crime,2026-02,188.53989999999996
E02000072,Violence,2026-02,223.12549999999993
E02000073,Anti-social behaviour,2025-12,1.381
E02000073,Burglary,2025-12,1.3987
E02000073,Criminal damage and arson,2025-12,1.4369999999999998
E02000073,Disruptive crimes,2025-12,2.9531
E02000073,Property theft,2025-12,4.266400000000001
E02000073,Vehicle crime,2025-12,4.698000000000001
E02000073,Violence,2025-12,14.427900000000001
E02000073,Anti-social behaviour,2026-01,16.1248
E02000073,Burglary,2026-01,16.145200000000003
E02000073,Criminal damage and arson,2026-01,16.193400000000004
E02000073,Disruptive crimes,2026-01,17.831100000000003
E02000073,Property theft,2026-01,19.0543
E02000073,Vehicle crime,2026-01,19.510900000000003
E02000073,Violence,2026-01,29.4097
E02000073,Anti-social behaviour,2026-02,31.1303
E02000073,Burglary,2026-02,31.1474
E02000073,Criminal damage and arson,2026-02,31.1967
E02000073,Disruptive crimes,2026-02,32.6981
E02000073,Property theft,2026-02,33.678599999999996
E02000073,Vehicle crime,2026-02,34.10470000000001
E02000073,Violence,2026-02,43.3168
E02000074,Anti-social behaviour,2025-12,3.7113
E02000074,Burglary,2025-12,3.7503
E02000074,Criminal damage and arson,2025-12,5.753
E02000074,Disruptive crimes,2025-12,9.9223
E02000074,Property theft,2025-12,11.062400000000002
E02000074,Vehicle crime,2025-12,13.8932
E02000074,Violence,2025-12,31.523500000000002
E02000074,Anti-social behaviour,2026-01,35.6426
E02000074,Burglary,2026-01,35.67670000000001
E02000074,Criminal damage and arson,2026-01,37.73450000000001
E02000074,Disruptive crimes,2026-01,42.15800000000001
E02000074,Property theft,2026-01,43.21940000000001
E02000074,Vehicle crime,2026-01,46.02760000000001
E02000074,Violence,2026-01,63.8705
E02000074,Anti-social behaviour,2026-02,67.67229999999999
E02000074,Burglary,2026-02,67.7047
E02000074,Criminal damage and arson,2026-02,69.65910000000002
E02000074,Disruptive crimes,2026-02,73.74810000000004
E02000074,Property theft,2026-02,74.73190000000001
E02000074,Vehicle crime,2026-02,77.43550000000002
E02000074,Violence,2026-02,94.36140000000002
E02000075,Anti-social behaviour,2025-12,2.1348
E02000075,Burglary,2025-12,2.1348
E02000075,Criminal damage and arson,2025-12,2.1351
E02000075,Disruptive crimes,2025-12,2.1722
E02000075,Property theft,2025-12,5.041499999999999
E02000075,Vehicle crime,2025-12,5.053099999999999
E02000075,Violence,2025-12,10.707099999999999
E02000075,Anti-social behaviour,2026-01,12.9632
E02000075,Burglary,2026-01,12.9633
E02000075,Criminal damage and arson,2026-01,12.9637
E02000075,Disruptive crimes,2026-01,13.005799999999997
E02000075,Property theft,2026-01,15.953299999999997
E02000075,Vehicle crime,2026-01,15.968999999999996
E02000075,Violence,2026-01,21.770199999999996
E02000075,Anti-social behaviour,2026-02,24.06319999999999
E02000075,Burglary,2026-02,24.06329999999999
E02000075,Criminal damage and arson,2026-02,24.06379999999999
E02000075,Disruptive crimes,2026-02,24.11609999999999
E02000075,Property theft,2026-02,26.831299999999985
E02000075,Vehicle crime,2026-02,26.848299999999984
E02000075,Violence,2026-02,32.232599999999984
E02000077,Anti-social behaviour,2025-12,2.8697
E02000077,Burglary,2025-12,2.8704
E02000077,Criminal damage and arson,2025-12,3.0529
E02000077,Disruptive crimes,2025-12,3.9197
E02000077,Property theft,2025-12,4.8652999999999995
E02000077,Vehicle crime,2025-12,5.9594000000000005
E02000077,Violence,2025-12,17.4482
E02000077,Anti-social behaviour,2026-01,20.824199999999998
E02000077,Burglary,2026-01,20.824999999999996
E02000077,Criminal damage and arson,2026-01,21.030999999999995
E02000077,Disruptive crimes,2026-01,22.016499999999994
E02000077,Property theft,2026-01,23.050399999999996
E02000077,Vehicle crime,2026-01,24.169999999999995
E02000077,Violence,2026-01,35.83969999999999
E02000077,Anti-social behaviour,2026-02,39.0714
E02000077,Burglary,2026-02,39.0722
E02000077,Criminal damage and arson,2026-02,39.259499999999996
E02000077,Disruptive crimes,2026-02,40.178999999999995
E02000077,Property theft,2026-02,41.212399999999995
E02000077,Vehicle crime,2026-02,42.25019999999999
E02000077,Violence,2026-02,53.20349999999999
E02000078,Anti-social behaviour,2025-12,1.9192
E02000078,Burglary,2025-12,1.9192
E02000078,Criminal damage and arson,2025-12,1.9979
E02000078,Disruptive crimes,2025-12,2.2840000000000007
E02000078,Property theft,2025-12,3.1895000000000007
E02000078,Vehicle crime,2025-12,3.9591000000000003
E02000078,Violence,2025-12,12.1998
E02000078,Anti-social behaviour,2026-01,14.560100000000002
E02000078,Burglary,2026-01,14.560100000000002
E02000078,Criminal damage and arson,2026-01,14.652300000000002
E02000078,Disruptive crimes,2026-01,14.998100000000003
E02000078,Property theft,2026-01,15.908500000000004
E02000078,Vehicle crime,2026-01,16.674300000000006
E02000078,Violence,2026-01,25.019100000000005
E02000078,Anti-social behaviour,2026-02,27.477400000000006
E02000078,Burglary,2026-02,27.477400000000006
E02000078,Criminal damage and arson,2026-02,27.566200000000006
E02000078,Disruptive crimes,2026-02,27.920700000000007
E02000078,Property theft,2026-02,28.78140000000001
E02000078,Vehicle crime,2026-02,29.538300000000007
E02000078,Violence,2026-02,37.32590000000001
E02000079,Anti-social behaviour,2025-12,16.822
E02000079,Burglary,2025-12,17.926299999999998
E02000079,Criminal damage and arson,2025-12,21.603199999999998
E02000079,Disruptive crimes,2025-12,38.6588
E02000079,Property theft,2025-12,71.2042
E02000079,Vehicle crime,2025-12,73.9917
E02000079,Violence,2025-12,108.6866
E02000079,Anti-social behaviour,2026-01,126.8047
E02000079,Burglary,2026-01,127.9569
E02000079,Criminal damage and arson,2026-01,131.61610000000005
E02000079,Disruptive crimes,2026-01,149.18270000000004
E02000079,Property theft,2026-01,181.64610000000005
E02000079,Vehicle crime,2026-01,184.42690000000005
E02000079,Violence,2026-01,219.23600000000005
E02000079,Anti-social behaviour,2026-02,235.98190000000005
E02000079,Burglary,2026-02,237.13990000000007
E02000079,Criminal damage and arson,2026-02,240.60940000000005
E02000079,Disruptive crimes,2026-02,257.0386000000001
E02000079,Property theft,2026-02,287.2094
E02000079,Vehicle crime,2026-02,289.84990000000005
E02000079,Violence,2026-02,322.9055000000001
E02000080,Anti-social behaviour,2025-12,6.302
E02000080,Burglary,2025-12,7.263599999999999
E02000080,Criminal damage and arson,2025-12,9.6307
E02000080,Disruptive crimes,2025-12,14.217699999999999
E02000080,Property theft,2025-12,30.709999999999997
E02000080,Vehicle crime,2025-12,33.4517
E02000080,Violence,2025-12,46.5266
E02000080,Anti-social behaviour,2026-01,53.785700000000006
E02000080,Burglary,2026-01,54.75950000000001
E02000080,Criminal damage and arson,2026-01,57.11430000000001
E02000080,Disruptive crimes,2026-01,61.7734
E02000080,Property theft,2026-01,79.0997
E02000080,Vehicle crime,2026-01,81.83539999999998
E02000080,Violence,2026-01,95.2684
E02000080,Anti-social behaviour,2026-02,101.84049999999999
E02000080,Burglary,2026-02,102.84889999999999
E02000080,Criminal damage and arson,2026-02,105.08649999999999
E02000080,Disruptive crimes,2026-02,109.46829999999999
E02000080,Property theft,2026-02,125.43659999999998
E02000080,Vehicle crime,2026-02,128.02089999999998
E02000080,Violence,2026-02,140.68169999999995
E02000081,Anti-social behaviour,2025-12,7.6061
E02000081,Burglary,2025-12,7.6067
E02000081,Criminal damage and arson,2025-12,10.001999999999999
E02000081,Disruptive crimes,2025-12,18.295699999999997
E02000081,Property theft,2025-12,19.976599999999994
E02000081,Vehicle crime,2025-12,20.076299999999996
E02000081,Violence,2025-12,39.471599999999995
E02000081,Anti-social behaviour,2026-01,48.104899999999994
E02000081,Burglary,2026-01,48.1059
E02000081,Criminal damage and arson,2026-01,50.4864
E02000081,Disruptive crimes,2026-01,59.02310000000001
E02000081,Property theft,2026-01,60.65970000000001
E02000081,Vehicle crime,2026-01,60.7738
E02000081,Violence,2026-01,80.36070000000001
E02000081,Anti-social behaviour,2026-02,88.4132
E02000081,Burglary,2026-02,88.41450000000002
E02000081,Criminal damage and arson,2026-02,90.67400000000002
E02000081,Disruptive crimes,2026-02,98.59410000000003
E02000081,Property theft,2026-02,100.13880000000003
E02000081,Vehicle crime,2026-02,100.25040000000003
E02000081,Violence,2026-02,118.91520000000004
E02000082,Anti-social behaviour,2025-12,1.2606999999999997
E02000082,Burglary,2025-12,1.2609999999999997
E02000082,Criminal damage and arson,2025-12,1.2636999999999996
E02000082,Disruptive crimes,2025-12,1.7878999999999996
E02000082,Property theft,2025-12,3.7019999999999995
E02000082,Vehicle crime,2025-12,5.714199999999999
E02000082,Violence,2025-12,12.6004
E02000082,Anti-social behaviour,2026-01,14.153900000000002
E02000082,Burglary,2026-01,14.154300000000001
E02000082,Criminal damage and arson,2026-01,14.157700000000002
E02000082,Disruptive crimes,2026-01,14.811599999999999
E02000082,Property theft,2026-01,16.8162
E02000082,Vehicle crime,2026-01,18.8543
E02000082,Violence,2026-01,25.826800000000002
E02000082,Anti-social behaviour,2026-02,27.4532
E02000082,Burglary,2026-02,27.453599999999998
E02000082,Criminal damage and arson,2026-02,27.457299999999996
E02000082,Disruptive crimes,2026-02,28.1887
E02000082,Property theft,2026-02,30.1391
E02000082,Vehicle crime,2026-02,32.055600000000005
E02000082,Violence,2026-02,38.464200000000005
E02000083,Anti-social behaviour,2025-12,14.1451
E02000083,Burglary,2025-12,14.4935
E02000083,Criminal damage and arson,2025-12,23.666599999999995
E02000083,Disruptive crimes,2025-12,31.4943
E02000083,Property theft,2025-12,46.523700000000005
E02000083,Vehicle crime,2025-12,52.13380000000001
E02000083,Violence,2025-12,77.65889999999999
E02000083,Anti-social behaviour,2026-01,93.70709999999998
E02000083,Burglary,2026-01,94.12059999999998
E02000083,Criminal damage and arson,2026-01,103.8453
E02000083,Disruptive crimes,2026-01,112.08080000000002
E02000083,Property theft,2026-01,127.22620000000002
E02000083,Vehicle crime,2026-01,132.9464
E02000083,Violence,2026-01,158.9669
E02000083,Anti-social behaviour,2026-02,174.94889999999998
E02000083,Burglary,2026-02,175.4059
E02000083,Criminal damage and arson,2026-02,185.17739999999998
E02000083,Disruptive crimes,2026-02,193.68199999999996
E02000083,Property theft,2026-02,208.46479999999997
E02000083,Vehicle crime,2026-02,214.09709999999998
E02000083,Violence,2026-02,239.33129999999997
E02000084,Anti-social behaviour,2025-12,4.1158
E02000084,Burglary,2025-12,4.1187
E02000084,Criminal damage and arson,2025-12,4.2085
E02000084,Disruptive crimes,2025-12,5.891299999999999
E02000084,Property theft,2025-12,7.1183999999999985
E02000084,Vehicle crime,2025-12,9.033999999999997
E02000084,Violence,2025-12,18.057499999999997
E02000084,Anti-social behaviour,2026-01,22.858399999999996
E02000084,Burglary,2026-01,22.861799999999995
E02000084,Criminal damage and arson,2026-01,22.97829999999999
E02000084,Disruptive crimes,2026-01,24.81559999999999
E02000084,Property theft,2026-01,26.04239999999999
E02000084,Vehicle crime,2026-01,28.003599999999988
E02000084,Violence,2026-01,37.2011
E02000084,Anti-social behaviour,2026-02,41.9847
E02000084,Burglary,2026-02,41.98780000000001
E02000084,Criminal damage and arson,2026-02,42.11760000000002
E02000084,Disruptive crimes,2026-02,43.786100000000026
E02000084,Property theft,2026-02,44.98660000000003
E02000084,Vehicle crime,2026-02,46.93450000000003
E02000084,Violence,2026-02,55.45650000000003
E02000085,Anti-social behaviour,2025-12,3.7300999999999997
E02000085,Burglary,2025-12,3.7304000000000004
E02000085,Criminal damage and arson,2025-12,4.168700000000001
E02000085,Disruptive crimes,2025-12,6.039
E02000085,Property theft,2025-12,10.1232
E02000085,Vehicle crime,2025-12,12.25
E02000085,Violence,2025-12,19.7488
E02000085,Anti-social behaviour,2026-01,23.962
E02000085,Burglary,2026-01,23.9624
E02000085,Criminal damage and arson,2026-01,24.485699999999998
E02000085,Disruptive crimes,2026-01,26.4984
E02000085,Property theft,2026-01,30.6469
E02000085,Vehicle crime,2026-01,32.8409
E02000085,Violence,2026-01,40.48109999999999
E02000085,Anti-social behaviour,2026-02,44.630399999999995
E02000085,Burglary,2026-02,44.63080000000001
E02000085,Criminal damage and arson,2026-02,45.15040000000001
E02000085,Disruptive crimes,2026-02,47.01640000000001
E02000085,Property theft,2026-02,50.87900000000002
E02000085,Vehicle crime,2026-02,52.910600000000024
E02000085,Violence,2026-02,60.04870000000003
E02000086,Anti-social behaviour,2025-12,2.5815
E02000086,Burglary,2025-12,2.5820000000000003
E02000086,Criminal damage and arson,2025-12,2.5933000000000006
E02000086,Disruptive crimes,2025-12,2.8359000000000005
E02000086,Property theft,2025-12,2.9190000000000005
E02000086,Vehicle crime,2025-12,3.330600000000001
E02000086,Violence,2025-12,8.502
E02000086,Anti-social behaviour,2026-01,11.4585
E02000086,Burglary,2026-01,11.459100000000001
E02000086,Criminal damage and arson,2026-01,11.4738
E02000086,Disruptive crimes,2026-01,11.7664
E02000086,Property theft,2026-01,11.8339
E02000086,Vehicle crime,2026-01,12.2844
E02000086,Violence,2026-01,17.4803
E02000086,Anti-social behaviour,2026-02,20.415100000000002
E02000086,Burglary,2026-02,20.4158
E02000086,Criminal damage and arson,2026-02,20.4323
E02000086,Disruptive crimes,2026-02,20.7284
E02000086,Property theft,2026-02,20.802
E02000086,Vehicle crime,2026-02,21.203
E02000086,Violence,2026-02,26.0933
E02000087,Anti-social behaviour,2025-12,2.5937
E02000087,Burglary,2025-12,2.7640000000000007
E02000087,Criminal damage and arson,2025-12,4.0168
E02000087,Disruptive crimes,2025-12,5.0798000000000005
E02000087,Property theft,2025-12,6.239300000000001
E02000087,Vehicle crime,2025-12,10.7493
E02000087,Violence,2025-12,18.317700000000002
E02000087,Anti-social behaviour,2026-01,21.286300000000004
E02000087,Burglary,2026-01,21.445600000000002
E02000087,Criminal damage and arson,2026-01,22.7038
E02000087,Disruptive crimes,2026-01,23.7487
E02000087,Property theft,2026-01,24.875099999999996
E02000087,Vehicle crime,2026-01,29.413799999999995
E02000087,Violence,2026-01,37.20759999999999
E02000087,Anti-social behaviour,2026-02,40.05759999999999
E02000087,Burglary,2026-02,40.23929999999999
E02000087,Criminal damage and arson,2026-02,41.45419999999999
E02000087,Disruptive crimes,2026-02,42.4519
E02000087,Property theft,2026-02,43.538900000000005
E02000087,Vehicle crime,2026-02,47.82470000000001
E02000087,Violence,2026-02,55.181400000000004
E02000088,Anti-social behaviour,2025-12,1.0315
E02000088,Burglary,2025-12,1.0317
E02000088,Criminal damage and arson,2025-12,1.035
E02000088,Disruptive crimes,2025-12,1.0362999999999998
E02000088,Property theft,2025-12,2.1064
E02000088,Vehicle crime,2025-12,2.2191999999999994
E02000088,Violence,2025-12,6.7779
E02000088,Anti-social behaviour,2026-01,8.1932
E02000088,Burglary,2026-01,8.193499999999998
E02000088,Criminal damage and arson,2026-01,8.198199999999998
E02000088,Disruptive crimes,2026-01,8.199999999999998
E02000088,Property theft,2026-01,9.260799999999996
E02000088,Vehicle crime,2026-01,9.377799999999997
E02000088,Violence,2026-01,14.060299999999998
E02000088,Anti-social behaviour,2026-02,15.616999999999997
E02000088,Burglary,2026-02,15.617299999999997
E02000088,Criminal damage and arson,2026-02,15.622899999999996
E02000088,Disruptive crimes,2026-02,15.624899999999995
E02000088,Property theft,2026-02,16.649699999999996
E02000088,Vehicle crime,2026-02,16.769799999999993
E02000088,Violence,2026-02,21.12479999999999
E02000089,Anti-social behaviour,2025-12,1.1622999999999999
E02000089,Burglary,2025-12,1.1626999999999998
E02000089,Criminal damage and arson,2025-12,1.2450999999999999
E02000089,Disruptive crimes,2025-12,1.2643999999999997
E02000089,Property theft,2025-12,2.1294000000000004
E02000089,Vehicle crime,2025-12,3.0875000000000004
E02000089,Violence,2025-12,6.5779
E02000089,Anti-social behaviour,2026-01,8.1111
E02000089,Burglary,2026-01,8.1116
E02000089,Criminal damage and arson,2026-01,8.201299999999998
E02000089,Disruptive crimes,2026-01,8.226699999999997
E02000089,Property theft,2026-01,9.079999999999997
E02000089,Vehicle crime,2026-01,10.032199999999996
E02000089,Violence,2026-01,13.625399999999996
E02000089,Anti-social behaviour,2026-02,15.226799999999995
E02000089,Burglary,2026-02,15.227399999999994
E02000089,Criminal damage and arson,2026-02,15.341199999999994
E02000089,Disruptive crimes,2026-02,15.371599999999994
E02000089,Property theft,2026-02,16.207199999999993
E02000089,Vehicle crime,2026-02,17.086399999999994
E02000089,Violence,2026-02,20.513399999999994
E02000090,Anti-social behaviour,2025-12,10.174299999999999
E02000090,Burglary,2025-12,11.378799999999998
E02000090,Criminal damage and arson,2025-12,13.8087
E02000090,Disruptive crimes,2025-12,19.019099999999998
E02000090,Property theft,2025-12,30.889
E02000090,Vehicle crime,2025-12,35.82299999999999
E02000090,Violence,2025-12,54.99949999999998
E02000090,Anti-social behaviour,2026-01,66.43499999999997
E02000090,Burglary,2026-01,67.65539999999997
E02000090,Criminal damage and arson,2026-01,70.07929999999996
E02000090,Disruptive crimes,2026-01,75.38819999999997
E02000090,Property theft,2026-01,87.75679999999996
E02000090,Vehicle crime,2026-01,92.64549999999994
E02000090,Violence,2026-01,112.19529999999996
E02000090,Anti-social behaviour,2026-02,122.79159999999995
E02000090,Burglary,2026-02,124.03839999999995
E02000090,Criminal damage and arson,2026-02,126.34509999999996
E02000090,Disruptive crimes,2026-02,131.36189999999996
E02000090,Property theft,2026-02,143.16979999999998
E02000090,Vehicle crime,2026-02,147.79279999999997
E02000090,Violence,2026-02,166.22109999999995
E02000091,Anti-social behaviour,2025-12,5.2656
E02000091,Burglary,2025-12,5.3761
E02000091,Criminal damage and arson,2025-12,7.2769
E02000091,Disruptive crimes,2025-12,8.467
E02000091,Property theft,2025-12,9.759500000000001
E02000091,Vehicle crime,2025-12,11.929200000000002
E02000091,Violence,2025-12,28.069000000000003
E02000091,Anti-social behaviour,2026-01,34.2861
E02000091,Burglary,2026-01,34.3817
E02000091,Criminal damage and arson,2026-01,36.35640000000001
E02000091,Disruptive crimes,2026-01,37.56820000000001
E02000091,Property theft,2026-01,38.81550000000001
E02000091,Vehicle crime,2026-01,40.943200000000004
E02000091,Violence,2026-01,57.316300000000005
E02000091,Anti-social behaviour,2026-02,63.0745
E02000091,Burglary,2026-02,63.150500000000015
E02000091,Criminal damage and arson,2026-02,65.06830000000002
E02000091,Disruptive crimes,2026-02,66.20990000000002
E02000091,Property theft,2026-02,67.42010000000002
E02000091,Vehicle crime,2026-02,69.41980000000002
E02000091,Violence,2026-02,84.96430000000002
E02000092,Anti-social behaviour,2025-12,5.5724
E02000092,Burglary,2025-12,6.0558
E02000092,Criminal damage and arson,2025-12,9.679499999999999
E02000092,Disruptive crimes,2025-12,12.955599999999999
E02000092,Property theft,2025-12,18.1326
E02000092,Vehicle crime,2025-12,23.1253
E02000092,Violence,2025-12,35.5334
E02000092,Anti-social behaviour,2026-01,41.937900000000006
E02000092,Burglary,2026-01,42.43830000000001
E02000092,Criminal damage and arson,2026-01,46.124600000000015
E02000092,Disruptive crimes,2026-01,49.54020000000001
E02000092,Property theft,2026-01,54.567600000000006
E02000092,Vehicle crime,2026-01,59.4208
E02000092,Violence,2026-01,71.9165
E02000092,Anti-social behaviour,2026-02,77.82459999999999
E02000092,Burglary,2026-02,78.37209999999997
E02000092,Criminal damage and arson,2026-02,81.89799999999998
E02000092,Disruptive crimes,2026-02,85.07809999999998
E02000092,Property theft,2026-02,89.87189999999998
E02000092,Vehicle crime,2026-02,94.53189999999998
E02000092,Violence,2026-02,106.40789999999998
E02000093,Anti-social behaviour,2025-12,9.324100000000001
E02000093,Burglary,2025-12,12.0868
E02000093,Criminal damage and arson,2025-12,13.042300000000003
E02000093,Disruptive crimes,2025-12,17.094300000000004
E02000093,Property theft,2025-12,21.251900000000003
E02000093,Vehicle crime,2025-12,28.110200000000003
E02000093,Violence,2025-12,42.7679
E02000093,Anti-social behaviour,2026-01,53.7031
E02000093,Burglary,2026-01,56.4813
E02000093,Criminal damage and arson,2026-01,57.45439999999999
E02000093,Disruptive crimes,2026-01,61.6697
E02000093,Property theft,2026-01,65.7297
E02000093,Vehicle crime,2026-01,72.43910000000001
E02000093,Violence,2026-01,87.26080000000002
E02000093,Anti-social behaviour,2026-02,97.34090000000002
E02000093,Burglary,2026-02,100.06980000000003
E02000093,Criminal damage and arson,2026-02,100.99720000000003
E02000093,Disruptive crimes,2026-02,104.88320000000004
E02000093,Property theft,2026-02,108.57500000000003
E02000093,Vehicle crime,2026-02,114.94080000000002
E02000093,Violence,2026-02,129.05220000000003
E02000094,Anti-social behaviour,2025-12,6.98
E02000094,Burglary,2025-12,8.9003
E02000094,Criminal damage and arson,2025-12,10.2676
E02000094,Disruptive crimes,2025-12,13.499100000000002
E02000094,Property theft,2025-12,21.355400000000003
E02000094,Vehicle crime,2025-12,25.9371
E02000094,Violence,2025-12,40.9471
E02000094,Anti-social behaviour,2026-01,48.92929999999999
E02000094,Burglary,2026-01,50.83149999999999
E02000094,Criminal damage and arson,2026-01,52.2502
E02000094,Disruptive crimes,2026-01,55.454
E02000094,Property theft,2026-01,63.4724
E02000094,Vehicle crime,2026-01,67.98550000000002
E02000094,Violence,2026-01,84.07200000000002
E02000094,Anti-social behaviour,2026-02,91.74490000000002
E02000094,Burglary,2026-02,93.61510000000003
E02000094,Criminal damage and arson,2026-02,94.99340000000002
E02000094,Disruptive crimes,2026-02,97.86540000000001
E02000094,Property theft,2026-02,104.55160000000001
E02000094,Vehicle crime,2026-02,108.94480000000001
E02000094,Violence,2026-02,124.94820000000001
E02000095,Anti-social behaviour,2025-12,12.6967
E02000095,Burglary,2025-12,14.6136
E02000095,Criminal damage and arson,2025-12,16.5063
E02000095,Disruptive crimes,2025-12,24.247999999999998
E02000095,Property theft,2025-12,36.9156
E02000095,Vehicle crime,2025-12,41.490700000000004
E02000095,Violence,2025-12,62.675100000000015
E02000095,Anti-social behaviour,2026-01,77.54440000000002
E02000095,Burglary,2026-01,79.48070000000003
E02000095,Criminal damage and arson,2026-01,81.36100000000002
E02000095,Disruptive crimes,2026-01,89.07930000000002
E02000095,Property theft,2026-01,102.18030000000002
E02000095,Vehicle crime,2026-01,106.62920000000001
E02000095,Violence,2026-01,128.1738
E02000095,Anti-social behaviour,2026-02,141.8534
E02000095,Burglary,2026-02,143.7912
E02000095,Criminal damage and arson,2026-02,145.6009
E02000095,Disruptive crimes,2026-02,152.8918
E02000095,Property theft,2026-02,164.3534
E02000095,Vehicle crime,2026-02,168.6257
E02000095,Violence,2026-02,189.08139999999997
E02000096,Anti-social behaviour,2025-12,6.4788
E02000096,Burglary,2025-12,6.739199999999999
E02000096,Criminal damage and arson,2025-12,7.592299999999998
E02000096,Disruptive crimes,2025-12,9.959499999999998
E02000096,Property theft,2025-12,16.763299999999997
E02000096,Vehicle crime,2025-12,20.790099999999995
E02000096,Violence,2025-12,30.482399999999995
E02000096,Anti-social behaviour,2026-01,38.0349
E02000096,Burglary,2026-01,38.3101
E02000096,Criminal damage and arson,2026-01,39.204600000000006
E02000096,Disruptive crimes,2026-01,41.67210000000001
E02000096,Property theft,2026-01,48.68230000000001
E02000096,Vehicle crime,2026-01,52.61320000000001
E02000096,Violence,2026-01,62.426400000000015
E02000096,Anti-social behaviour,2026-02,69.71590000000002
E02000096,Burglary,2026-02,70.02470000000002
E02000096,Criminal damage and arson,2026-02,70.85370000000005
E02000096,Disruptive crimes,2026-02,73.23200000000006
E02000096,Property theft,2026-02,79.80600000000004
E02000096,Vehicle crime,2026-02,83.51870000000005
E02000096,Violence,2026-02,92.75420000000005
E02000097,Anti-social behaviour,2025-12,3.3419999999999996
E02000097,Burglary,2025-12,4.425399999999999
E02000097,Criminal damage and arson,2025-12,4.577399999999999
E02000097,Disruptive crimes,2025-12,6.400999999999998
E02000097,Property theft,2025-12,12.691199999999997
E02000097,Vehicle crime,2025-12,17.101799999999997
E02000097,Violence,2025-12,27.673099999999998
E02000097,Anti-social behaviour,2026-01,31.7047
E02000097,Burglary,2026-01,32.8073
E02000097,Criminal damage and arson,2026-01,32.96190000000001
E02000097,Disruptive crimes,2026-01,34.94980000000001
E02000097,Property theft,2026-01,41.59870000000001
E02000097,Vehicle crime,2026-01,45.9367
E02000097,Violence,2026-01,56.4332
E02000097,Anti-social behaviour,2026-02,60.310399999999994
E02000097,Burglary,2026-02,61.4683
E02000097,Criminal damage and arson,2026-02,61.602700000000006
E02000097,Disruptive crimes,2026-02,63.45510000000001
E02000097,Property theft,2026-02,69.61940000000001
E02000097,Vehicle crime,2026-02,73.83870000000002
E02000097,Violence,2026-02,83.83930000000001
E02000098,Anti-social behaviour,2025-12,5.1426
E02000098,Burglary,2025-12,6.004700000000001
E02000098,Criminal damage and arson,2025-12,6.7582
E02000098,Disruptive crimes,2025-12,10.198900000000002
E02000098,Property theft,2025-12,11.179000000000002
E02000098,Vehicle crime,2025-12,12.869900000000003
E02000098,Violence,2025-12,23.0087
E02000098,Anti-social behaviour,2026-01,28.8974
E02000098,Burglary,2026-01,29.820000000000004
E02000098,Criminal damage and arson,2026-01,30.608500000000003
E02000098,Disruptive crimes,2026-01,34.352
E02000098,Property theft,2026-01,35.337199999999996
E02000098,Vehicle crime,2026-01,37.0275
E02000098,Violence,2026-01,47.1088
E02000098,Anti-social behaviour,2026-02,52.68370000000001
E02000098,Burglary,2026-02,53.64870000000001
E02000098,Criminal damage and arson,2026-02,54.36680000000001
E02000098,Disruptive crimes,2026-02,57.898100000000014
E02000098,Property theft,2026-02,58.848900000000015
E02000098,Vehicle crime,2026-02,60.46780000000002
E02000098,Violence,2026-02,70.09380000000002
E02000099,Anti-social behaviour,2025-12,5.5377
E02000099,Burglary,2025-12,5.883800000000001
E02000099,Criminal damage and arson,2025-12,6.628600000000001
E02000099,Disruptive crimes,2025-12,9.6707
E02000099,Property theft,2025-12,15.467299999999998
E02000099,Vehicle crime,2025-12,16.7673
E02000099,Violence,2025-12,29.5398
E02000099,Anti-social behaviour,2026-01,35.9714
E02000099,Burglary,2026-01,36.2956
E02000099,Criminal damage and arson,2026-01,37.035
E02000099,Disruptive crimes,2026-01,40.114
E02000099,Property theft,2026-01,46.056599999999996
E02000099,Vehicle crime,2026-01,47.34870000000001
E02000099,Violence,2026-01,60.31290000000001
E02000099,Anti-social behaviour,2026-02,65.93510000000002
E02000099,Burglary,2026-02,66.27060000000003
E02000099,Criminal damage and arson,2026-02,66.98250000000003
E02000099,Disruptive crimes,2026-02,69.83540000000002
E02000099,Property theft,2026-02,75.35820000000001
E02000099,Vehicle crime,2026-02,76.5978
E02000099,Violence,2026-02,88.76689999999999
E02000100,Anti-social behaviour,2025-12,8.2489
E02000100,Burglary,2025-12,8.497
E02000100,Criminal damage and arson,2025-12,10.128
E02000100,Disruptive crimes,2025-12,15.762500000000001
E02000100,Property theft,2025-12,22.6064
E02000100,Vehicle crime,2025-12,26.712100000000003
E02000100,Violence,2025-12,54.1165
E02000100,Anti-social behaviour,2026-01,62.91020000000001
E02000100,Burglary,2026-01,63.178500000000014
E02000100,Criminal damage and arson,2026-01,64.74620000000002
E02000100,Disruptive crimes,2026-01,70.47550000000001
E02000100,Property theft,2026-01,77.40680000000002
E02000100,Vehicle crime,2026-01,81.48770000000003
E02000100,Violence,2026-01,109.01390000000004
E02000100,Anti-social behaviour,2026-02,117.44560000000004
E02000100,Burglary,2026-02,117.75510000000006
E02000100,Criminal damage and arson,2026-02,119.22670000000006
E02000100,Disruptive crimes,2026-02,124.58850000000007
E02000100,Property theft,2026-02,131.1012000000001
E02000100,Vehicle crime,2026-02,134.97930000000008
E02000100,Violence,2026-02,161.18040000000005
E02000101,Anti-social behaviour,2025-12,17.496
E02000101,Burglary,2025-12,18.753400000000003
E02000101,Criminal damage and arson,2025-12,21.2848
E02000101,Disruptive crimes,2025-12,34.848400000000005
E02000101,Property theft,2025-12,50.1458
E02000101,Vehicle crime,2025-12,54.561600000000006
E02000101,Violence,2025-12,84.85150000000002
E02000101,Anti-social behaviour,2026-01,104.12720000000002
E02000101,Burglary,2026-01,105.56540000000001
E02000101,Criminal damage and arson,2026-01,108.36060000000002
E02000101,Disruptive crimes,2026-01,122.33760000000001
E02000101,Property theft,2026-01,137.8708
E02000101,Vehicle crime,2026-01,142.63889999999998
E02000101,Violence,2026-01,173.57969999999997
E02000101,Anti-social behaviour,2026-02,191.99919999999997
E02000101,Burglary,2026-02,193.57599999999996
E02000101,Criminal damage and arson,2026-02,196.60379999999998
E02000101,Disruptive crimes,2026-02,210.3146
E02000101,Property theft,2026-02,225.86640000000003
E02000101,Vehicle crime,2026-02,231.00390000000002
E02000101,Violence,2026-02,260.83770000000004
E02000102,Anti-social behaviour,2025-12,7.0329
E02000102,Burglary,2025-12,7.750800000000001
E02000102,Criminal damage and arson,2025-12,8.475100000000001
E02000102,Disruptive crimes,2025-12,12.4983
E02000102,Property theft,2025-12,14.5598
E02000102,Vehicle crime,2025-12,17.5551
E02000102,Violence,2025-12,33.9828
E02000102,Anti-social behaviour,2026-01,42.38929999999999
E02000102,Burglary,2026-01,43.14689999999999
E02000102,Criminal damage and arson,2026-01,43.87209999999999
E02000102,Disruptive crimes,2026-01,48.06139999999999
E02000102,Property theft,2026-01,50.2615
E02000102,Vehicle crime,2026-01,53.256699999999995
E02000102,Violence,2026-01,70.3772
E02000102,Anti-social behaviour,2026-02,78.6165
E02000102,Burglary,2026-02,79.4016
E02000102,Criminal damage and arson,2026-02,80.12819999999999
E02000102,Disruptive crimes,2026-02,84.06459999999998
E02000102,Property theft,2026-02,86.204
E02000102,Vehicle crime,2026-02,89.1686
E02000102,Violence,2026-02,106.1365
E02000103,Anti-social behaviour,2025-12,10.474699999999999
E02000103,Burglary,2025-12,13.271599999999998
E02000103,Criminal damage and arson,2025-12,15.191299999999996
E02000103,Disruptive crimes,2025-12,21.454099999999993
E02000103,Property theft,2025-12,27.932799999999997
E02000103,Vehicle crime,2025-12,35.67289999999999
E02000103,Violence,2025-12,54.29349999999999
E02000103,Anti-social behaviour,2026-01,66.97989999999999
E02000103,Burglary,2026-01,69.76689999999999
E02000103,Criminal damage and arson,2026-01,71.7267
E02000103,Disruptive crimes,2026-01,78.0581
E02000103,Property theft,2026-01,84.588
E02000103,Vehicle crime,2026-01,92.219
E02000103,Violence,2026-01,111.1983
E02000103,Anti-social behaviour,2026-02,122.4648
E02000103,Burglary,2026-02,125.28200000000001
E02000103,Criminal damage and arson,2026-02,127.09930000000001
E02000103,Disruptive crimes,2026-02,133.02920000000003
E02000103,Property theft,2026-02,138.97210000000004
E02000103,Vehicle crime,2026-02,146.12550000000005
E02000103,Violence,2026-02,164.02300000000005
E02000104,Anti-social behaviour,2025-12,5.853899999999999
E02000104,Burglary,2025-12,6.3286
E02000104,Criminal damage and arson,2025-12,6.9739
E02000104,Disruptive crimes,2025-12,13.4423
E02000104,Property theft,2025-12,18.930500000000002
E02000104,Vehicle crime,2025-12,22.6467
E02000104,Violence,2025-12,35.727
E02000104,Anti-social behaviour,2026-01,42.5838
E02000104,Burglary,2026-01,43.06239999999999
E02000104,Criminal damage and arson,2026-01,43.76509999999999
E02000104,Disruptive crimes,2026-01,50.32859999999999
E02000104,Property theft,2026-01,55.87089999999998
E02000104,Vehicle crime,2026-01,59.62519999999997
E02000104,Violence,2026-01,72.92969999999997
E02000104,Anti-social behaviour,2026-02,79.09659999999997
E02000104,Burglary,2026-02,79.59369999999996
E02000104,Criminal damage and arson,2026-02,80.28069999999995
E02000104,Disruptive crimes,2026-02,86.36809999999994
E02000104,Property theft,2026-02,91.56189999999994
E02000104,Vehicle crime,2026-02,95.07429999999994
E02000104,Violence,2026-02,107.62759999999993
E02000105,Anti-social behaviour,2025-12,10.3392
E02000105,Burglary,2025-12,10.735199999999997
E02000105,Criminal damage and arson,2025-12,11.717699999999999
E02000105,Disruptive crimes,2025-12,17.0416
E02000105,Property theft,2025-12,23.651699999999998
E02000105,Vehicle crime,2025-12,25.339299999999998
E02000105,Violence,2025-12,43.2971
E02000105,Anti-social behaviour,2026-01,54.5944
E02000105,Burglary,2026-01,55.003800000000005
E02000105,Criminal damage and arson,2026-01,55.9818
E02000105,Disruptive crimes,2026-01,61.43920000000001
E02000105,Property theft,2026-01,68.19120000000001
E02000105,Vehicle crime,2026-01,69.85680000000002
E02000105,Violence,2026-01,88.09120000000003
E02000105,Anti-social behaviour,2026-02,98.49830000000003
E02000105,Burglary,2026-02,98.95050000000003
E02000105,Criminal damage and arson,2026-02,99.88150000000003
E02000105,Disruptive crimes,2026-02,104.96580000000002
E02000105,Property theft,2026-02,111.3041
E02000105,Vehicle crime,2026-02,112.89150000000001
E02000105,Violence,2026-02,130.21810000000002
E02000106,Anti-social behaviour,2025-12,16.8768
E02000106,Burglary,2025-12,21.3699
E02000106,Criminal damage and arson,2025-12,26.0318
E02000106,Disruptive crimes,2025-12,40.3252
E02000106,Property theft,2025-12,52.721399999999996
E02000106,Vehicle crime,2025-12,60.76019999999999
E02000106,Violence,2025-12,97.025
E02000106,Anti-social behaviour,2026-01,116.0156
E02000106,Burglary,2026-01,120.53320000000001
E02000106,Criminal damage and arson,2026-01,125.1652
E02000106,Disruptive crimes,2026-01,139.6413
E02000106,Property theft,2026-01,152.1064
E02000106,Vehicle crime,2026-01,160.0338
E02000106,Violence,2026-01,197.05079999999998
E02000106,Anti-social behaviour,2026-02,214.35699999999997
E02000106,Burglary,2026-02,218.926
E02000106,Criminal damage and arson,2026-02,223.4151
E02000106,Disruptive crimes,2026-02,237.00879999999998
E02000106,Property theft,2026-02,248.46689999999998
E02000106,Vehicle crime,2026-02,256.0826
E02000106,Violence,2026-02,291.47470000000004
E02000107,Anti-social behaviour,2025-12,13.3376
E02000107,Burglary,2025-12,15.826299999999998
E02000107,Criminal damage and arson,2025-12,18.012399999999996
E02000107,Disruptive crimes,2025-12,24.616600000000002
E02000107,Property theft,2025-12,32.8354
E02000107,Vehicle crime,2025-12,41.1493
E02000107,Violence,2025-12,65.09309999999999
E02000107,Anti-social behaviour,2026-01,80.5634
E02000107,Burglary,2026-01,83.05799999999999
E02000107,Criminal damage and arson,2026-01,85.1993
E02000107,Disruptive crimes,2026-01,91.9559
E02000107,Property theft,2026-01,100.13960000000002
E02000107,Vehicle crime,2026-01,108.29770000000002
E02000107,Violence,2026-01,132.3862
E02000107,Anti-social behaviour,2026-02,145.6941
E02000107,Burglary,2026-02,148.13680000000002
E02000107,Criminal damage and arson,2026-02,150.20450000000002
E02000107,Disruptive crimes,2026-02,156.5702
E02000107,Property theft,2026-02,164.12699999999998
E02000107,Vehicle crime,2026-02,171.84609999999998
E02000107,Violence,2026-02,194.63459999999998
E02000108,Anti-social behaviour,2025-12,3.223
E02000108,Burglary,2025-12,3.2715
E02000108,Criminal damage and arson,2025-12,4.0390999999999995
E02000108,Disruptive crimes,2025-12,5.916999999999999
E02000108,Property theft,2025-12,7.658699999999999
E02000108,Vehicle crime,2025-12,8.6893
E02000108,Violence,2025-12,19.3932
E02000108,Anti-social behaviour,2026-01,23.0229
E02000108,Burglary,2026-01,23.0689
E02000108,Criminal damage and arson,2026-01,23.857899999999997
E02000108,Disruptive crimes,2026-01,25.798799999999996
E02000108,Property theft,2026-01,27.578199999999992
E02000108,Vehicle crime,2026-01,28.617599999999992
E02000108,Violence,2026-01,39.41819999999999
E02000108,Anti-social behaviour,2026-02,42.81039999999999
E02000108,Burglary,2026-02,42.86409999999999
E02000108,Criminal damage and arson,2026-02,43.59329999999999
E02000108,Disruptive crimes,2026-02,45.39259999999999
E02000108,Property theft,2026-02,47.070899999999995
E02000108,Vehicle crime,2026-02,48.064099999999996
E02000108,Violence,2026-02,58.3339
E02000110,Anti-social behaviour,2025-12,12.6811
E02000110,Burglary,2025-12,13.3689
E02000110,Criminal damage and arson,2025-12,13.839300000000001
E02000110,Disruptive crimes,2025-12,19.314200000000003
E02000110,Property theft,2025-12,25.206200000000003
E02000110,Vehicle crime,2025-12,30.390000000000004
E02000110,Violence,2025-12,48.3442
E02000110,Anti-social behaviour,2026-01,62.153499999999994
E02000110,Burglary,2026-01,62.89179999999999
E02000110,Criminal damage and arson,2026-01,63.41559999999998
E02000110,Disruptive crimes,2026-01,68.9502
E02000110,Property theft,2026-01,74.8913
E02000110,Vehicle crime,2026-01,79.9997
E02000110,Violence,2026-01,98.29490000000001
E02000110,Anti-social behaviour,2026-02,110.93110000000001
E02000110,Burglary,2026-02,111.66840000000002
E02000110,Criminal damage and arson,2026-02,112.17460000000003
E02000110,Disruptive crimes,2026-02,117.25030000000004
E02000110,Property theft,2026-02,122.83430000000003
E02000110,Vehicle crime,2026-02,127.70030000000004
E02000110,Violence,2026-02,145.00350000000006
E02000111,Anti-social behaviour,2025-12,11.470999999999998
E02000111,Burglary,2025-12,11.533399999999999
E02000111,Criminal damage and arson,2025-12,15.8081
E02000111,Disruptive crimes,2025-12,30.737499999999997
E02000111,Property theft,2025-12,39.815599999999996
E02000111,Vehicle crime,2025-12,40.389599999999994
E02000111,Violence,2025-12,68.9687
E02000111,Anti-social behaviour,2026-01,82.03399999999999
E02000111,Burglary,2026-01,82.0934
E02000111,Criminal damage and arson,2026-01,86.43879999999999
E02000111,Disruptive crimes,2026-01,101.77579999999998
E02000111,Property theft,2026-01,111.07679999999996
E02000111,Vehicle crime,2026-01,111.69219999999996
E02000111,Violence,2026-01,140.73369999999997
E02000111,Anti-social behaviour,2026-02,152.69979999999995
E02000111,Burglary,2026-02,152.7579
E02000111,Criminal damage and arson,2026-02,156.84190000000004
E02000111,Disruptive crimes,2026-02,171.18110000000004
E02000111,Property theft,2026-02,179.83830000000003
E02000111,Vehicle crime,2026-02,180.40730000000005
E02000111,Violence,2026-02,208.01330000000004
E02000112,Anti-social behaviour,2025-12,24.9314
E02000112,Burglary,2025-12,26.0529
E02000112,Criminal damage and arson,2025-12,28.6935
E02000112,Disruptive crimes,2025-12,43.071000000000005
E02000112,Property theft,2025-12,95.58530000000002
E02000112,Vehicle crime,2025-12,99.6276
E02000112,Violence,2025-12,138.5456
E02000112,Anti-social behaviour,2026-01,165.5421
E02000112,Burglary,2026-01,166.7337
E02000112,Criminal damage and arson,2026-01,169.4431
E02000112,Disruptive crimes,2026-01,184.0944
E02000112,Property theft,2026-01,237.61020000000002
E02000112,Vehicle crime,2026-01,241.5955
E02000112,Violence,2026-01,281.1163
E02000112,Anti-social behaviour,2026-02,307.04800000000006
E02000112,Burglary,2026-02,308.3169000000001
E02000112,Criminal damage and arson,2026-02,311.13770000000005
E02000112,Disruptive crimes,2026-02,325.2793000000001
E02000112,Property theft,2026-02,377.2578000000001
E02000112,Vehicle crime,2026-02,381.0751000000001
E02000112,Violence,2026-02,419.0864000000001
E02000113,Anti-social behaviour,2025-12,15.4878
E02000113,Burglary,2025-12,16.7921
E02000113,Criminal damage and arson,2025-12,20.919000000000004
E02000113,Disruptive crimes,2025-12,30.036900000000006
E02000113,Property theft,2025-12,60.047000000000004
E02000113,Vehicle crime,2025-12,69.069
E02000113,Violence,2025-12,97.25970000000001
E02000113,Anti-social behaviour,2026-01,114.70560000000002
E02000113,Burglary,2026-01,116.01560000000002
E02000113,Criminal damage and arson,2026-01,120.16710000000003
E02000113,Disruptive crimes,2026-01,129.46080000000003
E02000113,Property theft,2026-01,159.41630000000004
E02000113,Vehicle crime,2026-01,168.62360000000004
E02000113,Violence,2026-01,197.06840000000005
E02000113,Anti-social behaviour,2026-02,213.36750000000006
E02000113,Burglary,2026-02,214.64640000000006
E02000113,Criminal damage and arson,2026-02,218.55840000000006
E02000113,Disruptive crimes,2026-02,227.31630000000004
E02000113,Property theft,2026-02,255.33680000000004
E02000113,Vehicle crime,2026-02,263.85570000000007
E02000113,Violence,2026-02,290.96100000000007
E02000114,Anti-social behaviour,2025-12,16.4497
E02000114,Burglary,2025-12,18.3469
E02000114,Criminal damage and arson,2025-12,20.889899999999997
E02000114,Disruptive crimes,2025-12,28.0952
E02000114,Property theft,2025-12,43.3065
E02000114,Vehicle crime,2025-12,49.0945
E02000114,Violence,2025-12,74.0969
E02000114,Anti-social behaviour,2026-01,91.84389999999999
E02000114,Burglary,2026-01,93.7164
E02000114,Criminal damage and arson,2026-01,96.2806
E02000114,Disruptive crimes,2026-01,103.62920000000001
E02000114,Property theft,2026-01,118.93960000000001
E02000114,Vehicle crime,2026-01,124.71260000000002
E02000114,Violence,2026-01,149.91010000000003
E02000114,Anti-social behaviour,2026-02,166.45090000000005
E02000114,Burglary,2026-02,168.27930000000006
E02000114,Criminal damage and arson,2026-02,170.7066000000001
E02000114,Disruptive crimes,2026-02,177.5751000000001
E02000114,Property theft,2026-02,191.8596000000001
E02000114,Vehicle crime,2026-02,197.3599000000001
E02000114,Violence,2026-02,221.28770000000011
E02000115,Anti-social behaviour,2025-12,12.280399999999998
E02000115,Burglary,2025-12,16.6804
E02000115,Criminal damage and arson,2025-12,17.959899999999998
E02000115,Disruptive crimes,2025-12,22.9667
E02000115,Property theft,2025-12,34.5705
E02000115,Vehicle crime,2025-12,40.745300000000015
E02000115,Violence,2025-12,57.16610000000001
E02000115,Anti-social behaviour,2026-01,72.0497
E02000115,Burglary,2026-01,76.4253
E02000115,Criminal damage and arson,2026-01,77.76819999999998
E02000115,Disruptive crimes,2026-01,82.67979999999997
E02000115,Property theft,2026-01,94.28679999999996
E02000115,Vehicle crime,2026-01,100.33989999999996
E02000115,Violence,2026-01,116.88099999999996
E02000115,Anti-social behaviour,2026-02,129.49639999999997
E02000115,Burglary,2026-02,133.78409999999994
E02000115,Criminal damage and arson,2026-02,135.03259999999995
E02000115,Disruptive crimes,2026-02,139.54459999999995
E02000115,Property theft,2026-02,149.90099999999995
E02000115,Vehicle crime,2026-02,155.72529999999992
E02000115,Violence,2026-02,171.43349999999992
E02000116,Anti-social behaviour,2025-12,34.4046
E02000116,Burglary,2025-12,36.1073
E02000116,Criminal damage and arson,2025-12,40.072500000000005
E02000116,Disruptive crimes,2025-12,52.984
E02000116,Property theft,2025-12,61.625
E02000116,Vehicle crime,2025-12,67.60459999999999
E02000116,Violence,2025-12,99.19729999999998
E02000116,Anti-social behaviour,2026-01,135.9076
E02000116,Burglary,2026-01,137.6243
E02000116,Criminal damage and arson,2026-01,141.53100000000003
E02000116,Disruptive crimes,2026-01,154.56810000000004
E02000116,Property theft,2026-01,163.19650000000004
E02000116,Vehicle crime,2026-01,169.11540000000005
E02000116,Violence,2026-01,201.16520000000006
E02000116,Anti-social behaviour,2026-02,235.03610000000006
E02000116,Burglary,2026-02,236.80570000000006
E02000116,Criminal damage and arson,2026-02,240.54170000000005
E02000116,Disruptive crimes,2026-02,252.83020000000002
E02000116,Property theft,2026-02,260.9771
E02000116,Vehicle crime,2026-02,266.6139
E02000116,Violence,2026-02,297.22499999999997
E02000117,Anti-social behaviour,2025-12,29.9256
E02000117,Burglary,2025-12,32.063599999999994
E02000117,Criminal damage and arson,2025-12,36.44949999999999
E02000117,Disruptive crimes,2025-12,53.596
E02000117,Property theft,2025-12,62.54529999999999
E02000117,Vehicle crime,2025-12,70.42710000000001
E02000117,Violence,2025-12,112.48720000000002
E02000117,Anti-social behaviour,2026-01,145.50290000000004
E02000117,Burglary,2026-01,147.71960000000004
E02000117,Criminal damage and arson,2026-01,152.05170000000004
E02000117,Disruptive crimes,2026-01,169.54230000000007
E02000117,Property theft,2026-01,178.53290000000007
E02000117,Vehicle crime,2026-01,186.33240000000004
E02000117,Violence,2026-01,229.18830000000003
E02000117,Anti-social behaviour,2026-02,259.906
E02000117,Burglary,2026-02,262.1758
E02000117,Criminal damage and arson,2026-02,266.32289999999995
E02000117,Disruptive crimes,2026-02,282.6006
E02000117,Property theft,2026-02,291.0683
E02000117,Vehicle crime,2026-02,298.47180000000003
E02000117,Violence,2026-02,339.34000000000003
E02000118,Anti-social behaviour,2025-12,9.2207
E02000118,Burglary,2025-12,10.953100000000001
E02000118,Criminal damage and arson,2025-12,13.1873
E02000118,Disruptive crimes,2025-12,23.512500000000003
E02000118,Property theft,2025-12,40.33560000000001
E02000118,Vehicle crime,2025-12,43.81470000000001
E02000118,Violence,2025-12,69.06770000000002
E02000118,Anti-social behaviour,2026-01,80.17760000000004
E02000118,Burglary,2026-01,81.92000000000004
E02000118,Criminal damage and arson,2026-01,84.14130000000003
E02000118,Disruptive crimes,2026-01,94.91950000000003
E02000118,Property theft,2026-01,111.88080000000002
E02000118,Vehicle crime,2026-01,115.33800000000002
E02000118,Violence,2026-01,140.87240000000003
E02000118,Anti-social behaviour,2026-02,150.90850000000003
E02000118,Burglary,2026-02,152.61050000000006
E02000118,Criminal damage and arson,2026-02,154.72400000000005
E02000118,Disruptive crimes,2026-02,164.86600000000007
E02000118,Property theft,2026-02,180.5507000000001
E02000118,Vehicle crime,2026-02,183.7810000000001
E02000118,Violence,2026-02,208.1699000000001
E02000119,Anti-social behaviour,2025-12,20.9088
E02000119,Burglary,2025-12,25.149499999999996
E02000119,Criminal damage and arson,2025-12,29.494699999999995
E02000119,Disruptive crimes,2025-12,40.1627
E02000119,Property theft,2025-12,57.900200000000005
E02000119,Vehicle crime,2025-12,67.85260000000001
E02000119,Violence,2025-12,113.07710000000002
E02000119,Anti-social behaviour,2026-01,136.50750000000002
E02000119,Burglary,2026-01,141.07580000000004
E02000119,Criminal damage and arson,2026-01,145.53790000000004
E02000119,Disruptive crimes,2026-01,156.4205
E02000119,Property theft,2026-01,174.9581
E02000119,Vehicle crime,2026-01,185.37679999999997
E02000119,Violence,2026-01,231.1376
E02000119,Anti-social behaviour,2026-02,253.08569999999997
E02000119,Burglary,2026-02,257.89889999999997
E02000119,Criminal damage and arson,2026-02,262.2681
E02000119,Disruptive crimes,2026-02,272.99890000000005
E02000119,Property theft,2026-02,291.72400000000005
E02000119,Vehicle crime,2026-02,301.8834
E02000119,Violence,2026-02,346.5915
E02000120,Anti-social behaviour,2025-12,28.322200000000002
E02000120,Burglary,2025-12,32.2456
E02000120,Criminal damage and arson,2025-12,36.3038
E02000120,Disruptive crimes,2025-12,46.77669999999999
E02000120,Property theft,2025-12,82.48329999999999
E02000120,Vehicle crime,2025-12,89.3883
E02000120,Violence,2025-12,121.32719999999999
E02000120,Anti-social behaviour,2026-01,151.73559999999998
E02000120,Burglary,2026-01,155.69409999999996
E02000120,Criminal damage and arson,2026-01,159.77169999999992
E02000120,Disruptive crimes,2026-01,170.46849999999992
E02000120,Property theft,2026-01,205.9810999999999
E02000120,Vehicle crime,2026-01,212.8276999999999
E02000120,Violence,2026-01,245.0673999999999
E02000120,Anti-social behaviour,2026-02,273.0542999999999
E02000120,Burglary,2026-02,276.82159999999993
E02000120,Criminal damage and arson,2026-02,280.6583999999999
E02000120,Disruptive crimes,2026-02,290.6361999999999
E02000120,Property theft,2026-02,323.1652999999999
E02000120,Vehicle crime,2026-02,329.6091999999998
E02000120,Violence,2026-02,360.3978999999998
E02000121,Anti-social behaviour,2025-12,15.1814
E02000121,Burglary,2025-12,16.783
E02000121,Criminal damage and arson,2025-12,20.0622
E02000121,Disruptive crimes,2025-12,32.7531
E02000121,Property theft,2025-12,57.921499999999995
E02000121,Vehicle crime,2025-12,62.16539999999999
E02000121,Violence,2025-12,86.1074
E02000121,Anti-social behaviour,2026-01,103.5422
E02000121,Burglary,2026-01,105.1667
E02000121,Criminal damage and arson,2026-01,108.458
E02000121,Disruptive crimes,2026-01,121.42600000000002
E02000121,Property theft,2026-01,147.21460000000002
E02000121,Vehicle crime,2026-01,151.34480000000002
E02000121,Violence,2026-01,175.72750000000002
E02000121,Anti-social behaviour,2026-02,191.53870000000003
E02000121,Burglary,2026-02,193.14600000000004
E02000121,Criminal damage and arson,2026-02,196.31750000000002
E02000121,Disruptive crimes,2026-02,208.3256
E02000121,Property theft,2026-02,232.34600000000003
E02000121,Vehicle crime,2026-02,236.34280000000004
E02000121,Violence,2026-02,259.36140000000006
E02000122,Anti-social behaviour,2025-12,4.2529
E02000122,Burglary,2025-12,5.8866000000000005
E02000122,Criminal damage and arson,2025-12,5.9104
E02000122,Disruptive crimes,2025-12,8.014000000000001
E02000122,Property theft,2025-12,10.838100000000003
E02000122,Vehicle crime,2025-12,15.900200000000003
E02000122,Violence,2025-12,24.5344
E02000122,Anti-social behaviour,2026-01,29.700100000000003
E02000122,Burglary,2026-01,31.335300000000004
E02000122,Criminal damage and arson,2026-01,31.366100000000007
E02000122,Disruptive crimes,2026-01,33.56250000000001
E02000122,Property theft,2026-01,36.45500000000001
E02000122,Vehicle crime,2026-01,41.453800000000015
E02000122,Violence,2026-01,50.10460000000001
E02000122,Anti-social behaviour,2026-02,54.644600000000004
E02000122,Burglary,2026-02,56.31100000000001
E02000122,Criminal damage and arson,2026-02,56.34450000000001
E02000122,Disruptive crimes,2026-02,58.372200000000014
E02000122,Property theft,2026-02,61.13240000000002
E02000122,Vehicle crime,2026-02,65.93920000000001
E02000122,Violence,2026-02,74.15730000000002
E02000123,Anti-social behaviour,2025-12,38.108999999999995
E02000123,Burglary,2025-12,42.4407
E02000123,Criminal damage and arson,2025-12,49.8967
E02000123,Disruptive crimes,2025-12,70.83510000000001
E02000123,Property theft,2025-12,106.56330000000003
E02000123,Vehicle crime,2025-12,115.96080000000003
E02000123,Violence,2025-12,171.05360000000007
E02000123,Anti-social behaviour,2026-01,212.63920000000007
E02000123,Burglary,2026-01,217.01590000000004
E02000123,Criminal damage and arson,2026-01,224.41760000000002
E02000123,Disruptive crimes,2026-01,245.50160000000002
E02000123,Property theft,2026-01,281.6269
E02000123,Vehicle crime,2026-01,290.83500000000004
E02000123,Violence,2026-01,346.84909999999996
E02000123,Anti-social behaviour,2026-02,384.86379999999997
E02000123,Burglary,2026-02,389.155
E02000123,Criminal damage and arson,2026-02,396.21819999999997
E02000123,Disruptive crimes,2026-02,415.3739
E02000123,Property theft,2026-02,449.4772
E02000123,Vehicle crime,2026-02,458.28690000000006
E02000123,Violence,2026-02,511.4677000000001
E02000124,Anti-social behaviour,2025-12,12.021600000000001
E02000124,Burglary,2025-12,15.7779
E02000124,Criminal damage and arson,2025-12,19.3631
E02000124,Disruptive crimes,2025-12,25.723
E02000124,Property theft,2025-12,46.4076
E02000124,Vehicle crime,2025-12,54.756499999999996
E02000124,Violence,2025-12,77.5604
E02000124,Anti-social behaviour,2026-01,91.3698
E02000124,Burglary,2026-01,94.98
E02000124,Criminal damage and arson,2026-01,98.52579999999999
E02000124,Disruptive crimes,2026-01,104.75369999999998
E02000124,Property theft,2026-01,125.86799999999998
E02000124,Vehicle crime,2026-01,134.0895
E02000124,Violence,2026-01,157.20549999999994
E02000124,Anti-social behaviour,2026-02,169.50429999999994
E02000124,Burglary,2026-02,172.87329999999994
E02000124,Criminal damage and arson,2026-02,176.24259999999995
E02000124,Disruptive crimes,2026-02,182.00279999999998
E02000124,Property theft,2026-02,201.69029999999998
E02000124,Vehicle crime,2026-02,209.47009999999997
E02000124,Violence,2026-02,231.3524
E02000125,Anti-social behaviour,2025-12,8.5611
E02000125,Burglary,2025-12,9.4232
E02000125,Criminal damage and arson,2025-12,10.060199999999998
E02000125,Disruptive crimes,2025-12,13.319699999999997
E02000125,Property theft,2025-12,21.978099999999998
E02000125,Vehicle crime,2025-12,27.465999999999998
E02000125,Violence,2025-12,41.068400000000004
E02000125,Anti-social behaviour,2026-01,50.6589
E02000125,Burglary,2026-01,51.5745
E02000125,Criminal damage and arson,2026-01,52.21130000000001
E02000125,Disruptive crimes,2026-01,55.51250000000001
E02000125,Property theft,2026-01,64.3041
E02000125,Vehicle crime,2026-01,69.72189999999999
E02000125,Violence,2026-01,83.287
E02000125,Anti-social behaviour,2026-02,92.2093
E02000125,Burglary,2026-02,93.18119999999999
E02000125,Criminal damage and arson,2026-02,93.80120000000001
E02000125,Disruptive crimes,2026-02,96.88760000000002
E02000125,Property theft,2026-02,105.07890000000002
E02000125,Vehicle crime,2026-02,110.32280000000002
E02000125,Violence,2026-02,123.09810000000002
E02000126,Anti-social behaviour,2025-12,19.8996
E02000126,Burglary,2025-12,22.4683
E02000126,Criminal damage and arson,2025-12,24.8674
E02000126,Disruptive crimes,2025-12,31.9966
E02000126,Property theft,2025-12,47.2871
E02000126,Vehicle crime,2025-12,50.580000000000005
E02000126,Violence,2025-12,74.07960000000001
E02000126,Anti-social behaviour,2026-01,95.69080000000001
E02000126,Burglary,2026-01,98.2644
E02000126,Criminal damage and arson,2026-01,100.70209999999999
E02000126,Disruptive crimes,2026-01,107.9369
E02000126,Property theft,2026-01,123.5684
E02000126,Vehicle crime,2026-01,126.83070000000001
E02000126,Violence,2026-01,150.58230000000003
E02000126,Anti-social behaviour,2026-02,169.8263
E02000126,Burglary,2026-02,172.23
E02000126,Criminal damage and arson,2026-02,174.54080000000002
E02000126,Disruptive crimes,2026-02,181.32370000000003
E02000126,Property theft,2026-02,195.46480000000003
E02000126,Vehicle crime,2026-02,198.55390000000003
E02000126,Violence,2026-02,221.15560000000002
E02000127,Anti-social behaviour,2025-12,8.893
E02000127,Burglary,2025-12,10.4183
E02000127,Criminal damage and arson,2025-12,16.0512
E02000127,Disruptive crimes,2025-12,23.160900000000005
E02000127,Property theft,2025-12,28.928300000000004
E02000127,Vehicle crime,2025-12,36.18670000000001
E02000127,Violence,2025-12,64.9954
E02000127,Anti-social behaviour,2026-01,75.77050000000003
E02000127,Burglary,2026-01,77.36490000000002
E02000127,Criminal damage and arson,2026-01,83.0366
E02000127,Disruptive crimes,2026-01,90.2095
E02000127,Property theft,2026-01,95.93010000000002
E02000127,Vehicle crime,2026-01,103.21500000000003
E02000127,Violence,2026-01,132.46900000000005
E02000127,Anti-social behaviour,2026-02,141.99670000000006
E02000127,Burglary,2026-02,143.6352000000001
E02000127,Criminal damage and arson,2026-02,149.01290000000014
E02000127,Disruptive crimes,2026-02,155.69380000000018
E02000127,Property theft,2026-02,160.7282000000002
E02000127,Vehicle crime,2026-02,167.65080000000017
E02000127,Violence,2026-02,195.70130000000017
E02000128,Anti-social behaviour,2025-12,2.0449999999999995
E02000128,Burglary,2025-12,3.0756999999999994
E02000128,Criminal damage and arson,2025-12,3.9200999999999997
E02000128,Disruptive crimes,2025-12,4.7542
E02000128,Property theft,2025-12,8.7787
E02000128,Vehicle crime,2025-12,12.0427
E02000128,Violence,2025-12,20.498300000000004
E02000128,Anti-social behaviour,2026-01,23.149300000000004
E02000128,Burglary,2026-01,24.177400000000002
E02000128,Criminal damage and arson,2026-01,25.0198
E02000128,Disruptive crimes,2026-01,25.869700000000005
E02000128,Property theft,2026-01,29.849800000000005
E02000128,Vehicle crime,2026-01,33.09010000000001
E02000128,Violence,2026-01,41.497600000000006
E02000128,Anti-social behaviour,2026-02,43.9667
E02000128,Burglary,2026-02,44.99700000000001
E02000128,Criminal damage and arson,2026-02,45.82930000000001
E02000128,Disruptive crimes,2026-02,46.60930000000001
E02000128,Property theft,2026-02,50.34300000000001
E02000128,Vehicle crime,2026-02,53.418700000000015
E02000128,Violence,2026-02,61.44290000000002
E02000130,Anti-social behaviour,2025-12,8.058399999999999
E02000130,Burglary,2025-12,9.7168
E02000130,Criminal damage and arson,2025-12,12.244199999999998
E02000130,Disruptive crimes,2025-12,18.540699999999998
E02000130,Property theft,2025-12,35.989
E02000130,Vehicle crime,2025-12,43.6669
E02000130,Violence,2025-12,60.939299999999996
E02000130,Anti-social behaviour,2026-01,70.22559999999999
E02000130,Burglary,2026-01,71.89689999999997
E02000130,Criminal damage and arson,2026-01,74.43199999999996
E02000130,Disruptive crimes,2026-01,80.96129999999997
E02000130,Property theft,2026-01,99.28319999999997
E02000130,Vehicle crime,2026-01,106.88489999999997
E02000130,Violence,2026-01,124.27179999999997
E02000130,Anti-social behaviour,2026-02,132.9066
E02000130,Burglary,2026-02,134.5881
E02000130,Criminal damage and arson,2026-02,137.03929999999997
E02000130,Disruptive crimes,2026-02,143.14579999999998
E02000130,Property theft,2026-02,159.80409999999995
E02000130,Vehicle crime,2026-02,167.03419999999997
E02000130,Violence,2026-02,183.65969999999996
E02000131,Anti-social behaviour,2025-12,14.525699999999999
E02000131,Burglary,2025-12,17.8125
E02000131,Criminal damage and arson,2025-12,20.200799999999997
E02000131,Disruptive crimes,2025-12,26.119
E02000131,Property theft,2025-12,35.215999999999994
E02000131,Vehicle crime,2025-12,41.78939999999999
E02000131,Violence,2025-12,66.48819999999999
E02000131,Anti-social behaviour,2026-01,82.20119999999999
E02000131,Burglary,2026-01,85.59799999999998
E02000131,Criminal damage and arson,2026-01,87.9663
E02000131,Disruptive crimes,2026-01,93.8067
E02000131,Property theft,2026-01,102.8472
E02000131,Vehicle crime,2026-01,109.2304
E02000131,Violence,2026-01,134.469
E02000131,Anti-social behaviour,2026-02,148.1152
E02000131,Burglary,2026-02,151.55759999999998
E02000131,Criminal damage and arson,2026-02,153.78359999999995
E02000131,Disruptive crimes,2026-02,159.12379999999996
E02000131,Property theft,2026-02,167.57569999999993
E02000131,Vehicle crime,2026-02,173.7152999999999
E02000131,Violence,2026-02,198.12969999999993
E02000132,Anti-social behaviour,2025-12,15.2549
E02000132,Burglary,2025-12,18.4423
E02000132,Criminal damage and arson,2025-12,22.0467
E02000132,Disruptive crimes,2025-12,31.5383
E02000132,Property theft,2025-12,51.34020000000001
E02000132,Vehicle crime,2025-12,59.21630000000002
E02000132,Violence,2025-12,84.53790000000001
E02000132,Anti-social behaviour,2026-01,101.2004
E02000132,Burglary,2026-01,104.3941
E02000132,Criminal damage and arson,2026-01,108.03190000000001
E02000132,Disruptive crimes,2026-01,117.7824
E02000132,Property theft,2026-01,137.9528
E02000132,Vehicle crime,2026-01,145.6999
E02000132,Violence,2026-01,171.171
E02000132,Anti-social behaviour,2026-02,186.71299999999997
E02000132,Burglary,2026-02,189.87679999999997
E02000132,Criminal damage and arson,2026-02,193.3904
E02000132,Disruptive crimes,2026-02,202.4926
E02000132,Property theft,2026-02,221.58180000000002
E02000132,Vehicle crime,2026-02,228.9747
E02000132,Violence,2026-02,253.41800000000003
E02000133,Anti-social behaviour,2025-12,2.4492000000000003
E02000133,Burglary,2025-12,3.0424
E02000133,Criminal damage and arson,2025-12,3.1390000000000002
E02000133,Disruptive crimes,2025-12,3.9640000000000004
E02000133,Property theft,2025-12,5.0151
E02000133,Vehicle crime,2025-12,10.2406
E02000133,Violence,2025-12,17.413600000000002
E02000133,Anti-social behaviour,2026-01,20.6906
E02000133,Burglary,2026-01,21.2286
E02000133,Criminal damage and arson,2026-01,21.359199999999998
E02000133,Disruptive crimes,2026-01,22.333699999999997
E02000133,Property theft,2026-01,23.4101
E02000133,Vehicle crime,2026-01,28.588700000000003
E02000133,Violence,2026-01,35.87050000000001
E02000133,Anti-social behaviour,2026-02,39.253
E02000133,Burglary,2026-02,39.7894
E02000133,Criminal damage and arson,2026-02,39.9318
E02000133,Disruptive crimes,2026-02,40.918
E02000133,Property theft,2026-02,41.9302
E02000133,Vehicle crime,2026-02,46.88970000000001
E02000133,Violence,2026-02,53.772
E02000134,Anti-social behaviour,2025-12,14.568700000000002
E02000134,Burglary,2025-12,16.429900000000004
E02000134,Criminal damage and arson,2025-12,21.109600000000004
E02000134,Disruptive crimes,2025-12,37.5615
E02000134,Property theft,2025-12,72.71010000000001
E02000134,Vehicle crime,2025-12,80.7279
E02000134,Violence,2025-12,117.18379999999999
E02000134,Anti-social behaviour,2026-01,133.38179999999997
E02000134,Burglary,2026-01,135.21999999999994
E02000134,Criminal damage and arson,2026-01,139.95599999999996
E02000134,Disruptive crimes,2026-01,156.87179999999992
E02000134,Property theft,2026-01,191.6792999999999
E02000134,Vehicle crime,2026-01,199.6032999999999
E02000134,Violence,2026-01,236.16619999999992
E02000134,Anti-social behaviour,2026-02,250.98179999999994
E02000134,Burglary,2026-02,252.78279999999992
E02000134,Criminal damage and arson,2026-02,257.2621999999999
E02000134,Disruptive crimes,2026-02,273.22379999999987
E02000134,Property theft,2026-02,303.9044999999999
E02000134,Vehicle crime,2026-02,311.4346
E02000134,Violence,2026-02,346.1856
E02000135,Anti-social behaviour,2025-12,16.3697
E02000135,Burglary,2025-12,18.4359
E02000135,Criminal damage and arson,2025-12,24.063899999999997
E02000135,Disruptive crimes,2025-12,34.7847
E02000135,Property theft,2025-12,45.48360000000001
E02000135,Vehicle crime,2025-12,52.45730000000001
E02000135,Violence,2025-12,81.97940000000001
E02000135,Anti-social behaviour,2026-01,100.51890000000002
E02000135,Burglary,2026-01,102.6315
E02000135,Criminal damage and arson,2026-01,108.2607
E02000135,Disruptive crimes,2026-01,118.99770000000001
E02000135,Property theft,2026-01,129.6619
E02000135,Vehicle crime,2026-01,136.51179999999997
E02000135,Violence,2026-01,166.49229999999994
E02000135,Anti-social behaviour,2026-02,182.9893999999999
E02000135,Burglary,2026-02,185.1301999999999
E02000135,Criminal damage and arson,2026-02,190.5434999999999
E02000135,Disruptive crimes,2026-02,200.55199999999994
E02000135,Property theft,2026-02,210.39759999999993
E02000135,Vehicle crime,2026-02,216.92609999999993
E02000135,Violence,2026-02,245.44559999999996
E02000136,Anti-social behaviour,2025-12,5.7985
E02000136,Burglary,2025-12,6.0297
E02000136,Criminal damage and arson,2025-12,7.6739
E02000136,Disruptive crimes,2025-12,10.346199999999998
E02000136,Property theft,2025-12,12.358799999999999
E02000136,Vehicle crime,2025-12,15.470099999999999
E02000136,Violence,2025-12,26.072200000000002
E02000136,Anti-social behaviour,2026-01,32.9977
E02000136,Burglary,2026-01,33.217400000000005
E02000136,Criminal damage and arson,2026-01,34.925700000000006
E02000136,Disruptive crimes,2026-01,37.7049
E02000136,Property theft,2026-01,39.6382
E02000136,Vehicle crime,2026-01,42.668899999999994
E02000136,Violence,2026-01,53.31329999999999
E02000136,Anti-social behaviour,2026-02,59.87229999999998
E02000136,Burglary,2026-02,60.113599999999984
E02000136,Criminal damage and arson,2026-02,61.74509999999998
E02000136,Disruptive crimes,2026-02,64.33349999999999
E02000136,Property theft,2026-02,66.00369999999998
E02000136,Vehicle crime,2026-02,68.9078
E02000136,Violence,2026-02,79.0364
E02000137,Anti-social behaviour,2025-12,3.2137
E02000137,Burglary,2025-12,3.3806
E02000137,Criminal damage and arson,2025-12,3.3842999999999996
E02000137,Disruptive crimes,2025-12,3.3995
E02000137,Property theft,2025-12,3.8151
E02000137,Vehicle crime,2025-12,8.977
E02000137,Violence,2025-12,16.5165
E02000137,Anti-social behaviour,2026-01,20.2541
E02000137,Burglary,2026-01,20.4227
E02000137,Criminal damage and arson,2026-01,20.427599999999998
E02000137,Disruptive crimes,2026-01,20.450400000000002
E02000137,Property theft,2026-01,20.798600000000004
E02000137,Vehicle crime,2026-01,25.898600000000002
E02000137,Violence,2026-01,33.5204
E02000137,Anti-social behaviour,2026-02,37.2815
E02000137,Burglary,2026-02,37.4515
E02000137,Criminal damage and arson,2026-02,37.45720000000001
E02000137,Disruptive crimes,2026-02,37.48430000000002
E02000137,Property theft,2026-02,37.80780000000002
E02000137,Vehicle crime,2026-02,42.59890000000002
E02000137,Violence,2026-02,49.73970000000002
E02000138,Anti-social behaviour,2025-12,2.7076000000000002
E02000138,Burglary,2025-12,3.4104
E02000138,Criminal damage and arson,2025-12,3.4634000000000005
E02000138,Disruptive crimes,2025-12,3.6026000000000007
E02000138,Property theft,2025-12,3.9178000000000006
E02000138,Vehicle crime,2025-12,9.164000000000001
E02000138,Violence,2025-12,16.737400000000004
E02000138,Anti-social behaviour,2026-01,19.82490000000001
E02000138,Burglary,2026-01,20.45820000000001
E02000138,Criminal damage and arson,2026-01,20.527000000000008
E02000138,Disruptive crimes,2026-01,20.705400000000004
E02000138,Property theft,2026-01,21.071100000000005
E02000138,Vehicle crime,2026-01,26.33030000000001
E02000138,Violence,2026-01,33.98500000000001
E02000138,Anti-social behaviour,2026-02,37.018100000000004
E02000138,Burglary,2026-02,37.62520000000001
E02000138,Criminal damage and arson,2026-02,37.703700000000005
E02000138,Disruptive crimes,2026-02,37.8933
E02000138,Property theft,2026-02,38.251000000000005
E02000138,Vehicle crime,2026-02,43.235600000000005
E02000138,Violence,2026-02,50.3833
E02000139,Anti-social behaviour,2025-12,4.1887
E02000139,Burglary,2025-12,4.9563
E02000139,Criminal damage and arson,2025-12,5.9547
E02000139,Disruptive crimes,2025-12,8.5253
E02000139,Property theft,2025-12,14.8141
E02000139,Vehicle crime,2025-12,19.4674
E02000139,Violence,2025-12,30.0024
E02000139,Anti-social behaviour,2026-01,34.856300000000005
E02000139,Burglary,2026-01,35.59400000000001
E02000139,Criminal damage and arson,2026-01,36.601
E02000139,Disruptive crimes,2026-01,39.3249
E02000139,Property theft,2026-01,45.768100000000004
E02000139,Vehicle crime,2026-01,50.39790000000001
E02000139,Violence,2026-01,60.9903
E02000139,Anti-social behaviour,2026-02,65.57469999999999
E02000139,Burglary,2026-02,66.32709999999999
E02000139,Criminal damage and arson,2026-02,67.28669999999998
E02000139,Disruptive crimes,2026-02,69.81309999999999
E02000139,Property theft,2026-02,75.8522
E02000139,Vehicle crime,2026-02,80.24380000000001
E02000139,Violence,2026-02,90.25680000000001
E02000140,Anti-social behaviour,2025-12,10.369399999999999
E02000140,Burglary,2025-12,11.506899999999998
E02000140,Criminal damage and arson,2025-12,17.466599999999996
E02000140,Disruptive crimes,2025-12,25.941099999999995
E02000140,Property theft,2025-12,30.725799999999996
E02000140,Vehicle crime,2025-12,38.204699999999995
E02000140,Violence,2025-12,59.74269999999999
E02000140,Anti-social behaviour,2026-01,71.8012
E02000140,Burglary,2026-01,72.9674
E02000140,Criminal damage and arson,2026-01,78.8179
E02000140,Disruptive crimes,2026-01,87.3272
E02000140,Property theft,2026-01,91.99900000000002
E02000140,Vehicle crime,2026-01,99.41680000000004
E02000140,Violence,2026-01,121.44280000000005
E02000140,Anti-social behaviour,2026-02,132.40410000000006
E02000140,Burglary,2026-02,133.62880000000007
E02000140,Criminal damage and arson,2026-02,139.20190000000008
E02000140,Disruptive crimes,2026-02,147.11750000000006
E02000140,Property theft,2026-02,151.58100000000007
E02000140,Vehicle crime,2026-02,158.66390000000007
E02000140,Violence,2026-02,179.66430000000005
E02000141,Anti-social behaviour,2025-12,2.5267
E02000141,Burglary,2025-12,3.0902000000000003
E02000141,Criminal damage and arson,2025-12,3.8854
E02000141,Disruptive crimes,2025-12,6.210100000000001
E02000141,Property theft,2025-12,9.9733
E02000141,Vehicle crime,2025-12,14.9982
E02000141,Violence,2025-12,24.320700000000002
E02000141,Anti-social behaviour,2026-01,27.419800000000002
E02000141,Burglary,2026-01,27.968100000000003
E02000141,Criminal damage and arson,2026-01,28.815800000000003
E02000141,Disruptive crimes,2026-01,31.218100000000003
E02000141,Property theft,2026-01,35.032900000000005
E02000141,Vehicle crime,2026-01,40.062900000000006
E02000141,Violence,2026-01,49.408200000000015
E02000141,Anti-social behaviour,2026-02,52.39140000000001
E02000141,Burglary,2026-02,52.93630000000002
E02000141,Criminal damage and arson,2026-02,53.71980000000001
E02000141,Disruptive crimes,2026-02,55.948000000000015
E02000141,Property theft,2026-02,59.534900000000015
E02000141,Vehicle crime,2026-02,64.26700000000001
E02000141,Violence,2026-02,73.22280000000002
E02000142,Anti-social behaviour,2025-12,1.9266999999999999
E02000142,Burglary,2025-12,1.94
E02000142,Criminal damage and arson,2025-12,2.1778
E02000142,Disruptive crimes,2025-12,2.4385
E02000142,Property theft,2025-12,8.6232
E02000142,Vehicle crime,2025-12,12.235
E02000142,Violence,2025-12,19.1699
E02000142,Anti-social behaviour,2026-01,21.618499999999997
E02000142,Burglary,2026-01,21.630999999999997
E02000142,Criminal damage and arson,2026-01,21.907499999999995
E02000142,Disruptive crimes,2026-01,22.219499999999996
E02000142,Property theft,2026-01,28.516999999999992
E02000142,Vehicle crime,2026-01,32.13329999999999
E02000142,Violence,2026-01,39.10379999999999
E02000142,Anti-social behaviour,2026-02,41.60199999999998
E02000142,Burglary,2026-02,41.61519999999999
E02000142,Criminal damage and arson,2026-02,41.913999999999994
E02000142,Disruptive crimes,2026-02,42.22699999999999
E02000142,Property theft,2026-02,47.99539999999999
E02000142,Vehicle crime,2026-02,51.4573
E02000142,Violence,2026-02,58.04739999999999
E02000144,Anti-social behaviour,2025-12,15.896899999999999
E02000144,Burglary,2025-12,17.0678
E02000144,Criminal damage and arson,2025-12,23.311999999999994
E02000144,Disruptive crimes,2025-12,43.903999999999996
E02000144,Property theft,2025-12,88.7753
E02000144,Vehicle crime,2025-12,92.9834
E02000144,Violence,2025-12,135.18789999999998
E02000144,Anti-social behaviour,2026-01,152.9235
E02000144,Burglary,2026-01,154.08059999999998
E02000144,Criminal damage and arson,2026-01,160.7924
E02000144,Disruptive crimes,2026-01,181.36710000000002
E02000144,Property theft,2026-01,225.5044
E02000144,Vehicle crime,2026-01,229.66720000000004
E02000144,Violence,2026-01,272.53970000000004
E02000144,Anti-social behaviour,2026-02,289.6168
E02000144,Burglary,2026-02,290.78450000000004
E02000144,Criminal damage and arson,2026-02,297.7925
E02000144,Disruptive crimes,2026-02,317.18619999999993
E02000144,Property theft,2026-02,356.89489999999995
E02000144,Vehicle crime,2026-02,360.85459999999995
E02000144,Violence,2026-02,402.2673999999999
E02000145,Anti-social behaviour,2025-12,10.780999999999999
E02000145,Burglary,2025-12,13.098599999999998
E02000145,Criminal damage and arson,2025-12,20.2151
E02000145,Disruptive crimes,2025-12,29.655299999999997
E02000145,Property theft,2025-12,47.72409999999999
E02000145,Vehicle crime,2025-12,58.99079999999999
E02000145,Violence,2025-12,84.65859999999998
E02000145,Anti-social behaviour,2026-01,96.92569999999998
E02000145,Burglary,2026-01,99.21489999999997
E02000145,Criminal damage and arson,2026-01,106.17429999999999
E02000145,Disruptive crimes,2026-01,115.74519999999998
E02000145,Property theft,2026-01,133.7639
E02000145,Vehicle crime,2026-01,144.87480000000002
E02000145,Violence,2026-01,170.8467
E02000145,Anti-social behaviour,2026-02,182.04729999999998
E02000145,Burglary,2026-02,184.3499
E02000145,Criminal damage and arson,2026-02,190.95699999999997
E02000145,Disruptive crimes,2026-02,199.9312
E02000145,Property theft,2026-02,216.1959
E02000145,Vehicle crime,2026-02,226.65619999999998
E02000145,Violence,2026-02,251.38669999999996
E02000146,Anti-social behaviour,2025-12,5.4825
E02000146,Burglary,2025-12,5.550300000000001
E02000146,Criminal damage and arson,2025-12,7.130600000000001
E02000146,Disruptive crimes,2025-12,10.4567
E02000146,Property theft,2025-12,16.1519
E02000146,Vehicle crime,2025-12,20.6902
E02000146,Violence,2025-12,32.0506
E02000146,Anti-social behaviour,2026-01,38.3528
E02000146,Burglary,2026-01,38.4181
E02000146,Criminal damage and arson,2026-01,40.025099999999995
E02000146,Disruptive crimes,2026-01,43.4647
E02000146,Property theft,2026-01,49.2661
E02000146,Vehicle crime,2026-01,53.89
E02000146,Violence,2026-01,65.40129999999999
E02000146,Anti-social behaviour,2026-02,71.3821
E02000146,Burglary,2026-02,71.4634
E02000146,Criminal damage and arson,2026-02,72.9634
E02000146,Disruptive crimes,2026-02,76.11559999999997
E02000146,Property theft,2026-02,81.54219999999998
E02000146,Vehicle crime,2026-02,85.83909999999997
E02000146,Violence,2026-02,96.80459999999998
E02000147,Anti-social behaviour,2025-12,0.7293000000000001
E02000147,Burglary,2025-12,0.7295
E02000147,Criminal damage and arson,2025-12,0.7299
E02000147,Disruptive crimes,2025-12,0.7305
E02000147,Property theft,2025-12,1.8748
E02000147,Vehicle crime,2025-12,5.236800000000001
E02000147,Violence,2025-12,7.841800000000001
E02000147,Anti-social behaviour,2026-01,8.7383
E02000147,Burglary,2026-01,8.7387
E02000147,Criminal damage and arson,2026-01,8.739099999999999
E02000147,Disruptive crimes,2026-01,8.739899999999999
E02000147,Property theft,2026-01,9.9346
E02000147,Vehicle crime,2026-01,13.3096
E02000147,Violence,2026-01,16.0648
E02000147,Anti-social behaviour,2026-02,16.9908
E02000147,Burglary,2026-02,16.9914
E02000147,Criminal damage and arson,2026-02,16.991899999999998
E02000147,Disruptive crimes,2026-02,16.9929
E02000147,Property theft,2026-02,18.118499999999997
E02000147,Vehicle crime,2026-02,21.306099999999997
E02000147,Violence,2026-02,23.853199999999998
E02000148,Anti-social behaviour,2025-12,2.2956999999999996
E02000148,Burglary,2025-12,2.9757000000000002
E02000148,Criminal damage and arson,2025-12,3.1574000000000004
E02000148,Disruptive crimes,2025-12,4.136500000000001
E02000148,Property theft,2025-12,5.4244
E02000148,Vehicle crime,2025-12,8.670499999999999
E02000148,Violence,2025-12,13.677499999999998
E02000148,Anti-social behaviour,2026-01,16.263299999999997
E02000148,Burglary,2026-01,16.933399999999995
E02000148,Criminal damage and arson,2026-01,17.147599999999997
E02000148,Disruptive crimes,2026-01,18.148099999999996
E02000148,Property theft,2026-01,19.3463
E02000148,Vehicle crime,2026-01,22.5915
E02000148,Violence,2026-01,27.643800000000002
E02000148,Anti-social behaviour,2026-02,30.074500000000008
E02000148,Burglary,2026-02,30.737800000000007
E02000148,Criminal damage and arson,2026-02,30.954100000000004
E02000148,Disruptive crimes,2026-02,31.892500000000002
E02000148,Property theft,2026-02,33.056000000000004
E02000148,Vehicle crime,2026-02,36.157500000000006
E02000148,Violence,2026-02,40.9671
E02000149,Anti-social behaviour,2025-12,6.5889
E02000149,Burglary,2025-12,8.123
E02000149,Criminal damage and arson,2025-12,11.556799999999999
E02000149,Disruptive crimes,2025-12,15.473700000000001
E02000149,Property theft,2025-12,17.5953
E02000149,Vehicle crime,2025-12,24.055000000000003
E02000149,Violence,2025-12,39.572700000000005
E02000149,Anti-social behaviour,2026-01,47.1411
E02000149,Burglary,2026-01,48.71970000000001
E02000149,Criminal damage and arson,2026-01,52.14070000000001
E02000149,Disruptive crimes,2026-01,56.11880000000002
E02000149,Property theft,2026-01,58.04470000000003
E02000149,Vehicle crime,2026-01,64.41870000000002
E02000149,Violence,2026-01,80.1649
E02000149,Anti-social behaviour,2026-02,87.0024
E02000149,Burglary,2026-02,88.5969
E02000149,Criminal damage and arson,2026-02,91.9185
E02000149,Disruptive crimes,2026-02,95.6594
E02000149,Property theft,2026-02,97.31890000000001
E02000149,Vehicle crime,2026-02,103.33480000000002
E02000149,Violence,2026-02,118.28240000000002
E02000150,Anti-social behaviour,2025-12,3.9179000000000004
E02000150,Burglary,2025-12,4.616500000000001
E02000150,Criminal damage and arson,2025-12,6.807000000000001
E02000150,Disruptive crimes,2025-12,9.533100000000003
E02000150,Property theft,2025-12,15.008500000000003
E02000150,Vehicle crime,2025-12,18.086600000000004
E02000150,Violence,2025-12,46.1946
E02000150,Anti-social behaviour,2026-01,50.59380000000001
E02000150,Burglary,2026-01,51.31860000000001
E02000150,Criminal damage and arson,2026-01,53.43960000000001
E02000150,Disruptive crimes,2026-01,56.27990000000001
E02000150,Property theft,2026-01,61.759200000000014
E02000150,Vehicle crime,2026-01,64.83990000000001
E02000150,Violence,2026-01,93.329
E02000150,Anti-social behaviour,2026-02,97.4464
E02000150,Burglary,2026-02,98.1879
E02000150,Criminal damage and arson,2026-02,100.2104
E02000150,Disruptive crimes,2026-02,102.8857
E02000150,Property theft,2026-02,108.01120000000002
E02000150,Vehicle crime,2026-02,110.93960000000001
E02000150,Violence,2026-02,138.1614
E02000151,Anti-social behaviour,2025-12,0.9264999999999999
E02000151,Burglary,2025-12,0.9281999999999998
E02000151,Criminal damage and arson,2025-12,1.4383999999999997
E02000151,Disruptive crimes,2025-12,2.1186999999999996
E02000151,Property theft,2025-12,6.434999999999999
E02000151,Vehicle crime,2025-12,7.233199999999999
E02000151,Violence,2025-12,10.118599999999999
E02000151,Anti-social behaviour,2026-01,11.3215
E02000151,Burglary,2026-01,11.3233
E02000151,Criminal damage and arson,2026-01,11.9046
E02000151,Disruptive crimes,2026-01,12.6622
E02000151,Property theft,2026-01,17.1187
E02000151,Vehicle crime,2026-01,18.0061
E02000151,Violence,2026-01,20.986600000000003
E02000151,Anti-social behaviour,2026-02,22.268200000000004
E02000151,Burglary,2026-02,22.270300000000002
E02000151,Criminal damage and arson,2026-02,22.845000000000002
E02000151,Disruptive crimes,2026-02,23.565
E02000151,Property theft,2026-02,27.2523
E02000151,Vehicle crime,2026-02,28.085600000000003
E02000151,Violence,2026-02,30.850300000000004
E02000152,Anti-social behaviour,2025-12,8.1391
E02000152,Burglary,2025-12,8.784899999999999
E02000152,Criminal damage and arson,2025-12,11.9174
E02000152,Disruptive crimes,2025-12,15.588999999999999
E02000152,Property theft,2025-12,18.3998
E02000152,Vehicle crime,2025-12,21.5464
E02000152,Violence,2025-12,39.51199999999999
E02000152,Anti-social behaviour,2026-01,48.8107
E02000152,Burglary,2026-01,49.4567
E02000152,Criminal damage and arson,2026-01,52.646899999999995
E02000152,Disruptive crimes,2026-01,56.4539
E02000152,Property theft,2026-01,59.3105
E02000152,Vehicle crime,2026-01,62.514599999999994
E02000152,Violence,2026-01,80.7138
E02000152,Anti-social behaviour,2026-02,89.23730000000002
E02000152,Burglary,2026-02,89.88790000000002
E02000152,Criminal damage and arson,2026-02,92.87580000000001
E02000152,Disruptive crimes,2026-02,96.4453
E02000152,Property theft,2026-02,99.1361
E02000152,Vehicle crime,2026-02,102.1485
E02000152,Violence,2026-02,119.5646
E02000153,Anti-social behaviour,2025-12,1.0635
E02000153,Burglary,2025-12,1.0637999999999999
E02000153,Criminal damage and arson,2025-12,1.0670999999999997
E02000153,Disruptive crimes,2025-12,1.0881999999999998
E02000153,Property theft,2025-12,1.0959999999999999
E02000153,Vehicle crime,2025-12,1.8881999999999999
E02000153,Violence,2025-12,5.6503000000000005
E02000153,Anti-social behaviour,2026-01,7.056800000000001
E02000153,Burglary,2026-01,7.057200000000001
E02000153,Criminal damage and arson,2026-01,7.0617
E02000153,Disruptive crimes,2026-01,7.089799999999999
E02000153,Property theft,2026-01,7.0996
E02000153,Vehicle crime,2026-01,7.9561
E02000153,Violence,2026-01,11.803600000000001
E02000153,Anti-social behaviour,2026-02,13.283600000000002
E02000153,Burglary,2026-02,13.2841
E02000153,Criminal damage and arson,2026-02,13.2896
E02000153,Disruptive crimes,2026-02,13.321
E02000153,Property theft,2026-02,13.3323
E02000153,Vehicle crime,2026-02,14.101700000000001
E02000153,Violence,2026-02,17.7211
E02000154,Anti-social behaviour,2025-12,12.603700000000002
E02000154,Burglary,2025-12,14.558800000000002
E02000154,Criminal damage and arson,2025-12,18.512999999999998
E02000154,Disruptive crimes,2025-12,24.909299999999998
E02000154,Property theft,2025-12,46.2977
E02000154,Vehicle crime,2025-12,51.37969999999999
E02000154,Violence,2025-12,69.6745
E02000154,Anti-social behaviour,2026-01,83.4285
E02000154,Burglary,2026-01,85.39380000000001
E02000154,Criminal damage and arson,2026-01,89.35340000000002
E02000154,Disruptive crimes,2026-01,95.80820000000004
E02000154,Property theft,2026-01,117.74780000000005
E02000154,Vehicle crime,2026-01,122.81990000000006
E02000154,Violence,2026-01,141.39980000000006
E02000154,Anti-social behaviour,2026-02,153.93830000000003
E02000154,Burglary,2026-02,155.85900000000004
E02000154,Criminal damage and arson,2026-02,159.52770000000004
E02000154,Disruptive crimes,2026-02,165.57960000000006
E02000154,Property theft,2026-02,185.60280000000006
E02000154,Vehicle crime,2026-02,190.41550000000007
E02000154,Violence,2026-02,208.26340000000005
E02000155,Anti-social behaviour,2025-12,4.2039
E02000155,Burglary,2025-12,4.952299999999999
E02000155,Criminal damage and arson,2025-12,6.054399999999999
E02000155,Disruptive crimes,2025-12,7.0243
E02000155,Property theft,2025-12,8.074
E02000155,Vehicle crime,2025-12,10.749800000000002
E02000155,Violence,2025-12,18.642400000000002
E02000155,Anti-social behaviour,2026-01,23.617400000000004
E02000155,Burglary,2026-01,24.385500000000004
E02000155,Criminal damage and arson,2026-01,25.544000000000004
E02000155,Disruptive crimes,2026-01,26.537900000000004
E02000155,Property theft,2026-01,27.5744
E02000155,Vehicle crime,2026-01,30.215400000000002
E02000155,Violence,2026-01,38.2751
E02000155,Anti-social behaviour,2026-02,43.028400000000005
E02000155,Burglary,2026-02,43.80000000000001
E02000155,Criminal damage and arson,2026-02,44.89930000000002
E02000155,Disruptive crimes,2026-02,45.85110000000002
E02000155,Property theft,2026-02,46.86500000000002
E02000155,Vehicle crime,2026-02,49.38040000000002
E02000155,Violence,2026-02,57.03850000000002
E02000156,Anti-social behaviour,2025-12,1.9037
E02000156,Burglary,2025-12,2.6588
E02000156,Criminal damage and arson,2025-12,3.0544
E02000156,Disruptive crimes,2025-12,3.9944999999999995
E02000156,Property theft,2025-12,11.2124
E02000156,Vehicle crime,2025-12,14.760600000000002
E02000156,Violence,2025-12,23.285300000000003
E02000156,Anti-social behaviour,2026-01,25.490200000000005
E02000156,Burglary,2026-01,26.267300000000006
E02000156,Criminal damage and arson,2026-01,26.716700000000003
E02000156,Disruptive crimes,2026-01,27.6731
E02000156,Property theft,2026-01,34.88629999999999
E02000156,Vehicle crime,2026-01,38.520799999999994
E02000156,Violence,2026-01,47.2134
E02000156,Anti-social behaviour,2026-02,49.433699999999995
E02000156,Burglary,2026-02,50.2099
E02000156,Criminal damage and arson,2026-02,50.656
E02000156,Disruptive crimes,2026-02,51.575300000000006
E02000156,Property theft,2026-02,58.315500000000014
E02000156,Vehicle crime,2026-02,61.71870000000002
E02000156,Violence,2026-02,70.01840000000003
E02000157,Anti-social behaviour,2025-12,2.2778
E02000157,Burglary,2025-12,2.2792000000000003
E02000157,Criminal damage and arson,2025-12,2.3000000000000003
E02000157,Disruptive crimes,2025-12,2.4479
E02000157,Property theft,2025-12,3.5555000000000003
E02000157,Vehicle crime,2025-12,3.5947
E02000157,Violence,2025-12,6.828399999999999
E02000157,Anti-social behaviour,2026-01,9.3715
E02000157,Burglary,2026-01,9.373099999999999
E02000157,Criminal damage and arson,2026-01,9.399199999999999
E02000157,Disruptive crimes,2026-01,9.566499999999998
E02000157,Property theft,2026-01,10.729299999999997
E02000157,Vehicle crime,2026-01,10.780899999999997
E02000157,Violence,2026-01,14.143799999999999
E02000157,Anti-social behaviour,2026-02,16.744
E02000157,Burglary,2026-02,16.7458
E02000157,Criminal damage and arson,2026-02,16.7754
E02000157,Disruptive crimes,2026-02,16.9438
E02000157,Property theft,2026-02,18.0412
E02000157,Vehicle crime,2026-02,18.095200000000002
E02000157,Violence,2026-02,21.3351
E02000158,Anti-social behaviour,2025-12,5.5108999999999995
E02000158,Burglary,2025-12,5.6178
E02000158,Criminal damage and arson,2025-12,8.2432
E02000158,Disruptive crimes,2025-12,9.511099999999999
E02000158,Property theft,2025-12,10.881699999999999
E02000158,Vehicle crime,2025-12,12.9104
E02000158,Violence,2025-12,26.2216
E02000158,Anti-social behaviour,2026-01,32.553
E02000158,Burglary,2026-01,32.6652
E02000158,Criminal damage and arson,2026-01,35.250800000000005
E02000158,Disruptive crimes,2026-01,36.6002
E02000158,Property theft,2026-01,37.8915
E02000158,Vehicle crime,2026-01,39.993500000000004
E02000158,Violence,2026-01,53.3705
E02000158,Anti-social behaviour,2026-02,59.225699999999996
E02000158,Burglary,2026-02,59.365899999999996
E02000158,Criminal damage and arson,2026-02,61.8223
E02000158,Disruptive crimes,2026-02,63.0927
E02000158,Property theft,2026-02,64.3426
E02000158,Vehicle crime,2026-02,66.3426
E02000158,Violence,2026-02,79.0133
E02000159,Anti-social behaviour,2025-12,2.7348999999999997
E02000159,Burglary,2025-12,2.9399
E02000159,Criminal damage and arson,2025-12,3.5533
E02000159,Disruptive crimes,2025-12,5.812600000000001
E02000159,Property theft,2025-12,10.366600000000002
E02000159,Vehicle crime,2025-12,12.681000000000003
E02000159,Violence,2025-12,25.745
E02000159,Anti-social behaviour,2026-01,28.9254
E02000159,Burglary,2026-01,29.1428
E02000159,Criminal damage and arson,2026-01,29.8963
E02000159,Disruptive crimes,2026-01,32.3368
E02000159,Property theft,2026-01,36.9259
E02000159,Vehicle crime,2026-01,39.221000000000004
E02000159,Violence,2026-01,52.5805
E02000159,Anti-social behaviour,2026-02,55.7309
E02000159,Burglary,2026-02,55.9932
E02000159,Criminal damage and arson,2026-02,56.7718
E02000159,Disruptive crimes,2026-02,59.0529
E02000159,Property theft,2026-02,63.4447
E02000159,Vehicle crime,2026-02,65.6182
E02000159,Violence,2026-02,78.05149999999999
E02000160,Anti-social behaviour,2025-12,3.1487999999999996
E02000160,Burglary,2025-12,3.2288
E02000160,Criminal damage and arson,2025-12,4.7336
E02000160,Disruptive crimes,2025-12,5.779000000000001
E02000160,Property theft,2025-12,9.258400000000002
E02000160,Vehicle crime,2025-12,13.317000000000002
E02000160,Violence,2025-12,21.6575
E02000160,Anti-social behaviour,2026-01,25.5285
E02000160,Burglary,2026-01,25.609999999999996
E02000160,Criminal damage and arson,2026-01,27.126099999999997
E02000160,Disruptive crimes,2026-01,28.180799999999998
E02000160,Property theft,2026-01,31.611199999999997
E02000160,Vehicle crime,2026-01,35.6295
E02000160,Violence,2026-01,44.049400000000006
E02000160,Anti-social behaviour,2026-02,48.051500000000004
E02000160,Burglary,2026-02,48.15190000000001
E02000160,Criminal damage and arson,2026-02,49.61480000000002
E02000160,Disruptive crimes,2026-02,50.64150000000002
E02000160,Property theft,2026-02,53.862500000000026
E02000160,Vehicle crime,2026-02,57.71330000000002
E02000160,Violence,2026-02,65.63950000000003
E02000161,Anti-social behaviour,2025-12,1.4394
E02000161,Burglary,2025-12,1.4408999999999998
E02000161,Criminal damage and arson,2025-12,1.4422999999999997
E02000161,Disruptive crimes,2025-12,1.5067999999999995
E02000161,Property theft,2025-12,1.8957999999999995
E02000161,Vehicle crime,2025-12,1.9429999999999996
E02000161,Violence,2025-12,6.182199999999999
E02000161,Anti-social behaviour,2026-01,8.002999999999998
E02000161,Burglary,2026-01,8.004699999999996
E02000161,Criminal damage and arson,2026-01,8.006599999999997
E02000161,Disruptive crimes,2026-01,8.075699999999996
E02000161,Property theft,2026-01,8.337799999999996
E02000161,Vehicle crime,2026-01,8.397299999999996
E02000161,Violence,2026-01,12.777999999999997
E02000161,Anti-social behaviour,2026-02,14.671899999999997
E02000161,Burglary,2026-02,14.673699999999997
E02000161,Criminal damage and arson,2026-02,14.675799999999997
E02000161,Disruptive crimes,2026-02,14.761599999999996
E02000161,Property theft,2026-02,14.949399999999995
E02000161,Vehicle crime,2026-02,15.012899999999993
E02000161,Violence,2026-02,19.077799999999993
E02000162,Anti-social behaviour,2025-12,3.4824
E02000162,Burglary,2025-12,3.4844000000000004
E02000162,Criminal damage and arson,2025-12,5.822700000000001
E02000162,Disruptive crimes,2025-12,9.9191
E02000162,Property theft,2025-12,13.2995
E02000162,Vehicle crime,2025-12,15.6964
E02000162,Violence,2025-12,31.3715
E02000162,Anti-social behaviour,2026-01,35.337300000000006
E02000162,Burglary,2026-01,35.33950000000001
E02000162,Criminal damage and arson,2026-01,37.806400000000004
E02000162,Disruptive crimes,2026-01,42.0253
E02000162,Property theft,2026-01,45.446600000000004
E02000162,Vehicle crime,2026-01,47.866
E02000162,Violence,2026-01,63.75129999999999
E02000162,Anti-social behaviour,2026-02,67.48529999999998
E02000162,Burglary,2026-02,67.48769999999999
E02000162,Criminal damage and arson,2026-02,69.8089
E02000162,Disruptive crimes,2026-02,73.77239999999999
E02000162,Property theft,2026-02,77.07879999999999
E02000162,Vehicle crime,2026-02,79.458
E02000162,Violence,2026-02,94.60059999999999
E02000163,Anti-social behaviour,2025-12,1.4148999999999998
E02000163,Burglary,2025-12,2.1618999999999997
E02000163,Criminal damage and arson,2025-12,2.2646
E02000163,Disruptive crimes,2025-12,2.4102000000000006
E02000163,Property theft,2025-12,4.7189000000000005
E02000163,Vehicle crime,2025-12,7.069999999999999
E02000163,Violence,2025-12,11.7839
E02000163,Anti-social behaviour,2026-01,13.4953
E02000163,Burglary,2026-01,14.227599999999999
E02000163,Criminal damage and arson,2026-01,14.3603
E02000163,Disruptive crimes,2026-01,14.5439
E02000163,Property theft,2026-01,16.7069
E02000163,Vehicle crime,2026-01,18.994500000000002
E02000163,Violence,2026-01,23.807500000000005
E02000163,Anti-social behaviour,2026-02,25.59580000000001
E02000163,Burglary,2026-02,26.33840000000001
E02000163,Criminal damage and arson,2026-02,26.481700000000007
E02000163,Disruptive crimes,2026-02,26.687600000000007
E02000163,Property theft,2026-02,28.724000000000007
E02000163,Vehicle crime,2026-02,30.923900000000007
E02000163,Violence,2026-02,35.3918
E02000165,Anti-social behaviour,2025-12,3.9418999999999995
E02000165,Burglary,2025-12,3.9421999999999997
E02000165,Criminal damage and arson,2025-12,4.2809
E02000165,Disruptive crimes,2025-12,4.3205
E02000165,Property theft,2025-12,5.0954999999999995
E02000165,Vehicle crime,2025-12,7.392799999999999
E02000165,Violence,2025-12,16.0589
E02000165,Anti-social behaviour,2026-01,20.3674
E02000165,Burglary,2026-01,20.3678
E02000165,Criminal damage and arson,2026-01,20.7683
E02000165,Disruptive crimes,2026-01,20.8236
E02000165,Property theft,2026-01,21.5072
E02000165,Vehicle crime,2026-01,23.873900000000003
E02000165,Violence,2026-01,32.749900000000004
E02000165,Anti-social behaviour,2026-02,36.795500000000004
E02000165,Burglary,2026-02,36.7959
E02000165,Criminal damage and arson,2026-02,37.1856
E02000165,Disruptive crimes,2026-02,37.2355
E02000165,Property theft,2026-02,37.8342
E02000165,Vehicle crime,2026-02,40.1014
E02000165,Violence,2026-02,48.453300000000006
E02000166,Anti-social behaviour,2025-12,6.6527
E02000166,Burglary,2025-12,9.4591
E02000166,Criminal damage and arson,2025-12,11.2288
E02000166,Disruptive crimes,2025-12,15.098099999999999
E02000166,Property theft,2025-12,24.282
E02000166,Vehicle crime,2025-12,31.400500000000005
E02000166,Violence,2025-12,44.13200000000001
E02000166,Anti-social behaviour,2026-01,51.77250000000001
E02000166,Burglary,2026-01,54.505900000000004
E02000166,Criminal damage and arson,2026-01,56.3041
E02000166,Disruptive crimes,2026-01,60.261799999999994
E02000166,Property theft,2026-01,69.5482
E02000166,Vehicle crime,2026-01,76.58209999999998
E02000166,Violence,2026-01,89.47599999999997
E02000166,Anti-social behaviour,2026-02,96.16719999999998
E02000166,Burglary,2026-02,98.83639999999998
E02000166,Criminal damage and arson,2026-02,100.58619999999999
E02000166,Disruptive crimes,2026-02,104.28259999999999
E02000166,Property theft,2026-02,113.12059999999997
E02000166,Vehicle crime,2026-02,119.82009999999995
E02000166,Violence,2026-02,131.81599999999995
E02000167,Anti-social behaviour,2025-12,4.739699999999999
E02000167,Burglary,2025-12,7.405199999999999
E02000167,Criminal damage and arson,2025-12,8.200299999999999
E02000167,Disruptive crimes,2025-12,10.536199999999997
E02000167,Property theft,2025-12,29.860199999999995
E02000167,Vehicle crime,2025-12,38.559
E02000167,Violence,2025-12,48.9108
E02000167,Anti-social behaviour,2026-01,54.6185
E02000167,Burglary,2026-01,57.3358
E02000167,Criminal damage and arson,2026-01,58.1981
E02000167,Disruptive crimes,2026-01,60.6549
E02000167,Property theft,2026-01,80.2205
E02000167,Vehicle crime,2026-01,88.8578
E02000167,Violence,2026-01,99.31179999999999
E02000167,Anti-social behaviour,2026-02,104.70549999999999
E02000167,Burglary,2026-02,107.46329999999999
E02000167,Criminal damage and arson,2026-02,108.307
E02000167,Disruptive crimes,2026-02,110.5972
E02000167,Property theft,2026-02,128.79659999999998
E02000167,Vehicle crime,2026-02,136.9687
E02000167,Violence,2026-02,146.79800000000003
E02000168,Anti-social behaviour,2025-12,14.215000000000002
E02000168,Burglary,2025-12,16.930600000000002
E02000168,Criminal damage and arson,2025-12,18.794700000000002
E02000168,Disruptive crimes,2025-12,24.537200000000002
E02000168,Property theft,2025-12,43.3442
E02000168,Vehicle crime,2025-12,49.589099999999995
E02000168,Violence,2025-12,68.3931
E02000168,Anti-social behaviour,2026-01,83.52350000000001
E02000168,Burglary,2026-01,86.24700000000001
E02000168,Criminal damage and arson,2026-01,88.1029
E02000168,Disruptive crimes,2026-01,93.8495
E02000168,Property theft,2026-01,112.6331
E02000168,Vehicle crime,2026-01,118.7497
E02000168,Violence,2026-01,137.42630000000003
E02000168,Anti-social behaviour,2026-02,151.63770000000005
E02000168,Burglary,2026-02,154.42130000000006
E02000168,Criminal damage and arson,2026-02,156.2111000000001
E02000168,Disruptive crimes,2026-02,161.5996000000001
E02000168,Property theft,2026-02,178.1537000000001
E02000168,Vehicle crime,2026-02,184.0007000000001
E02000168,Violence,2026-02,201.65370000000013
E02000169,Anti-social behaviour,2025-12,2.3506
E02000169,Burglary,2025-12,5.6043
E02000169,Criminal damage and arson,2025-12,5.6053
E02000169,Disruptive crimes,2025-12,5.6076999999999995
E02000169,Property theft,2025-12,7.911199999999999
E02000169,Vehicle crime,2025-12,13.496599999999997
E02000169,Violence,2025-12,17.924599999999998
E02000169,Anti-social behaviour,2026-01,20.570099999999996
E02000169,Burglary,2026-01,23.798599999999997
E02000169,Criminal damage and arson,2026-01,23.799899999999994
E02000169,Disruptive crimes,2026-01,23.803299999999993
E02000169,Property theft,2026-01,26.15959999999999
E02000169,Vehicle crime,2026-01,31.55979999999999
E02000169,Violence,2026-01,36.09109999999999
E02000169,Anti-social behaviour,2026-02,38.51469999999999
E02000169,Burglary,2026-02,41.66429999999999
E02000169,Criminal damage and arson,2026-02,41.6659
E02000169,Disruptive crimes,2026-02,41.66960000000001
E02000169,Property theft,2026-02,43.84470000000002
E02000169,Vehicle crime,2026-02,49.05910000000002
E02000169,Violence,2026-02,53.37110000000003
E02000170,Anti-social behaviour,2025-12,10.584700000000002
E02000170,Burglary,2025-12,13.910400000000001
E02000170,Criminal damage and arson,2025-12,14.898900000000003
E02000170,Disruptive crimes,2025-12,17.685200000000002
E02000170,Property theft,2025-12,25.046600000000005
E02000170,Vehicle crime,2025-12,30.734100000000005
E02000170,Violence,2025-12,42.7882
E02000170,Anti-social behaviour,2026-01,54.498200000000004
E02000170,Burglary,2026-01,57.8562
E02000170,Criminal damage and arson,2026-01,58.8407
E02000170,Disruptive crimes,2026-01,61.82789999999999
E02000170,Property theft,2026-01,69.1891
E02000170,Vehicle crime,2026-01,74.7422
E02000170,Violence,2026-01,86.86609999999999
E02000170,Anti-social behaviour,2026-02,97.47579999999999
E02000170,Burglary,2026-02,100.81880000000001
E02000170,Criminal damage and arson,2026-02,101.75500000000001
E02000170,Disruptive crimes,2026-02,104.51760000000002
E02000170,Property theft,2026-02,111.3707
E02000170,Vehicle crime,2026-02,116.56439999999999
E02000170,Violence,2026-02,128.00300000000001
E02000171,Anti-social behaviour,2025-12,7.8381
E02000171,Burglary,2025-12,10.3508
E02000171,Criminal damage and arson,2025-12,10.5366
E02000171,Disruptive crimes,2025-12,14.206700000000001
E02000171,Property theft,2025-12,25.5521
E02000171,Vehicle crime,2025-12,31.3378
E02000171,Violence,2025-12,45.7606
E02000171,Anti-social behaviour,2026-01,54.678999999999995
E02000171,Burglary,2026-01,57.278800000000004
E02000171,Criminal damage and arson,2026-01,57.4978
E02000171,Disruptive crimes,2026-01,61.298899999999996
E02000171,Property theft,2026-01,72.6884
E02000171,Vehicle crime,2026-01,78.3985
E02000171,Violence,2026-01,92.9319
E02000171,Anti-social behaviour,2026-02,101.0691
E02000171,Burglary,2026-02,103.73010000000001
E02000171,Criminal damage and arson,2026-02,103.95240000000001
E02000171,Disruptive crimes,2026-02,107.4598
E02000171,Property theft,2026-02,118.17609999999999
E02000171,Vehicle crime,2026-02,123.61749999999999
E02000171,Violence,2026-02,137.44959999999998
E02000172,Anti-social behaviour,2025-12,12.3425
E02000172,Burglary,2025-12,16.011899999999997
E02000172,Criminal damage and arson,2025-12,18.991399999999995
E02000172,Disruptive crimes,2025-12,27.813199999999995
E02000172,Property theft,2025-12,45.156
E02000172,Vehicle crime,2025-12,48.3814
E02000172,Violence,2025-12,78.9669
E02000172,Anti-social behaviour,2026-01,92.9426
E02000172,Burglary,2026-01,96.61310000000002
E02000172,Criminal damage and arson,2026-01,99.5901
E02000172,Disruptive crimes,2026-01,108.41900000000001
E02000172,Property theft,2026-01,125.78270000000002
E02000172,Vehicle crime,2026-01,129.02980000000002
E02000172,Violence,2026-01,159.931
E02000172,Anti-social behaviour,2026-02,171.82700000000003
E02000172,Burglary,2026-02,175.4564
E02000172,Criminal damage and arson,2026-02,178.37480000000002
E02000172,Disruptive crimes,2026-02,186.6578
E02000172,Property theft,2026-02,202.58759999999998
E02000172,Vehicle crime,2026-02,205.68949999999995
E02000172,Violence,2026-02,235.09169999999995
E02000173,Anti-social behaviour,2025-12,8.9923
E02000173,Burglary,2025-12,13.7937
E02000173,Criminal damage and arson,2025-12,15.620999999999999
E02000173,Disruptive crimes,2025-12,22.564899999999994
E02000173,Property theft,2025-12,58.347899999999996
E02000173,Vehicle crime,2025-12,65.8989
E02000173,Violence,2025-12,86.7711
E02000173,Anti-social behaviour,2026-01,96.8468
E02000173,Burglary,2026-01,101.54870000000001
E02000173,Criminal damage and arson,2026-01,103.44950000000001
E02000173,Disruptive crimes,2026-01,110.57800000000002
E02000173,Property theft,2026-01,146.16910000000004
E02000173,Vehicle crime,2026-01,153.58660000000006
E02000173,Violence,2026-01,174.79420000000007
E02000173,Anti-social behaviour,2026-02,183.73650000000012
E02000173,Burglary,2026-02,188.25560000000013
E02000173,Criminal damage and arson,2026-02,190.03350000000012
E02000173,Disruptive crimes,2026-02,196.69230000000013
E02000173,Property theft,2026-02,229.67810000000011
E02000173,Vehicle crime,2026-02,236.72990000000013
E02000173,Violence,2026-02,256.92720000000014
E02000174,Anti-social behaviour,2025-12,6.2494
E02000174,Burglary,2025-12,7.775999999999999
E02000174,Criminal damage and arson,2025-12,9.232699999999998
E02000174,Disruptive crimes,2025-12,15.633499999999996
E02000174,Property theft,2025-12,23.157099999999996
E02000174,Vehicle crime,2025-12,27.249699999999997
E02000174,Violence,2025-12,40.0161
E02000174,Anti-social behaviour,2026-01,46.911899999999996
E02000174,Burglary,2026-01,48.47239999999999
E02000174,Criminal damage and arson,2026-01,49.93619999999999
E02000174,Disruptive crimes,2026-01,56.456599999999995
E02000174,Property theft,2026-01,63.79939999999999
E02000174,Vehicle crime,2026-01,67.81849999999999
E02000174,Violence,2026-01,80.69109999999998
E02000174,Anti-social behaviour,2026-02,86.5478
E02000174,Burglary,2026-02,88.08919999999999
E02000174,Criminal damage and arson,2026-02,89.5103
E02000174,Disruptive crimes,2026-02,95.4564
E02000174,Property theft,2026-02,102.3645
E02000174,Vehicle crime,2026-02,106.19190000000002
E02000174,Violence,2026-02,118.26680000000002
E02000175,Anti-social behaviour,2025-12,26.5226
E02000175,Burglary,2025-12,31.6857
E02000175,Criminal damage and arson,2025-12,33.6808
E02000175,Disruptive crimes,2025-12,39.57880000000001
E02000175,Property theft,2025-12,78.60370000000002
E02000175,Vehicle crime,2025-12,84.45730000000002
E02000175,Violence,2025-12,105.24710000000002
E02000175,Anti-social behaviour,2026-01,132.33890000000002
E02000175,Burglary,2026-01,137.46290000000002
E02000175,Criminal damage and arson,2026-01,139.42740000000003
E02000175,Disruptive crimes,2026-01,145.43100000000004
E02000175,Property theft,2026-01,183.86100000000005
E02000175,Vehicle crime,2026-01,189.55210000000005
E02000175,Violence,2026-01,210.46570000000003
E02000175,Anti-social behaviour,2026-02,235.90480000000005
E02000175,Burglary,2026-02,240.76480000000004
E02000175,Criminal damage and arson,2026-02,242.67540000000005
E02000175,Disruptive crimes,2026-02,248.23400000000007
E02000175,Property theft,2026-02,283.25590000000005
E02000175,Vehicle crime,2026-02,288.7037000000001
E02000175,Violence,2026-02,308.4171000000001
E02000176,Anti-social behaviour,2025-12,5.4719999999999995
E02000176,Burglary,2025-12,6.7736
E02000176,Criminal damage and arson,2025-12,6.7849
E02000176,Disruptive crimes,2025-12,7.6246
E02000176,Property theft,2025-12,12.8763
E02000176,Vehicle crime,2025-12,17.8673
E02000176,Violence,2025-12,22.9105
E02000176,Anti-social behaviour,2026-01,28.8663
E02000176,Burglary,2026-01,30.2201
E02000176,Criminal damage and arson,2026-01,30.2348
E02000176,Disruptive crimes,2026-01,31.096899999999998
E02000176,Property theft,2026-01,36.1697
E02000176,Vehicle crime,2026-01,41.048300000000005
E02000176,Violence,2026-01,46.0855
E02000176,Anti-social behaviour,2026-02,51.723000000000006
E02000176,Burglary,2026-02,53.16140000000001
E02000176,Criminal damage and arson,2026-02,53.178200000000004
E02000176,Disruptive crimes,2026-02,53.965500000000006
E02000176,Property theft,2026-02,58.712300000000006
E02000176,Vehicle crime,2026-02,63.34060000000001
E02000176,Violence,2026-02,68.09810000000002
E02000177,Anti-social behaviour,2025-12,16.0751
E02000177,Burglary,2025-12,19.637199999999996
E02000177,Criminal damage and arson,2025-12,22.449999999999996
E02000177,Disruptive crimes,2025-12,29.242399999999996
E02000177,Property theft,2025-12,46.55769999999999
E02000177,Vehicle crime,2025-12,50.88449999999999
E02000177,Violence,2025-12,75.10269999999998
E02000177,Anti-social behaviour,2026-01,92.9888
E02000177,Burglary,2026-01,96.53819999999999
E02000177,Criminal damage and arson,2026-01,99.38489999999999
E02000177,Disruptive crimes,2026-01,106.18839999999999
E02000177,Property theft,2026-01,123.34939999999997
E02000177,Vehicle crime,2026-01,127.61119999999997
E02000177,Violence,2026-01,152.03959999999998
E02000177,Anti-social behaviour,2026-02,168.25409999999997
E02000177,Burglary,2026-02,171.7582
E02000177,Criminal damage and arson,2026-02,174.48609999999996
E02000177,Disruptive crimes,2026-02,180.81229999999996
E02000177,Property theft,2026-02,195.79259999999996
E02000177,Vehicle crime,2026-02,199.84079999999997
E02000177,Violence,2026-02,223.00909999999996
E02000178,Anti-social behaviour,2025-12,15.56
E02000178,Burglary,2025-12,17.6406
E02000178,Criminal damage and arson,2025-12,19.178899999999995
E02000178,Disruptive crimes,2025-12,25.073699999999995
E02000178,Property theft,2025-12,37.6125
E02000178,Vehicle crime,2025-12,42.2385
E02000178,Violence,2025-12,60.0493
E02000178,Anti-social behaviour,2026-01,77.08399999999999
E02000178,Burglary,2026-01,79.1438
E02000178,Criminal damage and arson,2026-01,80.73950000000002
E02000178,Disruptive crimes,2026-01,86.83390000000001
E02000178,Property theft,2026-01,99.03650000000002
E02000178,Vehicle crime,2026-01,103.62500000000001
E02000178,Violence,2026-01,121.52130000000002
E02000178,Anti-social behaviour,2026-02,136.62390000000002
E02000178,Burglary,2026-02,138.6485
E02000178,Criminal damage and arson,2026-02,140.1252
E02000178,Disruptive crimes,2026-02,145.8161
E02000178,Property theft,2026-02,155.73029999999997
E02000178,Vehicle crime,2026-02,160.11299999999994
E02000178,Violence,2026-02,177.04369999999992
E02000179,Anti-social behaviour,2025-12,8.0225
E02000179,Burglary,2025-12,9.312600000000002
E02000179,Criminal damage and arson,2025-12,9.427900000000001
E02000179,Disruptive crimes,2025-12,12.5396
E02000179,Property theft,2025-12,25.849999999999998
E02000179,Vehicle crime,2025-12,30.3953
E02000179,Violence,2025-12,39.808499999999995
E02000179,Anti-social behaviour,2026-01,48.64919999999999
E02000179,Burglary,2026-01,49.984899999999996
E02000179,Criminal damage and arson,2026-01,50.094699999999996
E02000179,Disruptive crimes,2026-01,53.31149999999999
E02000179,Property theft,2026-01,66.86529999999999
E02000179,Vehicle crime,2026-01,71.32109999999999
E02000179,Violence,2026-01,80.72339999999998
E02000179,Anti-social behaviour,2026-02,88.91909999999997
E02000179,Burglary,2026-02,90.29119999999998
E02000179,Criminal damage and arson,2026-02,90.40329999999999
E02000179,Disruptive crimes,2026-02,93.34539999999998
E02000179,Property theft,2026-02,105.74739999999997
E02000179,Vehicle crime,2026-02,110.00519999999997
E02000179,Violence,2026-02,118.89479999999998
E02000180,Anti-social behaviour,2025-12,17.7862
E02000180,Burglary,2025-12,20.654
E02000180,Criminal damage and arson,2025-12,24.0776
E02000180,Disruptive crimes,2025-12,29.9697
E02000180,Property theft,2025-12,41.1587
E02000180,Vehicle crime,2025-12,46.24860000000001
E02000180,Violence,2025-12,64.52780000000001
E02000180,Anti-social behaviour,2026-01,84.18180000000001
E02000180,Burglary,2026-01,87.015
E02000180,Criminal damage and arson,2026-01,90.48370000000001
E02000180,Disruptive crimes,2026-01,96.39990000000002
E02000180,Property theft,2026-01,107.74570000000003
E02000180,Vehicle crime,2026-01,112.94570000000003
E02000180,Violence,2026-01,131.46960000000004
E02000180,Anti-social behaviour,2026-02,149.13010000000003
E02000180,Burglary,2026-02,151.91600000000003
E02000180,Criminal damage and arson,2026-02,155.15110000000004
E02000180,Disruptive crimes,2026-02,160.62810000000005
E02000180,Property theft,2026-02,170.36240000000004
E02000180,Vehicle crime,2026-02,175.29490000000004
E02000180,Violence,2026-02,192.91260000000003
E02000181,Anti-social behaviour,2025-12,5.4668
E02000181,Burglary,2025-12,9.1495
E02000181,Criminal damage and arson,2025-12,9.645
E02000181,Disruptive crimes,2025-12,10.5755
E02000181,Property theft,2025-12,16.008399999999998
E02000181,Vehicle crime,2025-12,22.3267
E02000181,Violence,2025-12,30.8517
E02000181,Anti-social behaviour,2026-01,36.779300000000006
E02000181,Burglary,2026-01,40.422700000000006
E02000181,Criminal damage and arson,2026-01,40.97010000000001
E02000181,Disruptive crimes,2026-01,42.046200000000006
E02000181,Property theft,2026-01,47.52590000000001
E02000181,Vehicle crime,2026-01,53.72580000000001
E02000181,Violence,2026-01,62.19720000000001
E02000181,Anti-social behaviour,2026-02,67.5121
E02000181,Burglary,2026-02,71.1069
E02000181,Criminal damage and arson,2026-02,71.64509999999999
E02000181,Disruptive crimes,2026-02,72.65139999999998
E02000181,Property theft,2026-02,77.84479999999998
E02000181,Vehicle crime,2026-02,83.70039999999997
E02000181,Violence,2026-02,91.67399999999996
E02000182,Anti-social behaviour,2025-12,12.1305
E02000182,Burglary,2025-12,14.7393
E02000182,Criminal damage and arson,2025-12,15.777599999999998
E02000182,Disruptive crimes,2025-12,20.7044
E02000182,Property theft,2025-12,51.8901
E02000182,Vehicle crime,2025-12,55.9653
E02000182,Violence,2025-12,74.19489999999998
E02000182,Anti-social behaviour,2026-01,87.38559999999997
E02000182,Burglary,2026-01,89.98209999999997
E02000182,Criminal damage and arson,2026-01,91.01759999999997
E02000182,Disruptive crimes,2026-01,96.05699999999997
E02000182,Property theft,2026-01,127.65859999999996
E02000182,Vehicle crime,2026-01,131.68449999999996
E02000182,Violence,2026-01,150.16309999999996
E02000182,Anti-social behaviour,2026-02,162.1743
E02000182,Burglary,2026-02,164.7241
E02000182,Criminal damage and arson,2026-02,165.7045
E02000182,Disruptive crimes,2026-02,170.43060000000003
E02000182,Property theft,2026-02,199.58800000000005
E02000182,Vehicle crime,2026-02,203.44290000000007
E02000182,Violence,2026-02,220.88310000000004
E02000183,Anti-social behaviour,2025-12,15.7
E02000183,Burglary,2025-12,18.7228
E02000183,Criminal damage and arson,2025-12,20.3842
E02000183,Disruptive crimes,2025-12,29.4236
E02000183,Property theft,2025-12,57.398599999999995
E02000183,Vehicle crime,2025-12,64.3671
E02000183,Violence,2025-12,90.1469
E02000183,Anti-social behaviour,2026-01,107.56800000000001
E02000183,Burglary,2026-01,110.42720000000001
E02000183,Criminal damage and arson,2026-01,112.05850000000004
E02000183,Disruptive crimes,2026-01,120.93680000000005
E02000183,Property theft,2026-01,149.35890000000003
E02000183,Vehicle crime,2026-01,156.15580000000003
E02000183,Violence,2026-01,182.11340000000004
E02000183,Anti-social behaviour,2026-02,197.37000000000006
E02000183,Burglary,2026-02,200.1459000000001
E02000183,Criminal damage and arson,2026-02,201.71950000000012
E02000183,Disruptive crimes,2026-02,209.16820000000013
E02000183,Property theft,2026-02,231.06780000000012
E02000183,Vehicle crime,2026-02,237.54520000000014
E02000183,Violence,2026-02,262.2624000000001
E02000184,Anti-social behaviour,2025-12,16.1853
E02000184,Burglary,2025-12,20.759400000000003
E02000184,Criminal damage and arson,2025-12,24.707900000000002
E02000184,Disruptive crimes,2025-12,37.755
E02000184,Property theft,2025-12,73.1105
E02000184,Vehicle crime,2025-12,77.5825
E02000184,Violence,2025-12,109.014
E02000184,Anti-social behaviour,2026-01,126.67389999999997
E02000184,Burglary,2026-01,131.1952
E02000184,Criminal damage and arson,2026-01,135.08720000000002
E02000184,Disruptive crimes,2026-01,148.20770000000005
E02000184,Property theft,2026-01,183.06770000000003
E02000184,Vehicle crime,2026-01,187.50720000000004
E02000184,Violence,2026-01,219.13460000000006
E02000184,Anti-social behaviour,2026-02,234.53740000000008
E02000184,Burglary,2026-02,238.87550000000005
E02000184,Criminal damage and arson,2026-02,242.56680000000003
E02000184,Disruptive crimes,2026-02,254.37560000000002
E02000184,Property theft,2026-02,286.06
E02000184,Vehicle crime,2026-02,290.2677
E02000184,Violence,2026-02,319.7779
E02000185,Anti-social behaviour,2025-12,19.0703
E02000185,Burglary,2025-12,23.329400000000003
E02000185,Criminal damage and arson,2025-12,26.431400000000004
E02000185,Disruptive crimes,2025-12,34.0763
E02000185,Property theft,2025-12,56.367200000000004
E02000185,Vehicle crime,2025-12,62.6987
E02000185,Violence,2025-12,85.9162
E02000185,Anti-social behaviour,2026-01,107.0767
E02000185,Burglary,2026-01,111.3022
E02000185,Criminal damage and arson,2026-01,114.42349999999999
E02000185,Disruptive crimes,2026-01,122.08849999999998
E02000185,Property theft,2026-01,144.73229999999998
E02000185,Vehicle crime,2026-01,150.9817
E02000185,Violence,2026-01,174.48329999999999
E02000185,Anti-social behaviour,2026-02,193.68359999999998
E02000185,Burglary,2026-02,197.71110000000002
E02000185,Criminal damage and arson,2026-02,200.6851
E02000185,Disruptive crimes,2026-02,207.83280000000002
E02000185,Property theft,2026-02,228.15900000000002
E02000185,Vehicle crime,2026-02,234.04430000000002
E02000185,Violence,2026-02,256.4066
E02000186,Anti-social behaviour,2025-12,42.2046
E02000186,Burglary,2025-12,48.1958
E02000186,Criminal damage and arson,2025-12,54.5171
E02000186,Disruptive crimes,2025-12,97.22
E02000186,Property theft,2025-12,225.9485
E02000186,Vehicle crime,2025-12,231.4653
E02000186,Violence,2025-12,312.14270000000005
E02000186,Anti-social behaviour,2026-01,356.7576000000001
E02000186,Burglary,2026-01,362.60550000000006
E02000186,Criminal damage and arson,2026-01,368.88720000000006
E02000186,Disruptive crimes,2026-01,411.24580000000003
E02000186,Property theft,2026-01,537.9505
E02000186,Vehicle crime,2026-01,543.3438
E02000186,Violence,2026-01,623.1624
E02000186,Anti-social behaviour,2026-02,665.2027
E02000186,Burglary,2026-02,670.7033
E02000186,Criminal damage and arson,2026-02,676.4552
E02000186,Disruptive crimes,2026-02,715.4601999999999
E02000186,Property theft,2026-02,827.6069
E02000186,Vehicle crime,2026-02,832.7018
E02000186,Violence,2026-02,907.9581000000001
E02000187,Anti-social behaviour,2025-12,29.509500000000003
E02000187,Burglary,2025-12,33.3844
E02000187,Criminal damage and arson,2025-12,37.843599999999995
E02000187,Disruptive crimes,2025-12,48.539899999999996
E02000187,Property theft,2025-12,143.1052
E02000187,Vehicle crime,2025-12,149.34139999999996
E02000187,Violence,2025-12,190.15889999999996
E02000187,Anti-social behaviour,2026-01,222.36739999999995
E02000187,Burglary,2026-01,226.21339999999992
E02000187,Criminal damage and arson,2026-01,230.61489999999992
E02000187,Disruptive crimes,2026-01,241.90269999999995
E02000187,Property theft,2026-01,336.57599999999996
E02000187,Vehicle crime,2026-01,342.8940999999999
E02000187,Violence,2026-01,384.0694999999999
E02000187,Anti-social behaviour,2026-02,413.76049999999987
E02000187,Burglary,2026-02,417.44259999999986
E02000187,Criminal damage and arson,2026-02,421.65479999999985
E02000187,Disruptive crimes,2026-02,432.7668999999998
E02000187,Property theft,2026-02,518.5389999999999
E02000187,Vehicle crime,2026-02,524.5275999999998
E02000187,Violence,2026-02,563.6662999999996
E02000188,Anti-social behaviour,2025-12,16.945
E02000188,Burglary,2025-12,18.5721
E02000188,Criminal damage and arson,2025-12,20.0474
E02000188,Disruptive crimes,2025-12,25.6424
E02000188,Property theft,2025-12,50.92099999999999
E02000188,Vehicle crime,2025-12,53.39699999999999
E02000188,Violence,2025-12,71.81049999999999
E02000188,Anti-social behaviour,2026-01,89.1746
E02000188,Burglary,2026-01,90.7608
E02000188,Criminal damage and arson,2026-01,92.1583
E02000188,Disruptive crimes,2026-01,97.5646
E02000188,Property theft,2026-01,121.85979999999999
E02000188,Vehicle crime,2026-01,124.2923
E02000188,Violence,2026-01,142.6345
E02000188,Anti-social behaviour,2026-02,158.6583
E02000188,Burglary,2026-02,160.0995
E02000188,Criminal damage and arson,2026-02,161.3617
E02000188,Disruptive crimes,2026-02,165.3897
E02000188,Property theft,2026-02,186.1424
E02000188,Vehicle crime,2026-02,188.43189999999998
E02000188,Violence,2026-02,205.1491
E02000191,Anti-social behaviour,2025-12,47.064499999999995
E02000191,Burglary,2025-12,57.354899999999994
E02000191,Criminal damage and arson,2025-12,64.0063
E02000191,Disruptive crimes,2025-12,86.2869
E02000191,Property theft,2025-12,313.4689
E02000191,Vehicle crime,2025-12,317.58070000000004
E02000191,Violence,2025-12,376.86410000000006
E02000191,Anti-social behaviour,2026-01,424.5215000000001
E02000191,Burglary,2026-01,434.7770000000001
E02000191,Criminal damage and arson,2026-01,441.4524000000001
E02000191,Disruptive crimes,2026-01,463.8127000000001
E02000191,Property theft,2026-01,687.6436000000002
E02000191,Vehicle crime,2026-01,691.6952000000002
E02000191,Violence,2026-01,750.8775000000003
E02000191,Anti-social behaviour,2026-02,795.0641000000003
E02000191,Burglary,2026-02,804.2901000000004
E02000191,Criminal damage and arson,2026-02,810.4889000000004
E02000191,Disruptive crimes,2026-02,831.4095000000004
E02000191,Property theft,2026-02,1039.4497000000003
E02000191,Vehicle crime,2026-02,1043.0977000000003
E02000191,Violence,2026-02,1099.3409000000001
E02000192,Anti-social behaviour,2025-12,14.741999999999999
E02000192,Burglary,2025-12,19.245
E02000192,Criminal damage and arson,2025-12,22.4365
E02000192,Disruptive crimes,2025-12,33.007
E02000192,Property theft,2025-12,82.9372
E02000192,Vehicle crime,2025-12,86.12240000000001
E02000192,Violence,2025-12,112.26310000000001
E02000192,Anti-social behaviour,2026-01,128.4604
E02000192,Burglary,2026-01,132.9016
E02000192,Criminal damage and arson,2026-01,136.0717
E02000192,Disruptive crimes,2026-01,146.7462
E02000192,Property theft,2026-01,197.25359999999998
E02000192,Vehicle crime,2026-01,200.42259999999996
E02000192,Violence,2026-01,226.86949999999996
E02000192,Anti-social behaviour,2026-02,241.27709999999996
E02000192,Burglary,2026-02,245.37689999999995
E02000192,Criminal damage and arson,2026-02,248.40599999999995
E02000192,Disruptive crimes,2026-02,258.4078999999999
E02000192,Property theft,2026-02,306.49479999999994
E02000192,Vehicle crime,2026-02,309.4060999999999
E02000192,Violence,2026-02,334.59759999999994
E02000193,Anti-social behaviour,2025-12,83.72120000000001
E02000193,Burglary,2025-12,102.79920000000001
E02000193,Criminal damage and arson,2025-12,113.22500000000001
E02000193,Disruptive crimes,2025-12,142.84890000000001
E02000193,Property theft,2025-12,470.15630000000004
E02000193,Vehicle crime,2025-12,480.2503000000001
E02000193,Violence,2025-12,558.0017000000001
E02000193,Anti-social behaviour,2026-01,643.9030000000001
E02000193,Burglary,2026-01,663.0463000000002
E02000193,Criminal damage and arson,2026-01,673.4202000000002
E02000193,Disruptive crimes,2026-01,703.3956000000003
E02000193,Property theft,2026-01,1027.8066000000003
E02000193,Vehicle crime,2026-01,1038.1665000000003
E02000193,Violence,2026-01,1115.5470000000003
E02000193,Anti-social behaviour,2026-02,1196.4471000000003
E02000193,Burglary,2026-02,1214.1142000000002
E02000193,Criminal damage and arson,2026-02,1223.7738000000002
E02000193,Disruptive crimes,2026-02,1250.8074000000001
E02000193,Property theft,2026-02,1543.4998
E02000193,Vehicle crime,2026-02,1551.9192
E02000193,Violence,2026-02,1624.6961999999999
E02000194,Anti-social behaviour,2025-12,10.8224
E02000194,Burglary,2025-12,12.592
E02000194,Criminal damage and arson,2025-12,14.889700000000003
E02000194,Disruptive crimes,2025-12,21.087799999999998
E02000194,Property theft,2025-12,26.457399999999996
E02000194,Vehicle crime,2025-12,32.5502
E02000194,Violence,2025-12,55.7678
E02000194,Anti-social behaviour,2026-01,67.5914
E02000194,Burglary,2026-01,69.3514
E02000194,Criminal damage and arson,2026-01,71.6243
E02000194,Disruptive crimes,2026-01,77.9429
E02000194,Property theft,2026-01,83.27099999999999
E02000194,Vehicle crime,2026-01,89.28729999999999
E02000194,Violence,2026-01,112.6957
E02000194,Anti-social behaviour,2026-02,123.4638
E02000194,Burglary,2026-02,125.2427
E02000194,Criminal damage and arson,2026-02,127.39679999999998
E02000194,Disruptive crimes,2026-02,133.35529999999997
E02000194,Property theft,2026-02,138.33149999999995
E02000194,Vehicle crime,2026-02,144.11349999999996
E02000194,Violence,2026-02,166.36439999999993
E02000195,Anti-social behaviour,2025-12,3.7564
E02000195,Burglary,2025-12,4.1332
E02000195,Criminal damage and arson,2025-12,5.032100000000001
E02000195,Disruptive crimes,2025-12,7.245300000000001
E02000195,Property theft,2025-12,10.5151
E02000195,Vehicle crime,2025-12,16.3156
E02000195,Violence,2025-12,30.6718
E02000195,Anti-social behaviour,2026-01,35.239599999999996
E02000195,Burglary,2026-01,35.6524
E02000195,Criminal damage and arson,2026-01,36.5568
E02000195,Disruptive crimes,2026-01,38.911699999999996
E02000195,Property theft,2026-01,42.1943
E02000195,Vehicle crime,2026-01,47.8373
E02000195,Violence,2026-01,62.4335
E02000195,Anti-social behaviour,2026-02,66.98119999999999
E02000195,Burglary,2026-02,67.445
E02000195,Criminal damage and arson,2026-02,68.3291
E02000195,Disruptive crimes,2026-02,70.4973
E02000195,Property theft,2026-02,73.57799999999999
E02000195,Vehicle crime,2026-02,78.99519999999998
E02000195,Violence,2026-02,93.01379999999999
E02000196,Anti-social behaviour,2025-12,6.3672
E02000196,Burglary,2025-12,7.4165
E02000196,Criminal damage and arson,2025-12,8.8831
E02000196,Disruptive crimes,2025-12,12.3635
E02000196,Property theft,2025-12,16.9859
E02000196,Vehicle crime,2025-12,21.878099999999996
E02000196,Violence,2025-12,39.376099999999994
E02000196,Anti-social behaviour,2026-01,46.8709
E02000196,Burglary,2026-01,47.8852
E02000196,Criminal damage and arson,2026-01,49.33079999999999
E02000196,Disruptive crimes,2026-01,52.94379999999999
E02000196,Property theft,2026-01,57.58339999999998
E02000196,Vehicle crime,2026-01,62.339199999999984
E02000196,Violence,2026-01,80.00339999999998
E02000196,Anti-social behaviour,2026-02,86.89449999999998
E02000196,Burglary,2026-02,87.90679999999998
E02000196,Criminal damage and arson,2026-02,89.27959999999997
E02000196,Disruptive crimes,2026-02,92.67159999999997
E02000196,Property theft,2026-02,97.00009999999997
E02000196,Vehicle crime,2026-02,101.55989999999997
E02000196,Violence,2026-02,118.34849999999996
E02000197,Anti-social behaviour,2025-12,6.4732
E02000197,Burglary,2025-12,9.0722
E02000197,Criminal damage and arson,2025-12,10.9921
E02000197,Disruptive crimes,2025-12,14.922799999999999
E02000197,Property theft,2025-12,31.2066
E02000197,Vehicle crime,2025-12,36.6099
E02000197,Violence,2025-12,54.2942
E02000197,Anti-social behaviour,2026-01,61.973499999999994
E02000197,Burglary,2026-01,64.631
E02000197,Criminal damage and arson,2026-01,66.5649
E02000197,Disruptive crimes,2026-01,70.42419999999998
E02000197,Property theft,2026-01,87.39369999999998
E02000197,Vehicle crime,2026-01,92.69579999999998
E02000197,Violence,2026-01,110.74629999999996
E02000197,Anti-social behaviour,2026-02,117.76459999999997
E02000197,Burglary,2026-02,120.43889999999999
E02000197,Criminal damage and arson,2026-02,122.27659999999999
E02000197,Disruptive crimes,2026-02,125.95899999999999
E02000197,Property theft,2026-02,139.96069999999997
E02000197,Vehicle crime,2026-02,145.05799999999994
E02000197,Violence,2026-02,162.24199999999993
E02000198,Anti-social behaviour,2025-12,7.840800000000001
E02000198,Burglary,2025-12,8.521
E02000198,Criminal damage and arson,2025-12,11.147000000000002
E02000198,Disruptive crimes,2025-12,16.330900000000003
E02000198,Property theft,2025-12,19.820200000000003
E02000198,Vehicle crime,2025-12,25.540300000000002
E02000198,Violence,2025-12,45.2306
E02000198,Anti-social behaviour,2026-01,54.55570000000001
E02000198,Burglary,2026-01,55.310300000000005
E02000198,Criminal damage and arson,2026-01,57.9608
E02000198,Disruptive crimes,2026-01,63.2316
E02000198,Property theft,2026-01,66.68339999999999
E02000198,Vehicle crime,2026-01,72.31699999999998
E02000198,Violence,2026-01,92.30349999999999
E02000198,Anti-social behaviour,2026-02,100.39389999999999
E02000198,Burglary,2026-02,101.1964
E02000198,Criminal damage and arson,2026-02,103.7702
E02000198,Disruptive crimes,2026-02,108.71770000000001
E02000198,Property theft,2026-02,112.0052
E02000198,Vehicle crime,2026-02,117.38990000000001
E02000198,Violence,2026-02,136.2566
E02000199,Anti-social behaviour,2025-12,2.902
E02000199,Burglary,2025-12,2.9633000000000007
E02000199,Criminal damage and arson,2025-12,4.626500000000001
E02000199,Disruptive crimes,2025-12,7.302100000000001
E02000199,Property theft,2025-12,9.039300000000003
E02000199,Vehicle crime,2025-12,14.073700000000002
E02000199,Violence,2025-12,29.439799999999998
E02000199,Anti-social behaviour,2026-01,32.774300000000004
E02000199,Burglary,2026-01,32.835300000000004
E02000199,Criminal damage and arson,2026-01,34.55660000000001
E02000199,Disruptive crimes,2026-01,37.25690000000001
E02000199,Property theft,2026-01,38.963200000000015
E02000199,Vehicle crime,2026-01,43.972800000000014
E02000199,Violence,2026-01,59.49290000000001
E02000199,Anti-social behaviour,2026-02,62.37550000000001
E02000199,Burglary,2026-02,62.45070000000001
E02000199,Criminal damage and arson,2026-02,64.08630000000002
E02000199,Disruptive crimes,2026-02,66.60060000000001
E02000199,Property theft,2026-02,68.20750000000001
E02000199,Vehicle crime,2026-02,73.02550000000002
E02000199,Violence,2026-02,87.65430000000002
E02000200,Anti-social behaviour,2025-12,5.8309
E02000200,Burglary,2025-12,7.178599999999999
E02000200,Criminal damage and arson,2025-12,10.459700000000002
E02000200,Disruptive crimes,2025-12,16.4706
E02000200,Property theft,2025-12,27.168
E02000200,Vehicle crime,2025-12,33.0524
E02000200,Violence,2025-12,58.506299999999996
E02000200,Anti-social behaviour,2026-01,65.17869999999999
E02000200,Burglary,2026-01,66.5286
E02000200,Criminal damage and arson,2026-01,69.7507
E02000200,Disruptive crimes,2026-01,75.80599999999998
E02000200,Property theft,2026-01,86.45949999999999
E02000200,Vehicle crime,2026-01,92.27409999999999
E02000200,Violence,2026-01,117.96269999999998
E02000200,Anti-social behaviour,2026-02,124.0594
E02000200,Burglary,2026-02,125.44879999999999
E02000200,Criminal damage and arson,2026-02,128.5639
E02000200,Disruptive crimes,2026-02,134.28509999999997
E02000200,Property theft,2026-02,143.8764
E02000200,Vehicle crime,2026-02,149.44039999999998
E02000200,Violence,2026-02,173.91569999999996
E02000201,Anti-social behaviour,2025-12,12.4491
E02000201,Burglary,2025-12,13.232299999999999
E02000201,Criminal damage and arson,2025-12,17.0568
E02000201,Disruptive crimes,2025-12,23.020099999999996
E02000201,Property theft,2025-12,30.188799999999993
E02000201,Vehicle crime,2025-12,34.84649999999999
E02000201,Violence,2025-12,58.0201
E02000201,Anti-social behaviour,2026-01,72.47739999999999
E02000201,Burglary,2026-01,73.30109999999999
E02000201,Criminal damage and arson,2026-01,77.0793
E02000201,Disruptive crimes,2026-01,83.0164
E02000201,Property theft,2026-01,89.98960000000001
E02000201,Vehicle crime,2026-01,94.57639999999999
E02000201,Violence,2026-01,118.1372
E02000201,Anti-social behaviour,2026-02,131.04510000000002
E02000201,Burglary,2026-02,131.9197
E02000201,Criminal damage and arson,2026-02,135.5409
E02000201,Disruptive crimes,2026-02,141.1114
E02000201,Property theft,2026-02,147.51340000000002
E02000201,Vehicle crime,2026-02,151.9216
E02000201,Violence,2026-02,174.38320000000002
E02000202,Anti-social behaviour,2025-12,6.6671
E02000202,Burglary,2025-12,6.7203
E02000202,Criminal damage and arson,2025-12,7.4472
E02000202,Disruptive crimes,2025-12,9.587599999999998
E02000202,Property theft,2025-12,12.789099999999998
E02000202,Vehicle crime,2025-12,18.636299999999995
E02000202,Violence,2025-12,35.088499999999996
E02000202,Anti-social behaviour,2026-01,42.6566
E02000202,Burglary,2026-01,42.7092
E02000202,Criminal damage and arson,2026-01,43.5259
E02000202,Disruptive crimes,2026-01,45.7273
E02000202,Property theft,2026-01,48.8508
E02000202,Vehicle crime,2026-01,54.6192
E02000202,Violence,2026-01,71.25989999999999
E02000202,Anti-social behaviour,2026-02,78.2595
E02000202,Burglary,2026-02,78.3048
E02000202,Criminal damage and arson,2026-02,79.0781
E02000202,Disruptive crimes,2026-02,81.09900000000002
E02000202,Property theft,2026-02,83.99860000000002
E02000202,Vehicle crime,2026-02,89.56840000000001
E02000202,Violence,2026-02,105.30320000000002
E02000203,Anti-social behaviour,2025-12,13.9034
E02000203,Burglary,2025-12,14.4981
E02000203,Criminal damage and arson,2025-12,18.313100000000002
E02000203,Disruptive crimes,2025-12,30.8189
E02000203,Property theft,2025-12,44.4791
E02000203,Vehicle crime,2025-12,49.173
E02000203,Violence,2025-12,82.78880000000001
E02000203,Anti-social behaviour,2026-01,98.0718
E02000203,Burglary,2026-01,98.68010000000001
E02000203,Criminal damage and arson,2026-01,102.52860000000001
E02000203,Disruptive crimes,2026-01,115.19250000000001
E02000203,Property theft,2026-01,128.85139999999998
E02000203,Vehicle crime,2026-01,133.47139999999996
E02000203,Violence,2026-01,167.50289999999998
E02000203,Anti-social behaviour,2026-02,181.36919999999995
E02000203,Burglary,2026-02,182.07769999999996
E02000203,Criminal damage and arson,2026-02,185.73669999999998
E02000203,Disruptive crimes,2026-02,197.65130000000002
E02000203,Property theft,2026-02,210.3497
E02000203,Vehicle crime,2026-02,214.7576
E02000203,Violence,2026-02,247.2086
E02000204,Anti-social behaviour,2025-12,11.946100000000001
E02000204,Burglary,2025-12,13.288499999999999
E02000204,Criminal damage and arson,2025-12,16.327499999999997
E02000204,Disruptive crimes,2025-12,23.729399999999995
E02000204,Property theft,2025-12,33.908199999999994
E02000204,Vehicle crime,2025-12,40.61619999999999
E02000204,Violence,2025-12,68.21809999999999
E02000204,Anti-social behaviour,2026-01,81.6322
E02000204,Burglary,2026-01,83.0258
E02000204,Criminal damage and arson,2026-01,86.01150000000001
E02000204,Disruptive crimes,2026-01,93.54290000000002
E02000204,Property theft,2026-01,103.6109
E02000204,Vehicle crime,2026-01,110.2354
E02000204,Violence,2026-01,138.0562
E02000204,Anti-social behaviour,2026-02,150.0305
E02000204,Burglary,2026-02,151.4867
E02000204,Criminal damage and arson,2026-02,154.3274
E02000204,Disruptive crimes,2026-02,161.3425
E02000204,Property theft,2026-02,170.4223
E02000204,Vehicle crime,2026-02,176.7956
E02000204,Violence,2026-02,203.29660000000004
E02000206,Anti-social behaviour,2025-12,10.2377
E02000206,Burglary,2025-12,12.2999
E02000206,Criminal damage and arson,2025-12,17.303299999999997
E02000206,Disruptive crimes,2025-12,25.092999999999996
E02000206,Property theft,2025-12,32.603199999999994
E02000206,Vehicle crime,2025-12,39.61049999999999
E02000206,Violence,2025-12,70.3865
E02000206,Anti-social behaviour,2026-01,82.2804
E02000206,Burglary,2026-01,84.33020000000002
E02000206,Criminal damage and arson,2026-01,89.30870000000003
E02000206,Disruptive crimes,2026-01,97.10030000000002
E02000206,Property theft,2026-01,104.48500000000001
E02000206,Vehicle crime,2026-01,111.33530000000002
E02000206,Violence,2026-01,142.52040000000002
E02000206,Anti-social behaviour,2026-02,152.95600000000002
E02000206,Burglary,2026-02,154.98420000000002
E02000206,Criminal damage and arson,2026-02,159.73170000000005
E02000206,Disruptive crimes,2026-02,167.10790000000003
E02000206,Property theft,2026-02,173.92890000000006
E02000206,Vehicle crime,2026-02,180.44570000000004
E02000206,Violence,2026-02,209.85700000000006
E02000207,Anti-social behaviour,2025-12,7.387199999999999
E02000207,Burglary,2025-12,7.4089
E02000207,Criminal damage and arson,2025-12,10.828199999999999
E02000207,Disruptive crimes,2025-12,15.995800000000001
E02000207,Property theft,2025-12,20.028200000000002
E02000207,Vehicle crime,2025-12,24.8382
E02000207,Violence,2025-12,45.136799999999994
E02000207,Anti-social behaviour,2026-01,53.547399999999996
E02000207,Burglary,2026-01,53.56739999999999
E02000207,Criminal damage and arson,2026-01,57.00709999999999
E02000207,Disruptive crimes,2026-01,62.25839999999999
E02000207,Property theft,2026-01,66.2344
E02000207,Vehicle crime,2026-01,70.9978
E02000207,Violence,2026-01,91.4267
E02000207,Anti-social behaviour,2026-02,98.96650000000001
E02000207,Burglary,2026-02,98.9869
E02000207,Criminal damage and arson,2026-02,102.2069
E02000207,Disruptive crimes,2026-02,107.17510000000001
E02000207,Property theft,2026-02,110.86870000000002
E02000207,Vehicle crime,2026-02,115.44980000000002
E02000207,Violence,2026-02,134.7526
E02000208,Anti-social behaviour,2025-12,10.518900000000002
E02000208,Burglary,2025-12,13.489700000000001
E02000208,Criminal damage and arson,2025-12,19.4513
E02000208,Disruptive crimes,2025-12,34.5997
E02000208,Property theft,2025-12,44.50639999999999
E02000208,Vehicle crime,2025-12,51.442299999999996
E02000208,Violence,2025-12,104.69529999999999
E02000208,Anti-social behaviour,2026-01,116.99899999999997
E02000208,Burglary,2026-01,120.03469999999999
E02000208,Criminal damage and arson,2026-01,125.87519999999999
E02000208,Disruptive crimes,2026-01,141.29619999999997
E02000208,Property theft,2026-01,151.45110000000003
E02000208,Vehicle crime,2026-01,158.25680000000003
E02000208,Violence,2026-01,212.03420000000003
E02000208,Anti-social behaviour,2026-02,223.17450000000002
E02000208,Burglary,2026-02,226.2821
E02000208,Criminal damage and arson,2026-02,231.95170000000002
E02000208,Disruptive crimes,2026-02,246.67380000000003
E02000208,Property theft,2026-02,256.3881
E02000208,Vehicle crime,2026-02,262.85999999999996
E02000208,Violence,2026-02,314.6208
E02000209,Anti-social behaviour,2025-12,8.7058
E02000209,Burglary,2025-12,10.585599999999998
E02000209,Criminal damage and arson,2025-12,12.874899999999998
E02000209,Disruptive crimes,2025-12,18.8376
E02000209,Property theft,2025-12,25.678
E02000209,Vehicle crime,2025-12,33.3602
E02000209,Violence,2025-12,52.793899999999994
E02000209,Anti-social behaviour,2026-01,62.86169999999999
E02000209,Burglary,2026-01,64.7901
E02000209,Criminal damage and arson,2026-01,67.08599999999998
E02000209,Disruptive crimes,2026-01,73.15219999999998
E02000209,Property theft,2026-01,80.01729999999998
E02000209,Vehicle crime,2026-01,87.55939999999998
E02000209,Violence,2026-01,107.34109999999997
E02000209,Anti-social behaviour,2026-02,116.27349999999998
E02000209,Burglary,2026-02,118.2191
E02000209,Criminal damage and arson,2026-02,120.459
E02000209,Disruptive crimes,2026-02,125.95890000000001
E02000209,Property theft,2026-02,132.2858
E02000209,Vehicle crime,2026-02,139.44839999999996
E02000209,Violence,2026-02,158.19579999999996
E02000210,Anti-social behaviour,2025-12,6.207699999999999
E02000210,Burglary,2025-12,6.2879
E02000210,Criminal damage and arson,2025-12,6.6047
E02000210,Disruptive crimes,2025-12,9.411900000000001
E02000210,Property theft,2025-12,10.7987
E02000210,Vehicle crime,2025-12,15.833300000000001
E02000210,Violence,2025-12,28.7278
E02000210,Anti-social behaviour,2026-01,35.7291
E02000210,Burglary,2026-01,35.8007
E02000210,Criminal damage and arson,2026-01,36.1252
E02000210,Disruptive crimes,2026-01,39.1909
E02000210,Property theft,2026-01,40.64489999999999
E02000210,Vehicle crime,2026-01,45.6423
E02000210,Violence,2026-01,58.5955
E02000210,Anti-social behaviour,2026-02,65.0939
E02000210,Burglary,2026-02,65.16970000000002
E02000210,Criminal damage and arson,2026-02,65.4692
E02000210,Disruptive crimes,2026-02,68.28340000000001
E02000210,Property theft,2026-02,69.65460000000002
E02000210,Vehicle crime,2026-02,74.4355
E02000210,Violence,2026-02,86.6586
E02000211,Anti-social behaviour,2025-12,3.2537000000000003
E02000211,Burglary,2025-12,3.2562000000000006
E02000211,Criminal damage and arson,2025-12,3.2600000000000007
E02000211,Disruptive crimes,2025-12,3.3185000000000007
E02000211,Property theft,2025-12,8.6739
E02000211,Vehicle crime,2025-12,12.725399999999999
E02000211,Violence,2025-12,20.4884
E02000211,Anti-social behaviour,2026-01,24.137400000000003
E02000211,Burglary,2026-01,24.1401
E02000211,Criminal damage and arson,2026-01,24.145000000000003
E02000211,Disruptive crimes,2026-01,24.219600000000007
E02000211,Property theft,2026-01,29.98870000000001
E02000211,Vehicle crime,2026-01,34.01190000000001
E02000211,Violence,2026-01,41.80050000000001
E02000211,Anti-social behaviour,2026-02,45.228400000000015
E02000211,Burglary,2026-02,45.23130000000002
E02000211,Criminal damage and arson,2026-02,45.23720000000001
E02000211,Disruptive crimes,2026-02,45.321000000000005
E02000211,Property theft,2026-02,50.492000000000004
E02000211,Vehicle crime,2026-02,54.33310000000001
E02000211,Violence,2026-02,61.66570000000001
E02000212,Anti-social behaviour,2025-12,9.4159
E02000212,Burglary,2025-12,11.7206
E02000212,Criminal damage and arson,2025-12,15.473600000000001
E02000212,Disruptive crimes,2025-12,25.498400000000004
E02000212,Property theft,2025-12,35.8864
E02000212,Vehicle crime,2025-12,45.17400000000001
E02000212,Violence,2025-12,77.48360000000001
E02000212,Anti-social behaviour,2026-01,88.18040000000002
E02000212,Burglary,2026-01,90.44470000000001
E02000212,Criminal damage and arson,2026-01,94.17430000000002
E02000212,Disruptive crimes,2026-01,104.3538
E02000212,Property theft,2026-01,114.8851
E02000212,Vehicle crime,2026-01,124.2677
E02000212,Violence,2026-01,157.04650000000004
E02000212,Anti-social behaviour,2026-02,166.51260000000005
E02000212,Burglary,2026-02,168.73210000000006
E02000212,Criminal damage and arson,2026-02,172.32050000000007
E02000212,Disruptive crimes,2026-02,181.79450000000006
E02000212,Property theft,2026-02,191.48980000000006
E02000212,Vehicle crime,2026-02,200.32930000000005
E02000212,Violence,2026-02,231.47380000000007
E02000213,Anti-social behaviour,2025-12,47.273
E02000213,Burglary,2025-12,52.6629
E02000213,Criminal damage and arson,2025-12,60.7273
E02000213,Disruptive crimes,2025-12,91.09269999999998
E02000213,Property theft,2025-12,132.45499999999998
E02000213,Vehicle crime,2025-12,139.2526
E02000213,Violence,2025-12,214.77260000000004
E02000213,Anti-social behaviour,2026-01,265.27580000000006
E02000213,Burglary,2026-01,270.6892
E02000213,Criminal damage and arson,2026-01,278.6818
E02000213,Disruptive crimes,2026-01,309.08140000000003
E02000213,Property theft,2026-01,349.56520000000006
E02000213,Vehicle crime,2026-01,356.36100000000005
E02000213,Violence,2026-01,432.21820000000014
E02000213,Anti-social behaviour,2026-02,479.74760000000015
E02000213,Burglary,2026-02,484.9757000000002
E02000213,Criminal damage and arson,2026-02,492.45070000000027
E02000213,Disruptive crimes,2026-02,520.2998000000002
E02000213,Property theft,2026-02,556.9724000000002
E02000213,Vehicle crime,2026-02,563.6338000000002
E02000213,Violence,2026-02,636.5913000000003
E02000214,Anti-social behaviour,2025-12,3.7299000000000007
E02000214,Burglary,2025-12,4.132600000000001
E02000214,Criminal damage and arson,2025-12,4.189600000000001
E02000214,Disruptive crimes,2025-12,6.098400000000002
E02000214,Property theft,2025-12,10.741700000000002
E02000214,Vehicle crime,2025-12,14.962600000000004
E02000214,Violence,2025-12,25.278400000000005
E02000214,Anti-social behaviour,2026-01,29.461400000000005
E02000214,Burglary,2026-01,29.899500000000003
E02000214,Criminal damage and arson,2026-01,29.9727
E02000214,Disruptive crimes,2026-01,31.9308
E02000214,Property theft,2026-01,36.511700000000005
E02000214,Vehicle crime,2026-01,40.7324
E02000214,Violence,2026-01,51.14419999999999
E02000214,Anti-social behaviour,2026-02,55.18579999999999
E02000214,Burglary,2026-02,55.622299999999996
E02000214,Criminal damage and arson,2026-02,55.70399999999999
E02000214,Disruptive crimes,2026-02,57.5297
E02000214,Property theft,2026-02,61.8196
E02000214,Vehicle crime,2026-02,65.87049999999999
E02000214,Violence,2026-02,75.73599999999999
E02000215,Anti-social behaviour,2025-12,16.9757
E02000215,Burglary,2025-12,19.7516
E02000215,Criminal damage and arson,2025-12,23.7507
E02000215,Disruptive crimes,2025-12,31.462099999999996
E02000215,Property theft,2025-12,44.96479999999999
E02000215,Vehicle crime,2025-12,50.61299999999999
E02000215,Violence,2025-12,80.56259999999997
E02000215,Anti-social behaviour,2026-01,99.52349999999997
E02000215,Burglary,2026-01,102.31159999999997
E02000215,Criminal damage and arson,2026-01,106.38379999999997
E02000215,Disruptive crimes,2026-01,113.97919999999998
E02000215,Property theft,2026-01,127.87249999999997
E02000215,Vehicle crime,2026-01,133.45149999999995
E02000215,Violence,2026-01,163.82709999999997
E02000215,Anti-social behaviour,2026-02,180.9405
E02000215,Burglary,2026-02,183.7445
E02000215,Criminal damage and arson,2026-02,187.58979999999997
E02000215,Disruptive crimes,2026-02,194.33779999999996
E02000215,Property theft,2026-02,206.26739999999998
E02000215,Vehicle crime,2026-02,211.57299999999995
E02000215,Violence,2026-02,240.42879999999994
E02000216,Anti-social behaviour,2025-12,3.5957
E02000216,Burglary,2025-12,4.316199999999999
E02000216,Criminal damage and arson,2025-12,4.400899999999999
E02000216,Disruptive crimes,2025-12,6.506099999999999
E02000216,Property theft,2025-12,7.503799999999999
E02000216,Vehicle crime,2025-12,9.8187
E02000216,Violence,2025-12,17.0538
E02000216,Anti-social behaviour,2026-01,21.267
E02000216,Burglary,2026-01,22.033199999999997
E02000216,Criminal damage and arson,2026-01,22.141499999999994
E02000216,Disruptive crimes,2026-01,24.324599999999997
E02000216,Property theft,2026-01,25.336
E02000216,Vehicle crime,2026-01,27.584099999999996
E02000216,Violence,2026-01,34.848
E02000216,Anti-social behaviour,2026-02,38.836
E02000216,Burglary,2026-02,39.6647
E02000216,Criminal damage and arson,2026-02,39.7856
E02000216,Disruptive crimes,2026-02,41.8791
E02000216,Property theft,2026-02,42.81710000000001
E02000216,Vehicle crime,2026-02,45.00030000000001
E02000216,Violence,2026-02,51.93440000000001
E02000217,Anti-social behaviour,2025-12,41.7346
E02000217,Burglary,2025-12,46.5503
E02000217,Criminal damage and arson,2025-12,56.36590000000001
E02000217,Disruptive crimes,2025-12,85.346
E02000217,Property theft,2025-12,139.15000000000003
E02000217,Vehicle crime,2025-12,148.73450000000005
E02000217,Violence,2025-12,216.12880000000007
E02000217,Anti-social behaviour,2026-01,261.8348000000001
E02000217,Burglary,2026-01,266.8822
E02000217,Criminal damage and arson,2026-01,277.0303
E02000217,Disruptive crimes,2026-01,306.32520000000005
E02000217,Property theft,2026-01,361.69290000000007
E02000217,Vehicle crime,2026-01,371.82160000000005
E02000217,Violence,2026-01,440.38689999999997
E02000217,Anti-social behaviour,2026-02,484.1468
E02000217,Burglary,2026-02,489.28189999999995
E02000217,Criminal damage and arson,2026-02,499.6923999999999
E02000217,Disruptive crimes,2026-02,528.3681999999999
E02000217,Property theft,2026-02,583.895
E02000217,Vehicle crime,2026-02,594.3565
E02000217,Violence,2026-02,661.7448
E02000218,Anti-social behaviour,2025-12,2.7704
E02000218,Burglary,2025-12,2.9555000000000002
E02000218,Criminal damage and arson,2025-12,4.0412
E02000218,Disruptive crimes,2025-12,6.716799999999999
E02000218,Property theft,2025-12,8.169199999999998
E02000218,Vehicle crime,2025-12,10.138099999999996
E02000218,Violence,2025-12,20.904799999999998
E02000218,Anti-social behaviour,2026-01,24.159599999999998
E02000218,Burglary,2026-01,24.337799999999994
E02000218,Criminal damage and arson,2026-01,25.432799999999993
E02000218,Disruptive crimes,2026-01,28.261599999999994
E02000218,Property theft,2026-01,29.685899999999997
E02000218,Vehicle crime,2026-01,31.643899999999995
E02000218,Violence,2026-01,42.578099999999985
E02000218,Anti-social behaviour,2026-02,45.733499999999985
E02000218,Burglary,2026-02,45.93649999999999
E02000218,Criminal damage and arson,2026-02,47.00819999999999
E02000218,Disruptive crimes,2026-02,49.66549999999999
E02000218,Property theft,2026-02,51.008499999999984
E02000218,Vehicle crime,2026-02,52.864299999999986
E02000218,Violence,2026-02,63.17329999999998
E02000219,Anti-social behaviour,2025-12,3.2819
E02000219,Burglary,2025-12,3.5564
E02000219,Criminal damage and arson,2025-12,4.591500000000001
E02000219,Disruptive crimes,2025-12,7.7315000000000005
E02000219,Property theft,2025-12,11.588400000000002
E02000219,Vehicle crime,2025-12,16.209500000000002
E02000219,Violence,2025-12,25.3119
E02000219,Anti-social behaviour,2026-01,29.087500000000002
E02000219,Burglary,2026-01,29.352899999999998
E02000219,Criminal damage and arson,2026-01,30.430999999999997
E02000219,Disruptive crimes,2026-01,33.5471
E02000219,Property theft,2026-01,37.4591
E02000219,Vehicle crime,2026-01,42.081999999999994
E02000219,Violence,2026-01,51.2994
E02000219,Anti-social behaviour,2026-02,55.014300000000006
E02000219,Burglary,2026-02,55.31420000000001
E02000219,Criminal damage and arson,2026-02,56.3179
E02000219,Disruptive crimes,2026-02,59.30480000000001
E02000219,Property theft,2026-02,62.50490000000001
E02000219,Vehicle crime,2026-02,66.92570000000002
E02000219,Violence,2026-02,75.69470000000003
E02000221,Anti-social behaviour,2025-12,15.3029
E02000221,Burglary,2025-12,18.0477
E02000221,Criminal damage and arson,2025-12,21.9029
E02000221,Disruptive crimes,2025-12,29.334799999999998
E02000221,Property theft,2025-12,34.10289999999999
E02000221,Vehicle crime,2025-12,43.218599999999995
E02000221,Violence,2025-12,70.74539999999999
E02000221,Anti-social behaviour,2026-01,88.10009999999998
E02000221,Burglary,2026-01,90.83169999999998
E02000221,Criminal damage and arson,2026-01,94.6724
E02000221,Disruptive crimes,2026-01,102.19650000000001
E02000221,Property theft,2026-01,107.02140000000001
E02000221,Vehicle crime,2026-01,116.06030000000001
E02000221,Violence,2026-01,144.1295
E02000221,Anti-social behaviour,2026-02,159.91270000000003
E02000221,Burglary,2026-02,162.64020000000005
E02000221,Criminal damage and arson,2026-02,166.31570000000002
E02000221,Disruptive crimes,2026-02,173.23710000000003
E02000221,Property theft,2026-02,177.71020000000004
E02000221,Vehicle crime,2026-02,186.35770000000005
E02000221,Violence,2026-02,213.10970000000006
E02000222,Anti-social behaviour,2025-12,5.3146
E02000222,Burglary,2025-12,6.5838
E02000222,Criminal damage and arson,2025-12,7.4914
E02000222,Disruptive crimes,2025-12,11.328299999999997
E02000222,Property theft,2025-12,17.7825
E02000222,Vehicle crime,2025-12,21.86
E02000222,Violence,2025-12,34.033699999999996
E02000222,Anti-social behaviour,2026-01,40.014599999999994
E02000222,Burglary,2026-01,41.30249999999999
E02000222,Criminal damage and arson,2026-01,42.221099999999986
E02000222,Disruptive crimes,2026-01,46.21919999999999
E02000222,Property theft,2026-01,52.72739999999999
E02000222,Vehicle crime,2026-01,56.721699999999984
E02000222,Violence,2026-01,69.02639999999998
E02000222,Anti-social behaviour,2026-02,74.52839999999999
E02000222,Burglary,2026-02,75.80279999999999
E02000222,Criminal damage and arson,2026-02,76.69619999999999
E02000222,Disruptive crimes,2026-02,80.3295
E02000222,Property theft,2026-02,86.248
E02000222,Vehicle crime,2026-02,90.0521
E02000222,Violence,2026-02,101.6609
E02000223,Anti-social behaviour,2025-12,3.7048999999999994
E02000223,Burglary,2025-12,3.7117999999999993
E02000223,Criminal damage and arson,2025-12,6.382099999999999
E02000223,Disruptive crimes,2025-12,9.775699999999999
E02000223,Property theft,2025-12,10.7312
E02000223,Vehicle crime,2025-12,13.089699999999997
E02000223,Violence,2025-12,33.072399999999995
E02000223,Anti-social behaviour,2026-01,37.14129999999999
E02000223,Burglary,2026-01,37.14789999999999
E02000223,Criminal damage and arson,2026-01,39.786899999999996
E02000223,Disruptive crimes,2026-01,43.373799999999996
E02000223,Property theft,2026-01,44.3709
E02000223,Vehicle crime,2026-01,46.7232
E02000223,Violence,2026-01,67.00359999999999
E02000223,Anti-social behaviour,2026-02,70.8038
E02000223,Burglary,2026-02,70.8098
E02000223,Criminal damage and arson,2026-02,73.42039999999999
E02000223,Disruptive crimes,2026-02,76.81469999999999
E02000223,Property theft,2026-02,77.74439999999998
E02000223,Vehicle crime,2026-02,79.9733
E02000223,Violence,2026-02,99.2602
E02000224,Anti-social behaviour,2025-12,4.2441
E02000224,Burglary,2025-12,4.660200000000001
E02000224,Criminal damage and arson,2025-12,4.853500000000001
E02000224,Disruptive crimes,2025-12,8.718100000000002
E02000224,Property theft,2025-12,12.303600000000003
E02000224,Vehicle crime,2025-12,16.996200000000005
E02000224,Violence,2025-12,31.268700000000003
E02000224,Anti-social behaviour,2026-01,36.119699999999995
E02000224,Burglary,2026-01,36.59349999999999
E02000224,Criminal damage and arson,2026-01,36.79769999999999
E02000224,Disruptive crimes,2026-01,40.774199999999986
E02000224,Property theft,2026-01,44.258299999999984
E02000224,Vehicle crime,2026-01,48.97149999999998
E02000224,Violence,2026-01,63.52879999999998
E02000224,Anti-social behaviour,2026-02,67.99909999999998
E02000224,Burglary,2026-02,68.4994
E02000224,Criminal damage and arson,2026-02,68.68589999999998
E02000224,Disruptive crimes,2026-02,72.36319999999998
E02000224,Property theft,2026-02,75.49179999999997
E02000224,Vehicle crime,2026-02,80.02019999999996
E02000224,Violence,2026-02,93.78729999999995
E02000225,Anti-social behaviour,2025-12,4.1649
E02000225,Burglary,2025-12,4.1654
E02000225,Criminal damage and arson,2025-12,5.6954
E02000225,Disruptive crimes,2025-12,8.961000000000002
E02000225,Property theft,2025-12,12.046800000000001
E02000225,Vehicle crime,2025-12,14.5411
E02000225,Violence,2025-12,29.535
E02000225,Anti-social behaviour,2026-01,34.5831
E02000225,Burglary,2026-01,34.58360000000001
E02000225,Criminal damage and arson,2026-01,36.080300000000015
E02000225,Disruptive crimes,2026-01,39.47880000000002
E02000225,Property theft,2026-01,42.63010000000003
E02000225,Vehicle crime,2026-01,45.144400000000026
E02000225,Violence,2026-01,60.282400000000024
E02000225,Anti-social behaviour,2026-02,64.73640000000003
E02000225,Burglary,2026-02,64.73700000000004
E02000225,Criminal damage and arson,2026-02,66.19080000000004
E02000225,Disruptive crimes,2026-02,69.42600000000004
E02000225,Property theft,2026-02,72.38260000000005
E02000225,Vehicle crime,2026-02,74.75620000000004
E02000225,Violence,2026-02,89.14670000000004
E02000226,Anti-social behaviour,2025-12,2.0825
E02000226,Burglary,2025-12,2.1799
E02000226,Criminal damage and arson,2025-12,2.735
E02000226,Disruptive crimes,2025-12,3.8347
E02000226,Property theft,2025-12,6.740399999999999
E02000226,Vehicle crime,2025-12,8.4374
E02000226,Violence,2025-12,16.2247
E02000226,Anti-social behaviour,2026-01,18.762699999999995
E02000226,Burglary,2026-01,18.851499999999994
E02000226,Criminal damage and arson,2026-01,19.477799999999995
E02000226,Disruptive crimes,2026-01,20.62719999999999
E02000226,Property theft,2026-01,23.57629999999999
E02000226,Vehicle crime,2026-01,25.340199999999992
E02000226,Violence,2026-01,33.374599999999994
E02000226,Anti-social behaviour,2026-02,36.0251
E02000226,Burglary,2026-02,36.1193
E02000226,Criminal damage and arson,2026-02,36.69990000000001
E02000226,Disruptive crimes,2026-02,37.77920000000001
E02000226,Property theft,2026-02,40.57740000000001
E02000226,Vehicle crime,2026-02,42.21280000000001
E02000226,Violence,2026-02,49.74670000000001
E02000227,Anti-social behaviour,2025-12,5.0556
E02000227,Burglary,2025-12,5.0681
E02000227,Criminal damage and arson,2025-12,7.498800000000002
E02000227,Disruptive crimes,2025-12,10.5796
E02000227,Property theft,2025-12,12.672699999999997
E02000227,Vehicle crime,2025-12,14.153199999999998
E02000227,Violence,2025-12,29.740899999999996
E02000227,Anti-social behaviour,2026-01,35.304399999999994
E02000227,Burglary,2026-01,35.31629999999999
E02000227,Criminal damage and arson,2026-01,37.799499999999995
E02000227,Disruptive crimes,2026-01,41.04339999999999
E02000227,Property theft,2026-01,43.117
E02000227,Vehicle crime,2026-01,44.61429999999999
E02000227,Violence,2026-01,60.50899999999999
E02000227,Anti-social behaviour,2026-02,65.75569999999999
E02000227,Burglary,2026-02,65.76939999999999
E02000227,Criminal damage and arson,2026-02,68.11929999999998
E02000227,Disruptive crimes,2026-02,71.11329999999998
E02000227,Property theft,2026-02,73.017
E02000227,Vehicle crime,2026-02,74.52010000000001
E02000227,Violence,2026-02,89.53800000000001
E02000228,Anti-social behaviour,2025-12,1.1706
E02000228,Burglary,2025-12,1.4255
E02000228,Criminal damage and arson,2025-12,1.4423
E02000228,Disruptive crimes,2025-12,4.3461
E02000228,Property theft,2025-12,5.6323
E02000228,Vehicle crime,2025-12,6.561299999999999
E02000228,Violence,2025-12,11.169599999999999
E02000228,Anti-social behaviour,2026-01,12.496400000000001
E02000228,Burglary,2026-01,12.742800000000003
E02000228,Criminal damage and arson,2026-01,12.767200000000003
E02000228,Disruptive crimes,2026-01,16.850500000000004
E02000228,Property theft,2026-01,18.105600000000003
E02000228,Vehicle crime,2026-01,19.054900000000004
E02000228,Violence,2026-01,23.809900000000006
E02000228,Anti-social behaviour,2026-02,25.111200000000004
E02000228,Burglary,2026-02,25.373900000000006
E02000228,Criminal damage and arson,2026-02,25.402800000000006
E02000228,Disruptive crimes,2026-02,29.871600000000004
E02000228,Property theft,2026-02,31.076100000000004
E02000228,Vehicle crime,2026-02,31.9203
E02000228,Violence,2026-02,36.371199999999995
E02000229,Anti-social behaviour,2025-12,7.032500000000001
E02000229,Burglary,2025-12,7.513800000000001
E02000229,Criminal damage and arson,2025-12,11.486000000000002
E02000229,Disruptive crimes,2025-12,16.0621
E02000229,Property theft,2025-12,21.2297
E02000229,Vehicle crime,2025-12,23.4069
E02000229,Violence,2025-12,43.5657
E02000229,Anti-social behaviour,2026-01,51.49249999999999
E02000229,Burglary,2026-01,52.00339999999999
E02000229,Criminal damage and arson,2026-01,55.98489999999999
E02000229,Disruptive crimes,2026-01,60.615199999999994
E02000229,Property theft,2026-01,65.90299999999999
E02000229,Vehicle crime,2026-01,68.06229999999998
E02000229,Violence,2026-01,88.65459999999997
E02000229,Anti-social behaviour,2026-02,95.77099999999997
E02000229,Burglary,2026-02,96.33789999999998
E02000229,Criminal damage and arson,2026-02,100.11909999999996
E02000229,Disruptive crimes,2026-02,104.47849999999997
E02000229,Property theft,2026-02,109.45539999999997
E02000229,Vehicle crime,2026-02,111.53209999999996
E02000229,Violence,2026-02,131.20889999999997
E02000230,Anti-social behaviour,2025-12,11.3278
E02000230,Burglary,2025-12,13.134900000000002
E02000230,Criminal damage and arson,2025-12,15.366400000000002
E02000230,Disruptive crimes,2025-12,22.208
E02000230,Property theft,2025-12,31.30539999999999
E02000230,Vehicle crime,2025-12,36.50569999999999
E02000230,Violence,2025-12,59.42919999999999
E02000230,Anti-social behaviour,2026-01,71.9465
E02000230,Burglary,2026-01,73.69539999999999
E02000230,Criminal damage and arson,2026-01,75.93409999999999
E02000230,Disruptive crimes,2026-01,82.97789999999999
E02000230,Property theft,2026-01,92.13069999999999
E02000230,Vehicle crime,2026-01,97.38119999999999
E02000230,Violence,2026-01,120.64499999999998
E02000230,Anti-social behaviour,2026-02,132.31729999999996
E02000230,Burglary,2026-02,133.98349999999996
E02000230,Criminal damage and arson,2026-02,136.11589999999995
E02000230,Disruptive crimes,2026-02,142.78649999999996
E02000230,Property theft,2026-02,150.86809999999997
E02000230,Vehicle crime,2026-02,155.92629999999997
E02000230,Violence,2026-02,178.23499999999999
E02000231,Anti-social behaviour,2025-12,2.4476
E02000231,Burglary,2025-12,3.3794
E02000231,Criminal damage and arson,2025-12,3.4054
E02000231,Disruptive crimes,2025-12,3.8512000000000004
E02000231,Property theft,2025-12,4.7557
E02000231,Vehicle crime,2025-12,9.0493
E02000231,Violence,2025-12,16.742
E02000231,Anti-social behaviour,2026-01,19.473300000000002
E02000231,Burglary,2026-01,20.432
E02000231,Criminal damage and arson,2026-01,20.462799999999998
E02000231,Disruptive crimes,2026-01,20.9541
E02000231,Property theft,2026-01,21.966800000000003
E02000231,Vehicle crime,2026-01,26.24910000000001
E02000231,Violence,2026-01,34.06050000000001
E02000231,Anti-social behaviour,2026-02,36.81460000000001
E02000231,Burglary,2026-02,37.87530000000001
E02000231,Criminal damage and arson,2026-02,37.914400000000015
E02000231,Disruptive crimes,2026-02,38.42340000000002
E02000231,Property theft,2026-02,39.48120000000002
E02000231,Vehicle crime,2026-02,43.60430000000003
E02000231,Violence,2026-02,50.84170000000003
E02000232,Anti-social behaviour,2025-12,0.5133
E02000232,Burglary,2025-12,0.5143
E02000232,Criminal damage and arson,2025-12,0.5147999999999999
E02000232,Disruptive crimes,2025-12,0.5157999999999999
E02000232,Property theft,2025-12,0.6836999999999999
E02000232,Vehicle crime,2025-12,0.7059999999999998
E02000232,Violence,2025-12,5.582000000000001
E02000232,Anti-social behaviour,2026-01,6.482900000000001
E02000232,Burglary,2026-01,6.484400000000001
E02000232,Criminal damage and arson,2026-01,6.485100000000001
E02000232,Disruptive crimes,2026-01,6.486700000000001
E02000232,Property theft,2026-01,6.6416
E02000232,Vehicle crime,2026-01,6.670800000000001
E02000232,Violence,2026-01,11.62
E02000232,Anti-social behaviour,2026-02,12.676799999999998
E02000232,Burglary,2026-02,12.678399999999998
E02000232,Criminal damage and arson,2026-02,12.679099999999996
E02000232,Disruptive crimes,2026-02,12.680899999999996
E02000232,Property theft,2026-02,12.838399999999996
E02000232,Vehicle crime,2026-02,12.867799999999995
E02000232,Violence,2026-02,17.558799999999994
E02000233,Anti-social behaviour,2025-12,2.9279
E02000233,Burglary,2025-12,2.9541
E02000233,Criminal damage and arson,2025-12,3.0471000000000004
E02000233,Disruptive crimes,2025-12,3.5336000000000007
E02000233,Property theft,2025-12,7.0547
E02000233,Vehicle crime,2025-12,8.327100000000002
E02000233,Violence,2025-12,16.0338
E02000233,Anti-social behaviour,2026-01,19.196600000000004
E02000233,Burglary,2026-01,19.220300000000005
E02000233,Criminal damage and arson,2026-01,19.337200000000006
E02000233,Disruptive crimes,2026-01,19.94260000000001
E02000233,Property theft,2026-01,23.604900000000008
E02000233,Vehicle crime,2026-01,24.89310000000001
E02000233,Violence,2026-01,32.73360000000002
E02000233,Anti-social behaviour,2026-02,35.805500000000016
E02000233,Burglary,2026-02,35.828700000000026
E02000233,Criminal damage and arson,2026-02,35.94210000000003
E02000233,Disruptive crimes,2026-02,36.52170000000003
E02000233,Property theft,2026-02,39.19550000000003
E02000233,Vehicle crime,2026-02,40.39770000000003
E02000233,Violence,2026-02,47.784600000000026
E02000234,Anti-social behaviour,2025-12,6.4958
E02000234,Burglary,2025-12,7.909400000000001
E02000234,Criminal damage and arson,2025-12,10.0588
E02000234,Disruptive crimes,2025-12,13.5351
E02000234,Property theft,2025-12,22.0991
E02000234,Vehicle crime,2025-12,26.0259
E02000234,Violence,2025-12,46.310500000000005
E02000234,Anti-social behaviour,2026-01,53.65010000000001
E02000234,Burglary,2026-01,55.12190000000001
E02000234,Criminal damage and arson,2026-01,57.273100000000014
E02000234,Disruptive crimes,2026-01,60.79320000000001
E02000234,Property theft,2026-01,69.63180000000003
E02000234,Vehicle crime,2026-01,73.48060000000002
E02000234,Violence,2026-01,94.06810000000003
E02000234,Anti-social behaviour,2026-02,100.77240000000003
E02000234,Burglary,2026-02,102.26250000000002
E02000234,Criminal damage and arson,2026-02,104.30050000000003
E02000234,Disruptive crimes,2026-02,107.63980000000004
E02000234,Property theft,2026-02,115.95010000000003
E02000234,Vehicle crime,2026-02,119.68190000000004
E02000234,Violence,2026-02,139.30520000000004
E02000235,Anti-social behaviour,2025-12,1.4315
E02000235,Burglary,2025-12,1.4392
E02000235,Criminal damage and arson,2025-12,2.3868
E02000235,Disruptive crimes,2025-12,2.4206999999999996
E02000235,Property theft,2025-12,2.6629999999999994
E02000235,Vehicle crime,2025-12,4.264799999999999
E02000235,Violence,2025-12,10.6694
E02000235,Anti-social behaviour,2026-01,12.392299999999999
E02000235,Burglary,2026-01,12.399399999999998
E02000235,Criminal damage and arson,2026-01,13.418799999999997
E02000235,Disruptive crimes,2026-01,13.463999999999997
E02000235,Property theft,2026-01,13.752999999999997
E02000235,Vehicle crime,2026-01,15.308499999999997
E02000235,Violence,2026-01,21.765899999999995
E02000235,Anti-social behaviour,2026-02,23.522099999999995
E02000235,Burglary,2026-02,23.529099999999993
E02000235,Criminal damage and arson,2026-02,24.481099999999994
E02000235,Disruptive crimes,2026-02,24.529299999999992
E02000235,Property theft,2026-02,24.829599999999992
E02000235,Vehicle crime,2026-02,26.292099999999994
E02000235,Violence,2026-02,32.413199999999996
E02000236,Anti-social behaviour,2025-12,3.6395
E02000236,Burglary,2025-12,3.6401000000000003
E02000236,Criminal damage and arson,2025-12,3.661800000000001
E02000236,Disruptive crimes,2025-12,3.850700000000001
E02000236,Property theft,2025-12,5.070600000000001
E02000236,Vehicle crime,2025-12,5.971100000000001
E02000236,Violence,2025-12,11.9238
E02000236,Anti-social behaviour,2026-01,15.9946
E02000236,Burglary,2026-01,15.9955
E02000236,Criminal damage and arson,2026-01,16.025199999999998
E02000236,Disruptive crimes,2026-01,16.281699999999997
E02000236,Property theft,2026-01,17.538499999999996
E02000236,Vehicle crime,2026-01,18.419799999999995
E02000236,Violence,2026-01,24.559699999999996
E02000236,Anti-social behaviour,2026-02,28.4987
E02000236,Burglary,2026-02,28.499699999999997
E02000236,Criminal damage and arson,2026-02,28.532099999999996
E02000236,Disruptive crimes,2026-02,28.797099999999997
E02000236,Property theft,2026-02,29.936099999999996
E02000236,Vehicle crime,2026-02,30.776899999999998
E02000236,Violence,2026-02,36.39699999999999
E02000237,Anti-social behaviour,2025-12,3.5023999999999997
E02000237,Burglary,2025-12,3.5031000000000003
E02000237,Criminal damage and arson,2025-12,3.5657000000000005
E02000237,Disruptive crimes,2025-12,4.1443
E02000237,Property theft,2025-12,4.3385
E02000237,Vehicle crime,2025-12,4.457199999999999
E02000237,Violence,2025-12,12.1945
E02000237,Anti-social behaviour,2026-01,16.357499999999998
E02000237,Burglary,2026-01,16.358499999999996
E02000237,Criminal damage and arson,2026-01,16.437999999999995
E02000237,Disruptive crimes,2026-01,17.0855
E02000237,Property theft,2026-01,17.286600000000004
E02000237,Vehicle crime,2026-01,17.4018
E02000237,Violence,2026-01,25.2082
E02000237,Anti-social behaviour,2026-02,29.313
E02000237,Burglary,2026-02,29.314199999999996
E02000237,Criminal damage and arson,2026-02,29.403299999999994
E02000237,Disruptive crimes,2026-02,30.037999999999993
E02000237,Property theft,2026-02,30.230199999999993
E02000237,Vehicle crime,2026-02,30.35699999999999
E02000237,Violence,2026-02,37.756999999999984
E02000238,Anti-social behaviour,2025-12,7.4060999999999995
E02000238,Burglary,2025-12,8.5743
E02000238,Criminal damage and arson,2025-12,9.930299999999999
E02000238,Disruptive crimes,2025-12,13.9494
E02000238,Property theft,2025-12,17.491
E02000238,Vehicle crime,2025-12,22.119899999999998
E02000238,Violence,2025-12,40.75019999999999
E02000238,Anti-social behaviour,2026-01,49.2439
E02000238,Burglary,2026-01,50.459599999999995
E02000238,Criminal damage and arson,2026-01,51.870599999999996
E02000238,Disruptive crimes,2026-01,56.0858
E02000238,Property theft,2026-01,59.681400000000004
E02000238,Vehicle crime,2026-01,64.26410000000001
E02000238,Violence,2026-01,83.20710000000003
E02000238,Anti-social behaviour,2026-02,90.88640000000002
E02000238,Burglary,2026-02,92.11260000000003
E02000238,Criminal damage and arson,2026-02,93.38510000000004
E02000238,Disruptive crimes,2026-02,97.21790000000004
E02000238,Property theft,2026-02,100.58750000000003
E02000238,Vehicle crime,2026-02,104.92800000000003
E02000238,Violence,2026-02,122.79060000000003
E02000239,Anti-social behaviour,2025-12,3.7832
E02000239,Burglary,2025-12,4.0344
E02000239,Criminal damage and arson,2025-12,4.1422
E02000239,Disruptive crimes,2025-12,5.793399999999999
E02000239,Property theft,2025-12,6.3721000000000005
E02000239,Vehicle crime,2025-12,9.2247
E02000239,Violence,2025-12,19.838600000000003
E02000239,Anti-social behaviour,2026-01,24.265500000000003
E02000239,Burglary,2026-01,24.545400000000004
E02000239,Criminal damage and arson,2026-01,24.673000000000002
E02000239,Disruptive crimes,2026-01,26.5557
E02000239,Property theft,2026-01,27.1395
E02000239,Vehicle crime,2026-01,29.976900000000004
E02000239,Violence,2026-01,40.6152
E02000239,Anti-social behaviour,2026-02,44.70980000000001
E02000239,Burglary,2026-02,45.00930000000001
E02000239,Criminal damage and arson,2026-02,45.130600000000015
E02000239,Disruptive crimes,2026-02,46.87700000000002
E02000239,Property theft,2026-02,47.48060000000001
E02000239,Vehicle crime,2026-02,50.26230000000001
E02000239,Violence,2026-02,60.371700000000004
E02000240,Anti-social behaviour,2025-12,8.3283
E02000240,Burglary,2025-12,8.492799999999999
E02000240,Criminal damage and arson,2025-12,10.282899999999998
E02000240,Disruptive crimes,2025-12,15.2487
E02000240,Property theft,2025-12,18.7208
E02000240,Vehicle crime,2025-12,21.790699999999998
E02000240,Violence,2025-12,41.85850000000001
E02000240,Anti-social behaviour,2026-01,51.683700000000016
E02000240,Burglary,2026-01,51.84950000000002
E02000240,Criminal damage and arson,2026-01,53.63030000000002
E02000240,Disruptive crimes,2026-01,58.73800000000002
E02000240,Property theft,2026-01,62.313200000000016
E02000240,Vehicle crime,2026-01,65.37940000000002
E02000240,Violence,2026-01,85.7904
E02000240,Anti-social behaviour,2026-02,94.74560000000001
E02000240,Burglary,2026-02,94.9307
E02000240,Criminal damage and arson,2026-02,96.6675
E02000240,Disruptive crimes,2026-02,101.45340000000002
E02000240,Property theft,2026-02,104.85100000000001
E02000240,Vehicle crime,2026-02,107.77150000000002
E02000240,Violence,2026-02,127.07690000000002
E02000241,Anti-social behaviour,2025-12,9.8976
E02000241,Burglary,2025-12,11.733300000000002
E02000241,Criminal damage and arson,2025-12,13.523200000000001
E02000241,Disruptive crimes,2025-12,17.816300000000002
E02000241,Property theft,2025-12,28.683800000000005
E02000241,Vehicle crime,2025-12,33.235
E02000241,Violence,2025-12,49.009499999999996
E02000241,Anti-social behaviour,2026-01,59.7198
E02000241,Burglary,2026-01,61.494299999999996
E02000241,Criminal damage and arson,2026-01,63.299899999999994
E02000241,Disruptive crimes,2026-01,67.4562
E02000241,Property theft,2026-01,78.45490000000001
E02000241,Vehicle crime,2026-01,82.94800000000001
E02000241,Violence,2026-01,98.9379
E02000241,Anti-social behaviour,2026-02,109.06509999999999
E02000241,Burglary,2026-02,110.82679999999999
E02000241,Criminal damage and arson,2026-02,112.58269999999999
E02000241,Disruptive crimes,2026-02,116.52959999999999
E02000241,Property theft,2026-02,126.87619999999998
E02000241,Vehicle crime,2026-02,131.12169999999998
E02000241,Violence,2026-02,146.2979
E02000242,Anti-social behaviour,2025-12,4.316400000000001
E02000242,Burglary,2025-12,4.326900000000001
E02000242,Criminal damage and arson,2025-12,4.390600000000001
E02000242,Disruptive crimes,2025-12,9.551600000000002
E02000242,Property theft,2025-12,9.990600000000002
E02000242,Vehicle crime,2025-12,13.208000000000004
E02000242,Violence,2025-12,23.058900000000005
E02000242,Anti-social behaviour,2026-01,28.154300000000006
E02000242,Burglary,2026-01,28.164600000000007
E02000242,Criminal damage and arson,2026-01,28.243600000000008
E02000242,Disruptive crimes,2026-01,34.13890000000001
E02000242,Property theft,2026-01,34.65400000000001
E02000242,Vehicle crime,2026-01,37.858700000000006
E02000242,Violence,2026-01,47.766000000000005
E02000242,Anti-social behaviour,2026-02,52.45930000000001
E02000242,Burglary,2026-02,52.46970000000002
E02000242,Criminal damage and arson,2026-02,52.56090000000002
E02000242,Disruptive crimes,2026-02,58.003700000000016
E02000242,Property theft,2026-02,58.54220000000002
E02000242,Vehicle crime,2026-02,61.57120000000002
E02000242,Violence,2026-02,70.94690000000001
E02000243,Anti-social behaviour,2025-12,17.8922
E02000243,Burglary,2025-12,19.3893
E02000243,Criminal damage and arson,2025-12,20.944399999999998
E02000243,Disruptive crimes,2025-12,26.5541
E02000243,Property theft,2025-12,39.134100000000004
E02000243,Vehicle crime,2025-12,45.65720000000001
E02000243,Violence,2025-12,66.37850000000002
E02000243,Anti-social behaviour,2026-01,85.93000000000002
E02000243,Burglary,2026-01,87.42390000000002
E02000243,Criminal damage and arson,2026-01,89.05380000000001
E02000243,Disruptive crimes,2026-01,94.8092
E02000243,Property theft,2026-01,107.3593
E02000243,Vehicle crime,2026-01,113.7536
E02000243,Violence,2026-01,134.7789
E02000243,Anti-social behaviour,2026-02,152.7701
E02000243,Burglary,2026-02,154.28500000000003
E02000243,Criminal damage and arson,2026-02,155.8673
E02000243,Disruptive crimes,2026-02,161.2722
E02000243,Property theft,2026-02,172.9115
E02000243,Vehicle crime,2026-02,179.0628
E02000243,Violence,2026-02,199.06990000000002
E02000244,Anti-social behaviour,2025-12,10.9165
E02000244,Burglary,2025-12,13.317699999999999
E02000244,Criminal damage and arson,2025-12,16.0495
E02000244,Disruptive crimes,2025-12,20.7955
E02000244,Property theft,2025-12,26.811000000000003
E02000244,Vehicle crime,2025-12,35.97110000000001
E02000244,Violence,2025-12,53.78190000000001
E02000244,Anti-social behaviour,2026-01,65.96270000000001
E02000244,Burglary,2026-01,68.34200000000001
E02000244,Criminal damage and arson,2026-01,71.1226
E02000244,Disruptive crimes,2026-01,75.9448
E02000244,Property theft,2026-01,81.82589999999999
E02000244,Vehicle crime,2026-01,91.11809999999997
E02000244,Violence,2026-01,109.32559999999997
E02000244,Anti-social behaviour,2026-02,120.51209999999995
E02000244,Burglary,2026-02,122.90039999999995
E02000244,Criminal damage and arson,2026-02,125.51039999999993
E02000244,Disruptive crimes,2026-02,130.05609999999996
E02000244,Property theft,2026-02,134.48709999999994
E02000244,Vehicle crime,2026-02,143.18629999999993
E02000244,Violence,2026-02,160.4691999999999
E02000245,Anti-social behaviour,2025-12,9.2008
E02000245,Burglary,2025-12,10.019400000000001
E02000245,Criminal damage and arson,2025-12,13.882600000000002
E02000245,Disruptive crimes,2025-12,21.4937
E02000245,Property theft,2025-12,25.420699999999997
E02000245,Vehicle crime,2025-12,30.429999999999996
E02000245,Violence,2025-12,53.0784
E02000245,Anti-social behaviour,2026-01,64.60000000000001
E02000245,Burglary,2026-01,65.46900000000001
E02000245,Criminal damage and arson,2026-01,69.3871
E02000245,Disruptive crimes,2026-01,76.99190000000002
E02000245,Property theft,2026-01,80.89330000000001
E02000245,Vehicle crime,2026-01,85.8187
E02000245,Violence,2026-01,108.97800000000001
E02000245,Anti-social behaviour,2026-02,118.61800000000001
E02000245,Burglary,2026-02,119.57530000000001
E02000245,Criminal damage and arson,2026-02,123.2934
E02000245,Disruptive crimes,2026-02,130.4269
E02000245,Property theft,2026-02,134.0821
E02000245,Vehicle crime,2026-02,138.7955
E02000245,Violence,2026-02,160.6744
E02000246,Anti-social behaviour,2025-12,10.1023
E02000246,Burglary,2025-12,10.6755
E02000246,Criminal damage and arson,2025-12,11.5714
E02000246,Disruptive crimes,2025-12,16.8465
E02000246,Property theft,2025-12,21.5146
E02000246,Vehicle crime,2025-12,27.8022
E02000246,Violence,2025-12,47.2125
E02000246,Anti-social behaviour,2026-01,58.829699999999995
E02000246,Burglary,2026-01,59.4615
E02000246,Criminal damage and arson,2026-01,60.3945
E02000246,Disruptive crimes,2026-01,65.82839999999999
E02000246,Property theft,2026-01,70.3844
E02000246,Vehicle crime,2026-01,76.60420000000002
E02000246,Violence,2026-01,96.28760000000001
E02000246,Anti-social behaviour,2026-02,106.7802
E02000246,Burglary,2026-02,107.4349
E02000246,Criminal damage and arson,2026-02,108.3701
E02000246,Disruptive crimes,2026-02,113.46449999999999
E02000246,Property theft,2026-02,117.40079999999999
E02000246,Vehicle crime,2026-02,123.36349999999999
E02000246,Violence,2026-02,141.9798
E02000247,Anti-social behaviour,2025-12,9.0807
E02000247,Burglary,2025-12,9.381799999999998
E02000247,Criminal damage and arson,2025-12,10.438799999999997
E02000247,Disruptive crimes,2025-12,20.9607
E02000247,Property theft,2025-12,23.907999999999998
E02000247,Vehicle crime,2025-12,29.1591
E02000247,Violence,2025-12,50.779
E02000247,Anti-social behaviour,2026-01,61.2502
E02000247,Burglary,2026-01,61.514300000000006
E02000247,Criminal damage and arson,2026-01,62.577600000000004
E02000247,Disruptive crimes,2026-01,73.4698
E02000247,Property theft,2026-01,76.40710000000001
E02000247,Vehicle crime,2026-01,81.615
E02000247,Violence,2026-01,103.5484
E02000247,Anti-social behaviour,2026-02,112.8468
E02000247,Burglary,2026-02,113.12050000000002
E02000247,Criminal damage and arson,2026-02,114.13560000000001
E02000247,Disruptive crimes,2026-02,124.4308
E02000247,Property theft,2026-02,127.0504
E02000247,Vehicle crime,2026-02,132.0374
E02000247,Violence,2026-02,152.9488
E02000248,Anti-social behaviour,2025-12,8.5768
E02000248,Burglary,2025-12,11.727
E02000248,Criminal damage and arson,2025-12,14.875399999999999
E02000248,Disruptive crimes,2025-12,20.2877
E02000248,Property theft,2025-12,26.4345
E02000248,Vehicle crime,2025-12,40.1121
E02000248,Violence,2025-12,56.479899999999994
E02000248,Anti-social behaviour,2026-01,66.3591
E02000248,Burglary,2026-01,69.4755
E02000248,Criminal damage and arson,2026-01,72.62
E02000248,Disruptive crimes,2026-01,78.1817
E02000248,Property theft,2026-01,84.35180000000001
E02000248,Vehicle crime,2026-01,98.1644
E02000248,Violence,2026-01,114.7732
E02000248,Anti-social behaviour,2026-02,123.6338
E02000248,Burglary,2026-02,126.71379999999999
E02000248,Criminal damage and arson,2026-02,129.7191
E02000248,Disruptive crimes,2026-02,134.9245
E02000248,Property theft,2026-02,140.7233
E02000248,Vehicle crime,2026-02,153.66469999999998
E02000248,Violence,2026-02,169.39559999999997
E02000249,Anti-social behaviour,2025-12,15.6845
E02000249,Burglary,2025-12,17.014599999999998
E02000249,Criminal damage and arson,2025-12,18.6749
E02000249,Disruptive crimes,2025-12,24.8874
E02000249,Property theft,2025-12,39.864999999999995
E02000249,Vehicle crime,2025-12,45.378299999999996
E02000249,Violence,2025-12,69.0402
E02000249,Anti-social behaviour,2026-01,86.1078
E02000249,Burglary,2026-01,87.40569999999998
E02000249,Criminal damage and arson,2026-01,89.06209999999999
E02000249,Disruptive crimes,2026-01,95.42839999999998
E02000249,Property theft,2026-01,110.71619999999999
E02000249,Vehicle crime,2026-01,116.18479999999998
E02000249,Violence,2026-01,140.06609999999998
E02000249,Anti-social behaviour,2026-02,156.0254
E02000249,Burglary,2026-02,157.3159
E02000249,Criminal damage and arson,2026-02,158.88320000000002
E02000249,Disruptive crimes,2026-02,164.86870000000005
E02000249,Property theft,2026-02,179.27030000000008
E02000249,Vehicle crime,2026-02,184.48840000000007
E02000249,Violence,2026-02,207.10530000000006
E02000250,Anti-social behaviour,2025-12,3.4792
E02000250,Burglary,2025-12,4.1468
E02000250,Criminal damage and arson,2025-12,4.149
E02000250,Disruptive crimes,2025-12,4.4887999999999995
E02000250,Property theft,2025-12,5.8863
E02000250,Vehicle crime,2025-12,9.324600000000002
E02000250,Violence,2025-12,14.892200000000003
E02000250,Anti-social behaviour,2026-01,18.8304
E02000250,Burglary,2026-01,19.4629
E02000250,Criminal damage and arson,2026-01,19.465700000000002
E02000250,Disruptive crimes,2026-01,19.887900000000002
E02000250,Property theft,2026-01,21.2587
E02000250,Vehicle crime,2026-01,24.677200000000006
E02000250,Violence,2026-01,30.382600000000004
E02000250,Anti-social behaviour,2026-02,34.168499999999995
E02000250,Burglary,2026-02,34.81289999999999
E02000250,Criminal damage and arson,2026-02,34.816399999999994
E02000250,Disruptive crimes,2026-02,35.242999999999995
E02000250,Property theft,2026-02,36.546299999999995
E02000250,Vehicle crime,2026-02,39.7812
E02000250,Violence,2026-02,45.140299999999996
E02000251,Anti-social behaviour,2025-12,4.0136
E02000251,Burglary,2025-12,4.0408
E02000251,Criminal damage and arson,2025-12,4.051099999999999
E02000251,Disruptive crimes,2025-12,7.831299999999999
E02000251,Property theft,2025-12,8.307799999999999
E02000251,Vehicle crime,2025-12,11.936299999999997
E02000251,Violence,2025-12,24.982
E02000251,Anti-social behaviour,2026-01,29.849000000000004
E02000251,Burglary,2026-01,29.872700000000005
E02000251,Criminal damage and arson,2026-01,29.8866
E02000251,Disruptive crimes,2026-01,33.729200000000006
E02000251,Property theft,2026-01,34.2096
E02000251,Vehicle crime,2026-01,37.8106
E02000251,Violence,2026-01,50.923800000000014
E02000251,Anti-social behaviour,2026-02,55.41790000000001
E02000251,Burglary,2026-02,55.44510000000002
E02000251,Criminal damage and arson,2026-02,55.459600000000016
E02000251,Disruptive crimes,2026-02,58.96540000000002
E02000251,Property theft,2026-02,59.48650000000002
E02000251,Vehicle crime,2026-02,62.91380000000002
E02000251,Violence,2026-02,75.40300000000003
E02000252,Anti-social behaviour,2025-12,31.187200000000004
E02000252,Burglary,2025-12,38.5158
E02000252,Criminal damage and arson,2025-12,44.81459999999999
E02000252,Disruptive crimes,2025-12,60.565400000000004
E02000252,Property theft,2025-12,87.6529
E02000252,Vehicle crime,2025-12,114.09470000000002
E02000252,Violence,2025-12,167.6732
E02000252,Anti-social behaviour,2026-01,200.76479999999998
E02000252,Burglary,2026-01,208.20179999999996
E02000252,Criminal damage and arson,2026-01,214.53049999999996
E02000252,Disruptive crimes,2026-01,230.69829999999996
E02000252,Property theft,2026-01,258.12949999999995
E02000252,Vehicle crime,2026-01,284.47889999999995
E02000252,Violence,2026-01,338.5300999999999
E02000252,Anti-social behaviour,2026-02,368.4524999999999
E02000252,Burglary,2026-02,375.66519999999986
E02000252,Criminal damage and arson,2026-02,381.76099999999985
E02000252,Disruptive crimes,2026-02,397.21529999999984
E02000252,Property theft,2026-02,422.97639999999984
E02000252,Vehicle crime,2026-02,447.98659999999984
E02000252,Violence,2026-02,500.18069999999983
E02000253,Anti-social behaviour,2025-12,7.2763
E02000253,Burglary,2025-12,8.2084
E02000253,Criminal damage and arson,2025-12,9.982299999999999
E02000253,Disruptive crimes,2025-12,14.156699999999999
E02000253,Property theft,2025-12,16.9624
E02000253,Vehicle crime,2025-12,20.2871
E02000253,Violence,2025-12,41.982299999999995
E02000253,Anti-social behaviour,2026-01,50.67899999999999
E02000253,Burglary,2026-01,51.62459999999999
E02000253,Criminal damage and arson,2026-01,53.49419999999999
E02000253,Disruptive crimes,2026-01,57.7159
E02000253,Property theft,2026-01,60.4673
E02000253,Vehicle crime,2026-01,63.7454
E02000253,Violence,2026-01,85.6159
E02000253,Anti-social behaviour,2026-02,93.4134
E02000253,Burglary,2026-02,94.32230000000001
E02000253,Criminal damage and arson,2026-02,96.14320000000004
E02000253,Disruptive crimes,2026-02,100.13220000000004
E02000253,Property theft,2026-02,102.83540000000005
E02000253,Vehicle crime,2026-02,105.96080000000005
E02000253,Violence,2026-02,126.68540000000004
E02000254,Anti-social behaviour,2025-12,6.6702
E02000254,Burglary,2025-12,6.688000000000001
E02000254,Criminal damage and arson,2025-12,6.716600000000001
E02000254,Disruptive crimes,2025-12,9.2883
E02000254,Property theft,2025-12,10.666399999999998
E02000254,Vehicle crime,2025-12,13.432599999999997
E02000254,Violence,2025-12,30.068099999999998
E02000254,Anti-social behaviour,2026-01,37.85080000000001
E02000254,Burglary,2026-01,37.86710000000001
E02000254,Criminal damage and arson,2026-01,37.904900000000005
E02000254,Disruptive crimes,2026-01,40.5178
E02000254,Property theft,2026-01,41.9915
E02000254,Vehicle crime,2026-01,44.745900000000006
E02000254,Violence,2026-01,61.6433
E02000254,Anti-social behaviour,2026-02,68.7975
E02000254,Burglary,2026-02,68.8136
E02000254,Criminal damage and arson,2026-02,68.85499999999999
E02000254,Disruptive crimes,2026-02,71.3501
E02000254,Property theft,2026-02,72.701
E02000254,Vehicle crime,2026-02,75.30219999999998
E02000254,Violence,2026-02,91.32349999999998
E02000255,Anti-social behaviour,2025-12,10.7741
E02000255,Burglary,2025-12,11.0282
E02000255,Criminal damage and arson,2025-12,11.2264
E02000255,Disruptive crimes,2025-12,14.1539
E02000255,Property theft,2025-12,15.3095
E02000255,Vehicle crime,2025-12,20.7718
E02000255,Violence,2025-12,33.754
E02000255,Anti-social behaviour,2026-01,45.773900000000005
E02000255,Burglary,2026-01,46.01610000000001
E02000255,Criminal damage and arson,2026-01,46.2411
E02000255,Disruptive crimes,2026-01,49.29280000000001
E02000255,Property theft,2026-01,50.432100000000005
E02000255,Vehicle crime,2026-01,55.8417
E02000255,Violence,2026-01,68.8923
E02000255,Anti-social behaviour,2026-02,80.2493
E02000255,Burglary,2026-02,80.4928
E02000255,Criminal damage and arson,2026-02,80.71800000000002
E02000255,Disruptive crimes,2026-02,83.52220000000001
E02000255,Property theft,2026-02,84.63510000000001
E02000255,Vehicle crime,2026-02,89.7443
E02000255,Violence,2026-02,102.08099999999997
E02000256,Anti-social behaviour,2025-12,13.1767
E02000256,Burglary,2025-12,14.1596
E02000256,Criminal damage and arson,2025-12,14.382199999999997
E02000256,Disruptive crimes,2025-12,17.036199999999997
E02000256,Property theft,2025-12,23.2108
E02000256,Vehicle crime,2025-12,28.173099999999994
E02000256,Violence,2025-12,41.083499999999994
E02000256,Anti-social behaviour,2026-01,55.03349999999999
E02000256,Burglary,2026-01,56.03969999999998
E02000256,Criminal damage and arson,2026-01,56.310799999999986
E02000256,Disruptive crimes,2026-01,59.13339999999998
E02000256,Property theft,2026-01,65.59829999999998
E02000256,Vehicle crime,2026-01,70.91229999999999
E02000256,Violence,2026-01,84.0738
E02000256,Anti-social behaviour,2026-02,98.41810000000001
E02000256,Burglary,2026-02,99.40780000000001
E02000256,Criminal damage and arson,2026-02,99.72250000000001
E02000256,Disruptive crimes,2026-02,102.6478
E02000256,Property theft,2026-02,109.4888
E02000256,Vehicle crime,2026-02,115.17490000000001
E02000256,Violence,2026-02,128.4318
E02000258,Anti-social behaviour,2025-12,5.7941
E02000258,Burglary,2025-12,6.1723
E02000258,Criminal damage and arson,2025-12,6.620799999999999
E02000258,Disruptive crimes,2025-12,8.325
E02000258,Property theft,2025-12,11.456199999999999
E02000258,Vehicle crime,2025-12,15.530999999999999
E02000258,Violence,2025-12,25.5568
E02000258,Anti-social behaviour,2026-01,32.2833
E02000258,Burglary,2026-01,32.684099999999994
E02000258,Criminal damage and arson,2026-01,33.17649999999999
E02000258,Disruptive crimes,2026-01,35.02249999999999
E02000258,Property theft,2026-01,38.16409999999998
E02000258,Vehicle crime,2026-01,42.18649999999998
E02000258,Violence,2026-01,52.23119999999998
E02000258,Anti-social behaviour,2026-02,58.331499999999984
E02000258,Burglary,2026-02,58.726899999999986
E02000258,Criminal damage and arson,2026-02,59.20269999999998
E02000258,Disruptive crimes,2026-02,60.88949999999997
E02000258,Property theft,2026-02,63.88269999999997
E02000258,Vehicle crime,2026-02,67.77909999999997
E02000258,Violence,2026-02,77.36269999999998
E02000259,Anti-social behaviour,2025-12,5.0461
E02000259,Burglary,2025-12,5.0847
E02000259,Criminal damage and arson,2025-12,5.2766
E02000259,Disruptive crimes,2025-12,7.2376
E02000259,Property theft,2025-12,8.103299999999999
E02000259,Vehicle crime,2025-12,10.155000000000001
E02000259,Violence,2025-12,18.4538
E02000259,Anti-social behaviour,2026-01,24.108500000000003
E02000259,Burglary,2026-01,24.1406
E02000259,Criminal damage and arson,2026-01,24.331099999999996
E02000259,Disruptive crimes,2026-01,26.365299999999994
E02000259,Property theft,2026-01,27.233199999999997
E02000259,Vehicle crime,2026-01,29.294199999999996
E02000259,Violence,2026-01,37.71869999999999
E02000259,Anti-social behaviour,2026-02,42.87659999999999
E02000259,Burglary,2026-02,42.90919999999999
E02000259,Criminal damage and arson,2026-02,43.091699999999996
E02000259,Disruptive crimes,2026-02,45.00999999999999
E02000259,Property theft,2026-02,45.882799999999996
E02000259,Vehicle crime,2026-02,47.8388
E02000259,Violence,2026-02,55.7588
E02000260,Anti-social behaviour,2025-12,27.827
E02000260,Burglary,2025-12,29.348200000000002
E02000260,Criminal damage and arson,2025-12,33.7927
E02000260,Disruptive crimes,2025-12,45.115300000000005
E02000260,Property theft,2025-12,84.0798
E02000260,Vehicle crime,2025-12,90.21240000000002
E02000260,Violence,2025-12,132.94120000000004
E02000260,Anti-social behaviour,2026-01,161.97960000000006
E02000260,Burglary,2026-01,163.46150000000006
E02000260,Criminal damage and arson,2026-01,167.90800000000007
E02000260,Disruptive crimes,2026-01,179.42100000000008
E02000260,Property theft,2026-01,217.8975000000001
E02000260,Vehicle crime,2026-01,224.11870000000008
E02000260,Violence,2026-01,267.0737000000001
E02000260,Anti-social behaviour,2026-02,293.3208000000001
E02000260,Burglary,2026-02,294.72660000000013
E02000260,Criminal damage and arson,2026-02,298.9367000000001
E02000260,Disruptive crimes,2026-02,309.77380000000005
E02000260,Property theft,2026-02,345.10190000000006
E02000260,Vehicle crime,2026-02,350.96970000000005
E02000260,Violence,2026-02,391.7715
E02000261,Anti-social behaviour,2025-12,15.639600000000002
E02000261,Burglary,2025-12,18.800700000000003
E02000261,Criminal damage and arson,2025-12,20.791200000000003
E02000261,Disruptive crimes,2025-12,29.043800000000005
E02000261,Property theft,2025-12,43.232299999999995
E02000261,Vehicle crime,2025-12,50.0577
E02000261,Violence,2025-12,73.85290000000002
E02000261,Anti-social behaviour,2026-01,91.09570000000002
E02000261,Burglary,2026-01,94.30420000000002
E02000261,Criminal damage and arson,2026-01,96.40990000000004
E02000261,Disruptive crimes,2026-01,104.96320000000003
E02000261,Property theft,2026-01,119.29100000000003
E02000261,Vehicle crime,2026-01,125.98170000000002
E02000261,Violence,2026-01,150.1876
E02000261,Anti-social behaviour,2026-02,166.06470000000002
E02000261,Burglary,2026-02,169.2342
E02000261,Criminal damage and arson,2026-02,171.2269
E02000261,Disruptive crimes,2026-02,179.21460000000002
E02000261,Property theft,2026-02,192.6981
E02000261,Vehicle crime,2026-02,199.0895
E02000261,Violence,2026-02,221.917
E02000262,Anti-social behaviour,2025-12,28.4962
E02000262,Burglary,2025-12,30.128600000000002
E02000262,Criminal damage and arson,2025-12,34.71430000000001
E02000262,Disruptive crimes,2025-12,47.8055
E02000262,Property theft,2025-12,66.64280000000001
E02000262,Vehicle crime,2025-12,72.92110000000001
E02000262,Violence,2025-12,108.3994
E02000262,Anti-social behaviour,2026-01,138.7355
E02000262,Burglary,2026-01,140.4028
E02000262,Criminal damage and arson,2026-01,144.93210000000002
E02000262,Disruptive crimes,2026-01,158.067
E02000262,Property theft,2026-01,177.13280000000003
E02000262,Vehicle crime,2026-01,183.30990000000003
E02000262,Violence,2026-01,218.98070000000004
E02000262,Anti-social behaviour,2026-02,246.18830000000003
E02000262,Burglary,2026-02,247.86560000000006
E02000262,Criminal damage and arson,2026-02,251.98020000000005
E02000262,Disruptive crimes,2026-02,264.344
E02000262,Property theft,2026-02,281.6464
E02000262,Vehicle crime,2026-02,287.5379
E02000262,Violence,2026-02,321.669
E02000263,Anti-social behaviour,2025-12,26.3332
E02000263,Burglary,2025-12,27.4162
E02000263,Criminal damage and arson,2025-12,31.600299999999997
E02000263,Disruptive crimes,2025-12,42.529599999999995
E02000263,Property theft,2025-12,56.469899999999996
E02000263,Vehicle crime,2025-12,64.8729
E02000263,Violence,2025-12,106.4871
E02000263,Anti-social behaviour,2026-01,135.2249
E02000263,Burglary,2026-01,136.238
E02000263,Criminal damage and arson,2026-01,140.46089999999998
E02000263,Disruptive crimes,2026-01,151.3849
E02000263,Property theft,2026-01,165.52829999999994
E02000263,Vehicle crime,2026-01,173.94969999999998
E02000263,Violence,2026-01,216.03689999999997
E02000263,Anti-social behaviour,2026-02,241.71739999999997
E02000263,Burglary,2026-02,242.64839999999998
E02000263,Criminal damage and arson,2026-02,246.57110000000003
E02000263,Disruptive crimes,2026-02,256.9038
E02000263,Property theft,2026-02,270.2188
E02000263,Vehicle crime,2026-02,278.006
E02000263,Violence,2026-02,318.00199999999995
E02000264,Anti-social behaviour,2025-12,12.6308
E02000264,Burglary,2025-12,15.050500000000001
E02000264,Criminal damage and arson,2025-12,17.464600000000004
E02000264,Disruptive crimes,2025-12,22.193400000000004
E02000264,Property theft,2025-12,31.6319
E02000264,Vehicle crime,2025-12,38.5006
E02000264,Violence,2025-12,52.1801
E02000264,Anti-social behaviour,2026-01,65.8157
E02000264,Burglary,2026-01,68.23720000000002
E02000264,Criminal damage and arson,2026-01,70.71100000000003
E02000264,Disruptive crimes,2026-01,75.50380000000003
E02000264,Property theft,2026-01,85.17860000000005
E02000264,Vehicle crime,2026-01,91.92510000000006
E02000264,Violence,2026-01,105.70090000000008
E02000264,Anti-social behaviour,2026-02,118.48600000000008
E02000264,Burglary,2026-02,120.91030000000008
E02000264,Criminal damage and arson,2026-02,123.2760000000001
E02000264,Disruptive crimes,2026-02,127.7353000000001
E02000264,Property theft,2026-02,135.7144000000001
E02000264,Vehicle crime,2026-02,142.10570000000007
E02000264,Violence,2026-02,155.18940000000006
E02000265,Anti-social behaviour,2025-12,53.4032
E02000265,Burglary,2025-12,56.332499999999996
E02000265,Criminal damage and arson,2025-12,61.38139999999999
E02000265,Disruptive crimes,2025-12,73.34939999999999
E02000265,Property theft,2025-12,100.66789999999999
E02000265,Vehicle crime,2025-12,110.58589999999998
E02000265,Violence,2025-12,145.82259999999997
E02000265,Anti-social behaviour,2026-01,201.33419999999992
E02000265,Burglary,2026-01,204.27469999999994
E02000265,Criminal damage and arson,2026-01,209.32569999999996
E02000265,Disruptive crimes,2026-01,221.47809999999996
E02000265,Property theft,2026-01,249.12109999999998
E02000265,Vehicle crime,2026-01,258.9699
E02000265,Violence,2026-01,294.5358
E02000265,Anti-social behaviour,2026-02,346.9021
E02000265,Burglary,2026-02,349.82469999999995
E02000265,Criminal damage and arson,2026-02,354.53589999999997
E02000265,Disruptive crimes,2026-02,366.0347
E02000265,Property theft,2026-02,391.75700000000006
E02000265,Vehicle crime,2026-02,401.06140000000005
E02000265,Violence,2026-02,434.9909
E02000266,Anti-social behaviour,2025-12,24.3053
E02000266,Burglary,2025-12,25.5201
E02000266,Criminal damage and arson,2025-12,31.0021
E02000266,Disruptive crimes,2025-12,42.048
E02000266,Property theft,2025-12,52.6558
E02000266,Vehicle crime,2025-12,58.6031
E02000266,Violence,2025-12,113.3119
E02000266,Anti-social behaviour,2026-01,140.5326
E02000266,Burglary,2026-01,141.7856
E02000266,Criminal damage and arson,2026-01,147.2479
E02000266,Disruptive crimes,2026-01,158.01389999999995
E02000266,Property theft,2026-01,168.72049999999996
E02000266,Vehicle crime,2026-01,174.59719999999996
E02000266,Violence,2026-01,229.45539999999997
E02000266,Anti-social behaviour,2026-02,253.866
E02000266,Burglary,2026-02,255.16080000000005
E02000266,Criminal damage and arson,2026-02,260.44530000000003
E02000266,Disruptive crimes,2026-02,270.14689999999996
E02000266,Property theft,2026-02,280.2981
E02000266,Vehicle crime,2026-02,285.8924
E02000266,Violence,2026-02,336.38269999999994
E02000267,Anti-social behaviour,2025-12,12.0765
E02000267,Burglary,2025-12,13.047299999999998
E02000267,Criminal damage and arson,2025-12,14.390299999999998
E02000267,Disruptive crimes,2025-12,20.599399999999996
E02000267,Property theft,2025-12,26.665499999999994
E02000267,Vehicle crime,2025-12,30.941299999999995
E02000267,Violence,2025-12,50.65399999999999
E02000267,Anti-social behaviour,2026-01,65.13069999999999
E02000267,Burglary,2026-01,66.0974
E02000267,Criminal damage and arson,2026-01,67.458
E02000267,Disruptive crimes,2026-01,73.8595
E02000267,Property theft,2026-01,80.1239
E02000267,Vehicle crime,2026-01,84.35270000000001
E02000267,Violence,2026-01,104.2945
E02000267,Anti-social behaviour,2026-02,117.3147
E02000267,Burglary,2026-02,118.2563
E02000267,Criminal damage and arson,2026-02,119.5586
E02000267,Disruptive crimes,2026-02,125.5001
E02000267,Property theft,2026-02,131.2223
E02000267,Vehicle crime,2026-02,135.2497
E02000267,Violence,2026-02,154.26579999999998
E02000268,Anti-social behaviour,2025-12,8.8524
E02000268,Burglary,2025-12,9.6724
E02000268,Criminal damage and arson,2025-12,10.0782
E02000268,Disruptive crimes,2025-12,13.482700000000001
E02000268,Property theft,2025-12,20.697400000000002
E02000268,Vehicle crime,2025-12,29.617100000000004
E02000268,Violence,2025-12,44.2434
E02000268,Anti-social behaviour,2026-01,54.642300000000006
E02000268,Burglary,2026-01,55.490500000000004
E02000268,Criminal damage and arson,2026-01,55.88620000000001
E02000268,Disruptive crimes,2026-01,59.370500000000014
E02000268,Property theft,2026-01,66.61610000000002
E02000268,Vehicle crime,2026-01,75.46330000000003
E02000268,Violence,2026-01,90.12810000000003
E02000268,Anti-social behaviour,2026-02,99.54220000000004
E02000268,Burglary,2026-02,100.45710000000004
E02000268,Criminal damage and arson,2026-02,100.84880000000003
E02000268,Disruptive crimes,2026-02,104.15360000000004
E02000268,Property theft,2026-02,110.97850000000005
E02000268,Vehicle crime,2026-02,119.35870000000006
E02000268,Violence,2026-02,133.29660000000004
E02000269,Anti-social behaviour,2025-12,10.0087
E02000269,Burglary,2025-12,10.472399999999999
E02000269,Criminal damage and arson,2025-12,11.3813
E02000269,Disruptive crimes,2025-12,13.848499999999998
E02000269,Property theft,2025-12,18.301299999999998
E02000269,Vehicle crime,2025-12,23.8116
E02000269,Violence,2025-12,35.0851
E02000269,Anti-social behaviour,2026-01,45.5786
E02000269,Burglary,2026-01,46.0006
E02000269,Criminal damage and arson,2026-01,46.9031
E02000269,Disruptive crimes,2026-01,49.47450000000001
E02000269,Property theft,2026-01,53.84380000000002
E02000269,Vehicle crime,2026-01,59.32810000000002
E02000269,Violence,2026-01,70.72370000000002
E02000269,Anti-social behaviour,2026-02,80.73680000000002
E02000269,Burglary,2026-02,81.13630000000002
E02000269,Criminal damage and arson,2026-02,82.00700000000002
E02000269,Disruptive crimes,2026-02,84.41440000000001
E02000269,Property theft,2026-02,88.59340000000002
E02000269,Vehicle crime,2026-02,93.80340000000002
E02000269,Violence,2026-02,104.59210000000002
E02000270,Anti-social behaviour,2025-12,15.5044
E02000270,Burglary,2025-12,17.336799999999997
E02000270,Criminal damage and arson,2025-12,18.4878
E02000270,Disruptive crimes,2025-12,24.0517
E02000270,Property theft,2025-12,32.297000000000004
E02000270,Vehicle crime,2025-12,34.848600000000005
E02000270,Violence,2025-12,51.88680000000001
E02000270,Anti-social behaviour,2026-01,68.84990000000002
E02000270,Burglary,2026-01,70.67040000000001
E02000270,Criminal damage and arson,2026-01,71.86830000000002
E02000270,Disruptive crimes,2026-01,77.4941
E02000270,Property theft,2026-01,85.8571
E02000270,Vehicle crime,2026-01,88.3415
E02000270,Violence,2026-01,105.58919999999999
E02000270,Anti-social behaviour,2026-02,121.12869999999998
E02000270,Burglary,2026-02,122.9027
E02000270,Criminal damage and arson,2026-02,124.0607
E02000270,Disruptive crimes,2026-02,129.4251
E02000270,Property theft,2026-02,137.09839999999997
E02000270,Vehicle crime,2026-02,139.49059999999997
E02000270,Violence,2026-02,155.73949999999994
E02000271,Anti-social behaviour,2025-12,2.2304
E02000271,Burglary,2025-12,3.4429
E02000271,Criminal damage and arson,2025-12,4.474600000000001
E02000271,Disruptive crimes,2025-12,6.985700000000001
E02000271,Property theft,2025-12,9.193200000000001
E02000271,Vehicle crime,2025-12,16.898
E02000271,Violence,2025-12,25.908399999999997
E02000271,Anti-social behaviour,2026-01,28.6875
E02000271,Burglary,2026-01,29.834400000000002
E02000271,Criminal damage and arson,2026-01,30.853300000000004
E02000271,Disruptive crimes,2026-01,33.378400000000006
E02000271,Property theft,2026-01,35.485400000000006
E02000271,Vehicle crime,2026-01,43.134600000000006
E02000271,Violence,2026-01,52.27870000000001
E02000271,Anti-social behaviour,2026-02,55.0125
E02000271,Burglary,2026-02,56.14330000000001
E02000271,Criminal damage and arson,2026-02,57.11520000000001
E02000271,Disruptive crimes,2026-02,59.51000000000001
E02000271,Property theft,2026-02,61.365200000000016
E02000271,Vehicle crime,2026-02,68.5845
E02000271,Violence,2026-02,77.2573
E02000272,Anti-social behaviour,2025-12,3.1432999999999995
E02000272,Burglary,2025-12,3.1692999999999993
E02000272,Criminal damage and arson,2025-12,3.172599999999999
E02000272,Disruptive crimes,2025-12,3.7233999999999994
E02000272,Property theft,2025-12,5.3961999999999986
E02000272,Vehicle crime,2025-12,9.436999999999998
E02000272,Violence,2025-12,15.432199999999998
E02000272,Anti-social behaviour,2026-01,19.120699999999996
E02000272,Burglary,2026-01,19.144799999999996
E02000272,Criminal damage and arson,2026-01,19.149299999999997
E02000272,Disruptive crimes,2026-01,19.736599999999996
E02000272,Property theft,2026-01,21.422599999999996
E02000272,Vehicle crime,2026-01,25.381699999999995
E02000272,Violence,2026-01,31.405999999999995
E02000272,Anti-social behaviour,2026-02,35.0211
E02000272,Burglary,2026-02,35.04449999999999
E02000272,Criminal damage and arson,2026-02,35.0497
E02000272,Disruptive crimes,2026-02,35.553200000000004
E02000272,Property theft,2026-02,37.225199999999994
E02000272,Vehicle crime,2026-02,41.00399999999999
E02000272,Violence,2026-02,46.63359999999999
E02000275,Anti-social behaviour,2025-12,15.564700000000002
E02000275,Burglary,2025-12,16.928000000000004
E02000275,Criminal damage and arson,2025-12,19.54600000000001
E02000275,Disruptive crimes,2025-12,28.28430000000001
E02000275,Property theft,2025-12,34.15690000000001
E02000275,Vehicle crime,2025-12,40.65670000000001
E02000275,Violence,2025-12,65.69800000000001
E02000275,Anti-social behaviour,2026-01,83.69140000000002
E02000275,Burglary,2026-01,85.02830000000002
E02000275,Criminal damage and arson,2026-01,87.67340000000002
E02000275,Disruptive crimes,2026-01,96.62960000000001
E02000275,Property theft,2026-01,102.61610000000002
E02000275,Vehicle crime,2026-01,109.07080000000002
E02000275,Violence,2026-01,134.40560000000002
E02000275,Anti-social behaviour,2026-02,150.48170000000002
E02000275,Burglary,2026-02,151.8324
E02000275,Criminal damage and arson,2026-02,154.32760000000002
E02000275,Disruptive crimes,2026-02,162.70360000000002
E02000275,Property theft,2026-02,168.3697
E02000275,Vehicle crime,2026-02,174.4638
E02000275,Violence,2026-02,198.6713
E02000276,Anti-social behaviour,2025-12,4.3099
E02000276,Burglary,2025-12,4.3298
E02000276,Criminal damage and arson,2025-12,4.346299999999999
E02000276,Disruptive crimes,2025-12,5.625699999999999
E02000276,Property theft,2025-12,7.764799999999999
E02000276,Vehicle crime,2025-12,10.7693
E02000276,Violence,2025-12,17.099
E02000276,Anti-social behaviour,2026-01,22.0822
E02000276,Burglary,2026-01,22.099
E02000276,Criminal damage and arson,2026-01,22.1193
E02000276,Disruptive crimes,2026-01,23.463099999999997
E02000276,Property theft,2026-01,25.620399999999997
E02000276,Vehicle crime,2026-01,28.6042
E02000276,Violence,2026-01,35.0035
E02000276,Anti-social behaviour,2026-02,39.642900000000004
E02000276,Burglary,2026-02,39.6609
E02000276,Criminal damage and arson,2026-02,39.6827
E02000276,Disruptive crimes,2026-02,40.8874
E02000276,Property theft,2026-02,42.96379999999999
E02000276,Vehicle crime,2026-02,45.82869999999999
E02000276,Violence,2026-02,51.903099999999995
E02000277,Anti-social behaviour,2025-12,7.4927
E02000277,Burglary,2025-12,9.1908
E02000277,Criminal damage and arson,2025-12,11.020100000000001
E02000277,Disruptive crimes,2025-12,13.128300000000001
E02000277,Property theft,2025-12,15.775900000000002
E02000277,Vehicle crime,2025-12,18.9174
E02000277,Violence,2025-12,31.4682
E02000277,Anti-social behaviour,2026-01,39.916
E02000277,Burglary,2026-01,41.629
E02000277,Criminal damage and arson,2026-01,43.548199999999994
E02000277,Disruptive crimes,2026-01,45.74419999999999
E02000277,Property theft,2026-01,48.37759999999999
E02000277,Vehicle crime,2026-01,51.49039999999999
E02000277,Violence,2026-01,64.2641
E02000277,Anti-social behaviour,2026-02,72.1819
E02000277,Burglary,2026-02,73.91449999999999
E02000277,Criminal damage and arson,2026-02,75.7619
E02000277,Disruptive crimes,2026-02,77.82820000000001
E02000277,Property theft,2026-02,80.35110000000002
E02000277,Vehicle crime,2026-02,83.38910000000001
E02000277,Violence,2026-02,95.4975
E02000278,Anti-social behaviour,2025-12,14.048
E02000278,Burglary,2025-12,17.193499999999997
E02000278,Criminal damage and arson,2025-12,20.9069
E02000278,Disruptive crimes,2025-12,26.8167
E02000278,Property theft,2025-12,33.4714
E02000278,Vehicle crime,2025-12,40.30810000000001
E02000278,Violence,2025-12,64.70330000000001
E02000278,Anti-social behaviour,2026-01,80.5364
E02000278,Burglary,2026-01,83.68879999999999
E02000278,Criminal damage and arson,2026-01,87.41929999999999
E02000278,Disruptive crimes,2026-01,93.37979999999999
E02000278,Property theft,2026-01,99.99349999999998
E02000278,Vehicle crime,2026-01,106.72109999999999
E02000278,Violence,2026-01,131.37769999999998
E02000278,Anti-social behaviour,2026-02,145.7929
E02000278,Burglary,2026-02,148.92799999999997
E02000278,Criminal damage and arson,2026-02,152.46819999999997
E02000278,Disruptive crimes,2026-02,158.09979999999996
E02000278,Property theft,2026-02,164.3412
E02000278,Vehicle crime,2026-02,170.74280000000002
E02000278,Violence,2026-02,194.08270000000002
E02000279,Anti-social behaviour,2025-12,17.2757
E02000279,Burglary,2025-12,19.7018
E02000279,Criminal damage and arson,2025-12,23.5162
E02000279,Disruptive crimes,2025-12,30.1931
E02000279,Property theft,2025-12,36.1794
E02000279,Vehicle crime,2025-12,44.7386
E02000279,Violence,2025-12,73.7535
E02000279,Anti-social behaviour,2026-01,93.14150000000001
E02000279,Burglary,2026-01,95.54899999999999
E02000279,Criminal damage and arson,2026-01,99.44729999999998
E02000279,Disruptive crimes,2026-01,106.2328
E02000279,Property theft,2026-01,112.2316
E02000279,Vehicle crime,2026-01,120.8504
E02000279,Violence,2026-01,150.39190000000002
E02000279,Anti-social behaviour,2026-02,167.97800000000004
E02000279,Burglary,2026-02,170.42520000000005
E02000279,Criminal damage and arson,2026-02,174.17760000000004
E02000279,Disruptive crimes,2026-02,180.50330000000005
E02000279,Property theft,2026-02,186.18380000000005
E02000279,Vehicle crime,2026-02,194.26240000000004
E02000279,Violence,2026-02,222.18200000000002
E02000280,Anti-social behaviour,2025-12,8.9493
E02000280,Burglary,2025-12,10.986399999999998
E02000280,Criminal damage and arson,2025-12,12.813999999999997
E02000280,Disruptive crimes,2025-12,16.384799999999995
E02000280,Property theft,2025-12,20.939499999999995
E02000280,Vehicle crime,2025-12,26.366799999999998
E02000280,Violence,2025-12,43.471999999999994
E02000280,Anti-social behaviour,2026-01,53.688599999999994
E02000280,Burglary,2026-01,55.6455
E02000280,Criminal damage and arson,2026-01,57.473
E02000280,Disruptive crimes,2026-01,61.148900000000005
E02000280,Property theft,2026-01,65.6453
E02000280,Vehicle crime,2026-01,71.0425
E02000280,Violence,2026-01,88.44550000000001
E02000280,Anti-social behaviour,2026-02,98.02110000000003
E02000280,Burglary,2026-02,99.86520000000004
E02000280,Criminal damage and arson,2026-02,101.58180000000004
E02000280,Disruptive crimes,2026-02,105.07360000000006
E02000280,Property theft,2026-02,109.40580000000004
E02000280,Vehicle crime,2026-02,114.50160000000004
E02000280,Violence,2026-02,130.99450000000004
E02000281,Anti-social behaviour,2025-12,12.833
E02000281,Burglary,2025-12,15.2615
E02000281,Criminal damage and arson,2025-12,18.066300000000002
E02000281,Disruptive crimes,2025-12,22.5026
E02000281,Property theft,2025-12,29.1242
E02000281,Vehicle crime,2025-12,35.5359
E02000281,Violence,2025-12,52.5919
E02000281,Anti-social behaviour,2026-01,66.93279999999999
E02000281,Burglary,2026-01,69.40429999999998
E02000281,Criminal damage and arson,2026-01,72.2093
E02000281,Disruptive crimes,2026-01,76.82400000000001
E02000281,Property theft,2026-01,83.59960000000001
E02000281,Vehicle crime,2026-01,89.93350000000001
E02000281,Violence,2026-01,107.3585
E02000281,Anti-social behaviour,2026-02,120.59389999999999
E02000281,Burglary,2026-02,123.1644
E02000281,Criminal damage and arson,2026-02,125.8035
E02000281,Disruptive crimes,2026-02,130.0429
E02000281,Property theft,2026-02,136.3534
E02000281,Vehicle crime,2026-02,142.40849999999998
E02000281,Violence,2026-02,158.89229999999995
E02000282,Anti-social behaviour,2025-12,9.0605
E02000282,Burglary,2025-12,12.111899999999999
E02000282,Criminal damage and arson,2025-12,15.900399999999998
E02000282,Disruptive crimes,2025-12,22.5452
E02000282,Property theft,2025-12,32.498200000000004
E02000282,Vehicle crime,2025-12,39.585100000000004
E02000282,Violence,2025-12,67.614
E02000282,Anti-social behaviour,2026-01,78.6956
E02000282,Burglary,2026-01,81.78840000000001
E02000282,Criminal damage and arson,2026-01,85.60230000000001
E02000282,Disruptive crimes,2026-01,92.24289999999999
E02000282,Property theft,2026-01,102.37799999999999
E02000282,Vehicle crime,2026-01,109.35619999999997
E02000282,Violence,2026-01,137.78449999999998
E02000282,Anti-social behaviour,2026-02,147.5659
E02000282,Burglary,2026-02,150.7025
E02000282,Criminal damage and arson,2026-02,154.3413
E02000282,Disruptive crimes,2026-02,160.62829999999997
E02000282,Property theft,2026-02,169.92889999999997
E02000282,Vehicle crime,2026-02,176.5747
E02000282,Violence,2026-02,203.6249
E02000283,Anti-social behaviour,2025-12,5.345700000000001
E02000283,Burglary,2025-12,7.8180000000000005
E02000283,Criminal damage and arson,2025-12,9.120899999999999
E02000283,Disruptive crimes,2025-12,11.838499999999998
E02000283,Property theft,2025-12,15.151199999999998
E02000283,Vehicle crime,2025-12,21.049100000000003
E02000283,Violence,2025-12,36.081300000000006
E02000283,Anti-social behaviour,2026-01,42.306700000000006
E02000283,Burglary,2026-01,44.829600000000006
E02000283,Criminal damage and arson,2026-01,46.1578
E02000283,Disruptive crimes,2026-01,49.0465
E02000283,Property theft,2026-01,52.33690000000001
E02000283,Vehicle crime,2026-01,58.1548
E02000283,Violence,2026-01,73.3799
E02000283,Anti-social behaviour,2026-02,79.2243
E02000283,Burglary,2026-02,81.77720000000001
E02000283,Criminal damage and arson,2026-02,82.988
E02000283,Disruptive crimes,2026-02,85.7045
E02000283,Property theft,2026-02,88.8129
E02000283,Vehicle crime,2026-02,94.3233
E02000283,Violence,2026-02,108.786
E02000284,Anti-social behaviour,2025-12,10.9161
E02000284,Burglary,2025-12,12.526100000000001
E02000284,Criminal damage and arson,2025-12,14.444300000000004
E02000284,Disruptive crimes,2025-12,18.704900000000002
E02000284,Property theft,2025-12,31.312000000000005
E02000284,Vehicle crime,2025-12,35.9335
E02000284,Violence,2025-12,53.263600000000004
E02000284,Anti-social behaviour,2026-01,65.5141
E02000284,Burglary,2026-01,67.0512
E02000284,Criminal damage and arson,2026-01,68.96289999999999
E02000284,Disruptive crimes,2026-01,73.3651
E02000284,Property theft,2026-01,85.93440000000001
E02000284,Vehicle crime,2026-01,90.51440000000001
E02000284,Violence,2026-01,108.1092
E02000284,Anti-social behaviour,2026-02,119.4402
E02000284,Burglary,2026-02,120.965
E02000284,Criminal damage and arson,2026-02,122.74629999999999
E02000284,Disruptive crimes,2026-02,126.9348
E02000284,Property theft,2026-02,138.41340000000002
E02000284,Vehicle crime,2026-02,142.75400000000002
E02000284,Violence,2026-02,159.39950000000002
E02000285,Anti-social behaviour,2025-12,2.6787
E02000285,Burglary,2025-12,2.6876
E02000285,Criminal damage and arson,2025-12,2.6922
E02000285,Disruptive crimes,2025-12,3.1665
E02000285,Property theft,2025-12,4.037
E02000285,Vehicle crime,2025-12,7.5351
E02000285,Violence,2025-12,15.1882
E02000285,Anti-social behaviour,2026-01,18.4566
E02000285,Burglary,2026-01,18.466000000000005
E02000285,Criminal damage and arson,2026-01,18.472400000000004
E02000285,Disruptive crimes,2026-01,18.999000000000002
E02000285,Property theft,2026-01,19.934800000000003
E02000285,Vehicle crime,2026-01,23.4034
E02000285,Violence,2026-01,31.195999999999998
E02000285,Anti-social behaviour,2026-02,34.392799999999994
E02000285,Burglary,2026-02,34.4021
E02000285,Criminal damage and arson,2026-02,34.4099
E02000285,Disruptive crimes,2026-02,34.922700000000006
E02000285,Property theft,2026-02,35.808400000000006
E02000285,Vehicle crime,2026-02,39.15070000000001
E02000285,Violence,2026-02,46.501100000000015
E02000286,Anti-social behaviour,2025-12,6.031499999999999
E02000286,Burglary,2025-12,6.9719
E02000286,Criminal damage and arson,2025-12,8.619799999999998
E02000286,Disruptive crimes,2025-12,10.904499999999999
E02000286,Property theft,2025-12,14.8295
E02000286,Vehicle crime,2025-12,19.592399999999998
E02000286,Violence,2025-12,42.102599999999995
E02000286,Anti-social behaviour,2026-01,49.2313
E02000286,Burglary,2026-01,50.1471
E02000286,Criminal damage and arson,2026-01,51.7648
E02000286,Disruptive crimes,2026-01,54.108000000000004
E02000286,Property theft,2026-01,57.9284
E02000286,Vehicle crime,2026-01,62.6319
E02000286,Violence,2026-01,85.193
E02000286,Anti-social behaviour,2026-02,91.91960000000002
E02000286,Burglary,2026-02,92.77200000000002
E02000286,Criminal damage and arson,2026-02,94.30010000000003
E02000286,Disruptive crimes,2026-02,96.52770000000002
E02000286,Property theft,2026-02,100.23550000000003
E02000286,Vehicle crime,2026-02,104.75610000000003
E02000286,Violence,2026-02,126.02290000000005
E02000287,Anti-social behaviour,2025-12,5.7349000000000006
E02000287,Burglary,2025-12,9.097999999999999
E02000287,Criminal damage and arson,2025-12,10.0646
E02000287,Disruptive crimes,2025-12,12.1554
E02000287,Property theft,2025-12,17.4422
E02000287,Vehicle crime,2025-12,23.485
E02000287,Violence,2025-12,32.6289
E02000287,Anti-social behaviour,2026-01,39.392700000000005
E02000287,Burglary,2026-01,42.6824
E02000287,Criminal damage and arson,2026-01,43.6501
E02000287,Disruptive crimes,2026-01,45.877300000000005
E02000287,Property theft,2026-01,51.12350000000001
E02000287,Vehicle crime,2026-01,57.07580000000001
E02000287,Violence,2026-01,66.327
E02000287,Anti-social behaviour,2026-02,72.60520000000001
E02000287,Burglary,2026-02,75.83850000000001
E02000287,Criminal damage and arson,2026-02,76.78700000000002
E02000287,Disruptive crimes,2026-02,78.86980000000003
E02000287,Property theft,2026-02,83.43840000000003
E02000287,Vehicle crime,2026-02,89.07000000000002
E02000287,Violence,2026-02,97.85880000000002
E02000288,Anti-social behaviour,2025-12,26.1389
E02000288,Burglary,2025-12,30.101200000000002
E02000288,Criminal damage and arson,2025-12,36.9842
E02000288,Disruptive crimes,2025-12,53.8742
E02000288,Property theft,2025-12,106.45159999999998
E02000288,Vehicle crime,2025-12,117.84779999999998
E02000288,Violence,2025-12,167.77889999999996
E02000288,Anti-social behaviour,2026-01,197.17969999999997
E02000288,Burglary,2026-01,201.13739999999996
E02000288,Criminal damage and arson,2026-01,208.11509999999996
E02000288,Disruptive crimes,2026-01,225.37639999999996
E02000288,Property theft,2026-01,278.78669999999994
E02000288,Vehicle crime,2026-01,290.10679999999996
E02000288,Violence,2026-01,340.58559999999994
E02000288,Anti-social behaviour,2026-02,367.48849999999993
E02000288,Burglary,2026-02,371.47029999999995
E02000288,Criminal damage and arson,2026-02,377.99189999999993
E02000288,Disruptive crimes,2026-02,394.14829999999995
E02000288,Property theft,2026-02,445.0951999999999
E02000288,Vehicle crime,2026-02,455.76009999999997
E02000288,Violence,2026-02,503.63969999999995
E02000289,Anti-social behaviour,2025-12,1.0883
E02000289,Burglary,2025-12,1.5830000000000002
E02000289,Criminal damage and arson,2025-12,1.5855000000000001
E02000289,Disruptive crimes,2025-12,1.5874000000000001
E02000289,Property theft,2025-12,1.6416000000000002
E02000289,Vehicle crime,2025-12,4.8039000000000005
E02000289,Violence,2025-12,10.0661
E02000289,Anti-social behaviour,2026-01,11.361000000000002
E02000289,Burglary,2026-01,11.816100000000002
E02000289,Criminal damage and arson,2026-01,11.819000000000003
E02000289,Disruptive crimes,2026-01,11.821400000000002
E02000289,Property theft,2026-01,11.880900000000004
E02000289,Vehicle crime,2026-01,15.008500000000002
E02000289,Violence,2026-01,20.3575
E02000289,Anti-social behaviour,2026-02,21.791900000000002
E02000289,Burglary,2026-02,22.2787
E02000289,Criminal damage and arson,2026-02,22.2824
E02000289,Disruptive crimes,2026-02,22.2853
E02000289,Property theft,2026-02,22.361499999999996
E02000289,Vehicle crime,2026-02,25.330799999999996
E02000289,Violence,2026-02,30.341299999999997
E02000290,Anti-social behaviour,2025-12,14.7747
E02000290,Burglary,2025-12,18.021500000000003
E02000290,Criminal damage and arson,2025-12,20.9754
E02000290,Disruptive crimes,2025-12,26.4389
E02000290,Property theft,2025-12,33.9848
E02000290,Vehicle crime,2025-12,41.5219
E02000290,Violence,2025-12,63.5237
E02000290,Anti-social behaviour,2026-01,79.7992
E02000290,Burglary,2026-01,82.99249999999999
E02000290,Criminal damage and arson,2026-01,85.9538
E02000290,Disruptive crimes,2026-01,91.4562
E02000290,Property theft,2026-01,99.08999999999999
E02000290,Vehicle crime,2026-01,106.7245
E02000290,Violence,2026-01,128.9837
E02000290,Anti-social behaviour,2026-02,144.01529999999997
E02000290,Burglary,2026-02,147.00709999999998
E02000290,Criminal damage and arson,2026-02,149.79559999999998
E02000290,Disruptive crimes,2026-02,154.94789999999998
E02000290,Property theft,2026-02,161.91629999999995
E02000290,Vehicle crime,2026-02,169.10569999999996
E02000290,Violence,2026-02,190.22359999999995
E02000291,Anti-social behaviour,2025-12,14.9377
E02000291,Burglary,2025-12,16.9528
E02000291,Criminal damage and arson,2025-12,19.7962
E02000291,Disruptive crimes,2025-12,25.971
E02000291,Property theft,2025-12,52.733200000000004
E02000291,Vehicle crime,2025-12,58.67730000000001
E02000291,Violence,2025-12,82.80130000000001
E02000291,Anti-social behaviour,2026-01,98.96850000000002
E02000291,Burglary,2026-01,100.99340000000002
E02000291,Criminal damage and arson,2026-01,103.85020000000003
E02000291,Disruptive crimes,2026-01,110.18370000000003
E02000291,Property theft,2026-01,137.58530000000002
E02000291,Vehicle crime,2026-01,143.4143
E02000291,Violence,2026-01,167.85879999999997
E02000291,Anti-social behaviour,2026-02,182.96569999999997
E02000291,Burglary,2026-02,184.98669999999993
E02000291,Criminal damage and arson,2026-02,187.68679999999992
E02000291,Disruptive crimes,2026-02,193.6007999999999
E02000291,Property theft,2026-02,218.9751999999999
E02000291,Vehicle crime,2026-02,224.5856999999999
E02000291,Violence,2026-02,247.76839999999993
E02000292,Anti-social behaviour,2025-12,11.609
E02000292,Burglary,2025-12,13.381799999999998
E02000292,Criminal damage and arson,2025-12,15.393599999999998
E02000292,Disruptive crimes,2025-12,21.374999999999996
E02000292,Property theft,2025-12,46.80519999999999
E02000292,Vehicle crime,2025-12,55.458299999999994
E02000292,Violence,2025-12,78.99849999999999
E02000292,Anti-social behaviour,2026-01,92.04169999999999
E02000292,Burglary,2026-01,93.7879
E02000292,Criminal damage and arson,2026-01,95.8314
E02000292,Disruptive crimes,2026-01,102.0995
E02000292,Property theft,2026-01,128.5095
E02000292,Vehicle crime,2026-01,137.1084
E02000292,Violence,2026-01,161.0478
E02000292,Anti-social behaviour,2026-02,173.335
E02000292,Burglary,2026-02,175.07150000000001
E02000292,Criminal damage and arson,2026-02,176.9981
E02000292,Disruptive crimes,2026-02,182.8932
E02000292,Property theft,2026-02,207.48850000000002
E02000292,Vehicle crime,2026-02,215.561
E02000292,Violence,2026-02,238.1895
E02000293,Anti-social behaviour,2025-12,3.6430000000000002
E02000293,Burglary,2025-12,4.6951
E02000293,Criminal damage and arson,2025-12,5.1752
E02000293,Disruptive crimes,2025-12,6.461600000000001
E02000293,Property theft,2025-12,12.967
E02000293,Vehicle crime,2025-12,17.2436
E02000293,Violence,2025-12,24.2443
E02000293,Anti-social behaviour,2026-01,28.6364
E02000293,Burglary,2026-01,29.701299999999996
E02000293,Criminal damage and arson,2026-01,30.2475
E02000293,Disruptive crimes,2026-01,31.584799999999998
E02000293,Property theft,2026-01,38.302
E02000293,Vehicle crime,2026-01,42.4833
E02000293,Violence,2026-01,49.667300000000004
E02000293,Anti-social behaviour,2026-02,53.975300000000004
E02000293,Burglary,2026-02,55.06790000000001
E02000293,Criminal damage and arson,2026-02,55.609400000000015
E02000293,Disruptive crimes,2026-02,56.86850000000002
E02000293,Property theft,2026-02,62.92930000000002
E02000293,Vehicle crime,2026-02,66.91430000000001
E02000293,Violence,2026-02,73.6488
E02000294,Anti-social behaviour,2025-12,6.081
E02000294,Burglary,2025-12,7.967899999999999
E02000294,Criminal damage and arson,2025-12,9.712599999999998
E02000294,Disruptive crimes,2025-12,15.240699999999999
E02000294,Property theft,2025-12,20.8497
E02000294,Vehicle crime,2025-12,26.5774
E02000294,Violence,2025-12,46.8333
E02000294,Anti-social behaviour,2026-01,54.31280000000001
E02000294,Burglary,2026-01,56.20770000000001
E02000294,Criminal damage and arson,2026-01,57.97870000000001
E02000294,Disruptive crimes,2026-01,63.63840000000001
E02000294,Property theft,2026-01,69.4884
E02000294,Vehicle crime,2026-01,75.1799
E02000294,Violence,2026-01,95.67570000000002
E02000294,Anti-social behaviour,2026-02,102.4422
E02000294,Burglary,2026-02,104.29969999999999
E02000294,Criminal damage and arson,2026-02,105.9562
E02000294,Disruptive crimes,2026-02,111.239
E02000294,Property theft,2026-02,116.80690000000001
E02000294,Vehicle crime,2026-02,122.2249
E02000294,Violence,2026-02,141.6587
E02000295,Anti-social behaviour,2025-12,3.2571
E02000295,Burglary,2025-12,3.3777
E02000295,Criminal damage and arson,2025-12,3.3871
E02000295,Disruptive crimes,2025-12,3.6787000000000005
E02000295,Property theft,2025-12,5.653100000000001
E02000295,Vehicle crime,2025-12,9.0038
E02000295,Violence,2025-12,17.5823
E02000295,Anti-social behaviour,2026-01,21.5111
E02000295,Burglary,2026-01,21.6393
E02000295,Criminal damage and arson,2026-01,21.6516
E02000295,Disruptive crimes,2026-01,22.037799999999997
E02000295,Property theft,2026-01,23.991899999999998
E02000295,Vehicle crime,2026-01,27.3171
E02000295,Violence,2026-01,36.034000000000006
E02000295,Anti-social behaviour,2026-02,39.61370000000001
E02000295,Burglary,2026-02,39.76920000000001
E02000295,Criminal damage and arson,2026-02,39.78200000000002
E02000295,Disruptive crimes,2026-02,40.186300000000024
E02000295,Property theft,2026-02,42.104600000000026
E02000295,Vehicle crime,2026-02,45.25040000000003
E02000295,Violence,2026-02,53.55220000000003
E02000296,Anti-social behaviour,2025-12,16.373500000000003
E02000296,Burglary,2025-12,18.687500000000007
E02000296,Criminal damage and arson,2025-12,20.518400000000007
E02000296,Disruptive crimes,2025-12,24.752900000000004
E02000296,Property theft,2025-12,41.81830000000001
E02000296,Vehicle crime,2025-12,48.38660000000001
E02000296,Violence,2025-12,70.88380000000001
E02000296,Anti-social behaviour,2026-01,89.30290000000001
E02000296,Burglary,2026-01,91.53030000000001
E02000296,Criminal damage and arson,2026-01,93.35300000000001
E02000296,Disruptive crimes,2026-01,97.7077
E02000296,Property theft,2026-01,115.33449999999999
E02000296,Vehicle crime,2026-01,121.72929999999998
E02000296,Violence,2026-01,144.6482
E02000296,Anti-social behaviour,2026-02,162.1658
E02000296,Burglary,2026-02,164.43789999999998
E02000296,Criminal damage and arson,2026-02,166.15140000000002
E02000296,Disruptive crimes,2026-02,170.3065
E02000296,Property theft,2026-02,186.3884
E02000296,Vehicle crime,2026-02,192.3632
E02000296,Violence,2026-02,214.4855
E02000297,Anti-social behaviour,2025-12,2.8592000000000004
E02000297,Burglary,2025-12,4.1593
E02000297,Criminal damage and arson,2025-12,4.1647
E02000297,Disruptive crimes,2025-12,5.2962
E02000297,Property theft,2025-12,6.7197000000000005
E02000297,Vehicle crime,2025-12,13.6578
E02000297,Violence,2025-12,23.4984
E02000297,Anti-social behaviour,2026-01,26.8609
E02000297,Burglary,2026-01,28.1927
E02000297,Criminal damage and arson,2026-01,28.200699999999998
E02000297,Disruptive crimes,2026-01,29.469599999999996
E02000297,Property theft,2026-01,30.887099999999997
E02000297,Vehicle crime,2026-01,37.674099999999996
E02000297,Violence,2026-01,47.6353
E02000297,Anti-social behaviour,2026-02,50.99839999999999
E02000297,Burglary,2026-02,52.38069999999999
E02000297,Criminal damage and arson,2026-02,52.39009999999999
E02000297,Disruptive crimes,2026-02,53.599599999999995
E02000297,Property theft,2026-02,55.032399999999996
E02000297,Vehicle crime,2026-02,61.547799999999995
E02000297,Violence,2026-02,70.89809999999997
E02000298,Anti-social behaviour,2025-12,3.1652
E02000298,Burglary,2025-12,4.315300000000001
E02000298,Criminal damage and arson,2025-12,4.421200000000001
E02000298,Disruptive crimes,2025-12,4.6549
E02000298,Property theft,2025-12,6.759999999999999
E02000298,Vehicle crime,2025-12,13.248199999999999
E02000298,Violence,2025-12,19.0007
E02000298,Anti-social behaviour,2026-01,22.6558
E02000298,Burglary,2026-01,23.780099999999997
E02000298,Criminal damage and arson,2026-01,23.9071
E02000298,Disruptive crimes,2026-01,24.203699999999998
E02000298,Property theft,2026-01,26.289399999999997
E02000298,Vehicle crime,2026-01,32.675
E02000298,Violence,2026-01,38.567699999999995
E02000298,Anti-social behaviour,2026-02,41.84839999999999
E02000298,Burglary,2026-02,42.97139999999999
E02000298,Criminal damage and arson,2026-02,43.10249999999999
E02000298,Disruptive crimes,2026-02,43.40539999999999
E02000298,Property theft,2026-02,45.3835
E02000298,Vehicle crime,2026-02,51.5227
E02000298,Violence,2026-02,57.0389
E02000299,Anti-social behaviour,2025-12,11.4346
E02000299,Burglary,2025-12,12.283700000000001
E02000299,Criminal damage and arson,2025-12,14.004900000000001
E02000299,Disruptive crimes,2025-12,23.041600000000003
E02000299,Property theft,2025-12,27.4994
E02000299,Vehicle crime,2025-12,34.3168
E02000299,Violence,2025-12,57.49770000000001
E02000299,Anti-social behaviour,2026-01,70.6314
E02000299,Burglary,2026-01,71.5141
E02000299,Criminal damage and arson,2026-01,73.2895
E02000299,Disruptive crimes,2026-01,82.6454
E02000299,Property theft,2026-01,87.23299999999999
E02000299,Vehicle crime,2026-01,93.99399999999999
E02000299,Violence,2026-01,117.535
E02000299,Anti-social behaviour,2026-02,129.7169
E02000299,Burglary,2026-02,130.5992
E02000299,Criminal damage and arson,2026-02,132.27290000000002
E02000299,Disruptive crimes,2026-02,141.043
E02000299,Property theft,2026-02,145.3957
E02000299,Vehicle crime,2026-02,151.8704
E02000299,Violence,2026-02,174.1944
E02000300,Anti-social behaviour,2025-12,6.504300000000001
E02000300,Burglary,2025-12,7.440200000000001
E02000300,Criminal damage and arson,2025-12,8.6928
E02000300,Disruptive crimes,2025-12,13.1632
E02000300,Property theft,2025-12,15.700199999999999
E02000300,Vehicle crime,2025-12,21.3624
E02000300,Violence,2025-12,42.148399999999995
E02000300,Anti-social behaviour,2026-01,49.8904
E02000300,Burglary,2026-01,50.781699999999994
E02000300,Criminal damage and arson,2026-01,52.094999999999985
E02000300,Disruptive crimes,2026-01,56.75679999999998
E02000300,Property theft,2026-01,59.39699999999998
E02000300,Vehicle crime,2026-01,64.99869999999997
E02000300,Violence,2026-01,86.06299999999996
E02000300,Anti-social behaviour,2026-02,93.06179999999998
E02000300,Burglary,2026-02,93.96489999999999
E02000300,Criminal damage and arson,2026-02,95.26979999999999
E02000300,Disruptive crimes,2026-02,99.58579999999999
E02000300,Property theft,2026-02,102.0538
E02000300,Vehicle crime,2026-02,107.42049999999999
E02000300,Violence,2026-02,127.41619999999998
E02000301,Anti-social behaviour,2025-12,12.856300000000001
E02000301,Burglary,2025-12,15.772400000000001
E02000301,Criminal damage and arson,2025-12,18.195200000000003
E02000301,Disruptive crimes,2025-12,26.0554
E02000301,Property theft,2025-12,31.8523
E02000301,Vehicle crime,2025-12,41.0293
E02000301,Violence,2025-12,66.1352
E02000301,Anti-social behaviour,2026-01,80.83910000000002
E02000301,Burglary,2026-01,83.77830000000003
E02000301,Criminal damage and arson,2026-01,86.27220000000001
E02000301,Disruptive crimes,2026-01,94.3195
E02000301,Property theft,2026-01,100.17490000000001
E02000301,Vehicle crime,2026-01,109.18160000000002
E02000301,Violence,2026-01,134.82960000000003
E02000301,Anti-social behaviour,2026-02,148.276
E02000301,Burglary,2026-02,151.21959999999999
E02000301,Criminal damage and arson,2026-02,153.5314
E02000301,Disruptive crimes,2026-02,161.0049
E02000301,Property theft,2026-02,166.60909999999998
E02000301,Vehicle crime,2026-02,175.21189999999999
E02000301,Violence,2026-02,199.44729999999998
E02000302,Anti-social behaviour,2025-12,4.8286
E02000302,Burglary,2025-12,7.3413
E02000302,Criminal damage and arson,2025-12,7.454000000000001
E02000302,Disruptive crimes,2025-12,9.240800000000002
E02000302,Property theft,2025-12,11.707500000000003
E02000302,Vehicle crime,2025-12,18.651300000000003
E02000302,Violence,2025-12,29.875400000000006
E02000302,Anti-social behaviour,2026-01,35.64340000000001
E02000302,Burglary,2026-01,38.157700000000006
E02000302,Criminal damage and arson,2026-01,38.28300000000001
E02000302,Disruptive crimes,2026-01,40.16000000000001
E02000302,Property theft,2026-01,42.57360000000001
E02000302,Vehicle crime,2026-01,49.43140000000002
E02000302,Violence,2026-01,60.76070000000002
E02000302,Anti-social behaviour,2026-02,66.26140000000001
E02000302,Burglary,2026-02,68.796
E02000302,Criminal damage and arson,2026-02,68.91560000000001
E02000302,Disruptive crimes,2026-02,70.7172
E02000302,Property theft,2026-02,72.9778
E02000302,Vehicle crime,2026-02,79.559
E02000302,Violence,2026-02,90.24610000000001
E02000303,Anti-social behaviour,2025-12,8.7881
E02000303,Burglary,2025-12,11.1257
E02000303,Criminal damage and arson,2025-12,14.0762
E02000303,Disruptive crimes,2025-12,24.725
E02000303,Property theft,2025-12,32.180800000000005
E02000303,Vehicle crime,2025-12,38.578300000000006
E02000303,Violence,2025-12,65.0164
E02000303,Anti-social behaviour,2026-01,75.4598
E02000303,Burglary,2026-01,77.82190000000001
E02000303,Criminal damage and arson,2026-01,80.7157
E02000303,Disruptive crimes,2026-01,91.6509
E02000303,Property theft,2026-01,99.18570000000001
E02000303,Vehicle crime,2026-01,105.4975
E02000303,Violence,2026-01,132.32440000000003
E02000303,Anti-social behaviour,2026-02,141.55410000000006
E02000303,Burglary,2026-02,143.98040000000006
E02000303,Criminal damage and arson,2026-02,146.7709000000001
E02000303,Disruptive crimes,2026-02,156.90510000000006
E02000303,Property theft,2026-02,164.02540000000008
E02000303,Vehicle crime,2026-02,170.04450000000008
E02000303,Violence,2026-02,195.7824000000001
E02000304,Anti-social behaviour,2025-12,2.1943
E02000304,Burglary,2025-12,4.5844000000000005
E02000304,Criminal damage and arson,2025-12,4.589600000000001
E02000304,Disruptive crimes,2025-12,4.605
E02000304,Property theft,2025-12,5.7551
E02000304,Vehicle crime,2025-12,12.1655
E02000304,Violence,2025-12,17.9946
E02000304,Anti-social behaviour,2026-01,20.922400000000003
E02000304,Burglary,2026-01,23.341900000000003
E02000304,Criminal damage and arson,2026-01,23.348000000000003
E02000304,Disruptive crimes,2026-01,23.365900000000003
E02000304,Property theft,2026-01,24.597500000000004
E02000304,Vehicle crime,2026-01,30.899900000000006
E02000304,Violence,2026-01,36.777100000000004
E02000304,Anti-social behaviour,2026-02,39.8453
E02000304,Burglary,2026-02,42.2612
E02000304,Criminal damage and arson,2026-02,42.2687
E02000304,Disruptive crimes,2026-02,42.290400000000005
E02000304,Property theft,2026-02,43.4318
E02000304,Vehicle crime,2026-02,49.4581
E02000304,Violence,2026-02,54.926400000000015
E02000305,Anti-social behaviour,2025-12,8.5213
E02000305,Burglary,2025-12,10.5718
E02000305,Criminal damage and arson,2025-12,11.676200000000001
E02000305,Disruptive crimes,2025-12,14.4731
E02000305,Property theft,2025-12,21.421
E02000305,Vehicle crime,2025-12,29.353699999999996
E02000305,Violence,2025-12,42.3655
E02000305,Anti-social behaviour,2026-01,51.939499999999995
E02000305,Burglary,2026-01,53.980799999999995
E02000305,Criminal damage and arson,2026-01,55.091699999999996
E02000305,Disruptive crimes,2026-01,57.920799999999986
E02000305,Property theft,2026-01,65.00659999999999
E02000305,Vehicle crime,2026-01,72.8745
E02000305,Violence,2026-01,86.01939999999999
E02000305,Anti-social behaviour,2026-02,94.74969999999998
E02000305,Burglary,2026-02,96.80479999999999
E02000305,Criminal damage and arson,2026-02,97.88900000000001
E02000305,Disruptive crimes,2026-02,100.51840000000001
E02000305,Property theft,2026-02,106.908
E02000305,Vehicle crime,2026-02,114.34739999999998
E02000305,Violence,2026-02,126.71869999999998
E02000306,Anti-social behaviour,2025-12,30.113300000000002
E02000306,Burglary,2025-12,33.392500000000005
E02000306,Criminal damage and arson,2025-12,41.666500000000006
E02000306,Disruptive crimes,2025-12,64.21280000000002
E02000306,Property theft,2025-12,104.67850000000001
E02000306,Vehicle crime,2025-12,115.14970000000001
E02000306,Violence,2025-12,162.4974
E02000306,Anti-social behaviour,2026-01,195.09390000000002
E02000306,Burglary,2026-01,198.31710000000004
E02000306,Criminal damage and arson,2026-01,206.66160000000002
E02000306,Disruptive crimes,2026-01,229.67650000000003
E02000306,Property theft,2026-01,269.83970000000005
E02000306,Vehicle crime,2026-01,280.45240000000007
E02000306,Violence,2026-01,328.30090000000007
E02000306,Anti-social behaviour,2026-02,357.9591000000001
E02000306,Burglary,2026-02,361.0470000000001
E02000306,Criminal damage and arson,2026-02,368.9074
E02000306,Disruptive crimes,2026-02,390.54779999999994
E02000306,Property theft,2026-02,428.38519999999994
E02000306,Vehicle crime,2026-02,438.3764
E02000306,Violence,2026-02,484.1629
E02000307,Anti-social behaviour,2025-12,3.9930999999999996
E02000307,Burglary,2025-12,4.668
E02000307,Criminal damage and arson,2025-12,4.767800000000001
E02000307,Disruptive crimes,2025-12,6.7994
E02000307,Property theft,2025-12,8.3644
E02000307,Vehicle crime,2025-12,13.8688
E02000307,Violence,2025-12,26.7849
E02000307,Anti-social behaviour,2026-01,31.830200000000005
E02000307,Burglary,2026-01,32.55590000000001
E02000307,Criminal damage and arson,2026-01,32.67820000000001
E02000307,Disruptive crimes,2026-01,34.915000000000006
E02000307,Property theft,2026-01,36.5261
E02000307,Vehicle crime,2026-01,41.9066
E02000307,Violence,2026-01,54.9257
E02000307,Anti-social behaviour,2026-02,59.7001
E02000307,Burglary,2026-02,60.4799
E02000307,Criminal damage and arson,2026-02,60.611
E02000307,Disruptive crimes,2026-02,62.7141
E02000307,Property theft,2026-02,64.20980000000002
E02000307,Vehicle crime,2026-02,69.40600000000002
E02000307,Violence,2026-02,81.71750000000002
E02000308,Anti-social behaviour,2025-12,9.8075
E02000308,Burglary,2025-12,11.749799999999999
E02000308,Criminal damage and arson,2025-12,14.423099999999998
E02000308,Disruptive crimes,2025-12,19.4395
E02000308,Property theft,2025-12,41.028499999999994
E02000308,Vehicle crime,2025-12,49.88819999999998
E02000308,Violence,2025-12,65.39909999999999
E02000308,Anti-social behaviour,2026-01,76.51469999999999
E02000308,Burglary,2026-01,78.45559999999998
E02000308,Criminal damage and arson,2026-01,81.25149999999996
E02000308,Disruptive crimes,2026-01,86.34849999999997
E02000308,Property theft,2026-01,110.25969999999995
E02000308,Vehicle crime,2026-01,118.97839999999995
E02000308,Violence,2026-01,134.69539999999995
E02000308,Anti-social behaviour,2026-02,144.56809999999993
E02000308,Burglary,2026-02,146.48459999999994
E02000308,Criminal damage and arson,2026-02,149.20859999999996
E02000308,Disruptive crimes,2026-02,153.9388
E02000308,Property theft,2026-02,174.37130000000002
E02000308,Vehicle crime,2026-02,182.56289999999998
E02000308,Violence,2026-02,197.37009999999998
E02000309,Anti-social behaviour,2025-12,22.1941
E02000309,Burglary,2025-12,26.8693
E02000309,Criminal damage and arson,2025-12,33.0174
E02000309,Disruptive crimes,2025-12,51.060700000000004
E02000309,Property theft,2025-12,75.98910000000001
E02000309,Vehicle crime,2025-12,92.81290000000001
E02000309,Violence,2025-12,137.56590000000003
E02000309,Anti-social behaviour,2026-01,163.47870000000003
E02000309,Burglary,2026-01,168.07710000000003
E02000309,Criminal damage and arson,2026-01,174.15140000000005
E02000309,Disruptive crimes,2026-01,192.58640000000008
E02000309,Property theft,2026-01,217.83980000000008
E02000309,Vehicle crime,2026-01,234.72010000000006
E02000309,Violence,2026-01,280.02180000000004
E02000309,Anti-social behaviour,2026-02,303.3363
E02000309,Burglary,2026-02,307.85970000000003
E02000309,Criminal damage and arson,2026-02,313.6433
E02000309,Disruptive crimes,2026-02,330.93790000000007
E02000309,Property theft,2026-02,352.6598000000001
E02000309,Vehicle crime,2026-02,368.03960000000006
E02000309,Violence,2026-02,411.1813
E02000311,Anti-social behaviour,2025-12,7.6917
E02000311,Burglary,2025-12,9.481200000000001
E02000311,Criminal damage and arson,2025-12,10.3038
E02000311,Disruptive crimes,2025-12,13.431600000000001
E02000311,Property theft,2025-12,16.7968
E02000311,Vehicle crime,2025-12,25.5685
E02000311,Violence,2025-12,42.8353
E02000311,Anti-social behaviour,2026-01,51.7029
E02000311,Burglary,2026-01,53.535599999999995
E02000311,Criminal damage and arson,2026-01,54.4037
E02000311,Disruptive crimes,2026-01,57.738699999999994
E02000311,Property theft,2026-01,61.2186
E02000311,Vehicle crime,2026-01,69.8057
E02000311,Violence,2026-01,87.21400000000001
E02000311,Anti-social behaviour,2026-02,95.2493
E02000311,Burglary,2026-02,97.1618
E02000311,Criminal damage and arson,2026-02,98.02210000000002
E02000311,Disruptive crimes,2026-02,101.13930000000002
E02000311,Property theft,2026-02,104.44270000000003
E02000311,Vehicle crime,2026-02,112.59870000000002
E02000311,Violence,2026-02,129.1373
E02000312,Anti-social behaviour,2025-12,12.6308
E02000312,Burglary,2025-12,14.725500000000002
E02000312,Criminal damage and arson,2025-12,16.166300000000003
E02000312,Disruptive crimes,2025-12,20.364200000000004
E02000312,Property theft,2025-12,22.838699999999996
E02000312,Vehicle crime,2025-12,32.22509999999999
E02000312,Violence,2025-12,49.22099999999998
E02000312,Anti-social behaviour,2026-01,63.521599999999985
E02000312,Burglary,2026-01,65.55949999999999
E02000312,Criminal damage and arson,2026-01,67.0659
E02000312,Disruptive crimes,2026-01,71.42929999999998
E02000312,Property theft,2026-01,73.87269999999997
E02000312,Vehicle crime,2026-01,83.11809999999997
E02000312,Violence,2026-01,100.43779999999997
E02000312,Anti-social behaviour,2026-02,113.48139999999998
E02000312,Burglary,2026-02,115.49349999999998
E02000312,Criminal damage and arson,2026-02,116.9315
E02000312,Disruptive crimes,2026-02,120.97130000000001
E02000312,Property theft,2026-02,123.25150000000002
E02000312,Vehicle crime,2026-02,132.01780000000002
E02000312,Violence,2026-02,148.49600000000004
E02000313,Anti-social behaviour,2025-12,5.4808
E02000313,Burglary,2025-12,5.493
E02000313,Criminal damage and arson,2025-12,8.315
E02000313,Disruptive crimes,2025-12,12.419899999999998
E02000313,Property theft,2025-12,14.894799999999996
E02000313,Vehicle crime,2025-12,16.895799999999998
E02000313,Violence,2025-12,33.0216
E02000313,Anti-social behaviour,2026-01,39.3472
E02000313,Burglary,2026-01,39.3575
E02000313,Criminal damage and arson,2026-01,42.252900000000004
E02000313,Disruptive crimes,2026-01,46.6152
E02000313,Property theft,2026-01,49.1681
E02000313,Vehicle crime,2026-01,51.2166
E02000313,Violence,2026-01,67.5819
E02000313,Anti-social behaviour,2026-02,73.33619999999999
E02000313,Burglary,2026-02,73.3475
E02000313,Criminal damage and arson,2026-02,76.1143
E02000313,Disruptive crimes,2026-02,80.1945
E02000313,Property theft,2026-02,82.6746
E02000313,Vehicle crime,2026-02,84.6591
E02000313,Violence,2026-02,100.1612
E02000314,Anti-social behaviour,2025-12,11.771500000000001
E02000314,Burglary,2025-12,11.988200000000003
E02000314,Criminal damage and arson,2025-12,18.066200000000002
E02000314,Disruptive crimes,2025-12,26.7996
E02000314,Property theft,2025-12,43.592
E02000314,Vehicle crime,2025-12,49.76180000000001
E02000314,Violence,2025-12,94.7487
E02000314,Anti-social behaviour,2026-01,107.72419999999998
E02000314,Burglary,2026-01,107.91059999999997
E02000314,Criminal damage and arson,2026-01,114.16469999999998
E02000314,Disruptive crimes,2026-01,123.21479999999997
E02000314,Property theft,2026-01,140.11089999999996
E02000314,Vehicle crime,2026-01,146.17909999999998
E02000314,Violence,2026-01,191.82629999999995
E02000314,Anti-social behaviour,2026-02,203.45979999999992
E02000314,Burglary,2026-02,203.64899999999992
E02000314,Criminal damage and arson,2026-02,209.56269999999986
E02000314,Disruptive crimes,2026-02,218.03219999999988
E02000314,Property theft,2026-02,232.65719999999988
E02000314,Vehicle crime,2026-02,238.4899999999999
E02000314,Violence,2026-02,281.93389999999994
E02000315,Anti-social behaviour,2025-12,12.308900000000001
E02000315,Burglary,2025-12,13.390400000000001
E02000315,Criminal damage and arson,2025-12,18.933500000000002
E02000315,Disruptive crimes,2025-12,29.708400000000005
E02000315,Property theft,2025-12,43.6647
E02000315,Vehicle crime,2025-12,51.22970000000001
E02000315,Violence,2025-12,82.5038
E02000315,Anti-social behaviour,2026-01,96.6272
E02000315,Burglary,2026-01,97.6794
E02000315,Criminal damage and arson,2026-01,103.1358
E02000315,Disruptive crimes,2026-01,114.0253
E02000315,Property theft,2026-01,128.0265
E02000315,Vehicle crime,2026-01,135.47809999999998
E02000315,Violence,2026-01,167.0716
E02000315,Anti-social behaviour,2026-02,179.89870000000002
E02000315,Burglary,2026-02,180.96080000000003
E02000315,Criminal damage and arson,2026-02,186.18830000000003
E02000315,Disruptive crimes,2026-02,196.40670000000003
E02000315,Property theft,2026-02,209.17660000000004
E02000315,Vehicle crime,2026-02,216.19920000000005
E02000315,Violence,2026-02,246.28180000000006
E02000317,Anti-social behaviour,2025-12,5.1418
E02000317,Burglary,2025-12,6.4398
E02000317,Criminal damage and arson,2025-12,8.549000000000001
E02000317,Disruptive crimes,2025-12,13.4318
E02000317,Property theft,2025-12,18.0866
E02000317,Vehicle crime,2025-12,20.6491
E02000317,Violence,2025-12,39.4309
E02000317,Anti-social behaviour,2026-01,45.5293
E02000317,Burglary,2026-01,46.7982
E02000317,Criminal damage and arson,2026-01,48.8845
E02000317,Disruptive crimes,2026-01,53.8574
E02000317,Property theft,2026-01,58.51519999999999
E02000317,Vehicle crime,2026-01,60.99869999999999
E02000317,Violence,2026-01,79.84669999999998
E02000317,Anti-social behaviour,2026-02,85.136
E02000317,Burglary,2026-02,86.37689999999999
E02000317,Criminal damage and arson,2026-02,88.4168
E02000317,Disruptive crimes,2026-02,93.04759999999999
E02000317,Property theft,2026-02,97.41239999999999
E02000317,Vehicle crime,2026-02,99.7997
E02000317,Violence,2026-02,117.85560000000001
E02000318,Anti-social behaviour,2025-12,16.1222
E02000318,Burglary,2025-12,17.7937
E02000318,Criminal damage and arson,2025-12,23.002700000000004
E02000318,Disruptive crimes,2025-12,36.949200000000005
E02000318,Property theft,2025-12,47.0621
E02000318,Vehicle crime,2025-12,53.1143
E02000318,Violence,2025-12,85.5584
E02000318,Anti-social behaviour,2026-01,103.59460000000001
E02000318,Burglary,2026-01,105.31230000000004
E02000318,Criminal damage and arson,2026-01,110.47590000000004
E02000318,Disruptive crimes,2026-01,124.56970000000005
E02000318,Property theft,2026-01,134.66150000000005
E02000318,Vehicle crime,2026-01,140.66880000000003
E02000318,Violence,2026-01,173.66700000000006
E02000318,Anti-social behaviour,2026-02,190.17070000000004
E02000318,Burglary,2026-02,191.94510000000005
E02000318,Criminal damage and arson,2026-02,196.82990000000004
E02000318,Disruptive crimes,2026-02,210.04010000000002
E02000318,Property theft,2026-02,219.439
E02000318,Vehicle crime,2026-02,225.10860000000002
E02000318,Violence,2026-02,256.56510000000003
E02000319,Anti-social behaviour,2025-12,6.1325
E02000319,Burglary,2025-12,6.175100000000001
E02000319,Criminal damage and arson,2025-12,8.381500000000003
E02000319,Disruptive crimes,2025-12,15.463800000000003
E02000319,Property theft,2025-12,19.0698
E02000319,Vehicle crime,2025-12,23.2733
E02000319,Violence,2025-12,47.2791
E02000319,Anti-social behaviour,2026-01,54.4017
E02000319,Burglary,2026-01,54.443200000000004
E02000319,Criminal damage and arson,2026-01,56.72390000000001
E02000319,Disruptive crimes,2026-01,64.01360000000001
E02000319,Property theft,2026-01,67.69590000000001
E02000319,Vehicle crime,2026-01,71.90160000000002
E02000319,Violence,2026-01,96.31260000000002
E02000319,Anti-social behaviour,2026-02,102.76840000000003
E02000319,Burglary,2026-02,102.80870000000003
E02000319,Criminal damage and arson,2026-02,104.96610000000004
E02000319,Disruptive crimes,2026-02,111.73430000000005
E02000319,Property theft,2026-02,115.17100000000005
E02000319,Vehicle crime,2026-02,119.15330000000004
E02000319,Violence,2026-02,142.2536
E02000320,Anti-social behaviour,2025-12,2.9602
E02000320,Burglary,2025-12,2.9646999999999997
E02000320,Criminal damage and arson,2025-12,4.2928
E02000320,Disruptive crimes,2025-12,6.918099999999999
E02000320,Property theft,2025-12,9.855299999999998
E02000320,Vehicle crime,2025-12,13.208399999999997
E02000320,Violence,2025-12,25.252899999999997
E02000320,Anti-social behaviour,2026-01,28.769799999999996
E02000320,Burglary,2026-01,28.774399999999996
E02000320,Criminal damage and arson,2026-01,30.145799999999994
E02000320,Disruptive crimes,2026-01,32.9663
E02000320,Property theft,2026-01,35.9725
E02000320,Vehicle crime,2026-01,39.3135
E02000320,Violence,2026-01,51.4544
E02000320,Anti-social behaviour,2026-02,54.61189999999999
E02000320,Burglary,2026-02,54.61659999999999
E02000320,Criminal damage and arson,2026-02,55.934999999999995
E02000320,Disruptive crimes,2026-02,58.5238
E02000320,Property theft,2026-02,61.4435
E02000320,Vehicle crime,2026-02,64.7376
E02000320,Violence,2026-02,76.25619999999998
E02000321,Anti-social behaviour,2025-12,8.2876
E02000321,Burglary,2025-12,8.724699999999999
E02000321,Criminal damage and arson,2025-12,10.986199999999998
E02000321,Disruptive crimes,2025-12,16.958799999999997
E02000321,Property theft,2025-12,20.107499999999995
E02000321,Vehicle crime,2025-12,23.988199999999996
E02000321,Violence,2025-12,44.7176
E02000321,Anti-social behaviour,2026-01,54.0493
E02000321,Burglary,2026-01,54.5078
E02000321,Criminal damage and arson,2026-01,56.7652
E02000321,Disruptive crimes,2026-01,62.7776
E02000321,Property theft,2026-01,65.99880000000002
E02000321,Vehicle crime,2026-01,69.88190000000002
E02000321,Violence,2026-01,90.82130000000002
E02000321,Anti-social behaviour,2026-02,99.33370000000002
E02000321,Burglary,2026-02,99.83600000000003
E02000321,Criminal damage and arson,2026-02,102.02690000000004
E02000321,Disruptive crimes,2026-02,107.56230000000004
E02000321,Property theft,2026-02,110.60590000000003
E02000321,Vehicle crime,2026-02,114.27790000000003
E02000321,Violence,2026-02,134.16400000000004
E02000323,Anti-social behaviour,2025-12,13.44
E02000323,Burglary,2025-12,15.6653
E02000323,Criminal damage and arson,2025-12,19.9882
E02000323,Disruptive crimes,2025-12,31.0517
E02000323,Property theft,2025-12,39.577400000000004
E02000323,Vehicle crime,2025-12,44.653800000000004
E02000323,Violence,2025-12,82.35610000000001
E02000323,Anti-social behaviour,2026-01,97.54220000000002
E02000323,Burglary,2026-01,99.82060000000001
E02000323,Criminal damage and arson,2026-01,104.15370000000003
E02000323,Disruptive crimes,2026-01,115.41540000000003
E02000323,Property theft,2026-01,123.50170000000003
E02000323,Vehicle crime,2026-01,128.53340000000006
E02000323,Violence,2026-01,166.57300000000004
E02000323,Anti-social behaviour,2026-02,180.11210000000003
E02000323,Burglary,2026-02,182.4043
E02000323,Criminal damage and arson,2026-02,186.5513
E02000323,Disruptive crimes,2026-02,197.1654
E02000323,Property theft,2026-02,204.03810000000001
E02000323,Vehicle crime,2026-02,208.86310000000003
E02000323,Violence,2026-02,245.01500000000004
E02000324,Anti-social behaviour,2025-12,6.23
E02000324,Burglary,2025-12,6.567000000000001
E02000324,Criminal damage and arson,2025-12,8.883500000000002
E02000324,Disruptive crimes,2025-12,15.700600000000001
E02000324,Property theft,2025-12,25.1991
E02000324,Vehicle crime,2025-12,29.490699999999997
E02000324,Violence,2025-12,48.6147
E02000324,Anti-social behaviour,2026-01,55.6395
E02000324,Burglary,2026-01,55.9981
E02000324,Criminal damage and arson,2026-01,58.3332
E02000324,Disruptive crimes,2026-01,65.3507
E02000324,Property theft,2026-01,75.0168
E02000324,Vehicle crime,2026-01,79.2043
E02000324,Violence,2026-01,98.53330000000001
E02000324,Anti-social behaviour,2026-02,104.85860000000001
E02000324,Burglary,2026-02,105.26170000000002
E02000324,Criminal damage and arson,2026-02,107.52590000000002
E02000324,Disruptive crimes,2026-02,114.07500000000003
E02000324,Property theft,2026-02,123.09170000000005
E02000324,Vehicle crime,2026-02,127.12720000000004
E02000324,Violence,2026-02,145.52500000000006
E02000326,Anti-social behaviour,2025-12,5.0283999999999995
E02000326,Burglary,2025-12,5.191399999999999
E02000326,Criminal damage and arson,2025-12,5.521499999999999
E02000326,Disruptive crimes,2025-12,8.377999999999998
E02000326,Property theft,2025-12,10.3563
E02000326,Vehicle crime,2025-12,14.239999999999998
E02000326,Violence,2025-12,25.448300000000003
E02000326,Anti-social behaviour,2026-01,31.431800000000003
E02000326,Burglary,2026-01,31.5745
E02000326,Criminal damage and arson,2026-01,31.9467
E02000326,Disruptive crimes,2026-01,34.915200000000006
E02000326,Property theft,2026-01,36.944700000000005
E02000326,Vehicle crime,2026-01,40.76800000000001
E02000326,Violence,2026-01,52.11400000000002
E02000326,Anti-social behaviour,2026-02,57.71820000000001
E02000326,Burglary,2026-02,57.86910000000002
E02000326,Criminal damage and arson,2026-02,58.21330000000002
E02000326,Disruptive crimes,2026-02,60.89380000000003
E02000326,Property theft,2026-02,62.76630000000002
E02000326,Vehicle crime,2026-02,66.51060000000003
E02000326,Violence,2026-02,77.27260000000003
E02000327,Anti-social behaviour,2025-12,7.701299999999999
E02000327,Burglary,2025-12,7.9887
E02000327,Criminal damage and arson,2025-12,12.790799999999999
E02000327,Disruptive crimes,2025-12,20.0306
E02000327,Property theft,2025-12,26.2746
E02000327,Vehicle crime,2025-12,28.8202
E02000327,Violence,2025-12,61.96039999999999
E02000327,Anti-social behaviour,2026-01,70.4008
E02000327,Burglary,2026-01,70.68130000000001
E02000327,Criminal damage and arson,2026-01,75.5597
E02000327,Disruptive crimes,2026-01,82.8894
E02000327,Property theft,2026-01,89.1621
E02000327,Vehicle crime,2026-01,91.68700000000001
E02000327,Violence,2026-01,124.76570000000001
E02000327,Anti-social behaviour,2026-02,132.4371
E02000327,Burglary,2026-02,132.75769999999997
E02000327,Criminal damage and arson,2026-02,137.37699999999998
E02000327,Disruptive crimes,2026-02,144.1948
E02000327,Property theft,2026-02,150.0202
E02000327,Vehicle crime,2026-02,152.39309999999998
E02000327,Violence,2026-02,183.28799999999998
E02000328,Anti-social behaviour,2025-12,2.8655
E02000328,Burglary,2025-12,3.3167999999999997
E02000328,Criminal damage and arson,2025-12,3.4121
E02000328,Disruptive crimes,2025-12,5.8807
E02000328,Property theft,2025-12,8.9575
E02000328,Vehicle crime,2025-12,12.761
E02000328,Violence,2025-12,22.977100000000004
E02000328,Anti-social behaviour,2026-01,26.341800000000003
E02000328,Burglary,2026-01,26.808600000000006
E02000328,Criminal damage and arson,2026-01,26.922900000000006
E02000328,Disruptive crimes,2026-01,29.55720000000001
E02000328,Property theft,2026-01,32.593700000000005
E02000328,Vehicle crime,2026-01,36.20570000000001
E02000328,Violence,2026-01,46.549400000000006
E02000328,Anti-social behaviour,2026-02,49.78010000000001
E02000328,Burglary,2026-02,50.277200000000015
E02000328,Criminal damage and arson,2026-02,50.385500000000015
E02000328,Disruptive crimes,2026-02,52.80150000000001
E02000328,Property theft,2026-02,55.72320000000001
E02000328,Vehicle crime,2026-02,59.32110000000001
E02000328,Violence,2026-02,69.2111
E02000329,Anti-social behaviour,2025-12,3.3948
E02000329,Burglary,2025-12,3.4009
E02000329,Criminal damage and arson,2025-12,3.6082
E02000329,Disruptive crimes,2025-12,5.9093
E02000329,Property theft,2025-12,8.416400000000001
E02000329,Vehicle crime,2025-12,10.854800000000001
E02000329,Violence,2025-12,22.8542
E02000329,Anti-social behaviour,2026-01,26.7817
E02000329,Burglary,2026-01,26.787800000000004
E02000329,Criminal damage and arson,2026-01,27.035400000000006
E02000329,Disruptive crimes,2026-01,29.517300000000006
E02000329,Property theft,2026-01,32.046600000000005
E02000329,Vehicle crime,2026-01,34.5838
E02000329,Violence,2026-01,46.74229999999999
E02000329,Anti-social behaviour,2026-02,50.449999999999996
E02000329,Burglary,2026-02,50.4563
E02000329,Criminal damage and arson,2026-02,50.730799999999995
E02000329,Disruptive crimes,2026-02,53.1287
E02000329,Property theft,2026-02,55.507600000000004
E02000329,Vehicle crime,2026-02,57.9303
E02000329,Violence,2026-02,69.4793
E02000331,Anti-social behaviour,2025-12,5.7953
E02000331,Burglary,2025-12,7.749100000000001
E02000331,Criminal damage and arson,2025-12,11.273900000000003
E02000331,Disruptive crimes,2025-12,18.418400000000002
E02000331,Property theft,2025-12,23.785600000000002
E02000331,Vehicle crime,2025-12,29.711600000000004
E02000331,Violence,2025-12,53.08270000000001
E02000331,Anti-social behaviour,2026-01,59.726400000000005
E02000331,Burglary,2026-01,61.717200000000005
E02000331,Criminal damage and arson,2026-01,65.2411
E02000331,Disruptive crimes,2026-01,72.569
E02000331,Property theft,2026-01,77.9102
E02000331,Vehicle crime,2026-01,83.66579999999999
E02000331,Violence,2026-01,107.3514
E02000331,Anti-social behaviour,2026-02,113.2249
E02000331,Burglary,2026-02,115.2613
E02000331,Criminal damage and arson,2026-02,118.5898
E02000331,Disruptive crimes,2026-02,125.3128
E02000331,Property theft,2026-02,130.32979999999998
E02000331,Vehicle crime,2026-02,135.85489999999996
E02000331,Violence,2026-02,158.38119999999995
E02000332,Anti-social behaviour,2025-12,4.8165
E02000332,Burglary,2025-12,4.8483
E02000332,Criminal damage and arson,2025-12,5.2421
E02000332,Disruptive crimes,2025-12,7.761699999999999
E02000332,Property theft,2025-12,8.2799
E02000332,Vehicle crime,2025-12,11.6217
E02000332,Violence,2025-12,23.978099999999998
E02000332,Anti-social behaviour,2026-01,29.8446
E02000332,Burglary,2026-01,29.8796
E02000332,Criminal damage and arson,2026-01,30.3343
E02000332,Disruptive crimes,2026-01,33.021300000000004
E02000332,Property theft,2026-01,33.6022
E02000332,Vehicle crime,2026-01,36.920500000000004
E02000332,Violence,2026-01,49.3965
E02000332,Anti-social behaviour,2026-02,54.97370000000001
E02000332,Burglary,2026-02,55.005300000000005
E02000332,Criminal damage and arson,2026-02,55.459500000000006
E02000332,Disruptive crimes,2026-02,57.9343
E02000332,Property theft,2026-02,58.48299999999999
E02000332,Vehicle crime,2026-02,61.81129999999999
E02000332,Violence,2026-02,73.71159999999998
E02000333,Anti-social behaviour,2025-12,4.682300000000001
E02000333,Burglary,2025-12,6.077500000000001
E02000333,Criminal damage and arson,2025-12,7.135400000000001
E02000333,Disruptive crimes,2025-12,10.1108
E02000333,Property theft,2025-12,14.9679
E02000333,Vehicle crime,2025-12,19.3368
E02000333,Violence,2025-12,28.5854
E02000333,Anti-social behaviour,2026-01,33.8446
E02000333,Burglary,2026-01,35.3465
E02000333,Criminal damage and arson,2026-01,36.4152
E02000333,Disruptive crimes,2026-01,39.534499999999994
E02000333,Property theft,2026-01,44.3069
E02000333,Vehicle crime,2026-01,48.4883
E02000333,Violence,2026-01,57.8769
E02000333,Anti-social behaviour,2026-02,62.7859
E02000333,Burglary,2026-02,64.36909999999999
E02000333,Criminal damage and arson,2026-02,65.38319999999999
E02000333,Disruptive crimes,2026-02,68.21829999999999
E02000333,Property theft,2026-02,72.54439999999998
E02000333,Vehicle crime,2026-02,76.65809999999998
E02000333,Violence,2026-02,85.56279999999998
E02000334,Anti-social behaviour,2025-12,4.4109
E02000334,Burglary,2025-12,4.595199999999999
E02000334,Criminal damage and arson,2025-12,5.688999999999999
E02000334,Disruptive crimes,2025-12,8.5879
E02000334,Property theft,2025-12,10.3874
E02000334,Vehicle crime,2025-12,14.6073
E02000334,Violence,2025-12,27.258000000000003
E02000334,Anti-social behaviour,2026-01,32.2937
E02000334,Burglary,2026-01,32.46560000000001
E02000334,Criminal damage and arson,2026-01,33.563900000000004
E02000334,Disruptive crimes,2026-01,36.6598
E02000334,Property theft,2026-01,38.53379999999999
E02000334,Vehicle crime,2026-01,42.64879999999999
E02000334,Violence,2026-01,55.44759999999998
E02000334,Anti-social behaviour,2026-02,60.21189999999997
E02000334,Burglary,2026-02,60.40559999999998
E02000334,Criminal damage and arson,2026-02,61.43599999999998
E02000334,Disruptive crimes,2026-02,64.28059999999998
E02000334,Property theft,2026-02,66.06859999999999
E02000334,Vehicle crime,2026-02,70.02369999999999
E02000334,Violence,2026-02,82.1827
E02000335,Anti-social behaviour,2025-12,2.5362999999999998
E02000335,Burglary,2025-12,2.5911999999999997
E02000335,Criminal damage and arson,2025-12,2.5965
E02000335,Disruptive crimes,2025-12,3.2039
E02000335,Property theft,2025-12,3.2218
E02000335,Vehicle crime,2025-12,6.399400000000001
E02000335,Violence,2025-12,11.619700000000002
E02000335,Anti-social behaviour,2026-01,14.417400000000002
E02000335,Burglary,2026-01,14.4685
E02000335,Criminal damage and arson,2026-01,14.475900000000001
E02000335,Disruptive crimes,2026-01,15.119700000000002
E02000335,Property theft,2026-01,15.143500000000001
E02000335,Vehicle crime,2026-01,18.324099999999998
E02000335,Violence,2026-01,23.590399999999995
E02000335,Anti-social behaviour,2026-02,26.352299999999996
E02000335,Burglary,2026-02,26.412799999999997
E02000335,Criminal damage and arson,2026-02,26.421399999999995
E02000335,Disruptive crimes,2026-02,27.025799999999993
E02000335,Property theft,2026-02,27.052799999999994
E02000335,Vehicle crime,2026-02,30.089199999999995
E02000335,Violence,2026-02,35.048
E02000337,Anti-social behaviour,2025-12,4.2383999999999995
E02000337,Burglary,2025-12,4.3184000000000005
E02000337,Criminal damage and arson,2025-12,6.317200000000001
E02000337,Disruptive crimes,2025-12,11.3181
E02000337,Property theft,2025-12,14.2183
E02000337,Vehicle crime,2025-12,18.942500000000003
E02000337,Violence,2025-12,35.3675
E02000337,Anti-social behaviour,2026-01,39.9863
E02000337,Burglary,2026-01,40.06100000000001
E02000337,Criminal damage and arson,2026-01,42.11110000000001
E02000337,Disruptive crimes,2026-01,47.266200000000005
E02000337,Property theft,2026-01,50.1856
E02000337,Vehicle crime,2026-01,54.8491
E02000337,Violence,2026-01,71.5119
E02000337,Anti-social behaviour,2026-02,76.0014
E02000337,Burglary,2026-02,76.06800000000001
E02000337,Criminal damage and arson,2026-02,78.01960000000001
E02000337,Disruptive crimes,2026-02,82.73610000000002
E02000337,Property theft,2026-02,85.41550000000002
E02000337,Vehicle crime,2026-02,89.87960000000002
E02000337,Violence,2026-02,105.72850000000003
E02000339,Anti-social behaviour,2025-12,4.605300000000001
E02000339,Burglary,2025-12,5.515600000000001
E02000339,Criminal damage and arson,2025-12,6.962300000000001
E02000339,Disruptive crimes,2025-12,13.875
E02000339,Property theft,2025-12,36.9254
E02000339,Vehicle crime,2025-12,41.337500000000006
E02000339,Violence,2025-12,57.981100000000005
E02000339,Anti-social behaviour,2026-01,63.32220000000001
E02000339,Burglary,2026-01,64.23670000000001
E02000339,Criminal damage and arson,2026-01,65.71130000000002
E02000339,Disruptive crimes,2026-01,72.84110000000003
E02000339,Property theft,2026-01,96.73550000000003
E02000339,Vehicle crime,2026-01,101.04300000000002
E02000339,Violence,2026-01,117.83780000000002
E02000339,Anti-social behaviour,2026-02,123.00970000000001
E02000339,Burglary,2026-02,123.9025
E02000339,Criminal damage and arson,2026-02,125.2915
E02000339,Disruptive crimes,2026-02,132.00830000000002
E02000339,Property theft,2026-02,154.00290000000004
E02000339,Vehicle crime,2026-02,158.13640000000004
E02000339,Violence,2026-02,174.19140000000004
E02000340,Anti-social behaviour,2025-12,14.3124
E02000340,Burglary,2025-12,15.3189
E02000340,Criminal damage and arson,2025-12,18.4417
E02000340,Disruptive crimes,2025-12,24.2452
E02000340,Property theft,2025-12,37.9796
E02000340,Vehicle crime,2025-12,42.5677
E02000340,Violence,2025-12,59.684000000000005
E02000340,Anti-social behaviour,2026-01,75.2261
E02000340,Burglary,2026-01,76.1558
E02000340,Criminal damage and arson,2026-01,79.31559999999999
E02000340,Disruptive crimes,2026-01,85.2131
E02000340,Property theft,2026-01,98.7818
E02000340,Vehicle crime,2026-01,103.20500000000001
E02000340,Violence,2026-01,120.4855
E02000340,Anti-social behaviour,2026-02,135.05820000000003
E02000340,Burglary,2026-02,135.99660000000003
E02000340,Criminal damage and arson,2026-02,138.97090000000003
E02000340,Disruptive crimes,2026-02,144.46660000000003
E02000340,Property theft,2026-02,156.14180000000002
E02000340,Vehicle crime,2026-02,160.34879999999998
E02000340,Violence,2026-02,176.83209999999997
E02000341,Anti-social behaviour,2025-12,4.3913
E02000341,Burglary,2025-12,4.397399999999999
E02000341,Criminal damage and arson,2025-12,7.619599999999999
E02000341,Disruptive crimes,2025-12,12.8351
E02000341,Property theft,2025-12,14.124
E02000341,Vehicle crime,2025-12,16.673600000000004
E02000341,Violence,2025-12,37.28450000000001
E02000341,Anti-social behaviour,2026-01,42.29420000000002
E02000341,Burglary,2026-01,42.29980000000002
E02000341,Criminal damage and arson,2026-01,45.41260000000001
E02000341,Disruptive crimes,2026-01,50.814200000000014
E02000341,Property theft,2026-01,52.11250000000001
E02000341,Vehicle crime,2026-01,54.59600000000001
E02000341,Violence,2026-01,75.51560000000002
E02000341,Anti-social behaviour,2026-02,80.02830000000003
E02000341,Burglary,2026-02,80.03450000000004
E02000341,Criminal damage and arson,2026-02,83.05750000000005
E02000341,Disruptive crimes,2026-02,88.06510000000003
E02000341,Property theft,2026-02,89.19380000000004
E02000341,Vehicle crime,2026-02,91.64820000000003
E02000341,Violence,2026-02,111.53360000000005
E02000342,Anti-social behaviour,2025-12,3.3875
E02000342,Burglary,2025-12,3.4392000000000005
E02000342,Criminal damage and arson,2025-12,4.578900000000001
E02000342,Disruptive crimes,2025-12,7.4239000000000015
E02000342,Property theft,2025-12,9.315700000000001
E02000342,Vehicle crime,2025-12,11.568900000000001
E02000342,Violence,2025-12,21.5605
E02000342,Anti-social behaviour,2026-01,25.410200000000003
E02000342,Burglary,2026-01,25.454800000000002
E02000342,Criminal damage and arson,2026-01,26.6171
E02000342,Disruptive crimes,2026-01,29.620400000000004
E02000342,Property theft,2026-01,31.5065
E02000342,Vehicle crime,2026-01,33.7219
E02000342,Violence,2026-01,43.741899999999994
E02000342,Anti-social behaviour,2026-02,47.30709999999999
E02000342,Burglary,2026-02,47.355999999999995
E02000342,Criminal damage and arson,2026-02,48.46209999999999
E02000342,Disruptive crimes,2026-02,51.24269999999999
E02000342,Property theft,2026-02,53.027499999999996
E02000342,Vehicle crime,2026-02,55.122699999999995
E02000342,Violence,2026-02,64.66069999999999
E02000343,Anti-social behaviour,2025-12,4.3062
E02000343,Burglary,2025-12,4.3468
E02000343,Criminal damage and arson,2025-12,6.926100000000001
E02000343,Disruptive crimes,2025-12,10.2162
E02000343,Property theft,2025-12,12.338099999999999
E02000343,Vehicle crime,2025-12,16.392699999999998
E02000343,Violence,2025-12,28.661999999999995
E02000343,Anti-social behaviour,2026-01,33.67959999999999
E02000343,Burglary,2026-01,33.720299999999995
E02000343,Criminal damage and arson,2026-01,36.38709999999999
E02000343,Disruptive crimes,2026-01,39.74239999999999
E02000343,Property theft,2026-01,41.913499999999985
E02000343,Vehicle crime,2026-01,45.88169999999998
E02000343,Violence,2026-01,58.27999999999997
E02000343,Anti-social behaviour,2026-02,62.92939999999998
E02000343,Burglary,2026-02,62.97899999999998
E02000343,Criminal damage and arson,2026-02,65.44989999999997
E02000343,Disruptive crimes,2026-02,68.47179999999996
E02000343,Property theft,2026-02,70.55239999999996
E02000343,Vehicle crime,2026-02,74.35029999999996
E02000343,Violence,2026-02,86.17119999999996
E02000344,Anti-social behaviour,2025-12,2.7405
E02000344,Burglary,2025-12,2.7991000000000006
E02000344,Criminal damage and arson,2025-12,3.7680000000000007
E02000344,Disruptive crimes,2025-12,5.2316
E02000344,Property theft,2025-12,5.7069
E02000344,Vehicle crime,2025-12,9.736799999999999
E02000344,Violence,2025-12,17.4941
E02000344,Anti-social behaviour,2026-01,20.714000000000002
E02000344,Burglary,2026-01,20.781700000000004
E02000344,Criminal damage and arson,2026-01,21.7328
E02000344,Disruptive crimes,2026-01,23.2569
E02000344,Property theft,2026-01,23.634999999999998
E02000344,Vehicle crime,2026-01,27.5698
E02000344,Violence,2026-01,35.4998
E02000344,Anti-social behaviour,2026-02,38.6966
E02000344,Burglary,2026-02,38.76520000000001
E02000344,Criminal damage and arson,2026-02,39.66700000000001
E02000344,Disruptive crimes,2026-02,41.101200000000006
E02000344,Property theft,2026-02,41.423
E02000344,Vehicle crime,2026-02,45.2067
E02000344,Violence,2026-02,52.7017
E02000345,Anti-social behaviour,2025-12,7.6053
E02000345,Burglary,2025-12,8.2669
E02000345,Criminal damage and arson,2025-12,9.412499999999998
E02000345,Disruptive crimes,2025-12,15.195699999999997
E02000345,Property theft,2025-12,30.8767
E02000345,Vehicle crime,2025-12,33.6578
E02000345,Violence,2025-12,50.2301
E02000345,Anti-social behaviour,2026-01,59.3799
E02000345,Burglary,2026-01,60.0598
E02000345,Criminal damage and arson,2026-01,61.19200000000001
E02000345,Disruptive crimes,2026-01,67.10200000000002
E02000345,Property theft,2026-01,82.87570000000001
E02000345,Vehicle crime,2026-01,85.62430000000002
E02000345,Violence,2026-01,102.36270000000002
E02000345,Anti-social behaviour,2026-02,110.37540000000001
E02000345,Burglary,2026-02,111.1016
E02000345,Criminal damage and arson,2026-02,112.17600000000002
E02000345,Disruptive crimes,2026-02,117.71650000000001
E02000345,Property theft,2026-02,132.64030000000002
E02000345,Vehicle crime,2026-02,135.43180000000004
E02000345,Violence,2026-02,151.38030000000003
E02000346,Anti-social behaviour,2025-12,14.1665
E02000346,Burglary,2025-12,15.847099999999998
E02000346,Criminal damage and arson,2025-12,16.791099999999997
E02000346,Disruptive crimes,2025-12,25.0518
E02000346,Property theft,2025-12,50.111
E02000346,Vehicle crime,2025-12,51.80669999999999
E02000346,Violence,2025-12,79.2988
E02000346,Anti-social behaviour,2026-01,94.8269
E02000346,Burglary,2026-01,96.5755
E02000346,Criminal damage and arson,2026-01,97.55460000000001
E02000346,Disruptive crimes,2026-01,106.0235
E02000346,Property theft,2026-01,131.2734
E02000346,Vehicle crime,2026-01,132.94830000000002
E02000346,Violence,2026-01,161.0439
E02000346,Anti-social behaviour,2026-02,175.82600000000002
E02000346,Burglary,2026-02,177.5953
E02000346,Criminal damage and arson,2026-02,178.5106
E02000346,Disruptive crimes,2026-02,186.58220000000003
E02000346,Property theft,2026-02,209.9927
E02000346,Vehicle crime,2026-02,211.6586
E02000346,Violence,2026-02,238.6105
E02000347,Anti-social behaviour,2025-12,3.9238
E02000347,Burglary,2025-12,4.0147
E02000347,Criminal damage and arson,2025-12,4.181900000000001
E02000347,Disruptive crimes,2025-12,7.6778
E02000347,Property theft,2025-12,11.266200000000001
E02000347,Vehicle crime,2025-12,12.9139
E02000347,Violence,2025-12,22.660800000000002
E02000347,Anti-social behaviour,2026-01,27.4184
E02000347,Burglary,2026-01,27.504299999999997
E02000347,Criminal damage and arson,2026-01,27.662399999999998
E02000347,Disruptive crimes,2026-01,31.526199999999996
E02000347,Property theft,2026-01,35.152499999999996
E02000347,Vehicle crime,2026-01,36.8382
E02000347,Violence,2026-01,46.6525
E02000347,Anti-social behaviour,2026-02,50.929500000000004
E02000347,Burglary,2026-02,51.01280000000001
E02000347,Criminal damage and arson,2026-02,51.15680000000001
E02000347,Disruptive crimes,2026-02,54.873000000000005
E02000347,Property theft,2026-02,58.25800000000001
E02000347,Vehicle crime,2026-02,59.97520000000001
E02000347,Violence,2026-02,68.89310000000002
E02000348,Anti-social behaviour,2025-12,5.2632
E02000348,Burglary,2025-12,5.3927000000000005
E02000348,Criminal damage and arson,2025-12,5.673100000000001
E02000348,Disruptive crimes,2025-12,9.3908
E02000348,Property theft,2025-12,18.419
E02000348,Vehicle crime,2025-12,19.3362
E02000348,Violence,2025-12,30.302400000000002
E02000348,Anti-social behaviour,2026-01,36.572599999999994
E02000348,Burglary,2026-01,36.6945
E02000348,Criminal damage and arson,2026-01,36.9975
E02000348,Disruptive crimes,2026-01,40.731100000000005
E02000348,Property theft,2026-01,49.96820000000001
E02000348,Vehicle crime,2026-01,50.87600000000001
E02000348,Violence,2026-01,61.89930000000002
E02000348,Anti-social behaviour,2026-02,67.37410000000003
E02000348,Burglary,2026-02,67.51630000000004
E02000348,Criminal damage and arson,2026-02,67.79470000000005
E02000348,Disruptive crimes,2026-02,71.24600000000005
E02000348,Property theft,2026-02,79.03220000000006
E02000348,Vehicle crime,2026-02,79.94160000000007
E02000348,Violence,2026-02,90.31630000000008
E02000350,Anti-social behaviour,2025-12,6.6667
E02000350,Burglary,2025-12,8.702399999999999
E02000350,Criminal damage and arson,2025-12,9.213099999999999
E02000350,Disruptive crimes,2025-12,13.322199999999999
E02000350,Property theft,2025-12,20.341499999999996
E02000350,Vehicle crime,2025-12,23.827299999999994
E02000350,Violence,2025-12,36.244699999999995
E02000350,Anti-social behaviour,2026-01,44.084799999999994
E02000350,Burglary,2026-01,46.130199999999995
E02000350,Criminal damage and arson,2026-01,46.7208
E02000350,Disruptive crimes,2026-01,51.0698
E02000350,Property theft,2026-01,58.17699999999999
E02000350,Vehicle crime,2026-01,61.63099999999999
E02000350,Violence,2026-01,74.1874
E02000350,Anti-social behaviour,2026-02,81.1856
E02000350,Burglary,2026-02,83.23469999999999
E02000350,Criminal damage and arson,2026-02,83.81800000000001
E02000350,Disruptive crimes,2026-02,87.80680000000001
E02000350,Property theft,2026-02,94.44170000000001
E02000350,Vehicle crime,2026-02,97.81930000000001
E02000350,Violence,2026-02,109.65870000000002
E02000351,Anti-social behaviour,2025-12,13.149099999999999
E02000351,Burglary,2025-12,14.3166
E02000351,Criminal damage and arson,2025-12,15.385900000000001
E02000351,Disruptive crimes,2025-12,24.368100000000002
E02000351,Property theft,2025-12,38.867
E02000351,Vehicle crime,2025-12,42.239599999999996
E02000351,Violence,2025-12,62.887699999999995
E02000351,Anti-social behaviour,2026-01,77.2979
E02000351,Burglary,2026-01,78.45559999999999
E02000351,Criminal damage and arson,2026-01,79.54539999999999
E02000351,Disruptive crimes,2026-01,88.9842
E02000351,Property theft,2026-01,103.641
E02000351,Vehicle crime,2026-01,107.02190000000002
E02000351,Violence,2026-01,127.75410000000001
E02000351,Anti-social behaviour,2026-02,140.38660000000002
E02000351,Burglary,2026-02,141.62400000000005
E02000351,Criminal damage and arson,2026-02,142.66700000000003
E02000351,Disruptive crimes,2026-02,151.26110000000003
E02000351,Property theft,2026-02,164.94580000000005
E02000351,Vehicle crime,2026-02,168.30270000000004
E02000351,Violence,2026-02,187.85570000000004
E02000352,Anti-social behaviour,2025-12,13.508799999999999
E02000352,Burglary,2025-12,14.4419
E02000352,Criminal damage and arson,2025-12,15.1719
E02000352,Disruptive crimes,2025-12,17.5836
E02000352,Property theft,2025-12,24.959999999999997
E02000352,Vehicle crime,2025-12,26.671199999999995
E02000352,Violence,2025-12,39.3396
E02000352,Anti-social behaviour,2026-01,53.900099999999995
E02000352,Burglary,2026-01,54.9107
E02000352,Criminal damage and arson,2026-01,55.6818
E02000352,Disruptive crimes,2026-01,58.158
E02000352,Property theft,2026-01,65.48840000000001
E02000352,Vehicle crime,2026-01,67.1343
E02000352,Violence,2026-01,79.85299999999998
E02000352,Anti-social behaviour,2026-02,93.13769999999998
E02000352,Burglary,2026-02,94.17209999999997
E02000352,Criminal damage and arson,2026-02,94.86309999999997
E02000352,Disruptive crimes,2026-02,97.22139999999997
E02000352,Property theft,2026-02,103.95869999999998
E02000352,Vehicle crime,2026-02,105.70219999999999
E02000352,Violence,2026-02,117.6695
E02000353,Anti-social behaviour,2025-12,7.151999999999999
E02000353,Burglary,2025-12,8.9985
E02000353,Criminal damage and arson,2025-12,9.998799999999997
E02000353,Disruptive crimes,2025-12,15.413399999999996
E02000353,Property theft,2025-12,25.534499999999998
E02000353,Vehicle crime,2025-12,27.694699999999994
E02000353,Violence,2025-12,41.9385
E02000353,Anti-social behaviour,2026-01,49.6838
E02000353,Burglary,2026-01,51.552699999999994
E02000353,Criminal damage and arson,2026-01,52.56249999999999
E02000353,Disruptive crimes,2026-01,58.092499999999994
E02000353,Property theft,2026-01,67.9544
E02000353,Vehicle crime,2026-01,70.10000000000001
E02000353,Violence,2026-01,84.4198
E02000353,Anti-social behaviour,2026-02,91.3579
E02000353,Burglary,2026-02,93.23080000000002
E02000353,Criminal damage and arson,2026-02,94.21900000000002
E02000353,Disruptive crimes,2026-02,99.42480000000002
E02000353,Property theft,2026-02,108.00360000000002
E02000353,Vehicle crime,2026-02,110.10310000000003
E02000353,Violence,2026-02,123.52150000000003
E02000354,Anti-social behaviour,2025-12,11.025599999999999
E02000354,Burglary,2025-12,14.274399999999998
E02000354,Criminal damage and arson,2025-12,15.4939
E02000354,Disruptive crimes,2025-12,23.935
E02000354,Property theft,2025-12,38.66159999999999
E02000354,Vehicle crime,2025-12,45.25909999999999
E02000354,Violence,2025-12,68.21209999999999
E02000354,Anti-social behaviour,2026-01,80.48039999999997
E02000354,Burglary,2026-01,83.83379999999997
E02000354,Criminal damage and arson,2026-01,85.06819999999996
E02000354,Disruptive crimes,2026-01,93.54579999999996
E02000354,Property theft,2026-01,108.43819999999997
E02000354,Vehicle crime,2026-01,114.82069999999996
E02000354,Violence,2026-01,138.04969999999994
E02000354,Anti-social behaviour,2026-02,148.5174999999999
E02000354,Burglary,2026-02,151.89169999999993
E02000354,Criminal damage and arson,2026-02,153.06629999999993
E02000354,Disruptive crimes,2026-02,160.93019999999993
E02000354,Property theft,2026-02,174.86399999999995
E02000354,Vehicle crime,2026-02,181.06799999999993
E02000354,Violence,2026-02,202.7911999999999
E02000355,Anti-social behaviour,2025-12,7.709599999999999
E02000355,Burglary,2025-12,11.1848
E02000355,Criminal damage and arson,2025-12,12.996599999999999
E02000355,Disruptive crimes,2025-12,18.609499999999997
E02000355,Property theft,2025-12,31.2702
E02000355,Vehicle crime,2025-12,36.56699999999999
E02000355,Violence,2025-12,54.82039999999999
E02000355,Anti-social behaviour,2026-01,63.95239999999998
E02000355,Burglary,2026-01,67.36319999999999
E02000355,Criminal damage and arson,2026-01,69.16749999999999
E02000355,Disruptive crimes,2026-01,74.92109999999998
E02000355,Property theft,2026-01,87.67219999999999
E02000355,Vehicle crime,2026-01,92.75919999999998
E02000355,Violence,2026-01,111.14779999999999
E02000355,Anti-social behaviour,2026-02,119.02399999999997
E02000355,Burglary,2026-02,122.42869999999996
E02000355,Criminal damage and arson,2026-02,124.13799999999996
E02000355,Disruptive crimes,2026-02,129.4733
E02000355,Property theft,2026-02,141.43919999999997
E02000355,Vehicle crime,2026-02,146.36359999999996
E02000355,Violence,2026-02,163.75999999999993
E02000356,Anti-social behaviour,2025-12,7.6715
E02000356,Burglary,2025-12,8.979000000000001
E02000356,Criminal damage and arson,2025-12,9.8622
E02000356,Disruptive crimes,2025-12,13.47
E02000356,Property theft,2025-12,22.2326
E02000356,Vehicle crime,2025-12,25.2433
E02000356,Violence,2025-12,40.165000000000006
E02000356,Anti-social behaviour,2026-01,48.98850000000001
E02000356,Burglary,2026-01,50.31170000000001
E02000356,Criminal damage and arson,2026-01,51.24910000000001
E02000356,Disruptive crimes,2026-01,54.944600000000015
E02000356,Property theft,2026-01,63.73780000000001
E02000356,Vehicle crime,2026-01,66.7142
E02000356,Violence,2026-01,81.7806
E02000356,Anti-social behaviour,2026-02,89.61850000000001
E02000356,Burglary,2026-02,91.00450000000002
E02000356,Criminal damage and arson,2026-02,91.88680000000004
E02000356,Disruptive crimes,2026-02,95.37270000000002
E02000356,Property theft,2026-02,103.53300000000003
E02000356,Vehicle crime,2026-02,106.43370000000002
E02000356,Violence,2026-02,120.77350000000001
E02000357,Anti-social behaviour,2025-12,6.6906
E02000357,Burglary,2025-12,6.9545
E02000357,Criminal damage and arson,2025-12,7.3028
E02000357,Disruptive crimes,2025-12,8.960600000000001
E02000357,Property theft,2025-12,13.198900000000002
E02000357,Vehicle crime,2025-12,14.621
E02000357,Violence,2025-12,28.375300000000003
E02000357,Anti-social behaviour,2026-01,36.166399999999996
E02000357,Burglary,2026-01,36.4048
E02000357,Criminal damage and arson,2026-01,36.75650000000001
E02000357,Disruptive crimes,2026-01,38.476300000000016
E02000357,Property theft,2026-01,42.69960000000002
E02000357,Vehicle crime,2026-01,44.095100000000016
E02000357,Violence,2026-01,58.04420000000002
E02000357,Anti-social behaviour,2026-02,64.86170000000001
E02000357,Burglary,2026-02,65.09460000000001
E02000357,Criminal damage and arson,2026-02,65.43
E02000357,Disruptive crimes,2026-02,67.0029
E02000357,Property theft,2026-02,70.95779999999999
E02000357,Vehicle crime,2026-02,72.29369999999999
E02000357,Violence,2026-02,85.40129999999998
E02000358,Anti-social behaviour,2025-12,13.7727
E02000358,Burglary,2025-12,17.707299999999996
E02000358,Criminal damage and arson,2025-12,21.560699999999997
E02000358,Disruptive crimes,2025-12,37.6011
E02000358,Property theft,2025-12,70.58449999999999
E02000358,Vehicle crime,2025-12,74.62620000000001
E02000358,Violence,2025-12,115.52840000000002
E02000358,Anti-social behaviour,2026-01,130.94150000000002
E02000358,Burglary,2026-01,134.77430000000004
E02000358,Criminal damage and arson,2026-01,138.61550000000003
E02000358,Disruptive crimes,2026-01,155.0946
E02000358,Property theft,2026-01,188.11160000000004
E02000358,Vehicle crime,2026-01,192.11210000000003
E02000358,Violence,2026-01,233.36340000000004
E02000358,Anti-social behaviour,2026-02,246.44240000000005
E02000358,Burglary,2026-02,250.18500000000006
E02000358,Criminal damage and arson,2026-02,253.80040000000008
E02000358,Disruptive crimes,2026-02,269.1555
E02000358,Property theft,2026-02,299.98220000000003
E02000358,Vehicle crime,2026-02,303.8126
E02000358,Violence,2026-02,343.4635
E02000359,Anti-social behaviour,2025-12,6.5934
E02000359,Burglary,2025-12,7.8464
E02000359,Criminal damage and arson,2025-12,9.1003
E02000359,Disruptive crimes,2025-12,13.507
E02000359,Property theft,2025-12,23.027
E02000359,Vehicle crime,2025-12,27.6545
E02000359,Violence,2025-12,46.0457
E02000359,Anti-social behaviour,2026-01,53.5302
E02000359,Burglary,2026-01,54.74830000000001
E02000359,Criminal damage and arson,2026-01,56.096500000000006
E02000359,Disruptive crimes,2026-01,60.62760000000001
E02000359,Property theft,2026-01,70.3391
E02000359,Vehicle crime,2026-01,74.88119999999999
E02000359,Violence,2026-01,93.3168
E02000359,Anti-social behaviour,2026-02,99.83739999999999
E02000359,Burglary,2026-02,101.09149999999998
E02000359,Criminal damage and arson,2026-02,102.39259999999997
E02000359,Disruptive crimes,2026-02,106.57079999999998
E02000359,Property theft,2026-02,115.61089999999999
E02000359,Vehicle crime,2026-02,119.9583
E02000359,Violence,2026-02,137.16969999999998
E02000360,Anti-social behaviour,2025-12,17.3572
E02000360,Burglary,2025-12,21.0232
E02000360,Criminal damage and arson,2025-12,23.738099999999996
E02000360,Disruptive crimes,2025-12,30.428099999999997
E02000360,Property theft,2025-12,46.6832
E02000360,Vehicle crime,2025-12,50.801
E02000360,Violence,2025-12,83.30420000000001
E02000360,Anti-social behaviour,2026-01,102.46430000000002
E02000360,Burglary,2026-01,106.19040000000003
E02000360,Criminal damage and arson,2026-01,108.92000000000004
E02000360,Disruptive crimes,2026-01,116.30320000000006
E02000360,Property theft,2026-01,132.64710000000005
E02000360,Vehicle crime,2026-01,136.74740000000006
E02000360,Violence,2026-01,169.63460000000003
E02000360,Anti-social behaviour,2026-02,186.61650000000006
E02000360,Burglary,2026-02,190.27390000000005
E02000360,Criminal damage and arson,2026-02,192.91400000000007
E02000360,Disruptive crimes,2026-02,200.33470000000008
E02000360,Property theft,2026-02,215.6411000000001
E02000360,Vehicle crime,2026-02,219.54890000000012
E02000360,Violence,2026-02,250.6993000000001
E02000361,Anti-social behaviour,2025-12,24.0631
E02000361,Burglary,2025-12,30.5573
E02000361,Criminal damage and arson,2025-12,36.162600000000005
E02000361,Disruptive crimes,2025-12,53.42040000000001
E02000361,Property theft,2025-12,115.43130000000001
E02000361,Vehicle crime,2025-12,122.55530000000002
E02000361,Violence,2025-12,167.0301
E02000361,Anti-social behaviour,2026-01,193.59879999999995
E02000361,Burglary,2026-01,199.89009999999993
E02000361,Criminal damage and arson,2026-01,205.45159999999993
E02000361,Disruptive crimes,2026-01,222.97569999999993
E02000361,Property theft,2026-01,284.74769999999995
E02000361,Vehicle crime,2026-01,291.7514
E02000361,Violence,2026-01,336.21500000000003
E02000361,Anti-social behaviour,2026-02,359.8124
E02000361,Burglary,2026-02,365.702
E02000361,Criminal damage and arson,2026-02,370.9405
E02000361,Disruptive crimes,2026-02,387.3538
E02000361,Property theft,2026-02,443.97520000000003
E02000361,Vehicle crime,2026-02,450.5733
E02000361,Violence,2026-02,492.6506
E02000362,Anti-social behaviour,2025-12,17.482
E02000362,Burglary,2025-12,20.5228
E02000362,Criminal damage and arson,2025-12,24.1802
E02000362,Disruptive crimes,2025-12,33.076499999999996
E02000362,Property theft,2025-12,59.058499999999995
E02000362,Vehicle crime,2025-12,65.34079999999999
E02000362,Violence,2025-12,93.0255
E02000362,Anti-social behaviour,2026-01,111.61229999999999
E02000362,Burglary,2026-01,114.65669999999999
E02000362,Criminal damage and arson,2026-01,118.3017
E02000362,Disruptive crimes,2026-01,127.3717
E02000362,Property theft,2026-01,153.6352
E02000362,Vehicle crime,2026-01,159.8273
E02000362,Violence,2026-01,187.8796
E02000362,Anti-social behaviour,2026-02,204.9781
E02000362,Burglary,2026-02,207.96320000000003
E02000362,Criminal damage and arson,2026-02,211.41030000000003
E02000362,Disruptive crimes,2026-02,219.9566
E02000362,Property theft,2026-02,244.2257
E02000362,Vehicle crime,2026-02,250.0664
E02000362,Violence,2026-02,276.01359999999994
E02000363,Anti-social behaviour,2025-12,14.8002
E02000363,Burglary,2025-12,17.9279
E02000363,Criminal damage and arson,2025-12,21.405200000000004
E02000363,Disruptive crimes,2025-12,34.486900000000006
E02000363,Property theft,2025-12,54.8036
E02000363,Vehicle crime,2025-12,61.25840000000001
E02000363,Violence,2025-12,112.98530000000002
E02000363,Anti-social behaviour,2026-01,130.11
E02000363,Burglary,2026-01,133.30230000000003
E02000363,Criminal damage and arson,2026-01,136.77300000000005
E02000363,Disruptive crimes,2026-01,150.04590000000007
E02000363,Property theft,2026-01,170.38660000000007
E02000363,Vehicle crime,2026-01,176.75920000000008
E02000363,Violence,2026-01,228.9491000000001
E02000363,Anti-social behaviour,2026-02,243.85920000000013
E02000363,Burglary,2026-02,247.0141000000001
E02000363,Criminal damage and arson,2026-02,250.26370000000006
E02000363,Disruptive crimes,2026-02,262.788
E02000363,Property theft,2026-02,281.913
E02000363,Vehicle crime,2026-02,288.02869999999996
E02000363,Violence,2026-02,337.4735
E02000364,Anti-social behaviour,2025-12,17.0512
E02000364,Burglary,2025-12,20.889300000000002
E02000364,Criminal damage and arson,2025-12,22.695300000000003
E02000364,Disruptive crimes,2025-12,33.5111
E02000364,Property theft,2025-12,60.9995
E02000364,Vehicle crime,2025-12,68.2924
E02000364,Violence,2025-12,95.7753
E02000364,Anti-social behaviour,2026-01,114.155
E02000364,Burglary,2026-01,118.0002
E02000364,Criminal damage and arson,2026-01,119.81600000000002
E02000364,Disruptive crimes,2026-01,130.7372
E02000364,Property theft,2026-01,157.88060000000002
E02000364,Vehicle crime,2026-01,165.0576
E02000364,Violence,2026-01,192.94000000000003
E02000364,Anti-social behaviour,2026-02,209.60750000000002
E02000364,Burglary,2026-02,213.53240000000002
E02000364,Criminal damage and arson,2026-02,215.36300000000006
E02000364,Disruptive crimes,2026-02,226.08790000000008
E02000364,Property theft,2026-02,252.0779000000001
E02000364,Vehicle crime,2026-02,259.0294000000002
E02000364,Violence,2026-02,286.0412000000002
E02000366,Anti-social behaviour,2025-12,10.649
E02000366,Burglary,2025-12,12.9284
E02000366,Criminal damage and arson,2025-12,15.3467
E02000366,Disruptive crimes,2025-12,21.8129
E02000366,Property theft,2025-12,39.3411
E02000366,Vehicle crime,2025-12,45.495
E02000366,Violence,2025-12,67.6588
E02000366,Anti-social behaviour,2026-01,79.60879999999999
E02000366,Burglary,2026-01,81.8552
E02000366,Criminal damage and arson,2026-01,84.2423
E02000366,Disruptive crimes,2026-01,90.7773
E02000366,Property theft,2026-01,108.4464
E02000366,Vehicle crime,2026-01,114.4888
E02000366,Violence,2026-01,136.87990000000002
E02000366,Anti-social behaviour,2026-02,147.62910000000002
E02000366,Burglary,2026-02,149.8173
E02000366,Criminal damage and arson,2026-02,152.07880000000003
E02000366,Disruptive crimes,2026-02,158.12730000000002
E02000366,Property theft,2026-02,174.89090000000004
E02000366,Vehicle crime,2026-02,180.71560000000002
E02000366,Violence,2026-02,202.06280000000004
E02000367,Anti-social behaviour,2025-12,18.4544
E02000367,Burglary,2025-12,26.604700000000005
E02000367,Criminal damage and arson,2025-12,30.013500000000008
E02000367,Disruptive crimes,2025-12,40.73200000000001
E02000367,Property theft,2025-12,74.51280000000003
E02000367,Vehicle crime,2025-12,83.77880000000003
E02000367,Violence,2025-12,121.09310000000004
E02000367,Anti-social behaviour,2026-01,141.30210000000005
E02000367,Burglary,2026-01,149.43140000000005
E02000367,Criminal damage and arson,2026-01,152.84130000000007
E02000367,Disruptive crimes,2026-01,163.61150000000006
E02000367,Property theft,2026-01,197.41310000000004
E02000367,Vehicle crime,2026-01,206.52300000000008
E02000367,Violence,2026-01,244.01210000000006
E02000367,Anti-social behaviour,2026-02,261.6058000000001
E02000367,Burglary,2026-02,269.24660000000017
E02000367,Criminal damage and arson,2026-02,272.5215000000001
E02000367,Disruptive crimes,2026-02,282.56340000000006
E02000367,Property theft,2026-02,312.5664000000001
E02000367,Vehicle crime,2026-02,321.15200000000004
E02000367,Violence,2026-02,356.80350000000004
E02000368,Anti-social behaviour,2025-12,13.113900000000001
E02000368,Burglary,2025-12,14.540000000000003
E02000368,Criminal damage and arson,2025-12,16.4312
E02000368,Disruptive crimes,2025-12,22.605300000000003
E02000368,Property theft,2025-12,34.84
E02000368,Vehicle crime,2025-12,37.2958
E02000368,Violence,2025-12,58.72909999999999
E02000368,Anti-social behaviour,2026-01,73.25599999999999
E02000368,Burglary,2026-01,74.67299999999999
E02000368,Criminal damage and arson,2026-01,76.6605
E02000368,Disruptive crimes,2026-01,82.99980000000001
E02000368,Property theft,2026-01,95.23030000000003
E02000368,Vehicle crime,2026-01,97.62110000000004
E02000368,Violence,2026-01,119.31560000000006
E02000368,Anti-social behaviour,2026-02,132.30560000000006
E02000368,Burglary,2026-02,133.65160000000006
E02000368,Criminal damage and arson,2026-02,135.47620000000006
E02000368,Disruptive crimes,2026-02,141.37980000000007
E02000368,Property theft,2026-02,152.83210000000008
E02000368,Vehicle crime,2026-02,155.10080000000008
E02000368,Violence,2026-02,175.58640000000008
E02000369,Anti-social behaviour,2025-12,14.0881
E02000369,Burglary,2025-12,18.1156
E02000369,Criminal damage and arson,2025-12,19.6527
E02000369,Disruptive crimes,2025-12,28.0068
E02000369,Property theft,2025-12,55.1102
E02000369,Vehicle crime,2025-12,60.77980000000001
E02000369,Violence,2025-12,86.48880000000001
E02000369,Anti-social behaviour,2026-01,102.57950000000001
E02000369,Burglary,2026-01,106.53179999999999
E02000369,Criminal damage and arson,2026-01,108.11659999999999
E02000369,Disruptive crimes,2026-01,116.5337
E02000369,Property theft,2026-01,144.165
E02000369,Vehicle crime,2026-01,149.66709999999998
E02000369,Violence,2026-01,175.64829999999995
E02000369,Anti-social behaviour,2026-02,189.65799999999993
E02000369,Burglary,2026-02,193.65189999999993
E02000369,Criminal damage and arson,2026-02,195.12509999999995
E02000369,Disruptive crimes,2026-02,202.88069999999996
E02000369,Property theft,2026-02,228.88519999999997
E02000369,Vehicle crime,2026-02,234.28189999999995
E02000369,Violence,2026-02,258.7056
E02000370,Anti-social behaviour,2025-12,12.3634
E02000370,Burglary,2025-12,14.99
E02000370,Criminal damage and arson,2025-12,16.134600000000002
E02000370,Disruptive crimes,2025-12,21.774800000000003
E02000370,Property theft,2025-12,36.007200000000005
E02000370,Vehicle crime,2025-12,38.2047
E02000370,Violence,2025-12,57.893200000000014
E02000370,Anti-social behaviour,2026-01,71.63730000000002
E02000370,Burglary,2026-01,74.23170000000003
E02000370,Criminal damage and arson,2026-01,75.35090000000004
E02000370,Disruptive crimes,2026-01,81.07650000000002
E02000370,Property theft,2026-01,95.20890000000004
E02000370,Vehicle crime,2026-01,97.26350000000004
E02000370,Violence,2026-01,117.35930000000002
E02000370,Anti-social behaviour,2026-02,130.02220000000003
E02000370,Burglary,2026-02,132.46870000000004
E02000370,Criminal damage and arson,2026-02,133.5629
E02000370,Disruptive crimes,2026-02,138.8006
E02000370,Property theft,2026-02,151.5449
E02000370,Vehicle crime,2026-02,153.5692
E02000370,Violence,2026-02,173.1268
E02000372,Anti-social behaviour,2025-12,16.0109
E02000372,Burglary,2025-12,19.398100000000003
E02000372,Criminal damage and arson,2025-12,24.932100000000005
E02000372,Disruptive crimes,2025-12,39.05310000000001
E02000372,Property theft,2025-12,57.643600000000006
E02000372,Vehicle crime,2025-12,65.45190000000001
E02000372,Violence,2025-12,107.892
E02000372,Anti-social behaviour,2026-01,125.6249
E02000372,Burglary,2026-01,129.0167
E02000372,Criminal damage and arson,2026-01,134.6122
E02000372,Disruptive crimes,2026-01,148.9001
E02000372,Property theft,2026-01,167.61520000000002
E02000372,Vehicle crime,2026-01,175.2848
E02000372,Violence,2026-01,218.03879999999998
E02000372,Anti-social behaviour,2026-02,234.13589999999996
E02000372,Burglary,2026-02,237.56599999999997
E02000372,Criminal damage and arson,2026-02,243.1449
E02000372,Disruptive crimes,2026-02,256.8662
E02000372,Property theft,2026-02,274.4436
E02000372,Vehicle crime,2026-02,281.6462
E02000372,Violence,2026-02,322.85290000000003
E02000373,Anti-social behaviour,2025-12,9.4957
E02000373,Burglary,2025-12,9.9828
E02000373,Criminal damage and arson,2025-12,10.716199999999999
E02000373,Disruptive crimes,2025-12,15.1008
E02000373,Property theft,2025-12,17.6477
E02000373,Vehicle crime,2025-12,18.483
E02000373,Violence,2025-12,31.0665
E02000373,Anti-social behaviour,2026-01,41.824600000000004
E02000373,Burglary,2026-01,42.3523
E02000373,Criminal damage and arson,2026-01,43.094300000000004
E02000373,Disruptive crimes,2026-01,47.465300000000006
E02000373,Property theft,2026-01,49.96900000000001
E02000373,Vehicle crime,2026-01,50.838400000000014
E02000373,Violence,2026-01,63.59260000000002
E02000373,Anti-social behaviour,2026-02,73.34150000000002
E02000373,Burglary,2026-02,73.90500000000003
E02000373,Criminal damage and arson,2026-02,74.63740000000003
E02000373,Disruptive crimes,2026-02,78.76130000000003
E02000373,Property theft,2026-02,81.13960000000003
E02000373,Vehicle crime,2026-02,82.01470000000003
E02000373,Violence,2026-02,94.00050000000003
E02000374,Anti-social behaviour,2025-12,6.344199999999999
E02000374,Burglary,2025-12,6.799199999999999
E02000374,Criminal damage and arson,2025-12,7.749
E02000374,Disruptive crimes,2025-12,10.8456
E02000374,Property theft,2025-12,13.867499999999998
E02000374,Vehicle crime,2025-12,18.531299999999998
E02000374,Violence,2025-12,30.3665
E02000374,Anti-social behaviour,2026-01,37.776
E02000374,Burglary,2026-01,38.269800000000004
E02000374,Criminal damage and arson,2026-01,39.220000000000006
E02000374,Disruptive crimes,2026-01,42.293099999999995
E02000374,Property theft,2026-01,45.3486
E02000374,Vehicle crime,2026-01,49.909200000000006
E02000374,Violence,2026-01,61.72780000000001
E02000374,Anti-social behaviour,2026-02,68.0119
E02000374,Burglary,2026-02,68.5453
E02000374,Criminal damage and arson,2026-02,69.4521
E02000374,Disruptive crimes,2026-02,72.33360000000002
E02000374,Property theft,2026-02,75.32300000000002
E02000374,Vehicle crime,2026-02,79.71400000000003
E02000374,Violence,2026-02,90.87660000000002
E02000375,Anti-social behaviour,2025-12,42.195100000000004
E02000375,Burglary,2025-12,45.84880000000001
E02000375,Criminal damage and arson,2025-12,51.44080000000002
E02000375,Disruptive crimes,2025-12,83.16090000000001
E02000375,Property theft,2025-12,199.67640000000003
E02000375,Vehicle crime,2025-12,207.74740000000003
E02000375,Violence,2025-12,267.683
E02000375,Anti-social behaviour,2026-01,310.43139999999994
E02000375,Burglary,2026-01,314.13339999999994
E02000375,Criminal damage and arson,2026-01,319.7922
E02000375,Disruptive crimes,2026-01,351.73339999999996
E02000375,Property theft,2026-01,466.55869999999993
E02000375,Vehicle crime,2026-01,474.5970999999999
E02000375,Violence,2026-01,534.5159
E02000375,Anti-social behaviour,2026-02,573.6904000000001
E02000375,Burglary,2026-02,577.2348000000001
E02000375,Criminal damage and arson,2026-02,582.5394
E02000375,Disruptive crimes,2026-02,612.4209999999999
E02000375,Property theft,2026-02,716.9206
E02000375,Vehicle crime,2026-02,724.5260000000001
E02000375,Violence,2026-02,781.3305000000001
E02000376,Anti-social behaviour,2025-12,19.2742
E02000376,Burglary,2025-12,22.1562
E02000376,Criminal damage and arson,2025-12,26.217999999999996
E02000376,Disruptive crimes,2025-12,39.901399999999995
E02000376,Property theft,2025-12,53.3538
E02000376,Vehicle crime,2025-12,58.4233
E02000376,Violence,2025-12,85.695
E02000376,Anti-social behaviour,2026-01,106.55699999999999
E02000376,Burglary,2026-01,109.41319999999999
E02000376,Criminal damage and arson,2026-01,113.53009999999999
E02000376,Disruptive crimes,2026-01,127.27579999999999
E02000376,Property theft,2026-01,140.6243
E02000376,Vehicle crime,2026-01,145.62529999999998
E02000376,Violence,2026-01,173.11869999999996
E02000376,Anti-social behaviour,2026-02,191.95069999999998
E02000376,Burglary,2026-02,194.8167
E02000376,Criminal damage and arson,2026-02,198.6308
E02000376,Disruptive crimes,2026-02,211.54429999999996
E02000376,Property theft,2026-02,223.37769999999995
E02000376,Vehicle crime,2026-02,228.14939999999996
E02000376,Violence,2026-02,254.25439999999995
E02000377,Anti-social behaviour,2025-12,10.9661
E02000377,Burglary,2025-12,12.8998
E02000377,Criminal damage and arson,2025-12,14.7225
E02000377,Disruptive crimes,2025-12,21.332700000000003
E02000377,Property theft,2025-12,33.5487
E02000377,Vehicle crime,2025-12,39.138
E02000377,Violence,2025-12,59.28529999999999
E02000377,Anti-social behaviour,2026-01,71.3414
E02000377,Burglary,2026-01,73.3188
E02000377,Criminal damage and arson,2026-01,75.1464
E02000377,Disruptive crimes,2026-01,81.74360000000001
E02000377,Property theft,2026-01,93.9995
E02000377,Vehicle crime,2026-01,99.43610000000001
E02000377,Violence,2026-01,119.8154
E02000377,Anti-social behaviour,2026-02,130.27349999999998
E02000377,Burglary,2026-02,132.2592
E02000377,Criminal damage and arson,2026-02,134.00389999999996
E02000377,Disruptive crimes,2026-02,140.31689999999998
E02000377,Property theft,2026-02,151.70409999999998
E02000377,Vehicle crime,2026-02,156.93769999999998
E02000377,Violence,2026-02,176.27639999999997
E02000378,Anti-social behaviour,2025-12,17.0171
E02000378,Burglary,2025-12,19.621699999999997
E02000378,Criminal damage and arson,2025-12,21.7215
E02000378,Disruptive crimes,2025-12,30.3589
E02000378,Property theft,2025-12,52.0037
E02000378,Vehicle crime,2025-12,56.4302
E02000378,Violence,2025-12,77.0761
E02000378,Anti-social behaviour,2026-01,95.14359999999999
E02000378,Burglary,2026-01,97.80409999999998
E02000378,Criminal damage and arson,2026-01,99.91669999999998
E02000378,Disruptive crimes,2026-01,108.58589999999998
E02000378,Property theft,2026-01,130.1092
E02000378,Vehicle crime,2026-01,134.4492
E02000378,Violence,2026-01,155.1163
E02000378,Anti-social behaviour,2026-02,171.6546
E02000378,Burglary,2026-02,174.2886
E02000378,Criminal damage and arson,2026-02,176.27800000000002
E02000378,Disruptive crimes,2026-02,184.42790000000002
E02000378,Property theft,2026-02,204.32610000000003
E02000378,Vehicle crime,2026-02,208.49700000000007
E02000378,Violence,2026-02,228.02670000000006
E02000379,Anti-social behaviour,2025-12,4.4662
E02000379,Burglary,2025-12,4.662599999999999
E02000379,Criminal damage and arson,2025-12,5.201
E02000379,Disruptive crimes,2025-12,6.7853
E02000379,Property theft,2025-12,9.261099999999999
E02000379,Vehicle crime,2025-12,13.3553
E02000379,Violence,2025-12,19.744600000000002
E02000379,Anti-social behaviour,2026-01,24.653600000000004
E02000379,Burglary,2026-01,24.8362
E02000379,Criminal damage and arson,2026-01,25.4237
E02000379,Disruptive crimes,2026-01,27.086199999999998
E02000379,Property theft,2026-01,29.499099999999995
E02000379,Vehicle crime,2026-01,33.4884
E02000379,Violence,2026-01,39.80879999999999
E02000379,Anti-social behaviour,2026-02,44.5181
E02000379,Burglary,2026-02,44.6838
E02000379,Criminal damage and arson,2026-02,45.2343
E02000379,Disruptive crimes,2026-02,46.7581
E02000379,Property theft,2026-02,49.0695
E02000379,Vehicle crime,2026-02,52.9738
E02000379,Violence,2026-02,59.06919999999999
E02000380,Anti-social behaviour,2025-12,8.1393
E02000380,Burglary,2025-12,8.5648
E02000380,Criminal damage and arson,2025-12,8.569700000000001
E02000380,Disruptive crimes,2025-12,10.4543
E02000380,Property theft,2025-12,15.082500000000001
E02000380,Vehicle crime,2025-12,19.128400000000003
E02000380,Violence,2025-12,27.648000000000003
E02000380,Anti-social behaviour,2026-01,36.666199999999996
E02000380,Burglary,2026-01,37.0968
E02000380,Criminal damage and arson,2026-01,37.103699999999996
E02000380,Disruptive crimes,2026-01,39.0396
E02000380,Property theft,2026-01,43.6529
E02000380,Vehicle crime,2026-01,47.4864
E02000380,Violence,2026-01,56.016600000000004
E02000380,Anti-social behaviour,2026-02,64.1384
E02000380,Burglary,2026-02,64.6226
E02000380,Criminal damage and arson,2026-02,64.63000000000001
E02000380,Disruptive crimes,2026-02,66.47330000000001
E02000380,Property theft,2026-02,70.9165
E02000380,Vehicle crime,2026-02,74.693
E02000380,Violence,2026-02,82.7441
E02000381,Anti-social behaviour,2025-12,11.574700000000002
E02000381,Burglary,2025-12,13.399900000000002
E02000381,Criminal damage and arson,2025-12,13.633300000000002
E02000381,Disruptive crimes,2025-12,19.078000000000003
E02000381,Property theft,2025-12,26.211000000000006
E02000381,Vehicle crime,2025-12,30.877200000000002
E02000381,Violence,2025-12,46.769999999999996
E02000381,Anti-social behaviour,2026-01,59.017
E02000381,Burglary,2026-01,60.9035
E02000381,Criminal damage and arson,2026-01,61.158899999999996
E02000381,Disruptive crimes,2026-01,66.7192
E02000381,Property theft,2026-01,73.648
E02000381,Vehicle crime,2026-01,78.2148
E02000381,Violence,2026-01,94.25220000000002
E02000381,Anti-social behaviour,2026-02,105.62320000000003
E02000381,Burglary,2026-02,107.51810000000002
E02000381,Criminal damage and arson,2026-02,107.754
E02000381,Disruptive crimes,2026-02,112.8434
E02000381,Property theft,2026-02,119.44650000000001
E02000381,Vehicle crime,2026-02,123.87960000000001
E02000381,Violence,2026-02,139.0204
E02000382,Anti-social behaviour,2025-12,5.2036999999999995
E02000382,Burglary,2025-12,7.329
E02000382,Criminal damage and arson,2025-12,9.4651
E02000382,Disruptive crimes,2025-12,13.2165
E02000382,Property theft,2025-12,20.86
E02000382,Vehicle crime,2025-12,30.833999999999996
E02000382,Violence,2025-12,43.571799999999996
E02000382,Anti-social behaviour,2026-01,49.5407
E02000382,Burglary,2026-01,51.6496
E02000382,Criminal damage and arson,2026-01,53.7308
E02000382,Disruptive crimes,2026-01,57.4328
E02000382,Property theft,2026-01,64.9947
E02000382,Vehicle crime,2026-01,75.22949999999999
E02000382,Violence,2026-01,88.10579999999999
E02000382,Anti-social behaviour,2026-02,93.2221
E02000382,Burglary,2026-02,95.3031
E02000382,Criminal damage and arson,2026-02,97.3044
E02000382,Disruptive crimes,2026-02,100.8139
E02000382,Property theft,2026-02,107.447
E02000382,Vehicle crime,2026-02,116.55850000000001
E02000382,Violence,2026-02,128.9078
E02000383,Anti-social behaviour,2025-12,7.4566
E02000383,Burglary,2025-12,8.7337
E02000383,Criminal damage and arson,2025-12,9.3547
E02000383,Disruptive crimes,2025-12,14.510099999999998
E02000383,Property theft,2025-12,23.4907
E02000383,Vehicle crime,2025-12,26.399499999999996
E02000383,Violence,2025-12,40.81969999999999
E02000383,Anti-social behaviour,2026-01,49.220299999999995
E02000383,Burglary,2026-01,50.4867
E02000383,Criminal damage and arson,2026-01,51.1798
E02000383,Disruptive crimes,2026-01,56.4144
E02000383,Property theft,2026-01,65.27489999999999
E02000383,Vehicle crime,2026-01,68.11569999999998
E02000383,Violence,2026-01,82.64619999999998
E02000383,Anti-social behaviour,2026-02,90.15059999999997
E02000383,Burglary,2026-02,91.41869999999999
E02000383,Criminal damage and arson,2026-02,92.06859999999999
E02000383,Disruptive crimes,2026-02,96.94509999999998
E02000383,Property theft,2026-02,105.01129999999996
E02000383,Vehicle crime,2026-02,107.80969999999996
E02000383,Violence,2026-02,121.61129999999997
E02000384,Anti-social behaviour,2025-12,42.0663
E02000384,Burglary,2025-12,46.34019999999999
E02000384,Criminal damage and arson,2025-12,55.12849999999999
E02000384,Disruptive crimes,2025-12,87.3999
E02000384,Property theft,2025-12,171.7587
E02000384,Vehicle crime,2025-12,180.1107
E02000384,Violence,2025-12,245.7388
E02000384,Anti-social behaviour,2026-01,289.78520000000003
E02000384,Burglary,2026-01,294.01920000000007
E02000384,Criminal damage and arson,2026-01,302.82670000000013
E02000384,Disruptive crimes,2026-01,334.86760000000015
E02000384,Property theft,2026-01,418.96790000000016
E02000384,Vehicle crime,2026-01,427.1345000000002
E02000384,Violence,2026-01,492.99520000000024
E02000384,Anti-social behaviour,2026-02,533.5948000000002
E02000384,Burglary,2026-02,537.6286000000001
E02000384,Criminal damage and arson,2026-02,545.8782000000001
E02000384,Disruptive crimes,2026-02,575.6589000000001
E02000384,Property theft,2026-02,654.2333000000002
E02000384,Vehicle crime,2026-02,661.2326000000003
E02000384,Violence,2026-02,723.4967000000001
E02000385,Anti-social behaviour,2025-12,7.0646
E02000385,Burglary,2025-12,7.829300000000001
E02000385,Criminal damage and arson,2025-12,8.274799999999999
E02000385,Disruptive crimes,2025-12,11.946699999999998
E02000385,Property theft,2025-12,20.599700000000002
E02000385,Vehicle crime,2025-12,23.417099999999998
E02000385,Violence,2025-12,32.7757
E02000385,Anti-social behaviour,2026-01,40.4495
E02000385,Burglary,2026-01,41.273
E02000385,Criminal damage and arson,2026-01,41.744200000000006
E02000385,Disruptive crimes,2026-01,45.4037
E02000385,Property theft,2026-01,54.101099999999995
E02000385,Vehicle crime,2026-01,56.87189999999999
E02000385,Violence,2026-01,66.39339999999999
E02000385,Anti-social behaviour,2026-02,72.46549999999998
E02000385,Burglary,2026-02,73.29169999999999
E02000385,Criminal damage and arson,2026-02,73.7386
E02000385,Disruptive crimes,2026-02,77.1749
E02000385,Property theft,2026-02,85.17919999999998
E02000385,Vehicle crime,2026-02,87.86179999999999
E02000385,Violence,2026-02,96.7226
E02000386,Anti-social behaviour,2025-12,14.877
E02000386,Burglary,2025-12,15.0859
E02000386,Criminal damage and arson,2025-12,16.4345
E02000386,Disruptive crimes,2025-12,22.869899999999998
E02000386,Property theft,2025-12,29.825699999999998
E02000386,Vehicle crime,2025-12,31.536299999999994
E02000386,Violence,2025-12,50.259899999999995
E02000386,Anti-social behaviour,2026-01,66.3924
E02000386,Burglary,2026-01,66.58
E02000386,Criminal damage and arson,2026-01,67.97949999999999
E02000386,Disruptive crimes,2026-01,74.43539999999999
E02000386,Property theft,2026-01,81.39069999999998
E02000386,Vehicle crime,2026-01,83.04069999999997
E02000386,Violence,2026-01,101.99729999999997
E02000386,Anti-social behaviour,2026-02,116.66509999999998
E02000386,Burglary,2026-02,116.85429999999998
E02000386,Criminal damage and arson,2026-02,118.13559999999997
E02000386,Disruptive crimes,2026-02,124.14129999999996
E02000386,Property theft,2026-02,130.69049999999996
E02000386,Vehicle crime,2026-02,132.33059999999995
E02000386,Violence,2026-02,150.23679999999993
E02000387,Anti-social behaviour,2025-12,4.130199999999999
E02000387,Burglary,2025-12,5.7097999999999995
E02000387,Criminal damage and arson,2025-12,8.3005
E02000387,Disruptive crimes,2025-12,14.6396
E02000387,Property theft,2025-12,25.8697
E02000387,Vehicle crime,2025-12,28.3645
E02000387,Violence,2025-12,60.7906
E02000387,Anti-social behaviour,2026-01,65.2553
E02000387,Burglary,2026-01,66.87750000000001
E02000387,Criminal damage and arson,2026-01,69.47380000000001
E02000387,Disruptive crimes,2026-01,75.91950000000001
E02000387,Property theft,2026-01,87.0537
E02000387,Vehicle crime,2026-01,89.4833
E02000387,Violence,2026-01,122.1627
E02000387,Anti-social behaviour,2026-02,126.205
E02000387,Burglary,2026-02,127.8081
E02000387,Criminal damage and arson,2026-02,130.1958
E02000387,Disruptive crimes,2026-02,136.26219999999998
E02000387,Property theft,2026-02,146.7025
E02000387,Vehicle crime,2026-02,149.11219999999997
E02000387,Violence,2026-02,180.37559999999993
E02000388,Anti-social behaviour,2025-12,14.4772
E02000388,Burglary,2025-12,16.619600000000002
E02000388,Criminal damage and arson,2025-12,18.4812
E02000388,Disruptive crimes,2025-12,26.443500000000004
E02000388,Property theft,2025-12,43.5998
E02000388,Vehicle crime,2025-12,46.77190000000001
E02000388,Violence,2025-12,67.85440000000001
E02000388,Anti-social behaviour,2026-01,83.7431
E02000388,Burglary,2026-01,85.9087
E02000388,Criminal damage and arson,2026-01,87.7477
E02000388,Disruptive crimes,2026-01,95.64229999999999
E02000388,Property theft,2026-01,112.76019999999997
E02000388,Vehicle crime,2026-01,115.88969999999998
E02000388,Violence,2026-01,137.21589999999998
E02000388,Anti-social behaviour,2026-02,151.402
E02000388,Burglary,2026-02,153.5771
E02000388,Criminal damage and arson,2026-02,155.3566
E02000388,Disruptive crimes,2026-02,162.85489999999996
E02000388,Property theft,2026-02,178.48709999999997
E02000388,Vehicle crime,2026-02,181.54039999999998
E02000388,Violence,2026-02,201.6813
E02000389,Anti-social behaviour,2025-12,8.785599999999999
E02000389,Burglary,2025-12,9.593999999999998
E02000389,Criminal damage and arson,2025-12,10.493099999999997
E02000389,Disruptive crimes,2025-12,13.271199999999997
E02000389,Property theft,2025-12,24.536099999999998
E02000389,Vehicle crime,2025-12,30.893099999999997
E02000389,Violence,2025-12,42.067299999999996
E02000389,Anti-social behaviour,2026-01,51.5746
E02000389,Burglary,2026-01,52.4078
E02000389,Criminal damage and arson,2026-01,53.3092
E02000389,Disruptive crimes,2026-01,56.147200000000005
E02000389,Property theft,2026-01,67.40809999999999
E02000389,Vehicle crime,2026-01,73.6796
E02000389,Violence,2026-01,84.973
E02000389,Anti-social behaviour,2026-02,94.0287
E02000389,Burglary,2026-02,94.86710000000001
E02000389,Criminal damage and arson,2026-02,95.71480000000001
E02000389,Disruptive crimes,2026-02,98.38870000000001
E02000389,Property theft,2026-02,108.84040000000003
E02000389,Vehicle crime,2026-02,114.75600000000006
E02000389,Violence,2026-02,125.45530000000007
E02000390,Anti-social behaviour,2025-12,3.3226000000000004
E02000390,Burglary,2025-12,4.534300000000001
E02000390,Criminal damage and arson,2025-12,5.008000000000002
E02000390,Disruptive crimes,2025-12,6.792200000000002
E02000390,Property theft,2025-12,10.672600000000001
E02000390,Vehicle crime,2025-12,14.8256
E02000390,Violence,2025-12,23.311299999999996
E02000390,Anti-social behaviour,2026-01,26.855099999999993
E02000390,Burglary,2026-01,28.113999999999994
E02000390,Criminal damage and arson,2026-01,28.573599999999992
E02000390,Disruptive crimes,2026-01,30.38359999999999
E02000390,Property theft,2026-01,34.2771
E02000390,Vehicle crime,2026-01,38.339400000000005
E02000390,Violence,2026-01,46.87620000000001
E02000390,Anti-social behaviour,2026-02,50.11460000000002
E02000390,Burglary,2026-02,51.438900000000025
E02000390,Criminal damage and arson,2026-02,51.85690000000003
E02000390,Disruptive crimes,2026-02,53.53510000000002
E02000390,Property theft,2026-02,57.24240000000002
E02000390,Vehicle crime,2026-02,61.149600000000014
E02000390,Violence,2026-02,69.20470000000002
E02000391,Anti-social behaviour,2025-12,8.268
E02000391,Burglary,2025-12,10.615799999999998
E02000391,Criminal damage and arson,2025-12,11.905199999999999
E02000391,Disruptive crimes,2025-12,20.9275
E02000391,Property theft,2025-12,38.6916
E02000391,Vehicle crime,2025-12,46.2314
E02000391,Violence,2025-12,63.65160000000001
E02000391,Anti-social behaviour,2026-01,72.68830000000001
E02000391,Burglary,2026-01,75.03730000000002
E02000391,Criminal damage and arson,2026-01,76.31130000000002
E02000391,Disruptive crimes,2026-01,85.52720000000001
E02000391,Property theft,2026-01,103.20790000000001
E02000391,Vehicle crime,2026-01,110.6667
E02000391,Violence,2026-01,128.25240000000002
E02000391,Anti-social behaviour,2026-02,136.3908
E02000391,Burglary,2026-02,138.73270000000002
E02000391,Criminal damage and arson,2026-02,139.91090000000003
E02000391,Disruptive crimes,2026-02,148.52540000000002
E02000391,Property theft,2026-02,164.71230000000006
E02000391,Vehicle crime,2026-02,171.64140000000003
E02000391,Violence,2026-02,188.33030000000002
E02000392,Anti-social behaviour,2025-12,14.051100000000002
E02000392,Burglary,2025-12,17.834600000000002
E02000392,Criminal damage and arson,2025-12,19.425
E02000392,Disruptive crimes,2025-12,26.0686
E02000392,Property theft,2025-12,49.869099999999996
E02000392,Vehicle crime,2025-12,55.999399999999994
E02000392,Violence,2025-12,71.7511
E02000392,Anti-social behaviour,2026-01,86.78249999999998
E02000392,Burglary,2026-01,90.58579999999999
E02000392,Criminal damage and arson,2026-01,92.17649999999998
E02000392,Disruptive crimes,2026-01,98.95639999999996
E02000392,Property theft,2026-01,122.80509999999998
E02000392,Vehicle crime,2026-01,128.67929999999998
E02000392,Violence,2026-01,144.40329999999994
E02000392,Anti-social behaviour,2026-02,157.75699999999995
E02000392,Burglary,2026-02,161.53159999999994
E02000392,Criminal damage and arson,2026-02,163.03319999999994
E02000392,Disruptive crimes,2026-02,169.35309999999993
E02000392,Property theft,2026-02,191.48619999999994
E02000392,Vehicle crime,2026-02,197.15669999999992
E02000392,Violence,2026-02,211.9310999999999
E02000393,Anti-social behaviour,2025-12,1.9768
E02000393,Burglary,2025-12,2.3500999999999994
E02000393,Criminal damage and arson,2025-12,2.3508999999999998
E02000393,Disruptive crimes,2025-12,2.3715
E02000393,Property theft,2025-12,5.2171
E02000393,Vehicle crime,2025-12,9.2086
E02000393,Violence,2025-12,14.471900000000002
E02000393,Anti-social behaviour,2026-01,16.613200000000003
E02000393,Burglary,2026-01,16.9679
E02000393,Criminal damage and arson,2026-01,16.969199999999997
E02000393,Disruptive crimes,2026-01,16.994099999999996
E02000393,Property theft,2026-01,19.8376
E02000393,Vehicle crime,2026-01,23.737499999999997
E02000393,Violence,2026-01,29.000399999999996
E02000393,Anti-social behaviour,2026-02,31.009499999999996
E02000393,Burglary,2026-02,31.393299999999996
E02000393,Criminal damage and arson,2026-02,31.394799999999993
E02000393,Disruptive crimes,2026-02,31.41829999999999
E02000393,Property theft,2026-02,34.18239999999999
E02000393,Vehicle crime,2026-02,38.00719999999998
E02000393,Violence,2026-02,42.98789999999999
E02000394,Anti-social behaviour,2025-12,11.097
E02000394,Burglary,2025-12,12.440199999999999
E02000394,Criminal damage and arson,2025-12,13.471899999999998
E02000394,Disruptive crimes,2025-12,16.5595
E02000394,Property theft,2025-12,23.687699999999996
E02000394,Vehicle crime,2025-12,27.363699999999994
E02000394,Violence,2025-12,45.453199999999995
E02000394,Anti-social behaviour,2026-01,57.2987
E02000394,Burglary,2026-01,58.6675
E02000394,Criminal damage and arson,2026-01,59.711400000000005
E02000394,Disruptive crimes,2026-01,63.01170000000001
E02000394,Property theft,2026-01,70.18580000000001
E02000394,Vehicle crime,2026-01,73.81980000000003
E02000394,Violence,2026-01,92.39980000000004
E02000394,Anti-social behaviour,2026-02,103.95580000000004
E02000394,Burglary,2026-02,105.28410000000004
E02000394,Criminal damage and arson,2026-02,106.26630000000003
E02000394,Disruptive crimes,2026-02,109.39920000000004
E02000394,Property theft,2026-02,116.25850000000005
E02000394,Vehicle crime,2026-02,119.90320000000004
E02000394,Violence,2026-02,138.08070000000004
E02000395,Anti-social behaviour,2025-12,7.0009999999999994
E02000395,Burglary,2025-12,8.924499999999998
E02000395,Criminal damage and arson,2025-12,9.681899999999997
E02000395,Disruptive crimes,2025-12,12.504899999999996
E02000395,Property theft,2025-12,19.524499999999996
E02000395,Vehicle crime,2025-12,24.664099999999998
E02000395,Violence,2025-12,33.7836
E02000395,Anti-social behaviour,2026-01,41.420300000000005
E02000395,Burglary,2026-01,43.313500000000005
E02000395,Criminal damage and arson,2026-01,44.0697
E02000395,Disruptive crimes,2026-01,46.8033
E02000395,Property theft,2026-01,53.656
E02000395,Vehicle crime,2026-01,58.618199999999995
E02000395,Violence,2026-01,67.84159999999999
E02000395,Anti-social behaviour,2026-02,74.79749999999999
E02000395,Burglary,2026-02,76.7021
E02000395,Criminal damage and arson,2026-02,77.3936
E02000395,Disruptive crimes,2026-02,79.87740000000001
E02000395,Property theft,2026-02,86.3514
E02000395,Vehicle crime,2026-02,91.10399999999998
E02000395,Violence,2026-02,99.9236
E02000396,Anti-social behaviour,2025-12,4.4174
E02000396,Burglary,2025-12,5.7970999999999995
E02000396,Criminal damage and arson,2025-12,5.9058
E02000396,Disruptive crimes,2025-12,8.7524
E02000396,Property theft,2025-12,13.1578
E02000396,Vehicle crime,2025-12,16.7764
E02000396,Violence,2025-12,25.581799999999998
E02000396,Anti-social behaviour,2026-01,30.538899999999995
E02000396,Burglary,2026-01,31.955899999999993
E02000396,Criminal damage and arson,2026-01,32.083999999999996
E02000396,Disruptive crimes,2026-01,35.048199999999994
E02000396,Property theft,2026-01,39.44579999999999
E02000396,Vehicle crime,2026-01,42.95599999999999
E02000396,Violence,2026-01,51.77489999999999
E02000396,Anti-social behaviour,2026-02,56.419499999999985
E02000396,Burglary,2026-02,57.826399999999985
E02000396,Criminal damage and arson,2026-02,57.954599999999985
E02000396,Disruptive crimes,2026-02,60.70509999999998
E02000396,Property theft,2026-02,64.89329999999998
E02000396,Vehicle crime,2026-02,68.28179999999999
E02000396,Violence,2026-02,76.6349
E02000397,Anti-social behaviour,2025-12,8.9921
E02000397,Burglary,2025-12,9.387500000000003
E02000397,Criminal damage and arson,2025-12,11.329000000000004
E02000397,Disruptive crimes,2025-12,20.6761
E02000397,Property theft,2025-12,24.775000000000002
E02000397,Vehicle crime,2025-12,29.755000000000003
E02000397,Violence,2025-12,49.1774
E02000397,Anti-social behaviour,2026-01,59.3447
E02000397,Burglary,2026-01,59.76740000000001
E02000397,Criminal damage and arson,2026-01,61.684500000000014
E02000397,Disruptive crimes,2026-01,71.38680000000001
E02000397,Property theft,2026-01,75.38839999999999
E02000397,Vehicle crime,2026-01,80.2799
E02000397,Violence,2026-01,100.0275
E02000397,Anti-social behaviour,2026-02,108.98089999999999
E02000397,Burglary,2026-02,109.4632
E02000397,Criminal damage and arson,2026-02,111.23450000000001
E02000397,Disruptive crimes,2026-02,120.1489
E02000397,Property theft,2026-02,124.0037
E02000397,Vehicle crime,2026-02,128.68149999999997
E02000397,Violence,2026-02,147.42269999999996
E02000398,Anti-social behaviour,2025-12,18.075200000000002
E02000398,Burglary,2025-12,21.422100000000004
E02000398,Criminal damage and arson,2025-12,25.776200000000003
E02000398,Disruptive crimes,2025-12,35.03110000000001
E02000398,Property theft,2025-12,41.87690000000001
E02000398,Vehicle crime,2025-12,49.84540000000001
E02000398,Violence,2025-12,77.76870000000001
E02000398,Anti-social behaviour,2026-01,98.3678
E02000398,Burglary,2026-01,101.6406
E02000398,Criminal damage and arson,2026-01,105.99170000000001
E02000398,Disruptive crimes,2026-01,115.32060000000001
E02000398,Property theft,2026-01,122.07890000000002
E02000398,Vehicle crime,2026-01,130.065
E02000398,Violence,2026-01,158.4818
E02000398,Anti-social behaviour,2026-02,177.40879999999999
E02000398,Burglary,2026-02,180.59049999999996
E02000398,Criminal damage and arson,2026-02,184.71469999999997
E02000398,Disruptive crimes,2026-02,193.50109999999998
E02000398,Property theft,2026-02,199.9322
E02000398,Vehicle crime,2026-02,207.2989
E02000398,Violence,2026-02,234.3227
E02000400,Anti-social behaviour,2025-12,9.921199999999999
E02000400,Burglary,2025-12,11.4919
E02000400,Criminal damage and arson,2025-12,12.627799999999999
E02000400,Disruptive crimes,2025-12,16.2629
E02000400,Property theft,2025-12,22.5612
E02000400,Vehicle crime,2025-12,29.0241
E02000400,Violence,2025-12,42.7009
E02000400,Anti-social behaviour,2026-01,53.7587
E02000400,Burglary,2026-01,55.4004
E02000400,Criminal damage and arson,2026-01,56.575599999999994
E02000400,Disruptive crimes,2026-01,60.17209999999999
E02000400,Property theft,2026-01,66.3081
E02000400,Vehicle crime,2026-01,72.6918
E02000400,Violence,2026-01,86.6671
E02000400,Anti-social behaviour,2026-02,96.7018
E02000400,Burglary,2026-02,98.39110000000001
E02000400,Criminal damage and arson,2026-02,99.51830000000001
E02000400,Disruptive crimes,2026-02,102.9521
E02000400,Property theft,2026-02,108.2731
E02000400,Vehicle crime,2026-02,114.3622
E02000400,Violence,2026-02,127.59429999999999
E02000401,Anti-social behaviour,2025-12,5.8261
E02000401,Burglary,2025-12,7.3333
E02000401,Criminal damage and arson,2025-12,9.753900000000002
E02000401,Disruptive crimes,2025-12,14.855
E02000401,Property theft,2025-12,20.106700000000004
E02000401,Vehicle crime,2025-12,26.174200000000006
E02000401,Violence,2025-12,42.008100000000006
E02000401,Anti-social behaviour,2026-01,48.84640000000001
E02000401,Burglary,2026-01,50.44620000000001
E02000401,Criminal damage and arson,2026-01,52.88320000000001
E02000401,Disruptive crimes,2026-01,58.048600000000015
E02000401,Property theft,2026-01,63.013500000000015
E02000401,Vehicle crime,2026-01,68.91810000000001
E02000401,Violence,2026-01,85.1313
E02000401,Anti-social behaviour,2026-02,91.28889999999998
E02000401,Burglary,2026-02,92.97089999999999
E02000401,Criminal damage and arson,2026-02,95.26899999999999
E02000401,Disruptive crimes,2026-02,100.1031
E02000401,Property theft,2026-02,104.17739999999999
E02000401,Vehicle crime,2026-02,109.7422
E02000401,Violence,2026-02,125.0973
E02000402,Anti-social behaviour,2025-12,6.5657000000000005
E02000402,Burglary,2025-12,7.402900000000001
E02000402,Criminal damage and arson,2025-12,9.321000000000002
E02000402,Disruptive crimes,2025-12,14.209900000000001
E02000402,Property theft,2025-12,19.6689
E02000402,Vehicle crime,2025-12,25.7093
E02000402,Violence,2025-12,41.78810000000001
E02000402,Anti-social behaviour,2026-01,49.76670000000001
E02000402,Burglary,2026-01,50.67510000000001
E02000402,Criminal damage and arson,2026-01,52.5936
E02000402,Disruptive crimes,2026-01,57.5345
E02000402,Property theft,2026-01,62.9773
E02000402,Vehicle crime,2026-01,68.8908
E02000402,Violence,2026-01,85.22579999999999
E02000402,Anti-social behaviour,2026-02,92.01469999999999
E02000402,Burglary,2026-02,92.95829999999998
E02000402,Criminal damage and arson,2026-02,94.859
E02000402,Disruptive crimes,2026-02,99.4752
E02000402,Property theft,2026-02,104.52120000000001
E02000402,Vehicle crime,2026-02,110.1019
E02000402,Violence,2026-02,125.5134
E02000403,Anti-social behaviour,2025-12,10.0736
E02000403,Burglary,2025-12,10.8105
E02000403,Criminal damage and arson,2025-12,12.8534
E02000403,Disruptive crimes,2025-12,22.2566
E02000403,Property theft,2025-12,32.3975
E02000403,Vehicle crime,2025-12,38.605000000000004
E02000403,Violence,2025-12,64.5967
E02000403,Anti-social behaviour,2026-01,76.353
E02000403,Burglary,2026-01,77.16989999999998
E02000403,Criminal damage and arson,2026-01,79.19569999999997
E02000403,Disruptive crimes,2026-01,88.64069999999998
E02000403,Property theft,2026-01,98.86639999999997
E02000403,Vehicle crime,2026-01,104.98199999999997
E02000403,Violence,2026-01,131.19819999999996
E02000403,Anti-social behaviour,2026-02,141.35559999999995
E02000403,Burglary,2026-02,142.21619999999996
E02000403,Criminal damage and arson,2026-02,144.17699999999996
E02000403,Disruptive crimes,2026-02,152.94359999999998
E02000403,Property theft,2026-02,162.31419999999997
E02000403,Vehicle crime,2026-02,168.12959999999998
E02000403,Violence,2026-02,192.88619999999997
E02000404,Anti-social behaviour,2025-12,7.7757
E02000404,Burglary,2025-12,8.465100000000001
E02000404,Criminal damage and arson,2025-12,10.078700000000001
E02000404,Disruptive crimes,2025-12,15.201500000000003
E02000404,Property theft,2025-12,19.7657
E02000404,Vehicle crime,2025-12,25.2377
E02000404,Violence,2025-12,44.200300000000006
E02000404,Anti-social behaviour,2026-01,53.0028
E02000404,Burglary,2026-01,53.7579
E02000404,Criminal damage and arson,2026-01,55.3842
E02000404,Disruptive crimes,2026-01,60.5926
E02000404,Property theft,2026-01,65.24810000000001
E02000404,Vehicle crime,2026-01,70.57960000000001
E02000404,Violence,2026-01,89.80830000000002
E02000404,Anti-social behaviour,2026-02,97.72830000000002
E02000404,Burglary,2026-02,98.55000000000001
E02000404,Criminal damage and arson,2026-02,100.0972
E02000404,Disruptive crimes,2026-02,104.9463
E02000404,Property theft,2026-02,109.3356
E02000404,Vehicle crime,2026-02,114.44330000000001
E02000404,Violence,2026-02,132.58810000000003
E02000405,Anti-social behaviour,2025-12,5.149700000000001
E02000405,Burglary,2025-12,6.139300000000001
E02000405,Criminal damage and arson,2025-12,6.559100000000001
E02000405,Disruptive crimes,2025-12,8.8443
E02000405,Property theft,2025-12,10.5241
E02000405,Vehicle crime,2025-12,16.953300000000002
E02000405,Violence,2025-12,26.726300000000002
E02000405,Anti-social behaviour,2026-01,32.6898
E02000405,Burglary,2026-01,33.661699999999996
E02000405,Criminal damage and arson,2026-01,34.0842
E02000405,Disruptive crimes,2026-01,36.333400000000005
E02000405,Property theft,2026-01,38.042800000000014
E02000405,Vehicle crime,2026-01,44.32300000000002
E02000405,Violence,2026-01,54.21160000000002
E02000405,Anti-social behaviour,2026-02,59.85040000000002
E02000405,Burglary,2026-02,60.85810000000002
E02000405,Criminal damage and arson,2026-02,61.32520000000003
E02000405,Disruptive crimes,2026-02,63.41640000000003
E02000405,Property theft,2026-02,64.97660000000002
E02000405,Vehicle crime,2026-02,70.96450000000003
E02000405,Violence,2026-02,80.33960000000003
E02000406,Anti-social behaviour,2025-12,8.6508
E02000406,Burglary,2025-12,9.481200000000001
E02000406,Criminal damage and arson,2025-12,11.279600000000002
E02000406,Disruptive crimes,2025-12,15.888300000000001
E02000406,Property theft,2025-12,21.5452
E02000406,Vehicle crime,2025-12,26.582400000000003
E02000406,Violence,2025-12,42.58940000000001
E02000406,Anti-social behaviour,2026-01,52.72210000000001
E02000406,Burglary,2026-01,53.59150000000002
E02000406,Criminal damage and arson,2026-01,55.38690000000002
E02000406,Disruptive crimes,2026-01,60.04110000000003
E02000406,Property theft,2026-01,65.67070000000002
E02000406,Vehicle crime,2026-01,70.62070000000003
E02000406,Violence,2026-01,86.77890000000004
E02000406,Anti-social behaviour,2026-02,95.23100000000002
E02000406,Burglary,2026-02,96.15500000000003
E02000406,Criminal damage and arson,2026-02,97.94850000000002
E02000406,Disruptive crimes,2026-02,102.32280000000002
E02000406,Property theft,2026-02,107.63640000000001
E02000406,Vehicle crime,2026-02,112.34720000000002
E02000406,Violence,2026-02,127.45270000000002
E02000407,Anti-social behaviour,2025-12,10.1649
E02000407,Burglary,2025-12,11.2602
E02000407,Criminal damage and arson,2025-12,13.718499999999999
E02000407,Disruptive crimes,2025-12,23.245199999999997
E02000407,Property theft,2025-12,29.1984
E02000407,Vehicle crime,2025-12,34.4576
E02000407,Violence,2025-12,55.96039999999999
E02000407,Anti-social behaviour,2026-01,68.206
E02000407,Burglary,2026-01,69.26749999999998
E02000407,Criminal damage and arson,2026-01,71.69849999999998
E02000407,Disruptive crimes,2026-01,81.55069999999999
E02000407,Property theft,2026-01,87.72569999999999
E02000407,Vehicle crime,2026-01,92.79889999999999
E02000407,Violence,2026-01,114.46529999999998
E02000407,Anti-social behaviour,2026-02,125.45579999999998
E02000407,Burglary,2026-02,126.51249999999999
E02000407,Criminal damage and arson,2026-02,128.81529999999998
E02000407,Disruptive crimes,2026-02,137.88899999999998
E02000407,Property theft,2026-02,143.64489999999998
E02000407,Vehicle crime,2026-02,148.5221
E02000407,Violence,2026-02,168.96540000000002
E02000408,Anti-social behaviour,2025-12,16.2456
E02000408,Burglary,2025-12,18.571499999999997
E02000408,Criminal damage and arson,2025-12,22.3964
E02000408,Disruptive crimes,2025-12,34.952799999999996
E02000408,Property theft,2025-12,54.14829999999999
E02000408,Vehicle crime,2025-12,60.66159999999999
E02000408,Violence,2025-12,94.0693
E02000408,Anti-social behaviour,2026-01,112.64459999999998
E02000408,Burglary,2026-01,114.95139999999999
E02000408,Criminal damage and arson,2026-01,118.7306
E02000408,Disruptive crimes,2026-01,131.6008
E02000408,Property theft,2026-01,151.05339999999998
E02000408,Vehicle crime,2026-01,157.4006
E02000408,Violence,2026-01,191.1033
E02000408,Anti-social behaviour,2026-02,207.9635
E02000408,Burglary,2026-02,210.3152
E02000408,Criminal damage and arson,2026-02,213.9232
E02000408,Disruptive crimes,2026-02,225.92849999999999
E02000408,Property theft,2026-02,243.06459999999998
E02000408,Vehicle crime,2026-02,248.98289999999997
E02000408,Violence,2026-02,280.816
E02000409,Anti-social behaviour,2025-12,3.0586
E02000409,Burglary,2025-12,3.5507000000000004
E02000409,Criminal damage and arson,2025-12,3.622
E02000409,Disruptive crimes,2025-12,5.623600000000001
E02000409,Property theft,2025-12,8.4395
E02000409,Vehicle crime,2025-12,12.1712
E02000409,Violence,2025-12,23.7197
E02000409,Anti-social behaviour,2026-01,27.2649
E02000409,Burglary,2026-01,27.787
E02000409,Criminal damage and arson,2026-01,27.877
E02000409,Disruptive crimes,2026-01,29.992400000000004
E02000409,Property theft,2026-01,32.87440000000001
E02000409,Vehicle crime,2026-01,36.502800000000015
E02000409,Violence,2026-01,48.16980000000002
E02000409,Anti-social behaviour,2026-02,51.36450000000003
E02000409,Burglary,2026-02,51.930000000000035
E02000409,Criminal damage and arson,2026-02,52.02580000000004
E02000409,Disruptive crimes,2026-02,53.959100000000035
E02000409,Property theft,2026-02,56.64820000000003
E02000409,Vehicle crime,2026-02,60.15920000000004
E02000409,Violence,2026-02,71.25800000000004
E02000410,Anti-social behaviour,2025-12,2.3696
E02000410,Burglary,2025-12,3.2542
E02000410,Criminal damage and arson,2025-12,4.0245999999999995
E02000410,Disruptive crimes,2025-12,4.993099999999999
E02000410,Property theft,2025-12,13.2699
E02000410,Vehicle crime,2025-12,19.3753
E02000410,Violence,2025-12,26.8406
E02000410,Anti-social behaviour,2026-01,29.558699999999998
E02000410,Burglary,2026-01,30.3947
E02000410,Criminal damage and arson,2026-01,31.1661
E02000410,Disruptive crimes,2026-01,32.1365
E02000410,Property theft,2026-01,40.5202
E02000410,Vehicle crime,2026-01,46.5262
E02000410,Violence,2026-01,54.186699999999995
E02000410,Anti-social behaviour,2026-02,56.729499999999994
E02000410,Burglary,2026-02,57.577099999999994
E02000410,Criminal damage and arson,2026-02,58.351
E02000410,Disruptive crimes,2026-02,59.27949999999999
E02000410,Property theft,2026-02,67.1315
E02000410,Vehicle crime,2026-02,72.8749
E02000410,Violence,2026-02,80.0131
E02000411,Anti-social behaviour,2025-12,20.4598
E02000411,Burglary,2025-12,26.340900000000005
E02000411,Criminal damage and arson,2025-12,30.507700000000003
E02000411,Disruptive crimes,2025-12,40.71190000000001
E02000411,Property theft,2025-12,67.26620000000001
E02000411,Vehicle crime,2025-12,76.68450000000001
E02000411,Violence,2025-12,114.9826
E02000411,Anti-social behaviour,2026-01,137.6208
E02000411,Burglary,2026-01,143.8454
E02000411,Criminal damage and arson,2026-01,148.0997
E02000411,Disruptive crimes,2026-01,158.43690000000004
E02000411,Property theft,2026-01,185.02490000000006
E02000411,Vehicle crime,2026-01,194.57880000000006
E02000411,Violence,2026-01,233.33770000000004
E02000411,Anti-social behaviour,2026-02,254.62050000000002
E02000411,Burglary,2026-02,261.3152
E02000411,Criminal damage and arson,2026-02,265.5475
E02000411,Disruptive crimes,2026-02,275.775
E02000411,Property theft,2026-02,301.6219
E02000411,Vehicle crime,2026-02,311.26720000000006
E02000411,Violence,2026-02,348.3627000000001
E02000412,Anti-social behaviour,2025-12,34.1182
E02000412,Burglary,2025-12,39.0394
E02000412,Criminal damage and arson,2025-12,45.0933
E02000412,Disruptive crimes,2025-12,63.674200000000006
E02000412,Property theft,2025-12,172.144
E02000412,Vehicle crime,2025-12,184.17280000000002
E02000412,Violence,2025-12,247.81810000000002
E02000412,Anti-social behaviour,2026-01,283.0172
E02000412,Burglary,2026-01,287.87080000000003
E02000412,Criminal damage and arson,2026-01,293.8406
E02000412,Disruptive crimes,2026-01,312.8645
E02000412,Property theft,2026-01,420.7173
E02000412,Vehicle crime,2026-01,432.7208
E02000412,Violence,2026-01,496.3163
E02000412,Anti-social behaviour,2026-02,528.705
E02000412,Burglary,2026-02,533.3808000000001
E02000412,Criminal damage and arson,2026-02,538.9729000000002
E02000412,Disruptive crimes,2026-02,556.5773000000002
E02000412,Property theft,2026-02,654.4473000000002
E02000412,Vehicle crime,2026-02,665.6022000000002
E02000412,Violence,2026-02,726.4529
E02000413,Anti-social behaviour,2025-12,2.2171
E02000413,Burglary,2025-12,4.0595
E02000413,Criminal damage and arson,2025-12,4.736700000000001
E02000413,Disruptive crimes,2025-12,5.977900000000001
E02000413,Property theft,2025-12,8.7645
E02000413,Vehicle crime,2025-12,14.8896
E02000413,Violence,2025-12,23.0668
E02000413,Anti-social behaviour,2026-01,25.712500000000002
E02000413,Burglary,2026-01,27.5959
E02000413,Criminal damage and arson,2026-01,28.291999999999998
E02000413,Disruptive crimes,2026-01,29.595599999999997
E02000413,Property theft,2026-01,32.4427
E02000413,Vehicle crime,2026-01,38.4749
E02000413,Violence,2026-01,46.8378
E02000413,Anti-social behaviour,2026-02,49.32490000000001
E02000413,Burglary,2026-02,51.256800000000005
E02000413,Criminal damage and arson,2026-02,51.888100000000016
E02000413,Disruptive crimes,2026-02,53.10180000000001
E02000413,Property theft,2026-02,55.7458
E02000413,Vehicle crime,2026-02,61.51780000000001
E02000413,Violence,2026-02,69.40050000000001
E02000414,Anti-social behaviour,2025-12,8.1605
E02000414,Burglary,2025-12,8.335500000000001
E02000414,Criminal damage and arson,2025-12,8.913499999999999
E02000414,Disruptive crimes,2025-12,12.516199999999998
E02000414,Property theft,2025-12,15.814099999999998
E02000414,Vehicle crime,2025-12,20.8939
E02000414,Violence,2025-12,34.682
E02000414,Anti-social behaviour,2026-01,43.921200000000006
E02000414,Burglary,2026-01,44.103800000000014
E02000414,Criminal damage and arson,2026-01,44.69980000000002
E02000414,Disruptive crimes,2026-01,48.421900000000015
E02000414,Property theft,2026-01,51.783800000000014
E02000414,Vehicle crime,2026-01,56.69430000000001
E02000414,Violence,2026-01,70.63980000000002
E02000414,Anti-social behaviour,2026-02,79.06490000000004
E02000414,Burglary,2026-02,79.25980000000003
E02000414,Criminal damage and arson,2026-02,79.90470000000003
E02000414,Disruptive crimes,2026-02,83.34520000000003
E02000414,Property theft,2026-02,86.58530000000005
E02000414,Vehicle crime,2026-02,91.30060000000005
E02000414,Violence,2026-02,104.44210000000004
E02000415,Anti-social behaviour,2025-12,7.763800000000001
E02000415,Burglary,2025-12,9.5207
E02000415,Criminal damage and arson,2025-12,10.438999999999998
E02000415,Disruptive crimes,2025-12,14.4043
E02000415,Property theft,2025-12,21.1702
E02000415,Vehicle crime,2025-12,26.4252
E02000415,Violence,2025-12,41.804
E02000415,Anti-social behaviour,2026-01,50.8817
E02000415,Burglary,2026-01,52.7387
E02000415,Criminal damage and arson,2026-01,53.6619
E02000415,Disruptive crimes,2026-01,57.611200000000004
E02000415,Property theft,2026-01,64.4419
E02000415,Vehicle crime,2026-01,69.58470000000001
E02000415,Violence,2026-01,85.14050000000002
E02000415,Anti-social behaviour,2026-02,93.14730000000002
E02000415,Burglary,2026-02,95.09630000000001
E02000415,Criminal damage and arson,2026-02,96.05370000000002
E02000415,Disruptive crimes,2026-02,99.49090000000004
E02000415,Property theft,2026-02,105.67680000000003
E02000415,Vehicle crime,2026-02,110.57580000000004
E02000415,Violence,2026-02,125.02510000000005
E02000416,Anti-social behaviour,2025-12,13.082
E02000416,Burglary,2025-12,14.092400000000001
E02000416,Criminal damage and arson,2025-12,15.35
E02000416,Disruptive crimes,2025-12,19.866499999999995
E02000416,Property theft,2025-12,25.09409999999999
E02000416,Vehicle crime,2025-12,28.537199999999988
E02000416,Violence,2025-12,47.883099999999985
E02000416,Anti-social behaviour,2026-01,62.47519999999998
E02000416,Burglary,2026-01,63.46309999999998
E02000416,Criminal damage and arson,2026-01,64.737
E02000416,Disruptive crimes,2026-01,69.3406
E02000416,Property theft,2026-01,74.5926
E02000416,Vehicle crime,2026-01,77.9814
E02000416,Violence,2026-01,97.51379999999999
E02000416,Anti-social behaviour,2026-02,110.94069999999998
E02000416,Burglary,2026-02,111.92189999999997
E02000416,Criminal damage and arson,2026-02,113.17349999999998
E02000416,Disruptive crimes,2026-02,117.39859999999997
E02000416,Property theft,2026-02,122.24579999999996
E02000416,Vehicle crime,2026-02,125.47669999999995
E02000416,Violence,2026-02,144.29639999999998
E02000417,Anti-social behaviour,2025-12,4.882599999999999
E02000417,Burglary,2025-12,6.276699999999999
E02000417,Criminal damage and arson,2025-12,7.443799999999999
E02000417,Disruptive crimes,2025-12,10.0323
E02000417,Property theft,2025-12,24.5842
E02000417,Vehicle crime,2025-12,30.5181
E02000417,Violence,2025-12,39.991600000000005
E02000417,Anti-social behaviour,2026-01,45.947700000000005
E02000417,Burglary,2026-01,47.29750000000001
E02000417,Criminal damage and arson,2026-01,48.45440000000001
E02000417,Disruptive crimes,2026-01,51.10530000000001
E02000417,Property theft,2026-01,65.6084
E02000417,Vehicle crime,2026-01,71.53569999999999
E02000417,Violence,2026-01,81.12299999999999
E02000417,Anti-social behaviour,2026-02,86.54569999999998
E02000417,Burglary,2026-02,87.89809999999999
E02000417,Criminal damage and arson,2026-02,89.01949999999998
E02000417,Disruptive crimes,2026-02,91.457
E02000417,Property theft,2026-02,105.089
E02000417,Vehicle crime,2026-02,110.78139999999999
E02000417,Violence,2026-02,119.997
E02000418,Anti-social behaviour,2025-12,3.6361
E02000418,Burglary,2025-12,4.1932
E02000418,Criminal damage and arson,2025-12,4.1941
E02000418,Disruptive crimes,2025-12,4.1967
E02000418,Property theft,2025-12,6.656200000000001
E02000418,Vehicle crime,2025-12,10.737
E02000418,Violence,2025-12,15.597999999999999
E02000418,Anti-social behaviour,2026-01,19.775299999999998
E02000418,Burglary,2026-01,20.333399999999994
E02000418,Criminal damage and arson,2026-01,20.33459999999999
E02000418,Disruptive crimes,2026-01,20.33839999999999
E02000418,Property theft,2026-01,22.88929999999999
E02000418,Vehicle crime,2026-01,26.954499999999992
E02000418,Violence,2026-01,31.88939999999999
E02000418,Anti-social behaviour,2026-02,35.9287
E02000418,Burglary,2026-02,36.5483
E02000418,Criminal damage and arson,2026-02,36.5497
E02000418,Disruptive crimes,2026-02,36.554
E02000418,Property theft,2026-02,38.9486
E02000418,Vehicle crime,2026-02,42.8925
E02000418,Violence,2026-02,47.459999999999994
E02000419,Anti-social behaviour,2025-12,27.866500000000002
E02000419,Burglary,2025-12,29.945800000000006
E02000419,Criminal damage and arson,2025-12,32.2843
E02000419,Disruptive crimes,2025-12,39.242000000000004
E02000419,Property theft,2025-12,48.8798
E02000419,Vehicle crime,2025-12,55.8166
E02000419,Violence,2025-12,75.9652
E02000419,Anti-social behaviour,2026-01,104.6214
E02000419,Burglary,2026-01,106.67779999999999
E02000419,Criminal damage and arson,2026-01,109.0615
E02000419,Disruptive crimes,2026-01,116.24409999999999
E02000419,Property theft,2026-01,126.09359999999998
E02000419,Vehicle crime,2026-01,132.929
E02000419,Violence,2026-01,153.2616
E02000419,Anti-social behaviour,2026-02,179.84310000000002
E02000419,Burglary,2026-02,181.89220000000003
E02000419,Criminal damage and arson,2026-02,184.15310000000002
E02000419,Disruptive crimes,2026-02,190.76480000000006
E02000419,Property theft,2026-02,200.04780000000008
E02000419,Vehicle crime,2026-02,206.49010000000007
E02000419,Violence,2026-02,225.73250000000007
E02000420,Anti-social behaviour,2025-12,14.3264
E02000420,Burglary,2025-12,18.259300000000003
E02000420,Criminal damage and arson,2025-12,23.043100000000003
E02000420,Disruptive crimes,2025-12,33.981700000000004
E02000420,Property theft,2025-12,82.454
E02000420,Vehicle crime,2025-12,91.2265
E02000420,Violence,2025-12,133.63299999999998
E02000420,Anti-social behaviour,2026-01,150.57669999999996
E02000420,Burglary,2026-01,154.47189999999995
E02000420,Criminal damage and arson,2026-01,159.21109999999993
E02000420,Disruptive crimes,2026-01,170.43759999999992
E02000420,Property theft,2026-01,219.4789999999999
E02000420,Vehicle crime,2026-01,228.1110999999999
E02000420,Violence,2026-01,270.73389999999995
E02000420,Anti-social behaviour,2026-02,285.5472999999999
E02000420,Burglary,2026-02,289.3954999999999
E02000420,Criminal damage and arson,2026-02,293.8700999999999
E02000420,Disruptive crimes,2026-02,303.98019999999997
E02000420,Property theft,2026-02,350.8615999999999
E02000420,Vehicle crime,2026-02,359.0194999999999
E02000420,Violence,2026-02,399.56209999999993
E02000421,Anti-social behaviour,2025-12,25.854300000000002
E02000421,Burglary,2025-12,29.323400000000003
E02000421,Criminal damage and arson,2025-12,34.152800000000006
E02000421,Disruptive crimes,2025-12,48.16570000000001
E02000421,Property theft,2025-12,77.791
E02000421,Vehicle crime,2025-12,89.0198
E02000421,Violence,2025-12,123.6569
E02000421,Anti-social behaviour,2026-01,152.15949999999998
E02000421,Burglary,2026-01,155.49869999999999
E02000421,Criminal damage and arson,2026-01,160.24790000000002
E02000421,Disruptive crimes,2026-01,174.61260000000001
E02000421,Property theft,2026-01,204.42360000000002
E02000421,Vehicle crime,2026-01,215.66870000000003
E02000421,Violence,2026-01,250.62170000000003
E02000421,Anti-social behaviour,2026-02,276.50530000000003
E02000421,Burglary,2026-02,279.7629
E02000421,Criminal damage and arson,2026-02,284.3171
E02000421,Disruptive crimes,2026-02,297.62799999999993
E02000421,Property theft,2026-02,324.3985999999999
E02000421,Vehicle crime,2026-02,334.97709999999984
E02000421,Violence,2026-02,367.5744999999998
E02000422,Anti-social behaviour,2025-12,9.3093
E02000422,Burglary,2025-12,10.296800000000001
E02000422,Criminal damage and arson,2025-12,12.3168
E02000422,Disruptive crimes,2025-12,17.244100000000003
E02000422,Property theft,2025-12,23.340400000000006
E02000422,Vehicle crime,2025-12,29.312400000000004
E02000422,Violence,2025-12,50.223600000000005
E02000422,Anti-social behaviour,2026-01,61.0264
E02000422,Burglary,2026-01,62.1283
E02000422,Criminal damage and arson,2026-01,64.0715
E02000422,Disruptive crimes,2026-01,68.99570000000001
E02000422,Property theft,2026-01,74.95830000000001
E02000422,Vehicle crime,2026-01,80.69750000000002
E02000422,Violence,2026-01,101.78650000000002
E02000422,Anti-social behaviour,2026-02,110.87060000000002
E02000422,Burglary,2026-02,111.98670000000004
E02000422,Criminal damage and arson,2026-02,113.92210000000003
E02000422,Disruptive crimes,2026-02,118.57540000000003
E02000422,Property theft,2026-02,124.15900000000003
E02000422,Vehicle crime,2026-02,129.64660000000003
E02000422,Violence,2026-02,149.5092
E02000423,Anti-social behaviour,2025-12,6.803800000000001
E02000423,Burglary,2025-12,9.4372
E02000423,Criminal damage and arson,2025-12,11.9037
E02000423,Disruptive crimes,2025-12,16.5927
E02000423,Property theft,2025-12,24.226200000000002
E02000423,Vehicle crime,2025-12,30.339700000000004
E02000423,Violence,2025-12,47.92110000000001
E02000423,Anti-social behaviour,2026-01,55.71370000000001
E02000423,Burglary,2026-01,58.38710000000001
E02000423,Criminal damage and arson,2026-01,60.84040000000001
E02000423,Disruptive crimes,2026-01,65.58539999999999
E02000423,Property theft,2026-01,73.0346
E02000423,Vehicle crime,2026-01,78.9854
E02000423,Violence,2026-01,96.9163
E02000423,Anti-social behaviour,2026-02,103.67740000000002
E02000423,Burglary,2026-02,106.36010000000002
E02000423,Criminal damage and arson,2026-02,108.6937
E02000423,Disruptive crimes,2026-02,113.01820000000001
E02000423,Property theft,2026-02,119.93360000000001
E02000423,Vehicle crime,2026-02,125.57050000000001
E02000423,Violence,2026-02,142.3222
E02000424,Anti-social behaviour,2025-12,3.9919000000000002
E02000424,Burglary,2025-12,4.057900000000001
E02000424,Criminal damage and arson,2025-12,4.0682
E02000424,Disruptive crimes,2025-12,5.6237
E02000424,Property theft,2025-12,7.7575
E02000424,Vehicle crime,2025-12,11.3781
E02000424,Violence,2025-12,21.389200000000002
E02000424,Anti-social behaviour,2026-01,25.8201
E02000424,Burglary,2026-01,25.881999999999998
E02000424,Criminal damage and arson,2026-01,25.894299999999994
E02000424,Disruptive crimes,2026-01,27.592499999999998
E02000424,Property theft,2026-01,29.562599999999996
E02000424,Vehicle crime,2026-01,33.0997
E02000424,Violence,2026-01,43.1331
E02000424,Anti-social behaviour,2026-02,47.2245
E02000424,Burglary,2026-02,47.297900000000006
E02000424,Criminal damage and arson,2026-02,47.3101
E02000424,Disruptive crimes,2026-02,48.844100000000005
E02000424,Property theft,2026-02,50.6272
E02000424,Vehicle crime,2026-02,54.0093
E02000424,Violence,2026-02,63.5144
E02000425,Anti-social behaviour,2025-12,8.4497
E02000425,Burglary,2025-12,8.563500000000001
E02000425,Criminal damage and arson,2025-12,9.799600000000002
E02000425,Disruptive crimes,2025-12,15.088700000000003
E02000425,Property theft,2025-12,21.3922
E02000425,Vehicle crime,2025-12,25.893099999999997
E02000425,Violence,2025-12,39.4066
E02000425,Anti-social behaviour,2026-01,49.1119
E02000425,Burglary,2026-01,49.212300000000006
E02000425,Criminal damage and arson,2026-01,50.55820000000001
E02000425,Disruptive crimes,2026-01,56.0309
E02000425,Property theft,2026-01,62.3183
E02000425,Vehicle crime,2026-01,66.75840000000001
E02000425,Violence,2026-01,80.51360000000001
E02000425,Anti-social behaviour,2026-02,89.65460000000002
E02000425,Burglary,2026-02,89.74490000000002
E02000425,Criminal damage and arson,2026-02,91.0143
E02000425,Disruptive crimes,2026-02,96.03810000000001
E02000425,Property theft,2026-02,101.96680000000002
E02000425,Vehicle crime,2026-02,106.25580000000002
E02000425,Violence,2026-02,119.28390000000003
E02000426,Anti-social behaviour,2025-12,3.6149999999999998
E02000426,Burglary,2025-12,7.2402
E02000426,Criminal damage and arson,2025-12,8.1382
E02000426,Disruptive crimes,2025-12,9.659
E02000426,Property theft,2025-12,14.732700000000001
E02000426,Vehicle crime,2025-12,24.9801
E02000426,Violence,2025-12,33.512299999999996
E02000426,Anti-social behaviour,2026-01,37.63809999999999
E02000426,Burglary,2026-01,41.25539999999999
E02000426,Criminal damage and arson,2026-01,42.14469999999999
E02000426,Disruptive crimes,2026-01,43.7347
E02000426,Property theft,2026-01,48.75659999999999
E02000426,Vehicle crime,2026-01,58.88089999999999
E02000426,Violence,2026-01,67.6546
E02000426,Anti-social behaviour,2026-02,71.5677
E02000426,Burglary,2026-02,75.1077
E02000426,Criminal damage and arson,2026-02,75.9789
E02000426,Disruptive crimes,2026-02,77.5109
E02000426,Property theft,2026-02,82.2457
E02000426,Vehicle crime,2026-02,91.8534
E02000426,Violence,2026-02,100.1013
E02000427,Anti-social behaviour,2025-12,13.362499999999999
E02000427,Burglary,2025-12,15.763
E02000427,Criminal damage and arson,2025-12,18.2642
E02000427,Disruptive crimes,2025-12,31.2239
E02000427,Property theft,2025-12,57.7501
E02000427,Vehicle crime,2025-12,64.2931
E02000427,Violence,2025-12,93.99789999999999
E02000427,Anti-social behaviour,2026-01,108.59699999999998
E02000427,Burglary,2026-01,111.03519999999997
E02000427,Criminal damage and arson,2026-01,113.55639999999997
E02000427,Disruptive crimes,2026-01,127.03649999999998
E02000427,Property theft,2026-01,153.0034
E02000427,Vehicle crime,2026-01,159.41740000000001
E02000427,Violence,2026-01,189.1279
E02000427,Anti-social behaviour,2026-02,201.71120000000002
E02000427,Burglary,2026-02,204.15520000000004
E02000427,Criminal damage and arson,2026-02,206.50830000000005
E02000427,Disruptive crimes,2026-02,218.88120000000004
E02000427,Property theft,2026-02,240.32900000000004
E02000427,Vehicle crime,2026-02,246.41790000000003
E02000427,Violence,2026-02,274.2057
E02000428,Anti-social behaviour,2025-12,11.3647
E02000428,Burglary,2025-12,13.100699999999998
E02000428,Criminal damage and arson,2025-12,14.891799999999996
E02000428,Disruptive crimes,2025-12,20.415899999999997
E02000428,Property theft,2025-12,27.2581
E02000428,Vehicle crime,2025-12,32.5717
E02000428,Violence,2025-12,54.03940000000001
E02000428,Anti-social behaviour,2026-01,66.7579
E02000428,Burglary,2026-01,68.4658
E02000428,Criminal damage and arson,2026-01,70.2913
E02000428,Disruptive crimes,2026-01,75.91560000000001
E02000428,Property theft,2026-01,82.7146
E02000428,Vehicle crime,2026-01,87.88929999999999
E02000428,Violence,2026-01,109.5153
E02000428,Anti-social behaviour,2026-02,120.6062
E02000428,Burglary,2026-02,122.27339999999998
E02000428,Criminal damage and arson,2026-02,123.98629999999999
E02000428,Disruptive crimes,2026-02,129.2426
E02000428,Property theft,2026-02,135.61870000000002
E02000428,Vehicle crime,2026-02,140.56220000000002
E02000428,Violence,2026-02,160.88570000000004
E02000429,Anti-social behaviour,2025-12,3.5653
E02000429,Burglary,2025-12,6.388199999999999
E02000429,Criminal damage and arson,2025-12,6.4912
E02000429,Disruptive crimes,2025-12,7.272
E02000429,Property theft,2025-12,11.634099999999998
E02000429,Vehicle crime,2025-12,19.1328
E02000429,Violence,2025-12,26.236600000000003
E02000429,Anti-social behaviour,2026-01,30.137400000000003
E02000429,Burglary,2026-01,32.95680000000001
E02000429,Criminal damage and arson,2026-01,33.072100000000006
E02000429,Disruptive crimes,2026-01,33.94470000000001
E02000429,Property theft,2026-01,38.42940000000001
E02000429,Vehicle crime,2026-01,45.794700000000006
E02000429,Violence,2026-01,52.96560000000001
E02000429,Anti-social behaviour,2026-02,56.678700000000006
E02000429,Burglary,2026-02,59.510300000000015
E02000429,Criminal damage and arson,2026-02,59.615700000000025
E02000429,Disruptive crimes,2026-02,60.42250000000003
E02000429,Property theft,2026-02,64.59550000000003
E02000429,Vehicle crime,2026-02,71.59690000000002
E02000429,Violence,2026-02,78.40340000000002
E02000430,Anti-social behaviour,2025-12,8.626900000000001
E02000430,Burglary,2025-12,12.469700000000001
E02000430,Criminal damage and arson,2025-12,13.604300000000002
E02000430,Disruptive crimes,2025-12,15.200900000000003
E02000430,Property theft,2025-12,31.807100000000005
E02000430,Vehicle crime,2025-12,38.91010000000001
E02000430,Violence,2025-12,50.2892
E02000430,Anti-social behaviour,2026-01,59.807900000000004
E02000430,Burglary,2026-01,63.6495
E02000430,Criminal damage and arson,2026-01,64.8019
E02000430,Disruptive crimes,2026-01,66.44930000000001
E02000430,Property theft,2026-01,82.97500000000001
E02000430,Vehicle crime,2026-01,89.91210000000001
E02000430,Violence,2026-01,101.3837
E02000430,Anti-social behaviour,2026-02,110.2129
E02000430,Burglary,2026-02,113.9448
E02000430,Criminal damage and arson,2026-02,115.0559
E02000430,Disruptive crimes,2026-02,116.6101
E02000430,Property theft,2026-02,132.1842
E02000430,Vehicle crime,2026-02,138.7797
E02000430,Violence,2026-02,149.63729999999998
E02000431,Anti-social behaviour,2025-12,3.4425999999999997
E02000431,Burglary,2025-12,5.795699999999999
E02000431,Criminal damage and arson,2025-12,6.1392999999999995
E02000431,Disruptive crimes,2025-12,7.4296
E02000431,Property theft,2025-12,18.223
E02000431,Vehicle crime,2025-12,24.051599999999997
E02000431,Violence,2025-12,31.868999999999996
E02000431,Anti-social behaviour,2026-01,35.5327
E02000431,Burglary,2026-01,37.9067
E02000431,Criminal damage and arson,2026-01,38.293200000000006
E02000431,Disruptive crimes,2026-01,39.71710000000001
E02000431,Property theft,2026-01,50.68370000000001
E02000431,Vehicle crime,2026-01,56.39980000000001
E02000431,Violence,2026-01,64.3602
E02000431,Anti-social behaviour,2026-02,67.7488
E02000431,Burglary,2026-02,70.1328
E02000431,Criminal damage and arson,2026-02,70.4846
E02000431,Disruptive crimes,2026-02,71.7963
E02000431,Property theft,2026-02,82.0716
E02000431,Vehicle crime,2026-02,87.55120000000001
E02000431,Violence,2026-02,95.05560000000001
E02000432,Anti-social behaviour,2025-12,6.7379
E02000432,Burglary,2025-12,9.934700000000001
E02000432,Criminal damage and arson,2025-12,10.834300000000002
E02000432,Disruptive crimes,2025-12,12.991500000000002
E02000432,Property theft,2025-12,18.796400000000002
E02000432,Vehicle crime,2025-12,23.3913
E02000432,Violence,2025-12,33.213
E02000432,Anti-social behaviour,2026-01,40.5616
E02000432,Burglary,2026-01,43.798399999999994
E02000432,Criminal damage and arson,2026-01,44.744099999999996
E02000432,Disruptive crimes,2026-01,47.0744
E02000432,Property theft,2026-01,52.9899
E02000432,Vehicle crime,2026-01,57.398399999999995
E02000432,Violence,2026-01,67.2147
E02000432,Anti-social behaviour,2026-02,73.88579999999999
E02000432,Burglary,2026-02,77.12989999999999
E02000432,Criminal damage and arson,2026-02,78.0154
E02000432,Disruptive crimes,2026-02,80.2085
E02000432,Property theft,2026-02,85.77140000000001
E02000432,Vehicle crime,2026-02,90.03340000000001
E02000432,Violence,2026-02,99.23460000000001
E02000433,Anti-social behaviour,2025-12,8.6238
E02000433,Burglary,2025-12,11.611099999999999
E02000433,Criminal damage and arson,2025-12,13.469099999999997
E02000433,Disruptive crimes,2025-12,15.153099999999998
E02000433,Property theft,2025-12,22.333099999999998
E02000433,Vehicle crime,2025-12,27.821299999999997
E02000433,Violence,2025-12,40.3731
E02000433,Anti-social behaviour,2026-01,49.9559
E02000433,Burglary,2026-01,52.9677
E02000433,Criminal damage and arson,2026-01,54.8021
E02000433,Disruptive crimes,2026-01,56.5603
E02000433,Property theft,2026-01,63.7386
E02000433,Vehicle crime,2026-01,69.1887
E02000433,Violence,2026-01,81.86679999999998
E02000433,Anti-social behaviour,2026-02,91.04459999999999
E02000433,Burglary,2026-02,94.07989999999998
E02000433,Criminal damage and arson,2026-02,95.82439999999998
E02000433,Disruptive crimes,2026-02,97.43619999999999
E02000433,Property theft,2026-02,104.11069999999998
E02000433,Vehicle crime,2026-02,109.22889999999998
E02000433,Violence,2026-02,121.38219999999998
E02000434,Anti-social behaviour,2025-12,8.946
E02000434,Burglary,2025-12,10.9215
E02000434,Criminal damage and arson,2025-12,11.903300000000002
E02000434,Disruptive crimes,2025-12,14.494100000000001
E02000434,Property theft,2025-12,18.886000000000003
E02000434,Vehicle crime,2025-12,21.909400000000005
E02000434,Violence,2025-12,36.2652
E02000434,Anti-social behaviour,2026-01,46.0396
E02000434,Burglary,2026-01,48.000600000000006
E02000434,Criminal damage and arson,2026-01,48.984800000000014
E02000434,Disruptive crimes,2026-01,51.60120000000002
E02000434,Property theft,2026-01,56.05910000000002
E02000434,Vehicle crime,2026-01,59.063000000000024
E02000434,Violence,2026-01,74.06960000000002
E02000434,Anti-social behaviour,2026-02,83.16750000000003
E02000434,Burglary,2026-02,85.13470000000004
E02000434,Criminal damage and arson,2026-02,86.06610000000003
E02000434,Disruptive crimes,2026-02,88.52430000000003
E02000434,Property theft,2026-02,92.75610000000003
E02000434,Vehicle crime,2026-02,95.70370000000004
E02000434,Violence,2026-02,110.45010000000003
E02000435,Anti-social behaviour,2025-12,4.1877
E02000435,Burglary,2025-12,5.0055
E02000435,Criminal damage and arson,2025-12,5.052599999999999
E02000435,Disruptive crimes,2025-12,5.975499999999999
E02000435,Property theft,2025-12,6.887599999999999
E02000435,Vehicle crime,2025-12,9.8098
E02000435,Violence,2025-12,18.4441
E02000435,Anti-social behaviour,2026-01,23.455599999999997
E02000435,Burglary,2026-01,24.3158
E02000435,Criminal damage and arson,2026-01,24.379299999999997
E02000435,Disruptive crimes,2026-01,25.368599999999994
E02000435,Property theft,2026-01,26.31319999999999
E02000435,Vehicle crime,2026-01,29.201399999999992
E02000435,Violence,2026-01,37.8945
E02000435,Anti-social behaviour,2026-02,42.548100000000005
E02000435,Burglary,2026-02,43.43630000000001
E02000435,Criminal damage and arson,2026-02,43.50380000000001
E02000435,Disruptive crimes,2026-02,44.42070000000001
E02000435,Property theft,2026-02,45.300700000000006
E02000435,Vehicle crime,2026-02,48.09220000000001
E02000435,Violence,2026-02,56.332900000000016
E02000436,Anti-social behaviour,2025-12,1.1733000000000002
E02000436,Burglary,2025-12,1.6669
E02000436,Criminal damage and arson,2025-12,1.6689
E02000436,Disruptive crimes,2025-12,2.7064000000000004
E02000436,Property theft,2025-12,3.5709000000000004
E02000436,Vehicle crime,2025-12,5.697800000000001
E02000436,Violence,2025-12,7.788600000000001
E02000436,Anti-social behaviour,2026-01,9.126100000000001
E02000436,Burglary,2026-01,9.6603
E02000436,Criminal damage and arson,2026-01,9.6626
E02000436,Disruptive crimes,2026-01,10.678199999999999
E02000436,Property theft,2026-01,11.551499999999997
E02000436,Vehicle crime,2026-01,13.681799999999997
E02000436,Violence,2026-01,15.812299999999999
E02000436,Anti-social behaviour,2026-02,17.149899999999995
E02000436,Burglary,2026-02,17.732999999999997
E02000436,Criminal damage and arson,2026-02,17.735899999999997
E02000436,Disruptive crimes,2026-02,18.699999999999996
E02000436,Property theft,2026-02,19.520299999999995
E02000436,Vehicle crime,2026-02,21.628099999999996
E02000436,Violence,2026-02,23.682799999999997
E02000437,Anti-social behaviour,2025-12,6.7676
E02000437,Burglary,2025-12,7.437099999999999
E02000437,Criminal damage and arson,2025-12,7.555
E02000437,Disruptive crimes,2025-12,8.6159
E02000437,Property theft,2025-12,17.4117
E02000437,Vehicle crime,2025-12,21.454499999999996
E02000437,Violence,2025-12,33.63799999999999
E02000437,Anti-social behaviour,2026-01,41.38619999999999
E02000437,Burglary,2026-01,42.11669999999998
E02000437,Criminal damage and arson,2026-01,42.26899999999998
E02000437,Disruptive crimes,2026-01,43.38499999999998
E02000437,Property theft,2026-01,52.51239999999998
E02000437,Vehicle crime,2026-01,56.49319999999998
E02000437,Violence,2026-01,68.71369999999999
E02000437,Anti-social behaviour,2026-02,76.16069999999999
E02000437,Burglary,2026-02,76.92149999999998
E02000437,Criminal damage and arson,2026-02,77.09389999999999
E02000437,Disruptive crimes,2026-02,78.15349999999998
E02000437,Property theft,2026-02,86.82709999999999
E02000437,Vehicle crime,2026-02,90.66019999999999
E02000437,Violence,2026-02,102.249
E02000438,Anti-social behaviour,2025-12,5.1309
E02000438,Burglary,2025-12,6.061400000000001
E02000438,Criminal damage and arson,2025-12,6.954300000000001
E02000438,Disruptive crimes,2025-12,8.9912
E02000438,Property theft,2025-12,14.147699999999999
E02000438,Vehicle crime,2025-12,17.4945
E02000438,Violence,2025-12,29.511
E02000438,Anti-social behaviour,2026-01,35.3966
E02000438,Burglary,2026-01,36.3283
E02000438,Criminal damage and arson,2026-01,37.32779999999999
E02000438,Disruptive crimes,2026-01,39.455499999999994
E02000438,Property theft,2026-01,45.15389999999999
E02000438,Vehicle crime,2026-01,48.544799999999995
E02000438,Violence,2026-01,60.668699999999994
E02000438,Anti-social behaviour,2026-02,66.34149999999998
E02000438,Burglary,2026-02,67.28209999999999
E02000438,Criminal damage and arson,2026-02,68.2457
E02000438,Disruptive crimes,2026-02,70.2243
E02000438,Property theft,2026-02,74.96610000000001
E02000438,Vehicle crime,2026-02,78.24210000000001
E02000438,Violence,2026-02,89.77450000000002
E02000439,Anti-social behaviour,2025-12,7.467
E02000439,Burglary,2025-12,10.949699999999998
E02000439,Criminal damage and arson,2025-12,12.4825
E02000439,Disruptive crimes,2025-12,16.4163
E02000439,Property theft,2025-12,20.0769
E02000439,Vehicle crime,2025-12,24.5973
E02000439,Violence,2025-12,38.7332
E02000439,Anti-social behaviour,2026-01,47.0853
E02000439,Burglary,2026-01,50.57999999999999
E02000439,Criminal damage and arson,2026-01,52.1358
E02000439,Disruptive crimes,2026-01,56.26090000000001
E02000439,Property theft,2026-01,59.909000000000006
E02000439,Vehicle crime,2026-01,64.45170000000002
E02000439,Violence,2026-01,78.76300000000002
E02000439,Anti-social behaviour,2026-02,86.30240000000002
E02000439,Burglary,2026-02,89.66630000000002
E02000439,Criminal damage and arson,2026-02,91.15480000000001
E02000439,Disruptive crimes,2026-02,94.93360000000003
E02000439,Property theft,2026-02,98.37560000000002
E02000439,Vehicle crime,2026-02,102.65360000000004
E02000439,Violence,2026-02,116.22770000000003
E02000440,Anti-social behaviour,2025-12,3.5540000000000003
E02000440,Burglary,2025-12,4.943000000000001
E02000440,Criminal damage and arson,2025-12,5.014000000000001
E02000440,Disruptive crimes,2025-12,6.438600000000001
E02000440,Property theft,2025-12,9.4038
E02000440,Vehicle crime,2025-12,13.7575
E02000440,Violence,2025-12,21.636799999999997
E02000440,Anti-social behaviour,2026-01,25.870599999999996
E02000440,Burglary,2026-01,27.1851
E02000440,Criminal damage and arson,2026-01,27.275199999999998
E02000440,Disruptive crimes,2026-01,28.789399999999993
E02000440,Property theft,2026-01,31.77949999999999
E02000440,Vehicle crime,2026-01,36.0501
E02000440,Violence,2026-01,44.0492
E02000440,Anti-social behaviour,2026-02,48.109399999999994
E02000440,Burglary,2026-02,49.410199999999996
E02000440,Criminal damage and arson,2026-02,49.5042
E02000440,Disruptive crimes,2026-02,50.9488
E02000440,Property theft,2026-02,53.7347
E02000440,Vehicle crime,2026-02,57.8343
E02000440,Violence,2026-02,65.39920000000001
E02000441,Anti-social behaviour,2025-12,4.6935
E02000441,Burglary,2025-12,5.9104
E02000441,Criminal damage and arson,2025-12,6.0062
E02000441,Disruptive crimes,2025-12,6.9578999999999995
E02000441,Property theft,2025-12,11.155899999999999
E02000441,Vehicle crime,2025-12,14.269399999999997
E02000441,Violence,2025-12,20.995199999999997
E02000441,Anti-social behaviour,2026-01,26.5112
E02000441,Burglary,2026-01,27.7952
E02000441,Criminal damage and arson,2026-01,27.9129
E02000441,Disruptive crimes,2026-01,28.867000000000004
E02000441,Property theft,2026-01,33.108900000000006
E02000441,Vehicle crime,2026-01,36.13590000000001
E02000441,Violence,2026-01,42.97970000000001
E02000441,Anti-social behaviour,2026-02,48.26190000000001
E02000441,Burglary,2026-02,49.57160000000001
E02000441,Criminal damage and arson,2026-02,49.68460000000001
E02000441,Disruptive crimes,2026-02,50.587800000000016
E02000441,Property theft,2026-02,54.29140000000002
E02000441,Vehicle crime,2026-02,57.20990000000002
E02000441,Violence,2026-02,63.79310000000002
E02000442,Anti-social behaviour,2025-12,4.8547
E02000442,Burglary,2025-12,5.6396
E02000442,Criminal damage and arson,2025-12,5.653
E02000442,Disruptive crimes,2025-12,6.1981
E02000442,Property theft,2025-12,7.589
E02000442,Vehicle crime,2025-12,10.219299999999999
E02000442,Violence,2025-12,19.5855
E02000442,Anti-social behaviour,2026-01,25.3234
E02000442,Burglary,2026-01,26.0759
E02000442,Criminal damage and arson,2026-01,26.093999999999998
E02000442,Disruptive crimes,2026-01,26.720499999999998
E02000442,Property theft,2026-01,28.119999999999997
E02000442,Vehicle crime,2026-01,30.754399999999993
E02000442,Violence,2026-01,40.06949999999999
E02000442,Anti-social behaviour,2026-02,45.23489999999998
E02000442,Burglary,2026-02,45.921199999999985
E02000442,Criminal damage and arson,2026-02,45.940999999999995
E02000442,Disruptive crimes,2026-02,46.54009999999999
E02000442,Property theft,2026-02,47.88749999999999
E02000442,Vehicle crime,2026-02,50.384399999999985
E02000442,Violence,2026-02,59.18089999999998
E02000443,Anti-social behaviour,2025-12,18.8993
E02000443,Burglary,2025-12,20.1206
E02000443,Criminal damage and arson,2025-12,21.9501
E02000443,Disruptive crimes,2025-12,28.7043
E02000443,Property theft,2025-12,36.457300000000004
E02000443,Vehicle crime,2025-12,42.14540000000001
E02000443,Violence,2025-12,63.99870000000001
E02000443,Anti-social behaviour,2026-01,84.7799
E02000443,Burglary,2026-01,86.0676
E02000443,Criminal damage and arson,2026-01,88.00619999999999
E02000443,Disruptive crimes,2026-01,94.9476
E02000443,Property theft,2026-01,102.8155
E02000443,Vehicle crime,2026-01,108.4864
E02000443,Violence,2026-01,130.74310000000003
E02000443,Anti-social behaviour,2026-02,149.87860000000003
E02000443,Burglary,2026-02,151.16610000000003
E02000443,Criminal damage and arson,2026-02,153.02490000000006
E02000443,Disruptive crimes,2026-02,159.52310000000008
E02000443,Property theft,2026-02,166.9291000000001
E02000443,Vehicle crime,2026-02,172.3016000000001
E02000443,Violence,2026-02,193.46820000000005
E02000444,Anti-social behaviour,2025-12,5.288600000000001
E02000444,Burglary,2025-12,5.9321
E02000444,Criminal damage and arson,2025-12,6.6902
E02000444,Disruptive crimes,2025-12,7.6765
E02000444,Property theft,2025-12,10.6264
E02000444,Vehicle crime,2025-12,14.034799999999999
E02000444,Violence,2025-12,22.780599999999996
E02000444,Anti-social behaviour,2026-01,29.1011
E02000444,Burglary,2026-01,29.790399999999998
E02000444,Criminal damage and arson,2026-01,30.540499999999998
E02000444,Disruptive crimes,2026-01,31.5354
E02000444,Property theft,2026-01,34.485099999999996
E02000444,Vehicle crime,2026-01,37.8459
E02000444,Violence,2026-01,46.7162
E02000444,Anti-social behaviour,2026-02,52.6469
E02000444,Burglary,2026-02,53.3632
E02000444,Criminal damage and arson,2026-02,54.05820000000001
E02000444,Disruptive crimes,2026-02,55.005800000000015
E02000444,Property theft,2026-02,57.77780000000001
E02000444,Vehicle crime,2026-02,61.0277
E02000444,Violence,2026-02,69.5064
E02000445,Anti-social behaviour,2025-12,13.8472
E02000445,Burglary,2025-12,15.7071
E02000445,Criminal damage and arson,2025-12,17.6562
E02000445,Disruptive crimes,2025-12,30.624899999999997
E02000445,Property theft,2025-12,47.8806
E02000445,Vehicle crime,2025-12,54.0588
E02000445,Violence,2025-12,84.93580000000001
E02000445,Anti-social behaviour,2026-01,101.07140000000001
E02000445,Burglary,2026-01,103.03170000000001
E02000445,Criminal damage and arson,2026-01,105.03650000000003
E02000445,Disruptive crimes,2026-01,118.66120000000004
E02000445,Property theft,2026-01,136.99600000000007
E02000445,Vehicle crime,2026-01,143.30210000000005
E02000445,Violence,2026-01,174.78380000000004
E02000445,Anti-social behaviour,2026-02,190.26980000000006
E02000445,Burglary,2026-02,192.34950000000006
E02000445,Criminal damage and arson,2026-02,194.34470000000007
E02000445,Disruptive crimes,2026-02,207.69350000000006
E02000445,Property theft,2026-02,225.99890000000002
E02000445,Vehicle crime,2026-02,232.3029
E02000445,Violence,2026-02,262.99729999999994
E02000447,Anti-social behaviour,2025-12,6.835500000000001
E02000447,Burglary,2025-12,7.378800000000001
E02000447,Criminal damage and arson,2025-12,7.441300000000002
E02000447,Disruptive crimes,2025-12,8.602700000000002
E02000447,Property theft,2025-12,9.371500000000003
E02000447,Vehicle crime,2025-12,12.268400000000002
E02000447,Violence,2025-12,19.8943
E02000447,Anti-social behaviour,2026-01,27.654700000000002
E02000447,Burglary,2026-01,28.242500000000003
E02000447,Criminal damage and arson,2026-01,28.324
E02000447,Disruptive crimes,2026-01,29.459100000000003
E02000447,Property theft,2026-01,30.3117
E02000447,Vehicle crime,2026-01,33.4024
E02000447,Violence,2026-01,41.456799999999994
E02000447,Anti-social behaviour,2026-02,49.365399999999994
E02000447,Burglary,2026-02,49.967299999999994
E02000447,Criminal damage and arson,2026-02,50.06099999999999
E02000447,Disruptive crimes,2026-02,51.1055
E02000447,Property theft,2026-02,51.9307
E02000447,Vehicle crime,2026-02,55.0711
E02000447,Violence,2026-02,63.07050000000001
E02000448,Anti-social behaviour,2025-12,5.3536
E02000448,Burglary,2025-12,5.9113
E02000448,Criminal damage and arson,2025-12,6.2603
E02000448,Disruptive crimes,2025-12,7.3252999999999995
E02000448,Property theft,2025-12,17.627
E02000448,Vehicle crime,2025-12,19.043000000000003
E02000448,Violence,2025-12,25.9677
E02000448,Anti-social behaviour,2026-01,32.2381
E02000448,Burglary,2026-01,32.845
E02000448,Criminal damage and arson,2026-01,33.2393
E02000448,Disruptive crimes,2026-01,34.3633
E02000448,Property theft,2026-01,44.8177
E02000448,Vehicle crime,2026-01,46.2516
E02000448,Violence,2026-01,53.270900000000005
E02000448,Anti-social behaviour,2026-02,59.1905
E02000448,Burglary,2026-02,59.8199
E02000448,Criminal damage and arson,2026-02,60.1878
E02000448,Disruptive crimes,2026-02,61.237
E02000448,Property theft,2026-02,71.04390000000001
E02000448,Vehicle crime,2026-02,72.40100000000001
E02000448,Violence,2026-02,79.0757
E02000449,Anti-social behaviour,2025-12,2.9673
E02000449,Burglary,2025-12,2.9957
E02000449,Criminal damage and arson,2025-12,2.9978000000000002
E02000449,Disruptive crimes,2025-12,3.738900000000001
E02000449,Property theft,2025-12,4.505600000000001
E02000449,Vehicle crime,2025-12,5.605
E02000449,Violence,2025-12,14.2354
E02000449,Anti-social behaviour,2026-01,17.6759
E02000449,Burglary,2026-01,17.7015
E02000449,Criminal damage and arson,2026-01,17.7044
E02000449,Disruptive crimes,2026-01,18.5156
E02000449,Property theft,2026-01,19.1324
E02000449,Vehicle crime,2026-01,20.270200000000003
E02000449,Violence,2026-01,28.904500000000002
E02000449,Anti-social behaviour,2026-02,32.3244
E02000449,Burglary,2026-02,32.351499999999994
E02000449,Criminal damage and arson,2026-02,32.35479999999999
E02000449,Disruptive crimes,2026-02,33.117999999999995
E02000449,Property theft,2026-02,33.64679999999999
E02000449,Vehicle crime,2026-02,34.760899999999985
E02000449,Violence,2026-02,42.84619999999998
E02000451,Anti-social behaviour,2025-12,3.4566
E02000451,Burglary,2025-12,3.6662000000000003
E02000451,Criminal damage and arson,2025-12,3.6971000000000003
E02000451,Disruptive crimes,2025-12,5.445900000000001
E02000451,Property theft,2025-12,7.910400000000001
E02000451,Vehicle crime,2025-12,9.1321
E02000451,Violence,2025-12,16.1044
E02000451,Anti-social behaviour,2026-01,20.2444
E02000451,Burglary,2026-01,20.4791
E02000451,Criminal damage and arson,2026-01,20.514
E02000451,Disruptive crimes,2026-01,22.257399999999997
E02000451,Property theft,2026-01,24.7535
E02000451,Vehicle crime,2026-01,25.974700000000002
E02000451,Violence,2026-01,33.2351
E02000451,Anti-social behaviour,2026-02,36.9327
E02000451,Burglary,2026-02,37.177499999999995
E02000451,Criminal damage and arson,2026-02,37.2103
E02000451,Disruptive crimes,2026-02,38.8354
E02000451,Property theft,2026-02,41.201800000000006
E02000451,Vehicle crime,2026-02,42.3551
E02000451,Violence,2026-02,49.3018
E02000452,Anti-social behaviour,2025-12,19.958599999999997
E02000452,Burglary,2025-12,21.872
E02000452,Criminal damage and arson,2025-12,24.346700000000002
E02000452,Disruptive crimes,2025-12,33.431200000000004
E02000452,Property theft,2025-12,50.618300000000005
E02000452,Vehicle crime,2025-12,54.76210000000001
E02000452,Violence,2025-12,81.28720000000001
E02000452,Anti-social behaviour,2026-01,102.48400000000001
E02000452,Burglary,2026-01,104.38440000000001
E02000452,Criminal damage and arson,2026-01,106.88180000000001
E02000452,Disruptive crimes,2026-01,116.25870000000002
E02000452,Property theft,2026-01,133.5945
E02000452,Vehicle crime,2026-01,137.7129
E02000452,Violence,2026-01,164.35389999999998
E02000452,Anti-social behaviour,2026-02,184.05629999999996
E02000452,Burglary,2026-02,185.79589999999996
E02000452,Criminal damage and arson,2026-02,188.15009999999995
E02000452,Disruptive crimes,2026-02,196.82199999999995
E02000452,Property theft,2026-02,212.37619999999995
E02000452,Vehicle crime,2026-02,216.20399999999998
E02000452,Violence,2026-02,241.41709999999998
E02000453,Anti-social behaviour,2025-12,7.6995
E02000453,Burglary,2025-12,8.6159
E02000453,Criminal damage and arson,2025-12,9.2756
E02000453,Disruptive crimes,2025-12,11.940999999999999
E02000453,Property theft,2025-12,23.7708
E02000453,Vehicle crime,2025-12,27.813000000000002
E02000453,Violence,2025-12,41.6113
E02000453,Anti-social behaviour,2026-01,50.3589
E02000453,Burglary,2026-01,51.261599999999994
E02000453,Criminal damage and arson,2026-01,51.94729999999999
E02000453,Disruptive crimes,2026-01,54.68429999999999
E02000453,Property theft,2026-01,67.00319999999999
E02000453,Vehicle crime,2026-01,71.04990000000001
E02000453,Violence,2026-01,85.18530000000001
E02000453,Anti-social behaviour,2026-02,93.24380000000001
E02000453,Burglary,2026-02,94.13460000000002
E02000453,Criminal damage and arson,2026-02,94.81570000000002
E02000453,Disruptive crimes,2026-02,97.28530000000002
E02000453,Property theft,2026-02,108.54240000000003
E02000453,Vehicle crime,2026-02,112.36160000000002
E02000453,Violence,2026-02,125.74570000000001
E02000454,Anti-social behaviour,2025-12,1.886
E02000454,Burglary,2025-12,1.9086999999999998
E02000454,Criminal damage and arson,2025-12,1.9086999999999998
E02000454,Disruptive crimes,2025-12,1.9105999999999999
E02000454,Property theft,2025-12,2.3106
E02000454,Vehicle crime,2025-12,3.8710000000000004
E02000454,Violence,2025-12,8.148700000000002
E02000454,Anti-social behaviour,2026-01,10.5632
E02000454,Burglary,2026-01,10.5858
E02000454,Criminal damage and arson,2026-01,10.5858
E02000454,Disruptive crimes,2026-01,10.5884
E02000454,Property theft,2026-01,11.036999999999999
E02000454,Vehicle crime,2026-01,12.606499999999999
E02000454,Violence,2026-01,17.0047
E02000454,Anti-social behaviour,2026-02,19.515700000000002
E02000454,Burglary,2026-02,19.540399999999998
E02000454,Criminal damage and arson,2026-02,19.540399999999998
E02000454,Disruptive crimes,2026-02,19.5434
E02000454,Property theft,2026-02,20.047399999999996
E02000454,Vehicle crime,2026-02,21.549999999999994
E02000454,Violence,2026-02,25.667299999999994
E02000455,Anti-social behaviour,2025-12,49.01690000000001
E02000455,Burglary,2025-12,50.93550000000001
E02000455,Criminal damage and arson,2025-12,53.521600000000014
E02000455,Disruptive crimes,2025-12,72.3922
E02000455,Property theft,2025-12,130.8426
E02000455,Vehicle crime,2025-12,133.98630000000003
E02000455,Violence,2025-12,178.8256
E02000455,Anti-social behaviour,2026-01,228.41300000000004
E02000455,Burglary,2026-01,230.36630000000005
E02000455,Criminal damage and arson,2026-01,233.05360000000007
E02000455,Disruptive crimes,2026-01,252.61810000000008
E02000455,Property theft,2026-01,311.2282000000001
E02000455,Vehicle crime,2026-01,314.3689
E02000455,Violence,2026-01,360.06570000000005
E02000455,Anti-social behaviour,2026-02,408.6503000000001
E02000455,Burglary,2026-02,410.5187000000001
E02000455,Criminal damage and arson,2026-02,413.2100000000001
E02000455,Disruptive crimes,2026-02,432.3145000000001
E02000455,Property theft,2026-02,487.9179000000001
E02000455,Vehicle crime,2026-02,490.9553
E02000455,Violence,2026-02,536.4890999999998
E02000456,Anti-social behaviour,2025-12,3.3112
E02000456,Burglary,2025-12,3.3152
E02000456,Criminal damage and arson,2025-12,3.5162999999999998
E02000456,Disruptive crimes,2025-12,4.1314
E02000456,Property theft,2025-12,5.7537
E02000456,Vehicle crime,2025-12,7.6272
E02000456,Violence,2025-12,15.5104
E02000456,Anti-social behaviour,2026-01,19.329100000000004
E02000456,Burglary,2026-01,19.3334
E02000456,Criminal damage and arson,2026-01,19.5764
E02000456,Disruptive crimes,2026-01,20.2789
E02000456,Property theft,2026-01,22.080799999999996
E02000456,Vehicle crime,2026-01,23.9438
E02000456,Violence,2026-01,31.864
E02000456,Anti-social behaviour,2026-02,35.358799999999995
E02000456,Burglary,2026-02,35.36300000000001
E02000456,Criminal damage and arson,2026-02,35.61530000000001
E02000456,Disruptive crimes,2026-02,36.284700000000015
E02000456,Property theft,2026-02,38.02390000000001
E02000456,Vehicle crime,2026-02,39.786600000000014
E02000456,Violence,2026-02,47.29020000000001
E02000457,Anti-social behaviour,2025-12,5.8484
E02000457,Burglary,2025-12,6.434100000000001
E02000457,Criminal damage and arson,2025-12,6.490100000000001
E02000457,Disruptive crimes,2025-12,7.665800000000001
E02000457,Property theft,2025-12,12.193399999999999
E02000457,Vehicle crime,2025-12,13.7625
E02000457,Violence,2025-12,23.9192
E02000457,Anti-social behaviour,2026-01,30.331999999999997
E02000457,Burglary,2026-01,30.951599999999996
E02000457,Criminal damage and arson,2026-01,31.019799999999993
E02000457,Disruptive crimes,2026-01,32.267999999999994
E02000457,Property theft,2026-01,36.9994
E02000457,Vehicle crime,2026-01,38.5275
E02000457,Violence,2026-01,48.9576
E02000457,Anti-social behaviour,2026-02,55.0523
E02000457,Burglary,2026-02,55.7013
E02000457,Criminal damage and arson,2026-02,55.766600000000004
E02000457,Disruptive crimes,2026-02,56.935100000000006
E02000457,Property theft,2026-02,61.47400000000001
E02000457,Vehicle crime,2026-02,62.915200000000006
E02000457,Violence,2026-02,72.8363
E02000459,Anti-social behaviour,2025-12,13.5052
E02000459,Burglary,2025-12,14.8059
E02000459,Criminal damage and arson,2025-12,16.9813
E02000459,Disruptive crimes,2025-12,20.9099
E02000459,Property theft,2025-12,26.966600000000003
E02000459,Vehicle crime,2025-12,29.492900000000002
E02000459,Violence,2025-12,48.09680000000001
E02000459,Anti-social behaviour,2026-01,63.546000000000014
E02000459,Burglary,2026-01,64.88420000000002
E02000459,Criminal damage and arson,2026-01,67.01790000000003
E02000459,Disruptive crimes,2026-01,70.89250000000004
E02000459,Property theft,2026-01,77.03910000000003
E02000459,Vehicle crime,2026-01,79.57970000000003
E02000459,Violence,2026-01,99.06960000000004
E02000459,Anti-social behaviour,2026-02,113.87580000000003
E02000459,Burglary,2026-02,115.21900000000002
E02000459,Criminal damage and arson,2026-02,117.28410000000002
E02000459,Disruptive crimes,2026-02,121.00370000000002
E02000459,Property theft,2026-02,126.79110000000003
E02000459,Vehicle crime,2026-02,129.36450000000002
E02000459,Violence,2026-02,148.54670000000002
E02000460,Anti-social behaviour,2025-12,6.357900000000001
E02000460,Burglary,2025-12,6.516100000000001
E02000460,Criminal damage and arson,2025-12,6.974700000000001
E02000460,Disruptive crimes,2025-12,8.848400000000002
E02000460,Property theft,2025-12,11.5924
E02000460,Vehicle crime,2025-12,13.9741
E02000460,Violence,2025-12,26.2985
E02000460,Anti-social behaviour,2026-01,33.5686
E02000460,Burglary,2026-01,33.738800000000005
E02000460,Criminal damage and arson,2026-01,34.22030000000001
E02000460,Disruptive crimes,2026-01,36.17000000000001
E02000460,Property theft,2026-01,39.05060000000001
E02000460,Vehicle crime,2026-01,41.413100000000014
E02000460,Violence,2026-01,53.95840000000001
E02000460,Anti-social behaviour,2026-02,60.61140000000001
E02000460,Burglary,2026-02,60.81780000000001
E02000460,Criminal damage and arson,2026-02,61.26460000000001
E02000460,Disruptive crimes,2026-02,63.05340000000001
E02000460,Property theft,2026-02,65.62230000000001
E02000460,Vehicle crime,2026-02,67.89940000000001
E02000460,Violence,2026-02,79.79650000000002
E02000461,Anti-social behaviour,2025-12,3.9664
E02000461,Burglary,2025-12,4.4693000000000005
E02000461,Criminal damage and arson,2025-12,4.7159
E02000461,Disruptive crimes,2025-12,7.1960000000000015
E02000461,Property theft,2025-12,11.620500000000002
E02000461,Vehicle crime,2025-12,14.055
E02000461,Violence,2025-12,26.648200000000003
E02000461,Anti-social behaviour,2026-01,31.203500000000005
E02000461,Burglary,2026-01,31.754100000000005
E02000461,Criminal damage and arson,2026-01,32.04900000000001
E02000461,Disruptive crimes,2026-01,34.65410000000001
E02000461,Property theft,2026-01,39.19640000000001
E02000461,Vehicle crime,2026-01,41.56890000000001
E02000461,Violence,2026-01,54.31130000000002
E02000461,Anti-social behaviour,2026-02,58.550000000000026
E02000461,Burglary,2026-02,59.114600000000024
E02000461,Criminal damage and arson,2026-02,59.42030000000003
E02000461,Disruptive crimes,2026-02,61.84830000000004
E02000461,Property theft,2026-02,66.18290000000003
E02000461,Vehicle crime,2026-02,68.45640000000003
E02000461,Violence,2026-02,80.34160000000003
E02000462,Anti-social behaviour,2025-12,11.2277
E02000462,Burglary,2025-12,12.0263
E02000462,Criminal damage and arson,2025-12,13.220200000000002
E02000462,Disruptive crimes,2025-12,16.5569
E02000462,Property theft,2025-12,27.152099999999997
E02000462,Vehicle crime,2025-12,30.381699999999995
E02000462,Violence,2025-12,47.367599999999996
E02000462,Anti-social behaviour,2026-01,59.908
E02000462,Burglary,2026-01,60.7374
E02000462,Criminal damage and arson,2026-01,61.9257
E02000462,Disruptive crimes,2026-01,65.2601
E02000462,Property theft,2026-01,76.07409999999999
E02000462,Vehicle crime,2026-01,79.3313
E02000462,Violence,2026-01,96.60399999999998
E02000462,Anti-social behaviour,2026-02,107.83409999999998
E02000462,Burglary,2026-02,108.67939999999997
E02000462,Criminal damage and arson,2026-02,109.81059999999995
E02000462,Disruptive crimes,2026-02,112.97849999999994
E02000462,Property theft,2026-02,123.01869999999994
E02000462,Vehicle crime,2026-02,126.09639999999995
E02000462,Violence,2026-02,142.58579999999995
E02000463,Anti-social behaviour,2025-12,7.6424
E02000463,Burglary,2025-12,8.103
E02000463,Criminal damage and arson,2025-12,8.951099999999999
E02000463,Disruptive crimes,2025-12,9.9394
E02000463,Property theft,2025-12,11.795499999999999
E02000463,Vehicle crime,2025-12,15.272599999999999
E02000463,Violence,2025-12,26.784500000000005
E02000463,Anti-social behaviour,2026-01,34.906000000000006
E02000463,Burglary,2026-01,35.3207
E02000463,Criminal damage and arson,2026-01,36.2113
E02000463,Disruptive crimes,2026-01,37.24720000000001
E02000463,Property theft,2026-01,39.11810000000001
E02000463,Vehicle crime,2026-01,42.588800000000006
E02000463,Violence,2026-01,54.16750000000001
E02000463,Anti-social behaviour,2026-02,61.795500000000004
E02000463,Burglary,2026-02,62.235800000000005
E02000463,Criminal damage and arson,2026-02,63.060900000000004
E02000463,Disruptive crimes,2026-02,64.0227
E02000463,Property theft,2026-02,65.78919999999998
E02000463,Vehicle crime,2026-02,69.09629999999997
E02000463,Violence,2026-02,80.14029999999997
E02000464,Anti-social behaviour,2025-12,7.310500000000001
E02000464,Burglary,2025-12,7.847300000000001
E02000464,Criminal damage and arson,2025-12,10.841800000000001
E02000464,Disruptive crimes,2025-12,14.820000000000002
E02000464,Property theft,2025-12,16.158900000000003
E02000464,Vehicle crime,2025-12,20.8093
E02000464,Violence,2025-12,38.1048
E02000464,Anti-social behaviour,2026-01,46.6356
E02000464,Burglary,2026-01,47.1866
E02000464,Criminal damage and arson,2026-01,50.253
E02000464,Disruptive crimes,2026-01,54.3836
E02000464,Property theft,2026-01,55.782700000000006
E02000464,Vehicle crime,2026-01,60.4166
E02000464,Violence,2026-01,78.09020000000002
E02000464,Anti-social behaviour,2026-02,85.79820000000004
E02000464,Burglary,2026-02,86.41070000000003
E02000464,Criminal damage and arson,2026-02,89.29650000000004
E02000464,Disruptive crimes,2026-02,93.08540000000002
E02000464,Property theft,2026-02,94.36160000000002
E02000464,Vehicle crime,2026-02,98.75210000000003
E02000464,Violence,2026-02,115.51350000000002
E02000465,Anti-social behaviour,2025-12,6.4889
E02000465,Burglary,2025-12,7.6342
E02000465,Criminal damage and arson,2025-12,10.0161
E02000465,Disruptive crimes,2025-12,16.351499999999998
E02000465,Property theft,2025-12,18.623900000000003
E02000465,Vehicle crime,2025-12,23.446500000000004
E02000465,Violence,2025-12,42.2368
E02000465,Anti-social behaviour,2026-01,49.5923
E02000465,Burglary,2026-01,50.76780000000001
E02000465,Criminal damage and arson,2026-01,53.1614
E02000465,Disruptive crimes,2026-01,59.7231
E02000465,Property theft,2026-01,61.924
E02000465,Vehicle crime,2026-01,66.71629999999999
E02000465,Violence,2026-01,85.8297
E02000465,Anti-social behaviour,2026-02,92.67830000000001
E02000465,Burglary,2026-02,93.87070000000001
E02000465,Criminal damage and arson,2026-02,96.16850000000001
E02000465,Disruptive crimes,2026-02,102.27150000000002
E02000465,Property theft,2026-02,104.28760000000003
E02000465,Vehicle crime,2026-02,108.94200000000002
E02000465,Violence,2026-02,127.14670000000002
E02000466,Anti-social behaviour,2025-12,7.389099999999999
E02000466,Burglary,2025-12,7.752699999999998
E02000466,Criminal damage and arson,2025-12,9.3603
E02000466,Disruptive crimes,2025-12,11.545300000000001
E02000466,Property theft,2025-12,11.9628
E02000466,Vehicle crime,2025-12,16.1281
E02000466,Violence,2025-12,29.985799999999998
E02000466,Anti-social behaviour,2026-01,38.39149999999999
E02000466,Burglary,2026-01,38.756099999999996
E02000466,Criminal damage and arson,2026-01,40.4067
E02000466,Disruptive crimes,2026-01,42.675700000000006
E02000466,Property theft,2026-01,43.0782
E02000466,Vehicle crime,2026-01,47.2176
E02000466,Violence,2026-01,61.39639999999999
E02000466,Anti-social behaviour,2026-02,69.0951
E02000466,Burglary,2026-02,69.5262
E02000466,Criminal damage and arson,2026-02,71.1432
E02000466,Disruptive crimes,2026-02,73.2411
E02000466,Property theft,2026-02,73.61280000000001
E02000466,Vehicle crime,2026-02,77.56220000000002
E02000466,Violence,2026-02,90.99290000000002
E02000467,Anti-social behaviour,2025-12,15.487099999999998
E02000467,Burglary,2025-12,17.1665
E02000467,Criminal damage and arson,2025-12,22.5783
E02000467,Disruptive crimes,2025-12,32.8732
E02000467,Property theft,2025-12,47.195800000000006
E02000467,Vehicle crime,2025-12,53.98010000000001
E02000467,Violence,2025-12,92.14920000000002
E02000467,Anti-social behaviour,2026-01,109.84070000000003
E02000467,Burglary,2026-01,111.60710000000003
E02000467,Criminal damage and arson,2026-01,116.94360000000002
E02000467,Disruptive crimes,2026-01,127.43330000000002
E02000467,Property theft,2026-01,141.89950000000005
E02000467,Vehicle crime,2026-01,148.6122000000001
E02000467,Violence,2026-01,186.95450000000008
E02000467,Anti-social behaviour,2026-02,202.73460000000009
E02000467,Burglary,2026-02,204.5416000000001
E02000467,Criminal damage and arson,2026-02,209.6912000000001
E02000467,Disruptive crimes,2026-02,219.5251000000001
E02000467,Property theft,2026-02,232.59940000000012
E02000467,Vehicle crime,2026-02,239.02700000000013
E02000467,Violence,2026-02,275.29650000000015
E02000468,Anti-social behaviour,2025-12,5.2463
E02000468,Burglary,2025-12,5.6744
E02000468,Criminal damage and arson,2025-12,5.976400000000001
E02000468,Disruptive crimes,2025-12,7.958
E02000468,Property theft,2025-12,12.131100000000002
E02000468,Vehicle crime,2025-12,16.187900000000003
E02000468,Violence,2025-12,30.1366
E02000468,Anti-social behaviour,2026-01,36.0378
E02000468,Burglary,2026-01,36.470400000000005
E02000468,Criminal damage and arson,2026-01,36.76720000000002
E02000468,Disruptive crimes,2026-01,38.81570000000002
E02000468,Property theft,2026-01,43.07210000000002
E02000468,Vehicle crime,2026-01,47.08550000000002
E02000468,Violence,2026-01,61.12600000000002
E02000468,Anti-social behaviour,2026-02,66.65450000000003
E02000468,Burglary,2026-02,67.12210000000003
E02000468,Criminal damage and arson,2026-02,67.39390000000003
E02000468,Disruptive crimes,2026-02,69.30680000000002
E02000468,Property theft,2026-02,72.89120000000003
E02000468,Vehicle crime,2026-02,76.79810000000003
E02000468,Violence,2026-02,90.18170000000003
E02000469,Anti-social behaviour,2025-12,5.539
E02000469,Burglary,2025-12,5.9369
E02000469,Criminal damage and arson,2025-12,7.542
E02000469,Disruptive crimes,2025-12,12.280999999999999
E02000469,Property theft,2025-12,17.821499999999997
E02000469,Vehicle crime,2025-12,21.475199999999994
E02000469,Violence,2025-12,36.49439999999999
E02000469,Anti-social behaviour,2026-01,42.79499999999999
E02000469,Burglary,2026-01,43.234799999999986
E02000469,Criminal damage and arson,2026-01,44.86679999999999
E02000469,Disruptive crimes,2026-01,49.75609999999999
E02000469,Property theft,2026-01,55.43069999999999
E02000469,Vehicle crime,2026-01,59.05289999999999
E02000469,Violence,2026-01,74.38879999999999
E02000469,Anti-social behaviour,2026-02,80.2657
E02000469,Burglary,2026-02,80.7195
E02000469,Criminal damage and arson,2026-02,82.26719999999999
E02000469,Disruptive crimes,2026-02,86.8852
E02000469,Property theft,2026-02,92.20519999999999
E02000469,Vehicle crime,2026-02,95.6417
E02000469,Violence,2026-02,110.2763
E02000470,Anti-social behaviour,2025-12,8.539
E02000470,Burglary,2025-12,10.5817
E02000470,Criminal damage and arson,2025-12,11.8086
E02000470,Disruptive crimes,2025-12,15.178300000000002
E02000470,Property theft,2025-12,30.3933
E02000470,Vehicle crime,2025-12,35.290099999999995
E02000470,Violence,2025-12,51.4323
E02000470,Anti-social behaviour,2026-01,61.3102
E02000470,Burglary,2026-01,63.382799999999996
E02000470,Criminal damage and arson,2026-01,64.6469
E02000470,Disruptive crimes,2026-01,68.22290000000002
E02000470,Property theft,2026-01,84.29330000000003
E02000470,Vehicle crime,2026-01,89.22050000000003
E02000470,Violence,2026-01,105.79720000000003
E02000470,Anti-social behaviour,2026-02,115.45950000000002
E02000470,Burglary,2026-02,117.63350000000001
E02000470,Criminal damage and arson,2026-02,118.86410000000002
E02000470,Disruptive crimes,2026-02,122.57960000000003
E02000470,Property theft,2026-02,138.75740000000002
E02000470,Vehicle crime,2026-02,143.3168
E02000470,Violence,2026-02,159.6698
E02000471,Anti-social behaviour,2025-12,1.8215
E02000471,Burglary,2025-12,2.5047
E02000471,Criminal damage and arson,2025-12,2.5093
E02000471,Disruptive crimes,2025-12,2.6073
E02000471,Property theft,2025-12,2.9066000000000005
E02000471,Vehicle crime,2025-12,5.774800000000001
E02000471,Violence,2025-12,12.985500000000002
E02000471,Anti-social behaviour,2026-01,15.227600000000002
E02000471,Burglary,2026-01,15.959000000000001
E02000471,Criminal damage and arson,2026-01,15.9648
E02000471,Disruptive crimes,2026-01,16.088499999999996
E02000471,Property theft,2026-01,16.361699999999995
E02000471,Vehicle crime,2026-01,19.211499999999997
E02000471,Violence,2026-01,26.579499999999996
E02000471,Anti-social behaviour,2026-02,28.862399999999994
E02000471,Burglary,2026-02,29.591999999999995
E02000471,Criminal damage and arson,2026-02,29.598899999999993
E02000471,Disruptive crimes,2026-02,29.755999999999993
E02000471,Property theft,2026-02,30.05679999999999
E02000471,Vehicle crime,2026-02,32.76949999999999
E02000471,Violence,2026-02,39.620499999999986
E02000472,Anti-social behaviour,2025-12,3.6969000000000003
E02000472,Burglary,2025-12,3.7310000000000008
E02000472,Criminal damage and arson,2025-12,3.7362000000000006
E02000472,Disruptive crimes,2025-12,4.451800000000001
E02000472,Property theft,2025-12,7.5639
E02000472,Vehicle crime,2025-12,10.927099999999998
E02000472,Violence,2025-12,22.574299999999997
E02000472,Anti-social behaviour,2026-01,26.647399999999998
E02000472,Burglary,2026-01,26.679899999999996
E02000472,Criminal damage and arson,2026-01,26.687599999999993
E02000472,Disruptive crimes,2026-01,27.433899999999994
E02000472,Property theft,2026-01,30.586199999999998
E02000472,Vehicle crime,2026-01,33.978699999999996
E02000472,Violence,2026-01,45.846599999999995
E02000472,Anti-social behaviour,2026-02,49.7571
E02000472,Burglary,2026-02,49.7979
E02000472,Criminal damage and arson,2026-02,49.80650000000001
E02000472,Disruptive crimes,2026-02,50.5159
E02000472,Property theft,2026-02,53.61340000000001
E02000472,Vehicle crime,2026-02,56.87870000000002
E02000472,Violence,2026-02,67.92080000000003
E02000473,Anti-social behaviour,2025-12,3.7633
E02000473,Burglary,2025-12,3.9336
E02000473,Criminal damage and arson,2025-12,4.276599999999999
E02000473,Disruptive crimes,2025-12,5.3469
E02000473,Property theft,2025-12,7.541499999999999
E02000473,Vehicle crime,2025-12,10.644899999999998
E02000473,Violence,2025-12,22.026999999999997
E02000473,Anti-social behaviour,2026-01,26.293499999999998
E02000473,Burglary,2026-01,26.476
E02000473,Criminal damage and arson,2026-01,26.885499999999997
E02000473,Disruptive crimes,2026-01,27.999599999999997
E02000473,Property theft,2026-01,29.9709
E02000473,Vehicle crime,2026-01,33.0268
E02000473,Violence,2026-01,44.555200000000006
E02000473,Anti-social behaviour,2026-02,48.801300000000005
E02000473,Burglary,2026-02,49.00050000000001
E02000473,Criminal damage and arson,2026-02,49.40510000000001
E02000473,Disruptive crimes,2026-02,50.4577
E02000473,Property theft,2026-02,52.386
E02000473,Vehicle crime,2026-02,55.38459999999999
E02000473,Violence,2026-02,66.3226
E02000474,Anti-social behaviour,2025-12,9.927200000000001
E02000474,Burglary,2025-12,10.2891
E02000474,Criminal damage and arson,2025-12,11.149300000000002
E02000474,Disruptive crimes,2025-12,16.504900000000006
E02000474,Property theft,2025-12,27.053700000000006
E02000474,Vehicle crime,2025-12,31.85250000000001
E02000474,Violence,2025-12,48.80500000000001
E02000474,Anti-social behaviour,2026-01,60.0739
E02000474,Burglary,2026-01,60.4055
E02000474,Criminal damage and arson,2026-01,61.389700000000005
E02000474,Disruptive crimes,2026-01,66.8732
E02000474,Property theft,2026-01,77.79129999999999
E02000474,Vehicle crime,2026-01,82.57829999999998
E02000474,Violence,2026-01,99.80599999999998
E02000474,Anti-social behaviour,2026-02,110.35199999999998
E02000474,Burglary,2026-02,110.72119999999998
E02000474,Criminal damage and arson,2026-02,111.6424
E02000474,Disruptive crimes,2026-02,116.64889999999998
E02000474,Property theft,2026-02,126.8377
E02000474,Vehicle crime,2026-02,131.4573
E02000474,Violence,2026-02,147.8166
E02000475,Anti-social behaviour,2025-12,5.3655
E02000475,Burglary,2025-12,6.453200000000001
E02000475,Criminal damage and arson,2025-12,8.074000000000002
E02000475,Disruptive crimes,2025-12,11.009
E02000475,Property theft,2025-12,18.016799999999996
E02000475,Vehicle crime,2025-12,22.515899999999995
E02000475,Violence,2025-12,35.6966
E02000475,Anti-social behaviour,2026-01,42.216499999999996
E02000475,Burglary,2026-01,43.3436
E02000475,Criminal damage and arson,2026-01,44.9476
E02000475,Disruptive crimes,2026-01,47.97630000000001
E02000475,Property theft,2026-01,55.13570000000002
E02000475,Vehicle crime,2026-01,59.57520000000002
E02000475,Violence,2026-01,72.99050000000001
E02000475,Anti-social behaviour,2026-02,79.19040000000001
E02000475,Burglary,2026-02,80.33040000000003
E02000475,Criminal damage and arson,2026-02,81.87020000000004
E02000475,Disruptive crimes,2026-02,84.70600000000003
E02000475,Property theft,2026-02,91.24500000000002
E02000475,Vehicle crime,2026-02,95.50650000000003
E02000475,Violence,2026-02,108.19940000000003
E02000476,Anti-social behaviour,2025-12,39.8326
E02000476,Burglary,2025-12,43.132
E02000476,Criminal damage and arson,2025-12,53.09080000000001
E02000476,Disruptive crimes,2025-12,92.2183
E02000476,Property theft,2025-12,155.38819999999998
E02000476,Vehicle crime,2025-12,161.7753
E02000476,Violence,2025-12,246.96429999999998
E02000476,Anti-social behaviour,2026-01,288.6276
E02000476,Burglary,2026-01,291.888
E02000476,Criminal damage and arson,2026-01,301.89829999999995
E02000476,Disruptive crimes,2026-01,340.80459999999994
E02000476,Property theft,2026-01,403.2935999999999
E02000476,Vehicle crime,2026-01,409.60549999999995
E02000476,Violence,2026-01,494.9355
E02000476,Anti-social behaviour,2026-02,533.4088
E02000476,Burglary,2026-02,536.6300000000001
E02000476,Criminal damage and arson,2026-02,545.9078000000001
E02000476,Disruptive crimes,2026-02,581.8065
E02000476,Property theft,2026-02,637.9105000000001
E02000476,Vehicle crime,2026-02,643.9364000000002
E02000476,Violence,2026-02,724.7459000000001
E02000477,Anti-social behaviour,2025-12,1.012
E02000477,Burglary,2025-12,1.0367
E02000477,Criminal damage and arson,2025-12,1.0379999999999998
E02000477,Disruptive crimes,2025-12,1.0390999999999997
E02000477,Property theft,2025-12,2.0529999999999995
E02000477,Vehicle crime,2025-12,5.5298
E02000477,Violence,2025-12,11.7638
E02000477,Anti-social behaviour,2026-01,13.0386
E02000477,Burglary,2026-01,13.0597
E02000477,Criminal damage and arson,2026-01,13.061499999999999
E02000477,Disruptive crimes,2026-01,13.063499999999998
E02000477,Property theft,2026-01,14.097099999999998
E02000477,Vehicle crime,2026-01,17.554299999999998
E02000477,Violence,2026-01,23.8816
E02000477,Anti-social behaviour,2026-02,25.2328
E02000477,Burglary,2026-02,25.254099999999998
E02000477,Criminal damage and arson,2026-02,25.256099999999996
E02000477,Disruptive crimes,2026-02,25.258299999999995
E02000477,Property theft,2026-02,26.22159999999999
E02000477,Vehicle crime,2026-02,29.53839999999999
E02000477,Violence,2026-02,35.49069999999999
E02000478,Anti-social behaviour,2025-12,0.8648
E02000478,Burglary,2025-12,0.8716999999999999
E02000478,Criminal damage and arson,2025-12,0.8717999999999999
E02000478,Disruptive crimes,2025-12,0.8734999999999998
E02000478,Property theft,2025-12,0.8744999999999997
E02000478,Vehicle crime,2025-12,1.2759999999999998
E02000478,Violence,2025-12,6.0591
E02000478,Anti-social behaviour,2026-01,6.985099999999999
E02000478,Burglary,2026-01,6.992799999999999
E02000478,Criminal damage and arson,2026-01,6.992899999999999
E02000478,Disruptive crimes,2026-01,6.994899999999999
E02000478,Property theft,2026-01,6.995999999999998
E02000478,Vehicle crime,2026-01,7.448199999999997
E02000478,Violence,2026-01,12.420899999999998
E02000478,Anti-social behaviour,2026-02,13.417699999999998
E02000478,Burglary,2026-02,13.424799999999998
E02000478,Criminal damage and arson,2026-02,13.424899999999997
E02000478,Disruptive crimes,2026-02,13.427199999999997
E02000478,Property theft,2026-02,13.428699999999997
E02000478,Vehicle crime,2026-02,13.828199999999999
E02000478,Violence,2026-02,18.3493
E02000479,Anti-social behaviour,2025-12,13.0475
E02000479,Burglary,2025-12,14.996899999999998
E02000479,Criminal damage and arson,2025-12,17.570899999999998
E02000479,Disruptive crimes,2025-12,25.051999999999996
E02000479,Property theft,2025-12,35.7808
E02000479,Vehicle crime,2025-12,41.6505
E02000479,Violence,2025-12,64.3604
E02000479,Anti-social behaviour,2026-01,79.24849999999998
E02000479,Burglary,2026-01,81.2071
E02000479,Criminal damage and arson,2026-01,83.7548
E02000479,Disruptive crimes,2026-01,91.4147
E02000479,Property theft,2026-01,102.5295
E02000479,Vehicle crime,2026-01,108.26169999999999
E02000479,Violence,2026-01,131.23189999999997
E02000479,Anti-social behaviour,2026-02,144.47059999999996
E02000479,Burglary,2026-02,146.44879999999995
E02000479,Criminal damage and arson,2026-02,148.89929999999995
E02000479,Disruptive crimes,2026-02,156.01469999999998
E02000479,Property theft,2026-02,165.86659999999998
E02000479,Vehicle crime,2026-02,171.36880000000002
E02000479,Violence,2026-02,193.13530000000003
E02000480,Anti-social behaviour,2025-12,20.897000000000002
E02000480,Burglary,2025-12,22.855999999999998
E02000480,Criminal damage and arson,2025-12,25.309299999999997
E02000480,Disruptive crimes,2025-12,33.878699999999995
E02000480,Property theft,2025-12,40.4725
E02000480,Vehicle crime,2025-12,46.50079999999999
E02000480,Violence,2025-12,86.95349999999999
E02000480,Anti-social behaviour,2026-01,109.96019999999999
E02000480,Burglary,2026-01,111.9534
E02000480,Criminal damage and arson,2026-01,114.53710000000001
E02000480,Disruptive crimes,2026-01,123.35679999999999
E02000480,Property theft,2026-01,130.0392
E02000480,Vehicle crime,2026-01,135.9551
E02000480,Violence,2026-01,177.283
E02000480,Anti-social behaviour,2026-02,199.6069
E02000480,Burglary,2026-02,201.6529
E02000480,Criminal damage and arson,2026-02,204.23099999999997
E02000480,Disruptive crimes,2026-02,212.83049999999997
E02000480,Property theft,2026-02,219.18569999999994
E02000480,Vehicle crime,2026-02,224.9286
E02000480,Violence,2026-02,265.303
E02000481,Anti-social behaviour,2025-12,3.3072
E02000481,Burglary,2025-12,3.3369
E02000481,Criminal damage and arson,2025-12,3.3596999999999997
E02000481,Disruptive crimes,2025-12,3.9725999999999995
E02000481,Property theft,2025-12,4.0374
E02000481,Vehicle crime,2025-12,5.985500000000001
E02000481,Violence,2025-12,11.383899999999999
E02000481,Anti-social behaviour,2026-01,15.2471
E02000481,Burglary,2026-01,15.273499999999999
E02000481,Criminal damage and arson,2026-01,15.303499999999996
E02000481,Disruptive crimes,2026-01,15.942999999999996
E02000481,Property theft,2026-01,16.023799999999998
E02000481,Vehicle crime,2026-01,17.958
E02000481,Violence,2026-01,23.481800000000003
E02000481,Anti-social behaviour,2026-02,27.1286
E02000481,Burglary,2026-02,27.1576
E02000481,Criminal damage and arson,2026-02,27.187499999999996
E02000481,Disruptive crimes,2026-02,27.796799999999994
E02000481,Property theft,2026-02,27.885799999999996
E02000481,Vehicle crime,2026-02,29.673399999999997
E02000481,Violence,2026-02,34.9122
E02000482,Anti-social behaviour,2025-12,3.5439999999999996
E02000482,Burglary,2025-12,3.5630999999999995
E02000482,Criminal damage and arson,2025-12,3.8683999999999994
E02000482,Disruptive crimes,2025-12,4.972999999999999
E02000482,Property theft,2025-12,7.011499999999999
E02000482,Vehicle crime,2025-12,9.905199999999999
E02000482,Violence,2025-12,16.017699999999998
E02000482,Anti-social behaviour,2026-01,19.844
E02000482,Burglary,2026-01,19.8607
E02000482,Criminal damage and arson,2026-01,20.1702
E02000482,Disruptive crimes,2026-01,21.342900000000004
E02000482,Property theft,2026-01,23.445700000000006
E02000482,Vehicle crime,2026-01,26.327000000000005
E02000482,Violence,2026-01,32.49060000000001
E02000482,Anti-social behaviour,2026-02,36.01650000000001
E02000482,Burglary,2026-02,36.03460000000001
E02000482,Criminal damage and arson,2026-02,36.31940000000001
E02000482,Disruptive crimes,2026-02,37.47480000000001
E02000482,Property theft,2026-02,39.4673
E02000482,Vehicle crime,2026-02,42.19340000000001
E02000482,Violence,2026-02,48.00040000000001
E02000483,Anti-social behaviour,2025-12,12.584400000000002
E02000483,Burglary,2025-12,13.556400000000002
E02000483,Criminal damage and arson,2025-12,14.981100000000001
E02000483,Disruptive crimes,2025-12,18.856400000000004
E02000483,Property theft,2025-12,28.133000000000003
E02000483,Vehicle crime,2025-12,33.266799999999996
E02000483,Violence,2025-12,48.9613
E02000483,Anti-social behaviour,2026-01,62.331
E02000483,Burglary,2026-01,63.288500000000006
E02000483,Criminal damage and arson,2026-01,64.71900000000001
E02000483,Disruptive crimes,2026-01,68.73100000000001
E02000483,Property theft,2026-01,78.1957
E02000483,Vehicle crime,2026-01,83.2769
E02000483,Violence,2026-01,99.0176
E02000483,Anti-social behaviour,2026-02,111.7793
E02000483,Burglary,2026-02,112.7231
E02000483,Criminal damage and arson,2026-02,114.09290000000001
E02000483,Disruptive crimes,2026-02,117.91130000000001
E02000483,Property theft,2026-02,126.5049
E02000483,Vehicle crime,2026-02,131.3512
E02000483,Violence,2026-02,146.3992
E02000484,Anti-social behaviour,2025-12,2.1779
E02000484,Burglary,2025-12,2.2248
E02000484,Criminal damage and arson,2025-12,2.272300000000001
E02000484,Disruptive crimes,2025-12,3.241900000000001
E02000484,Property theft,2025-12,5.6633000000000004
E02000484,Vehicle crime,2025-12,9.9549
E02000484,Violence,2025-12,18.380499999999998
E02000484,Anti-social behaviour,2026-01,21.272499999999997
E02000484,Burglary,2026-01,21.314999999999994
E02000484,Criminal damage and arson,2026-01,21.379399999999993
E02000484,Disruptive crimes,2026-01,22.36859999999999
E02000484,Property theft,2026-01,24.80239999999999
E02000484,Vehicle crime,2026-01,29.002299999999995
E02000484,Violence,2026-01,37.465199999999996
E02000484,Anti-social behaviour,2026-02,40.43209999999999
E02000484,Burglary,2026-02,40.48329999999999
E02000484,Criminal damage and arson,2026-02,40.5594
E02000484,Disruptive crimes,2026-02,41.5095
E02000484,Property theft,2026-02,43.8196
E02000484,Vehicle crime,2026-02,47.898500000000006
E02000484,Violence,2026-02,55.880300000000005
E02000485,Anti-social behaviour,2025-12,5.519299999999999
E02000485,Burglary,2025-12,6.4935
E02000485,Criminal damage and arson,2025-12,7.4928
E02000485,Disruptive crimes,2025-12,8.555
E02000485,Property theft,2025-12,24.1714
E02000485,Vehicle crime,2025-12,27.7558
E02000485,Violence,2025-12,38.5429
E02000485,Anti-social behaviour,2026-01,44.84620000000001
E02000485,Burglary,2026-01,45.81240000000001
E02000485,Criminal damage and arson,2026-01,46.81810000000001
E02000485,Disruptive crimes,2026-01,47.928300000000014
E02000485,Property theft,2026-01,63.93650000000002
E02000485,Vehicle crime,2026-01,67.4946
E02000485,Violence,2026-01,78.40440000000001
E02000485,Anti-social behaviour,2026-02,84.43410000000002
E02000485,Burglary,2026-02,85.37519999999999
E02000485,Criminal damage and arson,2026-02,86.32860000000001
E02000485,Disruptive crimes,2026-02,87.38250000000002
E02000485,Property theft,2026-02,102.27670000000002
E02000485,Vehicle crime,2026-02,105.66230000000003
E02000485,Violence,2026-02,115.97430000000001
E02000486,Anti-social behaviour,2025-12,3.9817
E02000486,Burglary,2025-12,3.9875000000000003
E02000486,Criminal damage and arson,2025-12,3.9948000000000006
E02000486,Disruptive crimes,2025-12,5.0676000000000005
E02000486,Property theft,2025-12,8.2345
E02000486,Vehicle crime,2025-12,9.572500000000002
E02000486,Violence,2025-12,18.2984
E02000486,Anti-social behaviour,2026-01,22.897199999999998
E02000486,Burglary,2026-01,22.902499999999996
E02000486,Criminal damage and arson,2026-01,22.912499999999994
E02000486,Disruptive crimes,2026-01,24.059299999999993
E02000486,Property theft,2026-01,27.237599999999993
E02000486,Vehicle crime,2026-01,28.561699999999995
E02000486,Violence,2026-01,37.397499999999994
E02000486,Anti-social behaviour,2026-02,41.77549999999999
E02000486,Burglary,2026-02,41.78189999999999
E02000486,Criminal damage and arson,2026-02,41.793499999999995
E02000486,Disruptive crimes,2026-02,42.86579999999999
E02000486,Property theft,2026-02,45.87719999999999
E02000486,Vehicle crime,2026-02,47.07189999999999
E02000486,Violence,2026-02,55.394099999999995
E02000487,Anti-social behaviour,2025-12,1.8088
E02000487,Burglary,2025-12,1.8355
E02000487,Criminal damage and arson,2025-12,1.9280999999999997
E02000487,Disruptive crimes,2025-12,1.9745999999999997
E02000487,Property theft,2025-12,3.5688999999999997
E02000487,Vehicle crime,2025-12,7.3354
E02000487,Violence,2025-12,11.649399999999998
E02000487,Anti-social behaviour,2026-01,13.618999999999998
E02000487,Burglary,2026-01,13.644999999999998
E02000487,Criminal damage and arson,2026-01,13.758799999999995
E02000487,Disruptive crimes,2026-01,13.822399999999995
E02000487,Property theft,2026-01,15.357199999999994
E02000487,Vehicle crime,2026-01,19.08869999999999
E02000487,Violence,2026-01,23.506399999999985
E02000487,Anti-social behaviour,2026-02,25.416299999999982
E02000487,Burglary,2026-02,25.44599999999998
E02000487,Criminal damage and arson,2026-02,25.56959999999998
E02000487,Disruptive crimes,2026-02,25.63979999999998
E02000487,Property theft,2026-02,27.174299999999977
E02000487,Vehicle crime,2026-02,30.787499999999977
E02000487,Violence,2026-02,34.816899999999976
E02000488,Anti-social behaviour,2025-12,1.0381
E02000488,Burglary,2025-12,1.0386
E02000488,Criminal damage and arson,2025-12,1.0404
E02000488,Disruptive crimes,2025-12,1.1173
E02000488,Property theft,2025-12,2.0936
E02000488,Vehicle crime,2025-12,3.5701999999999994
E02000488,Violence,2025-12,9.0938
E02000488,Anti-social behaviour,2026-01,10.1915
E02000488,Burglary,2026-01,10.1923
E02000488,Criminal damage and arson,2026-01,10.194299999999998
E02000488,Disruptive crimes,2026-01,10.279699999999998
E02000488,Property theft,2026-01,11.257399999999999
E02000488,Vehicle crime,2026-01,12.805299999999999
E02000488,Violence,2026-01,18.4771
E02000488,Anti-social behaviour,2026-02,19.5361
E02000488,Burglary,2026-02,19.537
E02000488,Criminal damage and arson,2026-02,19.539299999999997
E02000488,Disruptive crimes,2026-02,19.646599999999996
E02000488,Property theft,2026-02,20.572899999999997
E02000488,Vehicle crime,2026-02,22.0202
E02000488,Violence,2026-02,27.175
E02000489,Anti-social behaviour,2025-12,5.619
E02000489,Burglary,2025-12,5.768599999999999
E02000489,Criminal damage and arson,2025-12,5.952299999999999
E02000489,Disruptive crimes,2025-12,9.530899999999999
E02000489,Property theft,2025-12,17.492099999999997
E02000489,Vehicle crime,2025-12,19.757899999999996
E02000489,Violence,2025-12,33.9691
E02000489,Anti-social behaviour,2026-01,40.5944
E02000489,Burglary,2026-01,40.728
E02000489,Criminal damage and arson,2026-01,40.9428
E02000489,Disruptive crimes,2026-01,44.68659999999999
E02000489,Property theft,2026-01,53.162499999999994
E02000489,Vehicle crime,2026-01,55.412699999999994
E02000489,Violence,2026-01,69.871
E02000489,Anti-social behaviour,2026-02,76.13
E02000489,Burglary,2026-02,76.24980000000001
E02000489,Criminal damage and arson,2026-02,76.45949999999999
E02000489,Disruptive crimes,2026-02,79.89979999999998
E02000489,Property theft,2026-02,87.62419999999999
E02000489,Vehicle crime,2026-02,89.81079999999999
E02000489,Violence,2026-02,103.47379999999998
E02000490,Anti-social behaviour,2025-12,4.5338
E02000490,Burglary,2025-12,4.588300000000001
E02000490,Criminal damage and arson,2025-12,4.710500000000001
E02000490,Disruptive crimes,2025-12,7.2256
E02000490,Property theft,2025-12,14.4305
E02000490,Vehicle crime,2025-12,17.121
E02000490,Violence,2025-12,31.6272
E02000490,Anti-social behaviour,2026-01,36.8469
E02000490,Burglary,2026-01,36.8979
E02000490,Criminal damage and arson,2026-01,37.02440000000001
E02000490,Disruptive crimes,2026-01,39.72350000000001
E02000490,Property theft,2026-01,47.37540000000001
E02000490,Vehicle crime,2026-01,50.048400000000015
E02000490,Violence,2026-01,64.71070000000002
E02000490,Anti-social behaviour,2026-02,69.75110000000004
E02000490,Burglary,2026-02,69.80470000000004
E02000490,Criminal damage and arson,2026-02,69.92030000000004
E02000490,Disruptive crimes,2026-02,72.46210000000004
E02000490,Property theft,2026-02,79.51900000000003
E02000490,Vehicle crime,2026-02,82.11120000000004
E02000490,Violence,2026-02,96.06070000000004
E02000491,Anti-social behaviour,2025-12,13.6541
E02000491,Burglary,2025-12,16.4413
E02000491,Criminal damage and arson,2025-12,21.380699999999997
E02000491,Disruptive crimes,2025-12,30.934799999999992
E02000491,Property theft,2025-12,37.88589999999999
E02000491,Vehicle crime,2025-12,48.3508
E02000491,Violence,2025-12,78.9518
E02000491,Anti-social behaviour,2026-01,94.0399
E02000491,Burglary,2026-01,96.7951
E02000491,Criminal damage and arson,2026-01,101.8946
E02000491,Disruptive crimes,2026-01,111.77719999999998
E02000491,Property theft,2026-01,118.8123
E02000491,Vehicle crime,2026-01,129.3355
E02000491,Violence,2026-01,160.19839999999996
E02000491,Anti-social behaviour,2026-02,174.39399999999998
E02000491,Burglary,2026-02,177.10580000000002
E02000491,Criminal damage and arson,2026-02,181.83080000000004
E02000491,Disruptive crimes,2026-02,190.99940000000004
E02000491,Property theft,2026-02,197.62460000000004
E02000491,Vehicle crime,2026-02,207.59390000000008
E02000491,Violence,2026-02,237.02900000000005
E02000492,Anti-social behaviour,2025-12,8.2135
E02000492,Burglary,2025-12,8.7168
E02000492,Criminal damage and arson,2025-12,9.7723
E02000492,Disruptive crimes,2025-12,12.0781
E02000492,Property theft,2025-12,13.216899999999997
E02000492,Vehicle crime,2025-12,20.9913
E02000492,Violence,2025-12,31.1989
E02000492,Anti-social behaviour,2026-01,40.283199999999994
E02000492,Burglary,2026-01,40.8193
E02000492,Criminal damage and arson,2026-01,41.8626
E02000492,Disruptive crimes,2026-01,44.214600000000004
E02000492,Property theft,2026-01,45.30680000000001
E02000492,Vehicle crime,2026-01,53.11150000000001
E02000492,Violence,2026-01,63.5544
E02000492,Anti-social behaviour,2026-02,71.99820000000001
E02000492,Burglary,2026-02,72.56240000000001
E02000492,Criminal damage and arson,2026-02,73.55320000000002
E02000492,Disruptive crimes,2026-02,75.7776
E02000492,Property theft,2026-02,76.84740000000001
E02000492,Vehicle crime,2026-02,84.34430000000002
E02000492,Violence,2026-02,94.10700000000003
E02000493,Anti-social behaviour,2025-12,9.3087
E02000493,Burglary,2025-12,10.340100000000001
E02000493,Criminal damage and arson,2025-12,12.026700000000002
E02000493,Disruptive crimes,2025-12,16.680400000000002
E02000493,Property theft,2025-12,31.955000000000005
E02000493,Vehicle crime,2025-12,37.202900000000014
E02000493,Violence,2025-12,54.61590000000001
E02000493,Anti-social behaviour,2026-01,64.70570000000001
E02000493,Burglary,2026-01,65.7295
E02000493,Criminal damage and arson,2026-01,67.44139999999999
E02000493,Disruptive crimes,2026-01,72.2165
E02000493,Property theft,2026-01,87.8903
E02000493,Vehicle crime,2026-01,93.11619999999999
E02000493,Violence,2026-01,110.6822
E02000493,Anti-social behaviour,2026-02,120.1985
E02000493,Burglary,2026-02,121.22129999999999
E02000493,Criminal damage and arson,2026-02,122.85079999999998
E02000493,Disruptive crimes,2026-02,127.33519999999997
E02000493,Property theft,2026-02,142.4337
E02000493,Vehicle crime,2026-02,147.36409999999998
E02000493,Violence,2026-02,164.2397
E02000494,Anti-social behaviour,2025-12,1.8216999999999999
E02000494,Burglary,2025-12,2.3598
E02000494,Criminal damage and arson,2025-12,2.5584000000000002
E02000494,Disruptive crimes,2025-12,3.5075000000000003
E02000494,Property theft,2025-12,4.532300000000001
E02000494,Vehicle crime,2025-12,6.756700000000002
E02000494,Violence,2025-12,13.631100000000002
E02000494,Anti-social behaviour,2026-01,15.700800000000003
E02000494,Burglary,2026-01,16.266700000000004
E02000494,Criminal damage and arson,2026-01,16.520400000000002
E02000494,Disruptive crimes,2026-01,17.519000000000002
E02000494,Property theft,2026-01,18.5499
E02000494,Vehicle crime,2026-01,20.807499999999997
E02000494,Violence,2026-01,27.743599999999997
E02000494,Anti-social behaviour,2026-02,29.907699999999995
E02000494,Burglary,2026-02,30.520199999999992
E02000494,Criminal damage and arson,2026-02,30.78439999999999
E02000494,Disruptive crimes,2026-02,31.71189999999999
E02000494,Property theft,2026-02,32.6945
E02000494,Vehicle crime,2026-02,34.840900000000005
E02000494,Violence,2026-02,41.4167
E02000495,Anti-social behaviour,2025-12,9.911700000000002
E02000495,Burglary,2025-12,12.574100000000001
E02000495,Criminal damage and arson,2025-12,12.844300000000002
E02000495,Disruptive crimes,2025-12,16.658
E02000495,Property theft,2025-12,35.657900000000005
E02000495,Vehicle crime,2025-12,40.6345
E02000495,Violence,2025-12,55.583400000000005
E02000495,Anti-social behaviour,2026-01,67.1695
E02000495,Burglary,2026-01,69.8456
E02000495,Criminal damage and arson,2026-01,70.1336
E02000495,Disruptive crimes,2026-01,74.09679999999999
E02000495,Property theft,2026-01,93.83469999999998
E02000495,Vehicle crime,2026-01,98.74029999999999
E02000495,Violence,2026-01,113.9353
E02000495,Anti-social behaviour,2026-02,125.0057
E02000495,Burglary,2026-02,127.6708
E02000495,Criminal damage and arson,2026-02,127.983
E02000495,Disruptive crimes,2026-02,131.60850000000002
E02000495,Property theft,2026-02,150.06510000000003
E02000495,Vehicle crime,2026-02,154.791
E02000495,Violence,2026-02,169.1899
E02000496,Anti-social behaviour,2025-12,6.7888
E02000496,Burglary,2025-12,6.920600000000001
E02000496,Criminal damage and arson,2025-12,8.854100000000003
E02000496,Disruptive crimes,2025-12,11.0393
E02000496,Property theft,2025-12,12.8256
E02000496,Vehicle crime,2025-12,15.2875
E02000496,Violence,2025-12,28.221899999999998
E02000496,Anti-social behaviour,2026-01,36.0278
E02000496,Burglary,2026-01,36.1526
E02000496,Criminal damage and arson,2026-01,38.1014
E02000496,Disruptive crimes,2026-01,40.4916
E02000496,Property theft,2026-01,42.292100000000005
E02000496,Vehicle crime,2026-01,44.76310000000001
E02000496,Violence,2026-01,57.73540000000001
E02000496,Anti-social behaviour,2026-02,65.0441
E02000496,Burglary,2026-02,65.18740000000001
E02000496,Criminal damage and arson,2026-02,67.0828
E02000496,Disruptive crimes,2026-02,69.32090000000001
E02000496,Property theft,2026-02,71.0079
E02000496,Vehicle crime,2026-02,73.49530000000001
E02000496,Violence,2026-02,85.81080000000001
E02000497,Anti-social behaviour,2025-12,4.9741
E02000497,Burglary,2025-12,5.579
E02000497,Criminal damage and arson,2025-12,6.6002
E02000497,Disruptive crimes,2025-12,8.562999999999999
E02000497,Property theft,2025-12,11.238199999999999
E02000497,Vehicle crime,2025-12,15.7774
E02000497,Violence,2025-12,29.099699999999995
E02000497,Anti-social behaviour,2026-01,35.31779999999999
E02000497,Burglary,2026-01,35.88219999999999
E02000497,Criminal damage and arson,2026-01,36.91819999999999
E02000497,Disruptive crimes,2026-01,38.97109999999999
E02000497,Property theft,2026-01,41.7389
E02000497,Vehicle crime,2026-01,46.2528
E02000497,Violence,2026-01,59.84
E02000497,Anti-social behaviour,2026-02,65.88750000000002
E02000497,Burglary,2026-02,66.50150000000001
E02000497,Criminal damage and arson,2026-02,67.50350000000002
E02000497,Disruptive crimes,2026-02,69.41240000000002
E02000497,Property theft,2026-02,71.96870000000003
E02000497,Vehicle crime,2026-02,76.36040000000004
E02000497,Violence,2026-02,89.22300000000004
E02000498,Anti-social behaviour,2025-12,3.0534999999999997
E02000498,Burglary,2025-12,3.0616000000000003
E02000498,Criminal damage and arson,2025-12,3.2322000000000006
E02000498,Disruptive crimes,2025-12,4.3647
E02000498,Property theft,2025-12,7.4351
E02000498,Vehicle crime,2025-12,9.200299999999999
E02000498,Violence,2025-12,16.189799999999998
E02000498,Anti-social behaviour,2026-01,19.6118
E02000498,Burglary,2026-01,19.6205
E02000498,Criminal damage and arson,2026-01,19.792499999999997
E02000498,Disruptive crimes,2026-01,20.988
E02000498,Property theft,2026-01,24.0754
E02000498,Vehicle crime,2026-01,25.8955
E02000498,Violence,2026-01,32.989399999999996
E02000498,Anti-social behaviour,2026-02,36.081399999999995
E02000498,Burglary,2026-02,36.0894
E02000498,Criminal damage and arson,2026-02,36.267
E02000498,Disruptive crimes,2026-02,37.3861
E02000498,Property theft,2026-02,40.267399999999995
E02000498,Vehicle crime,2026-02,42.01549999999999
E02000498,Violence,2026-02,48.638899999999985
E02000499,Anti-social behaviour,2025-12,5.712300000000001
E02000499,Burglary,2025-12,6.0992000000000015
E02000499,Criminal damage and arson,2025-12,6.936800000000002
E02000499,Disruptive crimes,2025-12,7.976400000000002
E02000499,Property theft,2025-12,15.903500000000001
E02000499,Vehicle crime,2025-12,17.029199999999996
E02000499,Violence,2025-12,22.976899999999993
E02000499,Anti-social behaviour,2026-01,29.119599999999995
E02000499,Burglary,2026-01,29.528199999999995
E02000499,Criminal damage and arson,2026-01,30.421999999999993
E02000499,Disruptive crimes,2026-01,31.470399999999994
E02000499,Property theft,2026-01,39.637499999999996
E02000499,Vehicle crime,2026-01,40.7819
E02000499,Violence,2026-01,46.9163
E02000499,Anti-social behaviour,2026-02,52.8625
E02000499,Burglary,2026-02,53.306099999999994
E02000499,Criminal damage and arson,2026-02,54.134
E02000499,Disruptive crimes,2026-02,55.11
E02000499,Property theft,2026-02,62.7916
E02000499,Vehicle crime,2026-02,63.8781
E02000499,Violence,2026-02,69.73330000000001
E02000500,Anti-social behaviour,2025-12,9.2198
E02000500,Burglary,2025-12,10.120599999999998
E02000500,Criminal damage and arson,2025-12,11.893099999999997
E02000500,Disruptive crimes,2025-12,14.280399999999997
E02000500,Property theft,2025-12,22.573299999999996
E02000500,Vehicle crime,2025-12,25.884899999999995
E02000500,Violence,2025-12,35.657399999999996
E02000500,Anti-social behaviour,2026-01,46.17819999999999
E02000500,Burglary,2026-01,47.090499999999984
E02000500,Criminal damage and arson,2026-01,48.84729999999999
E02000500,Disruptive crimes,2026-01,51.18419999999998
E02000500,Property theft,2026-01,59.59849999999999
E02000500,Vehicle crime,2026-01,62.88869999999999
E02000500,Violence,2026-01,72.90729999999998
E02000500,Anti-social behaviour,2026-02,82.83589999999998
E02000500,Burglary,2026-02,83.76849999999997
E02000500,Criminal damage and arson,2026-02,85.50089999999999
E02000500,Disruptive crimes,2026-02,87.7263
E02000500,Property theft,2026-02,95.2479
E02000500,Vehicle crime,2026-02,98.4063
E02000500,Violence,2026-02,107.9812
E02000501,Anti-social behaviour,2025-12,1.2268
E02000501,Burglary,2025-12,1.5251
E02000501,Criminal damage and arson,2025-12,2.1978
E02000501,Disruptive crimes,2025-12,2.4704999999999995
E02000501,Property theft,2025-12,4.290799999999999
E02000501,Vehicle crime,2025-12,6.241599999999998
E02000501,Violence,2025-12,13.5625
E02000501,Anti-social behaviour,2026-01,15.2862
E02000501,Burglary,2026-01,15.6147
E02000501,Criminal damage and arson,2026-01,16.318800000000003
E02000501,Disruptive crimes,2026-01,16.5497
E02000501,Property theft,2026-01,18.4041
E02000501,Vehicle crime,2026-01,20.35
E02000501,Violence,2026-01,27.7263
E02000501,Anti-social behaviour,2026-02,29.4716
E02000501,Burglary,2026-02,29.8039
E02000501,Criminal damage and arson,2026-02,30.448999999999998
E02000501,Disruptive crimes,2026-02,30.689899999999994
E02000501,Property theft,2026-02,32.4349
E02000501,Vehicle crime,2026-02,34.295199999999994
E02000501,Violence,2026-02,41.248499999999986
E02000502,Anti-social behaviour,2025-12,3.9708
E02000502,Burglary,2025-12,4.025
E02000502,Criminal damage and arson,2025-12,4.5054
E02000502,Disruptive crimes,2025-12,6.2616
E02000502,Property theft,2025-12,8.395999999999999
E02000502,Vehicle crime,2025-12,10.399699999999998
E02000502,Violence,2025-12,18.123599999999996
E02000502,Anti-social behaviour,2026-01,22.727499999999992
E02000502,Burglary,2026-01,22.779099999999993
E02000502,Criminal damage and arson,2026-01,23.334999999999994
E02000502,Disruptive crimes,2026-01,25.182599999999994
E02000502,Property theft,2026-01,27.259999999999994
E02000502,Vehicle crime,2026-01,29.184199999999993
E02000502,Violence,2026-01,36.93779999999999
E02000502,Anti-social behaviour,2026-02,41.443299999999994
E02000502,Burglary,2026-02,41.504400000000004
E02000502,Criminal damage and arson,2026-02,42.01930000000001
E02000502,Disruptive crimes,2026-02,43.71550000000001
E02000502,Property theft,2026-02,45.64550000000001
E02000502,Vehicle crime,2026-02,47.57500000000001
E02000502,Violence,2026-02,54.88550000000001
E02000503,Anti-social behaviour,2025-12,3.1643
E02000503,Burglary,2025-12,3.1838
E02000503,Criminal damage and arson,2025-12,3.421900000000001
E02000503,Disruptive crimes,2025-12,4.351200000000001
E02000503,Property theft,2025-12,6.330800000000002
E02000503,Vehicle crime,2025-12,9.959500000000002
E02000503,Violence,2025-12,16.6326
E02000503,Anti-social behaviour,2026-01,20.3592
E02000503,Burglary,2026-01,20.3761
E02000503,Criminal damage and arson,2026-01,20.6514
E02000503,Disruptive crimes,2026-01,21.6555
E02000503,Property theft,2026-01,23.603
E02000503,Vehicle crime,2026-01,27.190900000000003
E02000503,Violence,2026-01,33.8305
E02000503,Anti-social behaviour,2026-02,37.293699999999994
E02000503,Burglary,2026-02,37.311600000000006
E02000503,Criminal damage and arson,2026-02,37.55530000000001
E02000503,Disruptive crimes,2026-02,38.47200000000001
E02000503,Property theft,2026-02,40.37810000000001
E02000503,Vehicle crime,2026-02,43.80980000000002
E02000503,Violence,2026-02,50.18020000000002
E02000504,Anti-social behaviour,2025-12,1.5743
E02000504,Burglary,2025-12,1.577
E02000504,Criminal damage and arson,2025-12,1.5785
E02000504,Disruptive crimes,2025-12,1.5826
E02000504,Property theft,2025-12,2.8187
E02000504,Vehicle crime,2025-12,3.0150000000000006
E02000504,Violence,2025-12,6.1049
E02000504,Anti-social behaviour,2026-01,8.250100000000002
E02000504,Burglary,2026-01,8.252700000000003
E02000504,Criminal damage and arson,2026-01,8.254900000000003
E02000504,Disruptive crimes,2026-01,8.260800000000003
E02000504,Property theft,2026-01,9.409900000000004
E02000504,Vehicle crime,2026-01,9.613600000000005
E02000504,Violence,2026-01,12.725300000000006
E02000504,Anti-social behaviour,2026-02,14.990200000000007
E02000504,Burglary,2026-02,14.993500000000008
E02000504,Criminal damage and arson,2026-02,14.995800000000008
E02000504,Disruptive crimes,2026-02,15.002000000000008
E02000504,Property theft,2026-02,16.088500000000007
E02000504,Vehicle crime,2026-02,16.272000000000006
E02000504,Violence,2026-02,19.290300000000006
E02000506,Anti-social behaviour,2025-12,6.3385
E02000506,Burglary,2025-12,6.374200000000001
E02000506,Criminal damage and arson,2025-12,7.738900000000002
E02000506,Disruptive crimes,2025-12,9.4627
E02000506,Property theft,2025-12,12.718600000000002
E02000506,Vehicle crime,2025-12,15.062600000000002
E02000506,Violence,2025-12,23.656200000000002
E02000506,Anti-social behaviour,2026-01,31.312100000000008
E02000506,Burglary,2026-01,31.345200000000006
E02000506,Criminal damage and arson,2026-01,32.842200000000005
E02000506,Disruptive crimes,2026-01,34.626400000000004
E02000506,Property theft,2026-01,37.892100000000006
E02000506,Vehicle crime,2026-01,40.19990000000001
E02000506,Violence,2026-01,48.90950000000001
E02000506,Anti-social behaviour,2026-02,56.27100000000001
E02000506,Burglary,2026-02,56.30980000000001
E02000506,Criminal damage and arson,2026-02,57.74450000000001
E02000506,Disruptive crimes,2026-02,59.40540000000001
E02000506,Property theft,2026-02,62.47670000000001
E02000506,Vehicle crime,2026-02,64.67690000000002
E02000506,Violence,2026-02,72.96310000000003
E02000507,Anti-social behaviour,2025-12,4.48
E02000507,Burglary,2025-12,4.4849000000000006
E02000507,Criminal damage and arson,2025-12,5.2995
E02000507,Disruptive crimes,2025-12,8.5433
E02000507,Property theft,2025-12,10.089200000000002
E02000507,Vehicle crime,2025-12,11.837500000000002
E02000507,Violence,2025-12,22.976000000000003
E02000507,Anti-social behaviour,2026-01,28.2076
E02000507,Burglary,2026-01,28.2122
E02000507,Criminal damage and arson,2026-01,29.0723
E02000507,Disruptive crimes,2026-01,32.4801
E02000507,Property theft,2026-01,34.06249999999999
E02000507,Vehicle crime,2026-01,35.80129999999999
E02000507,Violence,2026-01,47.01039999999999
E02000507,Anti-social behaviour,2026-02,51.84169999999999
E02000507,Burglary,2026-02,51.84719999999999
E02000507,Criminal damage and arson,2026-02,52.66059999999999
E02000507,Disruptive crimes,2026-02,55.761999999999986
E02000507,Property theft,2026-02,57.295699999999975
E02000507,Vehicle crime,2026-02,58.93659999999997
E02000507,Violence,2026-02,69.50959999999996
E02000508,Anti-social behaviour,2025-12,44.8855
E02000508,Burglary,2025-12,47.0586
E02000508,Criminal damage and arson,2025-12,55.4584
E02000508,Disruptive crimes,2025-12,68.05739999999999
E02000508,Property theft,2025-12,93.50989999999997
E02000508,Vehicle crime,2025-12,98.86599999999997
E02000508,Violence,2025-12,142.83059999999998
E02000508,Anti-social behaviour,2026-01,189.70749999999995
E02000508,Burglary,2026-01,192.15639999999993
E02000508,Criminal damage and arson,2026-01,200.98069999999996
E02000508,Disruptive crimes,2026-01,213.80369999999996
E02000508,Property theft,2026-01,239.63199999999992
E02000508,Vehicle crime,2026-01,245.3289999999999
E02000508,Violence,2026-01,290.35899999999987
E02000508,Anti-social behaviour,2026-02,335.6779999999999
E02000508,Burglary,2026-02,338.3825999999999
E02000508,Criminal damage and arson,2026-02,347.64539999999994
E02000508,Disruptive crimes,2026-02,360.3838999999999
E02000508,Property theft,2026-02,386.0137
E02000508,Vehicle crime,2026-02,392.04049999999995
E02000508,Violence,2026-02,436.4908
E02000509,Anti-social behaviour,2025-12,23.8126
E02000509,Burglary,2025-12,26.708199999999998
E02000509,Criminal damage and arson,2025-12,33.6689
E02000509,Disruptive crimes,2025-12,51.3776
E02000509,Property theft,2025-12,90.6016
E02000509,Vehicle crime,2025-12,97.68199999999999
E02000509,Violence,2025-12,141.81889999999999
E02000509,Anti-social behaviour,2026-01,167.1396
E02000509,Burglary,2026-01,169.90779999999998
E02000509,Criminal damage and arson,2026-01,176.95239999999998
E02000509,Disruptive crimes,2026-01,194.91209999999998
E02000509,Property theft,2026-01,234.2344
E02000509,Vehicle crime,2026-01,241.287
E02000509,Violence,2026-01,285.78310000000005
E02000509,Anti-social behaviour,2026-02,309.0484
E02000509,Burglary,2026-02,311.67889999999994
E02000509,Criminal damage and arson,2026-02,318.2782999999999
E02000509,Disruptive crimes,2026-02,335.0002999999999
E02000509,Property theft,2026-02,371.4444999999999
E02000509,Vehicle crime,2026-02,378.08389999999986
E02000509,Violence,2026-02,420.9588999999999
E02000510,Anti-social behaviour,2025-12,6.767200000000001
E02000510,Burglary,2025-12,7.916400000000001
E02000510,Criminal damage and arson,2025-12,12.0679
E02000510,Disruptive crimes,2025-12,20.6637
E02000510,Property theft,2025-12,30.560199999999995
E02000510,Vehicle crime,2025-12,36.562999999999995
E02000510,Violence,2025-12,74.7346
E02000510,Anti-social behaviour,2026-01,82.85469999999998
E02000510,Burglary,2026-01,84.0945
E02000510,Criminal damage and arson,2026-01,88.22619999999999
E02000510,Disruptive crimes,2026-01,97.01279999999998
E02000510,Property theft,2026-01,107.17159999999998
E02000510,Vehicle crime,2026-01,113.15409999999999
E02000510,Violence,2026-01,151.18929999999997
E02000510,Anti-social behaviour,2026-02,158.45119999999997
E02000510,Burglary,2026-02,159.74069999999998
E02000510,Criminal damage and arson,2026-02,163.65689999999998
E02000510,Disruptive crimes,2026-02,171.85999999999996
E02000510,Property theft,2026-02,181.11929999999995
E02000510,Vehicle crime,2026-02,186.78769999999997
E02000510,Violence,2026-02,222.17769999999996
E02000511,Anti-social behaviour,2025-12,5.6697999999999995
E02000511,Burglary,2025-12,6.3163
E02000511,Criminal damage and arson,2025-12,7.7299999999999995
E02000511,Disruptive crimes,2025-12,10.5563
E02000511,Property theft,2025-12,13.3373
E02000511,Vehicle crime,2025-12,17.7789
E02000511,Violence,2025-12,31.655600000000003
E02000511,Anti-social behaviour,2026-01,38.266200000000005
E02000511,Burglary,2026-01,38.9519
E02000511,Criminal damage and arson,2026-01,40.4307
E02000511,Disruptive crimes,2026-01,43.3765
E02000511,Property theft,2026-01,46.13119999999999
E02000511,Vehicle crime,2026-01,50.55779999999999
E02000511,Violence,2026-01,64.70209999999999
E02000511,Anti-social behaviour,2026-02,70.7957
E02000511,Burglary,2026-02,71.51620000000001
E02000511,Criminal damage and arson,2026-02,72.86360000000002
E02000511,Disruptive crimes,2026-02,75.59930000000003
E02000511,Property theft,2026-02,78.21410000000004
E02000511,Vehicle crime,2026-02,82.38060000000003
E02000511,Violence,2026-02,95.85500000000003
E02000512,Anti-social behaviour,2025-12,5.9992
E02000512,Burglary,2025-12,6.3768
E02000512,Criminal damage and arson,2025-12,8.0495
E02000512,Disruptive crimes,2025-12,12.241000000000001
E02000512,Property theft,2025-12,15.433000000000002
E02000512,Vehicle crime,2025-12,19.064700000000002
E02000512,Violence,2025-12,35.3714
E02000512,Anti-social behaviour,2026-01,42.2103
E02000512,Burglary,2026-01,42.6077
E02000512,Criminal damage and arson,2026-01,44.3273
E02000512,Disruptive crimes,2026-01,48.665000000000006
E02000512,Property theft,2026-01,51.74200000000001
E02000512,Vehicle crime,2026-01,55.311200000000014
E02000512,Violence,2026-01,71.9744
E02000512,Anti-social behaviour,2026-02,78.15030000000002
E02000512,Burglary,2026-02,78.59540000000001
E02000512,Criminal damage and arson,2026-02,80.1575
E02000512,Disruptive crimes,2026-02,84.11919999999999
E02000512,Property theft,2026-02,86.96000000000001
E02000512,Vehicle crime,2026-02,90.3073
E02000512,Violence,2026-02,106.11269999999999
E02000513,Anti-social behaviour,2025-12,12.412400000000002
E02000513,Burglary,2025-12,14.346400000000001
E02000513,Criminal damage and arson,2025-12,18.619799999999998
E02000513,Disruptive crimes,2025-12,26.783199999999997
E02000513,Property theft,2025-12,34.3616
E02000513,Vehicle crime,2025-12,42.6362
E02000513,Violence,2025-12,66.1045
E02000513,Anti-social behaviour,2026-01,80.3571
E02000513,Burglary,2026-01,82.35119999999999
E02000513,Criminal damage and arson,2026-01,86.74029999999998
E02000513,Disruptive crimes,2026-01,95.05899999999998
E02000513,Property theft,2026-01,102.82639999999999
E02000513,Vehicle crime,2026-01,110.88089999999998
E02000513,Violence,2026-01,134.86879999999996
E02000513,Anti-social behaviour,2026-02,147.61479999999995
E02000513,Burglary,2026-02,149.65999999999994
E02000513,Criminal damage and arson,2026-02,153.81899999999993
E02000513,Disruptive crimes,2026-02,161.56709999999993
E02000513,Property theft,2026-02,168.3318999999999
E02000513,Vehicle crime,2026-02,176.01799999999992
E02000513,Violence,2026-02,198.8006999999999
E02000514,Anti-social behaviour,2025-12,8.3345
E02000514,Burglary,2025-12,9.416
E02000514,Criminal damage and arson,2025-12,10.401600000000002
E02000514,Disruptive crimes,2025-12,14.780300000000002
E02000514,Property theft,2025-12,22.4172
E02000514,Vehicle crime,2025-12,29.8379
E02000514,Violence,2025-12,50.5787
E02000514,Anti-social behaviour,2026-01,59.9476
E02000514,Burglary,2026-01,61.01050000000001
E02000514,Criminal damage and arson,2026-01,62.0069
E02000514,Disruptive crimes,2026-01,66.58379999999998
E02000514,Property theft,2026-01,74.4464
E02000514,Vehicle crime,2026-01,81.80579999999999
E02000514,Violence,2026-01,102.757
E02000514,Anti-social behaviour,2026-02,111.5002
E02000514,Burglary,2026-02,112.52920000000002
E02000514,Criminal damage and arson,2026-02,113.50150000000004
E02000514,Disruptive crimes,2026-02,117.77410000000005
E02000514,Property theft,2026-02,125.16420000000006
E02000514,Vehicle crime,2026-02,132.13500000000008
E02000514,Violence,2026-02,152.11950000000007
E02000515,Anti-social behaviour,2025-12,35.2687
E02000515,Burglary,2025-12,37.8191
E02000515,Criminal damage and arson,2025-12,45.932100000000005
E02000515,Disruptive crimes,2025-12,61.13070000000001
E02000515,Property theft,2025-12,89.64220000000002
E02000515,Vehicle crime,2025-12,99.71610000000003
E02000515,Violence,2025-12,142.16910000000001
E02000515,Anti-social behaviour,2026-01,179.6898
E02000515,Burglary,2026-01,182.46099999999998
E02000515,Criminal damage and arson,2026-01,190.97629999999998
E02000515,Disruptive crimes,2026-01,206.59759999999997
E02000515,Property theft,2026-01,235.4211999999999
E02000515,Vehicle crime,2026-01,245.72349999999994
E02000515,Violence,2026-01,288.8633999999999
E02000515,Anti-social behaviour,2026-02,325.1338999999999
E02000515,Burglary,2026-02,328.037
E02000515,Criminal damage and arson,2026-02,336.50139999999993
E02000515,Disruptive crimes,2026-02,351.43539999999996
E02000515,Property theft,2026-02,379.46419999999995
E02000515,Vehicle crime,2026-02,389.4331999999999
E02000515,Violence,2026-02,431.47859999999986
E02000516,Anti-social behaviour,2025-12,8.9899
E02000516,Burglary,2025-12,9.5783
E02000516,Criminal damage and arson,2025-12,11.444700000000001
E02000516,Disruptive crimes,2025-12,16.1809
E02000516,Property theft,2025-12,22.4891
E02000516,Vehicle crime,2025-12,27.9908
E02000516,Violence,2025-12,46.2977
E02000516,Anti-social behaviour,2026-01,56.5258
E02000516,Burglary,2026-01,57.154999999999994
E02000516,Criminal damage and arson,2026-01,59.008199999999995
E02000516,Disruptive crimes,2026-01,63.990500000000004
E02000516,Property theft,2026-01,70.34840000000001
E02000516,Vehicle crime,2026-01,75.69070000000002
E02000516,Violence,2026-01,94.29970000000003
E02000516,Anti-social behaviour,2026-02,103.66230000000004
E02000516,Burglary,2026-02,104.20740000000005
E02000516,Criminal damage and arson,2026-02,105.96170000000005
E02000516,Disruptive crimes,2026-02,110.55180000000006
E02000516,Property theft,2026-02,116.27080000000007
E02000516,Vehicle crime,2026-02,121.43740000000005
E02000516,Violence,2026-02,139.10070000000005
E02000517,Anti-social behaviour,2025-12,13.0127
E02000517,Burglary,2025-12,13.9616
E02000517,Criminal damage and arson,2025-12,17.4045
E02000517,Disruptive crimes,2025-12,21.697199999999995
E02000517,Property theft,2025-12,25.100799999999996
E02000517,Vehicle crime,2025-12,31.313799999999993
E02000517,Violence,2025-12,53.73169999999999
E02000517,Anti-social behaviour,2026-01,67.78829999999999
E02000517,Burglary,2026-01,68.75769999999999
E02000517,Criminal damage and arson,2026-01,72.29229999999998
E02000517,Disruptive crimes,2026-01,76.74399999999999
E02000517,Property theft,2026-01,80.2207
E02000517,Vehicle crime,2026-01,86.36309999999999
E02000517,Violence,2026-01,109.23399999999998
E02000517,Anti-social behaviour,2026-02,122.15839999999999
E02000517,Burglary,2026-02,123.15889999999999
E02000517,Criminal damage and arson,2026-02,126.40779999999998
E02000517,Disruptive crimes,2026-02,130.4653
E02000517,Property theft,2026-02,133.7692
E02000517,Vehicle crime,2026-02,139.5952
E02000517,Violence,2026-02,161.38080000000002
E02000518,Anti-social behaviour,2025-12,7.9822999999999995
E02000518,Burglary,2025-12,8.168800000000001
E02000518,Criminal damage and arson,2025-12,11.981500000000002
E02000518,Disruptive crimes,2025-12,18.683100000000003
E02000518,Property theft,2025-12,22.2825
E02000518,Vehicle crime,2025-12,27.711
E02000518,Violence,2025-12,46.2466
E02000518,Anti-social behaviour,2026-01,55.131
E02000518,Burglary,2026-01,55.3241
E02000518,Criminal damage and arson,2026-01,59.079299999999996
E02000518,Disruptive crimes,2026-01,65.9952
E02000518,Property theft,2026-01,69.66949999999999
E02000518,Vehicle crime,2026-01,75.03729999999997
E02000518,Violence,2026-01,93.84809999999997
E02000518,Anti-social behaviour,2026-02,101.93789999999997
E02000518,Burglary,2026-02,102.13529999999997
E02000518,Criminal damage and arson,2026-02,105.81669999999998
E02000518,Disruptive crimes,2026-02,112.2113
E02000518,Property theft,2026-02,115.7366
E02000518,Vehicle crime,2026-02,120.9058
E02000518,Violence,2026-02,138.6772
E02000519,Anti-social behaviour,2025-12,17.810100000000002
E02000519,Burglary,2025-12,19.0795
E02000519,Criminal damage and arson,2025-12,23.5257
E02000519,Disruptive crimes,2025-12,34.9546
E02000519,Property theft,2025-12,69.9637
E02000519,Vehicle crime,2025-12,82.43719999999999
E02000519,Violence,2025-12,115.5147
E02000519,Anti-social behaviour,2026-01,135.06560000000002
E02000519,Burglary,2026-01,136.3386
E02000519,Criminal damage and arson,2026-01,140.7313
E02000519,Disruptive crimes,2026-01,152.31550000000001
E02000519,Property theft,2026-01,187.3317
E02000519,Vehicle crime,2026-01,199.69640000000004
E02000519,Violence,2026-01,233.13590000000002
E02000519,Anti-social behaviour,2026-02,251.0891
E02000519,Burglary,2026-02,252.43009999999998
E02000519,Criminal damage and arson,2026-02,256.6006
E02000519,Disruptive crimes,2026-02,267.42269999999996
E02000519,Property theft,2026-02,300.61259999999993
E02000519,Vehicle crime,2026-02,312.3316
E02000519,Violence,2026-02,344.3622
E02000520,Anti-social behaviour,2025-12,34.0174
E02000520,Burglary,2025-12,38.6375
E02000520,Criminal damage and arson,2025-12,45.1046
E02000520,Disruptive crimes,2025-12,62.718300000000006
E02000520,Property theft,2025-12,97.45
E02000520,Vehicle crime,2025-12,110.28300000000002
E02000520,Violence,2025-12,166.66140000000001
E02000520,Anti-social behaviour,2026-01,204.92090000000002
E02000520,Burglary,2026-01,209.59990000000005
E02000520,Criminal damage and arson,2026-01,216.11640000000003
E02000520,Disruptive crimes,2026-01,234.06740000000002
E02000520,Property theft,2026-01,268.60940000000005
E02000520,Vehicle crime,2026-01,281.928
E02000520,Violence,2026-01,339.2708
E02000520,Anti-social behaviour,2026-02,375.18350000000004
E02000520,Burglary,2026-02,379.81649999999996
E02000520,Criminal damage and arson,2026-02,386.13429999999994
E02000520,Disruptive crimes,2026-02,403.66069999999996
E02000520,Property theft,2026-02,436.14609999999993
E02000520,Vehicle crime,2026-02,449.3455999999999
E02000520,Violence,2026-02,505.29339999999974
E02000521,Anti-social behaviour,2025-12,15.8372
E02000521,Burglary,2025-12,17.8641
E02000521,Criminal damage and arson,2025-12,22.945
E02000521,Disruptive crimes,2025-12,30.522899999999996
E02000521,Property theft,2025-12,39.243199999999995
E02000521,Vehicle crime,2025-12,46.651900000000005
E02000521,Violence,2025-12,70.72500000000001
E02000521,Anti-social behaviour,2026-01,88.65100000000001
E02000521,Burglary,2026-01,90.7366
E02000521,Criminal damage and arson,2026-01,95.7608
E02000521,Disruptive crimes,2026-01,103.4529
E02000521,Property theft,2026-01,112.3647
E02000521,Vehicle crime,2026-01,119.58100000000002
E02000521,Violence,2026-01,144.2606
E02000521,Anti-social behaviour,2026-02,160.33980000000003
E02000521,Burglary,2026-02,162.47540000000004
E02000521,Criminal damage and arson,2026-02,167.23380000000006
E02000521,Disruptive crimes,2026-02,174.3454
E02000521,Property theft,2026-02,182.7835
E02000521,Vehicle crime,2026-02,189.6218
E02000521,Violence,2026-02,213.0984
E02000522,Anti-social behaviour,2025-12,14.1452
E02000522,Burglary,2025-12,15.4141
E02000522,Criminal damage and arson,2025-12,19.748299999999997
E02000522,Disruptive crimes,2025-12,25.694299999999995
E02000522,Property theft,2025-12,32.061299999999996
E02000522,Vehicle crime,2025-12,38.3884
E02000522,Violence,2025-12,60.9267
E02000522,Anti-social behaviour,2026-01,76.79039999999999
E02000522,Burglary,2026-01,78.05109999999998
E02000522,Criminal damage and arson,2026-01,82.33919999999998
E02000522,Disruptive crimes,2026-01,88.45129999999999
E02000522,Property theft,2026-01,94.87129999999999
E02000522,Vehicle crime,2026-01,101.1005
E02000522,Violence,2026-01,124.001
E02000522,Anti-social behaviour,2026-02,138.51860000000002
E02000522,Burglary,2026-02,139.8056
E02000522,Criminal damage and arson,2026-02,143.90380000000002
E02000522,Disruptive crimes,2026-02,149.51810000000003
E02000522,Property theft,2026-02,155.61180000000002
E02000522,Vehicle crime,2026-02,161.5449
E02000522,Violence,2026-02,183.22640000000004
E02000523,Anti-social behaviour,2025-12,24.4218
E02000523,Burglary,2025-12,27.9177
E02000523,Criminal damage and arson,2025-12,31.061799999999995
E02000523,Disruptive crimes,2025-12,44.352999999999994
E02000523,Property theft,2025-12,66.75079999999998
E02000523,Vehicle crime,2025-12,76.89259999999999
E02000523,Violence,2025-12,114.15479999999998
E02000523,Anti-social behaviour,2026-01,140.59509999999997
E02000523,Burglary,2026-01,144.3097
E02000523,Criminal damage and arson,2026-01,147.47889999999995
E02000523,Disruptive crimes,2026-01,161.29389999999995
E02000523,Property theft,2026-01,184.12539999999993
E02000523,Vehicle crime,2026-01,194.24829999999994
E02000523,Violence,2026-01,231.97139999999996
E02000523,Anti-social behaviour,2026-02,257.68729999999994
E02000523,Burglary,2026-02,261.47399999999993
E02000523,Criminal damage and arson,2026-02,264.56589999999994
E02000523,Disruptive crimes,2026-02,278.1848999999999
E02000523,Property theft,2026-02,300.5337999999999
E02000523,Vehicle crime,2026-02,310.0350999999999
E02000523,Violence,2026-02,346.8087999999999
E02000524,Anti-social behaviour,2025-12,105.0077
E02000524,Burglary,2025-12,107.9091
E02000524,Criminal damage and arson,2025-12,120.4988
E02000524,Disruptive crimes,2025-12,160.1239
E02000524,Property theft,2025-12,284.50600000000003
E02000524,Vehicle crime,2025-12,311.30510000000004
E02000524,Violence,2025-12,392.4492000000001
E02000524,Anti-social behaviour,2026-01,498.84830000000005
E02000524,Burglary,2026-01,501.70590000000004
E02000524,Criminal damage and arson,2026-01,514.5474
E02000524,Disruptive crimes,2026-01,554.5601
E02000524,Property theft,2026-01,677.5571000000001
E02000524,Vehicle crime,2026-01,704.4918
E02000524,Violence,2026-01,787.6373000000001
E02000524,Anti-social behaviour,2026-02,888.2923000000001
E02000524,Burglary,2026-02,891.1015000000001
E02000524,Criminal damage and arson,2026-02,903.1163000000001
E02000524,Disruptive crimes,2026-02,941.1413000000001
E02000524,Property theft,2026-02,1057.0727
E02000524,Vehicle crime,2026-02,1081.8635
E02000524,Violence,2026-02,1163.3768
E02000525,Anti-social behaviour,2025-12,13.445
E02000525,Burglary,2025-12,16.0853
E02000525,Criminal damage and arson,2025-12,20.006100000000004
E02000525,Disruptive crimes,2025-12,26.536600000000004
E02000525,Property theft,2025-12,33.0002
E02000525,Vehicle crime,2025-12,45.3616
E02000525,Violence,2025-12,70.5501
E02000525,Anti-social behaviour,2026-01,85.883
E02000525,Burglary,2026-01,88.5339
E02000525,Criminal damage and arson,2026-01,92.49130000000001
E02000525,Disruptive crimes,2026-01,99.04680000000002
E02000525,Property theft,2026-01,105.50290000000001
E02000525,Vehicle crime,2026-01,117.94420000000001
E02000525,Violence,2026-01,143.7578
E02000525,Anti-social behaviour,2026-02,157.71189999999999
E02000525,Burglary,2026-02,160.38719999999998
E02000525,Criminal damage and arson,2026-02,164.10149999999996
E02000525,Disruptive crimes,2026-02,170.26969999999992
E02000525,Property theft,2026-02,176.36139999999992
E02000525,Vehicle crime,2026-02,187.98789999999988
E02000525,Violence,2026-02,212.27849999999992
E02000526,Anti-social behaviour,2025-12,5.0971
E02000526,Burglary,2025-12,6.667599999999999
E02000526,Criminal damage and arson,2025-12,7.9940999999999995
E02000526,Disruptive crimes,2025-12,11.246999999999998
E02000526,Property theft,2025-12,23.2167
E02000526,Vehicle crime,2025-12,35.091
E02000526,Violence,2025-12,45.9385
E02000526,Anti-social behaviour,2026-01,51.8009
E02000526,Burglary,2026-01,53.393499999999996
E02000526,Criminal damage and arson,2026-01,54.7975
E02000526,Disruptive crimes,2026-01,58.0894
E02000526,Property theft,2026-01,70.07399999999998
E02000526,Vehicle crime,2026-01,82.07419999999999
E02000526,Violence,2026-01,93.0071
E02000526,Anti-social behaviour,2026-02,98.3866
E02000526,Burglary,2026-02,100.0233
E02000526,Criminal damage and arson,2026-02,101.3513
E02000526,Disruptive crimes,2026-02,104.40780000000001
E02000526,Property theft,2026-02,115.4291
E02000526,Vehicle crime,2026-02,126.6499
E02000526,Violence,2026-02,136.98579999999998
E02000529,Anti-social behaviour,2025-12,10.1756
E02000529,Burglary,2025-12,11.702699999999998
E02000529,Criminal damage and arson,2025-12,13.013399999999999
E02000529,Disruptive crimes,2025-12,18.378
E02000529,Property theft,2025-12,24.0936
E02000529,Vehicle crime,2025-12,28.5132
E02000529,Violence,2025-12,48.490700000000004
E02000529,Anti-social behaviour,2026-01,59.80000000000001
E02000529,Burglary,2026-01,61.33720000000001
E02000529,Criminal damage and arson,2026-01,62.66430000000001
E02000529,Disruptive crimes,2026-01,68.08770000000001
E02000529,Property theft,2026-01,73.6806
E02000529,Vehicle crime,2026-01,77.9595
E02000529,Violence,2026-01,98.2107
E02000529,Anti-social behaviour,2026-02,108.5405
E02000529,Burglary,2026-02,110.1059
E02000529,Criminal damage and arson,2026-02,111.40240000000001
E02000529,Disruptive crimes,2026-02,116.45880000000001
E02000529,Property theft,2026-02,121.64660000000002
E02000529,Vehicle crime,2026-02,125.69500000000004
E02000529,Violence,2026-02,144.92140000000006
E02000530,Anti-social behaviour,2025-12,12.973099999999999
E02000530,Burglary,2025-12,13.9726
E02000530,Criminal damage and arson,2025-12,17.9275
E02000530,Disruptive crimes,2025-12,26.755
E02000530,Property theft,2025-12,41.1307
E02000530,Vehicle crime,2025-12,50.58970000000001
E02000530,Violence,2025-12,74.8473
E02000530,Anti-social behaviour,2026-01,89.74110000000002
E02000530,Burglary,2026-01,90.82340000000002
E02000530,Criminal damage and arson,2026-01,94.82900000000001
E02000530,Disruptive crimes,2026-01,103.7611
E02000530,Property theft,2026-01,117.7304
E02000530,Vehicle crime,2026-01,127.17200000000001
E02000530,Violence,2026-01,151.97710000000004
E02000530,Anti-social behaviour,2026-02,165.6132
E02000530,Burglary,2026-02,166.584
E02000530,Criminal damage and arson,2026-02,170.3554
E02000530,Disruptive crimes,2026-02,178.7355
E02000530,Property theft,2026-02,191.19800000000004
E02000530,Vehicle crime,2026-02,200.01480000000004
E02000530,Violence,2026-02,223.51150000000004
E02000531,Anti-social behaviour,2025-12,16.056
E02000531,Burglary,2025-12,18.598499999999998
E02000531,Criminal damage and arson,2025-12,23.1509
E02000531,Disruptive crimes,2025-12,32.9146
E02000531,Property theft,2025-12,65.5658
E02000531,Vehicle crime,2025-12,75.5383
E02000531,Violence,2025-12,106.73960000000001
E02000531,Anti-social behaviour,2026-01,125.18120000000002
E02000531,Burglary,2026-01,127.79850000000002
E02000531,Criminal damage and arson,2026-01,132.3674
E02000531,Disruptive crimes,2026-01,142.5013
E02000531,Property theft,2026-01,177.99079999999998
E02000531,Vehicle crime,2026-01,188.37809999999996
E02000531,Violence,2026-01,220.18989999999994
E02000531,Anti-social behaviour,2026-02,237.75809999999993
E02000531,Burglary,2026-02,240.55539999999993
E02000531,Criminal damage and arson,2026-02,244.84149999999994
E02000531,Disruptive crimes,2026-02,254.68549999999993
E02000531,Property theft,2026-02,288.9872999999999
E02000531,Vehicle crime,2026-02,299.2807999999999
E02000531,Violence,2026-02,330.2620999999999
E02000532,Anti-social behaviour,2025-12,7.1285
E02000532,Burglary,2025-12,8.7743
E02000532,Criminal damage and arson,2025-12,9.368400000000001
E02000532,Disruptive crimes,2025-12,11.6677
E02000532,Property theft,2025-12,16.8376
E02000532,Vehicle crime,2025-12,26.432399999999998
E02000532,Violence,2025-12,37.3372
E02000532,Anti-social behaviour,2026-01,45.4598
E02000532,Burglary,2026-01,47.20680000000001
E02000532,Criminal damage and arson,2026-01,47.874200000000016
E02000532,Disruptive crimes,2026-01,50.27920000000001
E02000532,Property theft,2026-01,55.37260000000001
E02000532,Vehicle crime,2026-01,64.79470000000002
E02000532,Violence,2026-01,75.81450000000004
E02000532,Anti-social behaviour,2026-02,83.41080000000005
E02000532,Burglary,2026-02,85.26480000000006
E02000532,Criminal damage and arson,2026-02,85.88850000000006
E02000532,Disruptive crimes,2026-02,88.16120000000006
E02000532,Property theft,2026-02,93.01520000000006
E02000532,Vehicle crime,2026-02,101.98580000000008
E02000532,Violence,2026-02,112.49450000000009
E02000533,Anti-social behaviour,2025-12,4.9748
E02000533,Burglary,2025-12,6.315000000000001
E02000533,Criminal damage and arson,2025-12,6.436000000000003
E02000533,Disruptive crimes,2025-12,8.959900000000001
E02000533,Property theft,2025-12,14.534799999999999
E02000533,Vehicle crime,2025-12,21.5143
E02000533,Violence,2025-12,32.4722
E02000533,Anti-social behaviour,2026-01,38.2073
E02000533,Burglary,2026-01,39.535199999999996
E02000533,Criminal damage and arson,2026-01,39.68079999999999
E02000533,Disruptive crimes,2026-01,42.42869999999999
E02000533,Property theft,2026-01,47.89149999999999
E02000533,Vehicle crime,2026-01,54.69449999999999
E02000533,Violence,2026-01,65.71899999999998
E02000533,Anti-social behaviour,2026-02,71.02899999999998
E02000533,Burglary,2026-02,72.38549999999996
E02000533,Criminal damage and arson,2026-02,72.52289999999998
E02000533,Disruptive crimes,2026-02,75.05199999999998
E02000533,Property theft,2026-02,80.26949999999998
E02000533,Vehicle crime,2026-02,86.79099999999997
E02000533,Violence,2026-02,97.22679999999997
E02000534,Anti-social behaviour,2025-12,7.8891
E02000534,Burglary,2025-12,9.543199999999999
E02000534,Criminal damage and arson,2025-12,10.741699999999998
E02000534,Disruptive crimes,2025-12,15.707999999999997
E02000534,Property theft,2025-12,23.9909
E02000534,Vehicle crime,2025-12,30.052300000000002
E02000534,Violence,2025-12,45.092000000000006
E02000534,Anti-social behaviour,2026-01,54.19630000000001
E02000534,Burglary,2026-01,55.7978
E02000534,Criminal damage and arson,2026-01,57.0277
E02000534,Disruptive crimes,2026-01,61.999100000000006
E02000534,Property theft,2026-01,70.3279
E02000534,Vehicle crime,2026-01,76.3388
E02000534,Violence,2026-01,91.74579999999999
E02000534,Anti-social behaviour,2026-02,99.9723
E02000534,Burglary,2026-02,101.56490000000001
E02000534,Criminal damage and arson,2026-02,102.75010000000002
E02000534,Disruptive crimes,2026-02,107.46400000000001
E02000534,Property theft,2026-02,114.7996
E02000534,Vehicle crime,2026-02,120.436
E02000534,Violence,2026-02,135.0568
E02000535,Anti-social behaviour,2025-12,8.441500000000001
E02000535,Burglary,2025-12,9.161100000000001
E02000535,Criminal damage and arson,2025-12,9.997300000000001
E02000535,Disruptive crimes,2025-12,14.146700000000001
E02000535,Property theft,2025-12,19.803600000000003
E02000535,Vehicle crime,2025-12,24.022100000000005
E02000535,Violence,2025-12,43.641000000000005
E02000535,Anti-social behaviour,2026-01,53.2512
E02000535,Burglary,2026-01,53.97869999999999
E02000535,Criminal damage and arson,2026-01,54.83539999999999
E02000535,Disruptive crimes,2026-01,59.1372
E02000535,Property theft,2026-01,64.72540000000001
E02000535,Vehicle crime,2026-01,68.8648
E02000535,Violence,2026-01,88.7976
E02000535,Anti-social behaviour,2026-02,97.6439
E02000535,Burglary,2026-02,98.36940000000001
E02000535,Criminal damage and arson,2026-02,99.17240000000001
E02000535,Disruptive crimes,2026-02,103.20940000000002
E02000535,Property theft,2026-02,108.25630000000001
E02000535,Vehicle crime,2026-02,112.20580000000001
E02000535,Violence,2026-02,131.00480000000002
E02000536,Anti-social behaviour,2025-12,12.123299999999999
E02000536,Burglary,2025-12,13.558300000000001
E02000536,Criminal damage and arson,2025-12,14.859300000000003
E02000536,Disruptive crimes,2025-12,21.189000000000004
E02000536,Property theft,2025-12,28.467100000000002
E02000536,Vehicle crime,2025-12,32.904
E02000536,Violence,2025-12,55.049200000000006
E02000536,Anti-social behaviour,2026-01,68.77400000000002
E02000536,Burglary,2026-01,70.21820000000001
E02000536,Criminal damage and arson,2026-01,71.53920000000001
E02000536,Disruptive crimes,2026-01,77.9595
E02000536,Property theft,2026-01,85.2891
E02000536,Vehicle crime,2026-01,89.67020000000001
E02000536,Violence,2026-01,112.2905
E02000536,Anti-social behaviour,2026-02,124.97999999999999
E02000536,Burglary,2026-02,126.42819999999999
E02000536,Criminal damage and arson,2026-02,127.66429999999998
E02000536,Disruptive crimes,2026-02,133.67759999999998
E02000536,Property theft,2026-02,140.64659999999998
E02000536,Vehicle crime,2026-02,144.8111
E02000536,Violence,2026-02,166.23690000000002
E02000537,Anti-social behaviour,2025-12,7.916799999999999
E02000537,Burglary,2025-12,9.382100000000001
E02000537,Criminal damage and arson,2025-12,10.503800000000004
E02000537,Disruptive crimes,2025-12,16.315400000000004
E02000537,Property theft,2025-12,19.2346
E02000537,Vehicle crime,2025-12,23.4239
E02000537,Violence,2025-12,39.6839
E02000537,Anti-social behaviour,2026-01,48.692899999999995
E02000537,Burglary,2026-01,50.256899999999995
E02000537,Criminal damage and arson,2026-01,51.35779999999999
E02000537,Disruptive crimes,2026-01,57.34759999999999
E02000537,Property theft,2026-01,59.9603
E02000537,Vehicle crime,2026-01,64.0456
E02000537,Violence,2026-01,80.48270000000001
E02000537,Anti-social behaviour,2026-02,88.71620000000001
E02000537,Burglary,2026-02,90.315
E02000537,Criminal damage and arson,2026-02,91.3846
E02000537,Disruptive crimes,2026-02,97.01219999999999
E02000537,Property theft,2026-02,99.0195
E02000537,Vehicle crime,2026-02,102.9497
E02000537,Violence,2026-02,118.52390000000001
E02000538,Anti-social behaviour,2025-12,12.188799999999999
E02000538,Burglary,2025-12,13.4117
E02000538,Criminal damage and arson,2025-12,15.645499999999998
E02000538,Disruptive crimes,2025-12,22.3271
E02000538,Property theft,2025-12,27.1857
E02000538,Vehicle crime,2025-12,33.466899999999995
E02000538,Violence,2025-12,59.0657
E02000538,Anti-social behaviour,2026-01,72.9454
E02000538,Burglary,2026-01,74.1729
E02000538,Criminal damage and arson,2026-01,76.4249
E02000538,Disruptive crimes,2026-01,83.2675
E02000538,Property theft,2026-01,87.93739999999998
E02000538,Vehicle crime,2026-01,94.09759999999997
E02000538,Violence,2026-01,120.14459999999998
E02000538,Anti-social behaviour,2026-02,132.9852
E02000538,Burglary,2026-02,134.2515
E02000538,Criminal damage and arson,2026-02,136.39129999999997
E02000538,Disruptive crimes,2026-02,142.8429
E02000538,Property theft,2026-02,147.09129999999996
E02000538,Vehicle crime,2026-02,152.96069999999995
E02000538,Violence,2026-02,177.74499999999995
E02000539,Anti-social behaviour,2025-12,12.007499999999999
E02000539,Burglary,2025-12,13.103299999999997
E02000539,Criminal damage and arson,2025-12,17.851299999999995
E02000539,Disruptive crimes,2025-12,26.70629999999999
E02000539,Property theft,2025-12,33.942899999999995
E02000539,Vehicle crime,2025-12,39.01350000000001
E02000539,Violence,2025-12,84.05040000000001
E02000539,Anti-social behaviour,2026-01,97.82300000000001
E02000539,Burglary,2026-01,99.0043
E02000539,Criminal damage and arson,2026-01,103.75880000000001
E02000539,Disruptive crimes,2026-01,112.8136
E02000539,Property theft,2026-01,120.0557
E02000539,Vehicle crime,2026-01,125.02499999999999
E02000539,Violence,2026-01,171.06640000000002
E02000539,Anti-social behaviour,2026-02,183.3461
E02000539,Burglary,2026-02,184.5429
E02000539,Criminal damage and arson,2026-02,189.0134
E02000539,Disruptive crimes,2026-02,197.4856
E02000539,Property theft,2026-02,204.41619999999998
E02000539,Vehicle crime,2026-02,209.2505
E02000539,Violence,2026-02,254.28099999999998
E02000540,Anti-social behaviour,2025-12,20.2115
E02000540,Burglary,2025-12,22.5471
E02000540,Criminal damage and arson,2025-12,28.0619
E02000540,Disruptive crimes,2025-12,41.48080000000001
E02000540,Property theft,2025-12,57.30770000000001
E02000540,Vehicle crime,2025-12,62.44960000000002
E02000540,Violence,2025-12,94.98780000000004
E02000540,Anti-social behaviour,2026-01,117.36140000000005
E02000540,Burglary,2026-01,119.76930000000006
E02000540,Criminal damage and arson,2026-01,125.56570000000005
E02000540,Disruptive crimes,2026-01,139.08550000000005
E02000540,Property theft,2026-01,154.90520000000006
E02000540,Vehicle crime,2026-01,160.35790000000006
E02000540,Violence,2026-01,193.5900000000001
E02000540,Anti-social behaviour,2026-02,214.8841000000001
E02000540,Burglary,2026-02,217.2987000000001
E02000540,Criminal damage and arson,2026-02,223.40440000000012
E02000540,Disruptive crimes,2026-02,236.8826000000001
E02000540,Property theft,2026-02,252.94600000000014
E02000540,Vehicle crime,2026-02,258.69410000000016
E02000540,Violence,2026-02,291.0323000000002
E02000541,Anti-social behaviour,2025-12,11.765
E02000541,Burglary,2025-12,12.2128
E02000541,Criminal damage and arson,2025-12,15.1332
E02000541,Disruptive crimes,2025-12,22.414700000000003
E02000541,Property theft,2025-12,28.856500000000004
E02000541,Vehicle crime,2025-12,33.592400000000005
E02000541,Violence,2025-12,59.9532
E02000541,Anti-social behaviour,2026-01,73.8127
E02000541,Burglary,2026-01,74.22040000000001
E02000541,Criminal damage and arson,2026-01,77.29660000000001
E02000541,Disruptive crimes,2026-01,84.56830000000001
E02000541,Property theft,2026-01,90.97630000000001
E02000541,Vehicle crime,2026-01,95.6924
E02000541,Violence,2026-01,122.6436
E02000541,Anti-social behaviour,2026-02,135.02370000000002
E02000541,Burglary,2026-02,135.43260000000004
E02000541,Criminal damage and arson,2026-02,138.36200000000005
E02000541,Disruptive crimes,2026-02,145.16430000000008
E02000541,Property theft,2026-02,151.2989000000001
E02000541,Vehicle crime,2026-02,155.79210000000012
E02000541,Violence,2026-02,181.13310000000013
E02000542,Anti-social behaviour,2025-12,23.1009
E02000542,Burglary,2025-12,24.4124
E02000542,Criminal damage and arson,2025-12,29.036300000000004
E02000542,Disruptive crimes,2025-12,37.08520000000001
E02000542,Property theft,2025-12,50.81660000000001
E02000542,Vehicle crime,2025-12,55.82070000000001
E02000542,Violence,2025-12,91.76950000000001
E02000542,Anti-social behaviour,2026-01,117.49010000000003
E02000542,Burglary,2026-01,118.81970000000003
E02000542,Criminal damage and arson,2026-01,123.48630000000003
E02000542,Disruptive crimes,2026-01,131.4627
E02000542,Property theft,2026-01,145.16860000000003
E02000542,Vehicle crime,2026-01,150.5721
E02000542,Violence,2026-01,187.0972
E02000542,Anti-social behaviour,2026-02,211.0818
E02000542,Burglary,2026-02,212.4142
E02000542,Criminal damage and arson,2026-02,216.92319999999998
E02000542,Disruptive crimes,2026-02,224.55909999999994
E02000542,Property theft,2026-02,236.81289999999993
E02000542,Vehicle crime,2026-02,242.49089999999995
E02000542,Violence,2026-02,277.554
E02000543,Anti-social behaviour,2025-12,38.203300000000006
E02000543,Burglary,2025-12,42.04330000000001
E02000543,Criminal damage and arson,2025-12,49.0026
E02000543,Disruptive crimes,2025-12,80.56730000000002
E02000543,Property theft,2025-12,167.2898
E02000543,Vehicle crime,2025-12,173.86300000000006
E02000543,Violence,2025-12,238.8119000000001
E02000543,Anti-social behaviour,2026-01,279.0660000000001
E02000543,Burglary,2026-01,282.9610000000001
E02000543,Criminal damage and arson,2026-01,289.83850000000007
E02000543,Disruptive crimes,2026-01,321.91080000000005
E02000543,Property theft,2026-01,409.19790000000006
E02000543,Vehicle crime,2026-01,415.72170000000006
E02000543,Violence,2026-01,481.7464000000001
E02000543,Anti-social behaviour,2026-02,518.1133000000001
E02000543,Burglary,2026-02,521.9524
E02000543,Criminal damage and arson,2026-02,528.5223999999998
E02000543,Disruptive crimes,2026-02,558.6111999999999
E02000543,Property theft,2026-02,639.8827
E02000543,Vehicle crime,2026-02,646.1097
E02000543,Violence,2026-02,709.6542
E02000544,Anti-social behaviour,2025-12,3.1635
E02000544,Burglary,2025-12,3.1652000000000005
E02000544,Criminal damage and arson,2025-12,3.2126
E02000544,Disruptive crimes,2025-12,4.682300000000001
E02000544,Property theft,2025-12,5.0481
E02000544,Vehicle crime,2025-12,8.0156
E02000544,Violence,2025-12,18.022
E02000544,Anti-social behaviour,2026-01,21.682000000000002
E02000544,Burglary,2026-01,21.683699999999998
E02000544,Criminal damage and arson,2026-01,21.7374
E02000544,Disruptive crimes,2026-01,23.292399999999997
E02000544,Property theft,2026-01,23.624099999999995
E02000544,Vehicle crime,2026-01,26.554899999999996
E02000544,Violence,2026-01,36.622699999999995
E02000544,Anti-social behaviour,2026-02,40.25789999999999
E02000544,Burglary,2026-02,40.2596
E02000544,Criminal damage and arson,2026-02,40.3099
E02000544,Disruptive crimes,2026-02,41.6958
E02000544,Property theft,2026-02,42.025800000000004
E02000544,Vehicle crime,2026-02,44.79390000000001
E02000544,Violence,2026-02,54.27390000000001
E02000545,Anti-social behaviour,2025-12,9.346699999999998
E02000545,Burglary,2025-12,9.833299999999998
E02000545,Criminal damage and arson,2025-12,13.322599999999998
E02000545,Disruptive crimes,2025-12,16.690499999999997
E02000545,Property theft,2025-12,22.265399999999996
E02000545,Vehicle crime,2025-12,26.828199999999995
E02000545,Violence,2025-12,40.7133
E02000545,Anti-social behaviour,2026-01,51.127199999999995
E02000545,Burglary,2026-01,51.5738
E02000545,Criminal damage and arson,2026-01,55.1061
E02000545,Disruptive crimes,2026-01,58.481899999999996
E02000545,Property theft,2026-01,63.9002
E02000545,Vehicle crime,2026-01,68.3819
E02000545,Violence,2026-01,82.41590000000001
E02000545,Anti-social behaviour,2026-02,91.90800000000002
E02000545,Burglary,2026-02,92.34060000000002
E02000545,Criminal damage and arson,2026-02,95.64010000000002
E02000545,Disruptive crimes,2026-02,98.76600000000003
E02000545,Property theft,2026-02,103.58950000000003
E02000545,Vehicle crime,2026-02,107.83800000000004
E02000545,Violence,2026-02,121.16550000000002
E02000546,Anti-social behaviour,2025-12,7.325699999999999
E02000546,Burglary,2025-12,7.379699999999999
E02000546,Criminal damage and arson,2025-12,9.4108
E02000546,Disruptive crimes,2025-12,15.3836
E02000546,Property theft,2025-12,21.6473
E02000546,Vehicle crime,2025-12,26.262800000000002
E02000546,Violence,2025-12,46.4529
E02000546,Anti-social behaviour,2026-01,55.25090000000001
E02000546,Burglary,2026-01,55.306200000000004
E02000546,Criminal damage and arson,2026-01,57.4057
E02000546,Disruptive crimes,2026-01,63.5043
E02000546,Property theft,2026-01,69.94189999999999
E02000546,Vehicle crime,2026-01,74.618
E02000546,Violence,2026-01,95.256
E02000546,Anti-social behaviour,2026-02,102.9447
E02000546,Burglary,2026-02,102.996
E02000546,Criminal damage and arson,2026-02,104.96509999999998
E02000546,Disruptive crimes,2026-02,110.66629999999999
E02000546,Property theft,2026-02,116.6865
E02000546,Vehicle crime,2026-02,121.0917
E02000546,Violence,2026-02,140.6509
E02000547,Anti-social behaviour,2025-12,12.006900000000002
E02000547,Burglary,2025-12,13.9527
E02000547,Criminal damage and arson,2025-12,17.557000000000002
E02000547,Disruptive crimes,2025-12,25.812900000000003
E02000547,Property theft,2025-12,34.186400000000006
E02000547,Vehicle crime,2025-12,39.773100000000014
E02000547,Violence,2025-12,67.8585
E02000547,Anti-social behaviour,2026-01,81.84730000000002
E02000547,Burglary,2026-01,83.80690000000001
E02000547,Criminal damage and arson,2026-01,87.5205
E02000547,Disruptive crimes,2026-01,95.97049999999999
E02000547,Property theft,2026-01,104.49049999999998
E02000547,Vehicle crime,2026-01,109.94569999999996
E02000547,Violence,2026-01,138.44009999999997
E02000547,Anti-social behaviour,2026-02,151.07009999999997
E02000547,Burglary,2026-02,153.05889999999994
E02000547,Criminal damage and arson,2026-02,156.50409999999994
E02000547,Disruptive crimes,2026-02,164.33569999999995
E02000547,Property theft,2026-02,171.83689999999993
E02000547,Vehicle crime,2026-02,177.05799999999994
E02000547,Violence,2026-02,204.09159999999991
E02000548,Anti-social behaviour,2025-12,16.5398
E02000548,Burglary,2025-12,17.269599999999997
E02000548,Criminal damage and arson,2025-12,22.082699999999996
E02000548,Disruptive crimes,2025-12,28.700899999999994
E02000548,Property theft,2025-12,34.025499999999994
E02000548,Vehicle crime,2025-12,38.62999999999998
E02000548,Violence,2025-12,65.29059999999998
E02000548,Anti-social behaviour,2026-01,83.367
E02000548,Burglary,2026-01,84.15450000000001
E02000548,Criminal damage and arson,2026-01,88.94310000000002
E02000548,Disruptive crimes,2026-01,95.67750000000002
E02000548,Property theft,2026-01,101.03800000000003
E02000548,Vehicle crime,2026-01,105.52100000000003
E02000548,Violence,2026-01,132.73980000000003
E02000548,Anti-social behaviour,2026-02,149.1176
E02000548,Burglary,2026-02,149.94900000000004
E02000548,Criminal damage and arson,2026-02,154.50690000000006
E02000548,Disruptive crimes,2026-02,160.70440000000008
E02000548,Property theft,2026-02,165.76740000000007
E02000548,Vehicle crime,2026-02,170.11000000000004
E02000548,Violence,2026-02,195.86360000000005
E02000549,Anti-social behaviour,2025-12,15.653299999999998
E02000549,Burglary,2025-12,17.1267
E02000549,Criminal damage and arson,2025-12,21.868599999999997
E02000549,Disruptive crimes,2025-12,31.181799999999992
E02000549,Property theft,2025-12,40.561299999999996
E02000549,Vehicle crime,2025-12,45.90189999999999
E02000549,Violence,2025-12,85.23999999999998
E02000549,Anti-social behaviour,2026-01,102.58879999999996
E02000549,Burglary,2026-01,104.09879999999997
E02000549,Criminal damage and arson,2026-01,108.87869999999995
E02000549,Disruptive crimes,2026-01,118.40419999999996
E02000549,Property theft,2026-01,127.84729999999996
E02000549,Vehicle crime,2026-01,133.15619999999998
E02000549,Violence,2026-01,172.92290000000003
E02000549,Anti-social behaviour,2026-02,188.89870000000002
E02000549,Burglary,2026-02,190.41010000000006
E02000549,Criminal damage and arson,2026-02,194.9028
E02000549,Disruptive crimes,2026-02,203.8436
E02000549,Property theft,2026-02,212.5567
E02000549,Vehicle crime,2026-02,217.6364
E02000549,Violence,2026-02,255.0252
E02000550,Anti-social behaviour,2025-12,25.5268
E02000550,Burglary,2025-12,26.2671
E02000550,Criminal damage and arson,2025-12,32.2045
E02000550,Disruptive crimes,2025-12,42.4707
E02000550,Property theft,2025-12,64.5522
E02000550,Vehicle crime,2025-12,66.6429
E02000550,Violence,2025-12,101.8981
E02000550,Anti-social behaviour,2026-01,128.7816
E02000550,Burglary,2026-01,129.55360000000002
E02000550,Criminal damage and arson,2026-01,135.5051
E02000550,Disruptive crimes,2026-01,145.89550000000003
E02000550,Property theft,2026-01,168.32850000000002
E02000550,Vehicle crime,2026-01,170.39750000000004
E02000550,Violence,2026-01,205.9319
E02000550,Anti-social behaviour,2026-02,230.60879999999997
E02000550,Burglary,2026-02,231.38349999999997
E02000550,Criminal damage and arson,2026-02,237.03379999999996
E02000550,Disruptive crimes,2026-02,246.77429999999998
E02000550,Property theft,2026-02,267.1211
E02000550,Vehicle crime,2026-02,269.16919999999993
E02000550,Violence,2026-02,302.95929999999987
E02000551,Anti-social behaviour,2025-12,12.297899999999998
E02000551,Burglary,2025-12,12.733299999999998
E02000551,Criminal damage and arson,2025-12,16.805799999999998
E02000551,Disruptive crimes,2025-12,23.191000000000003
E02000551,Property theft,2025-12,27.918600000000005
E02000551,Vehicle crime,2025-12,33.00910000000001
E02000551,Violence,2025-12,57.19980000000002
E02000551,Anti-social behaviour,2026-01,71.86190000000002
E02000551,Burglary,2026-01,72.29870000000003
E02000551,Criminal damage and arson,2026-01,76.35140000000001
E02000551,Disruptive crimes,2026-01,82.7086
E02000551,Property theft,2026-01,87.2857
E02000551,Vehicle crime,2026-01,92.30730000000001
E02000551,Violence,2026-01,116.74350000000001
E02000551,Anti-social behaviour,2026-02,129.60370000000003
E02000551,Burglary,2026-02,130.06730000000002
E02000551,Criminal damage and arson,2026-02,133.97760000000002
E02000551,Disruptive crimes,2026-02,139.95660000000004
E02000551,Property theft,2026-02,144.25330000000005
E02000551,Vehicle crime,2026-02,148.99620000000004
E02000551,Violence,2026-02,172.07810000000006
E02000552,Anti-social behaviour,2025-12,8.3586
E02000552,Burglary,2025-12,8.7313
E02000552,Criminal damage and arson,2025-12,12.6583
E02000552,Disruptive crimes,2025-12,15.9046
E02000552,Property theft,2025-12,18.5405
E02000552,Vehicle crime,2025-12,21.8461
E02000552,Violence,2025-12,45.1382
E02000552,Anti-social behaviour,2026-01,54.561
E02000552,Burglary,2026-01,54.9183
E02000552,Criminal damage and arson,2026-01,58.983200000000004
E02000552,Disruptive crimes,2026-01,62.3145
E02000552,Property theft,2026-01,64.9334
E02000552,Vehicle crime,2026-01,68.18650000000001
E02000552,Violence,2026-01,91.90120000000002
E02000552,Anti-social behaviour,2026-02,100.45210000000002
E02000552,Burglary,2026-02,100.73740000000002
E02000552,Criminal damage and arson,2026-02,104.56070000000003
E02000552,Disruptive crimes,2026-02,107.67660000000002
E02000552,Property theft,2026-02,110.15490000000003
E02000552,Vehicle crime,2026-02,113.28890000000003
E02000552,Violence,2026-02,135.16140000000001
E02000553,Anti-social behaviour,2025-12,4.865399999999999
E02000553,Burglary,2025-12,5.337599999999999
E02000553,Criminal damage and arson,2025-12,6.9750000000000005
E02000553,Disruptive crimes,2025-12,10.004
E02000553,Property theft,2025-12,15.7085
E02000553,Vehicle crime,2025-12,19.269499999999997
E02000553,Violence,2025-12,33.5722
E02000553,Anti-social behaviour,2026-01,39.401500000000006
E02000553,Burglary,2026-01,39.89490000000001
E02000553,Criminal damage and arson,2026-01,41.6268
E02000553,Disruptive crimes,2026-01,44.8012
E02000553,Property theft,2026-01,50.6005
E02000553,Vehicle crime,2026-01,54.1722
E02000553,Violence,2026-01,68.5848
E02000553,Anti-social behaviour,2026-02,73.8116
E02000553,Burglary,2026-02,74.3725
E02000553,Criminal damage and arson,2026-02,76.04280000000001
E02000553,Disruptive crimes,2026-02,79.01280000000001
E02000553,Property theft,2026-02,84.42530000000002
E02000553,Vehicle crime,2026-02,87.86000000000001
E02000553,Violence,2026-02,101.57100000000003
E02000554,Anti-social behaviour,2025-12,17.3352
E02000554,Burglary,2025-12,20.365799999999997
E02000554,Criminal damage and arson,2025-12,22.3858
E02000554,Disruptive crimes,2025-12,30.391199999999998
E02000554,Property theft,2025-12,37.172599999999996
E02000554,Vehicle crime,2025-12,44.125499999999995
E02000554,Violence,2025-12,65.54769999999999
E02000554,Anti-social behaviour,2026-01,84.6612
E02000554,Burglary,2026-01,87.77729999999998
E02000554,Criminal damage and arson,2026-01,89.88949999999997
E02000554,Disruptive crimes,2026-01,98.07939999999996
E02000554,Property theft,2026-01,104.76059999999997
E02000554,Vehicle crime,2026-01,111.63789999999996
E02000554,Violence,2026-01,133.1306
E02000554,Anti-social behaviour,2026-02,150.3697
E02000554,Burglary,2026-02,153.58399999999995
E02000554,Criminal damage and arson,2026-02,155.52799999999996
E02000554,Disruptive crimes,2026-02,163.04769999999994
E02000554,Property theft,2026-02,169.35459999999995
E02000554,Vehicle crime,2026-02,175.91589999999994
E02000554,Violence,2026-02,196.32299999999992
E02000555,Anti-social behaviour,2025-12,24.727899999999998
E02000555,Burglary,2025-12,26.515199999999997
E02000555,Criminal damage and arson,2025-12,28.508799999999994
E02000555,Disruptive crimes,2025-12,34.0376
E02000555,Property theft,2025-12,40.3581
E02000555,Vehicle crime,2025-12,46.3574
E02000555,Violence,2025-12,64.7721
E02000555,Anti-social behaviour,2026-01,91.2461
E02000555,Burglary,2026-01,92.9907
E02000555,Criminal damage and arson,2026-01,95.02590000000002
E02000555,Disruptive crimes,2026-01,100.70800000000003
E02000555,Property theft,2026-01,106.96840000000003
E02000555,Vehicle crime,2026-01,112.89080000000003
E02000555,Violence,2026-01,131.34620000000004
E02000555,Anti-social behaviour,2026-02,155.58230000000003
E02000555,Burglary,2026-02,157.23720000000003
E02000555,Criminal damage and arson,2026-02,159.14280000000002
E02000555,Disruptive crimes,2026-02,164.49290000000005
E02000555,Property theft,2026-02,169.57510000000005
E02000555,Vehicle crime,2026-02,175.33930000000004
E02000555,Violence,2026-02,192.7697
E02000556,Anti-social behaviour,2025-12,31.178199999999997
E02000556,Burglary,2025-12,36.7038
E02000556,Criminal damage and arson,2025-12,40.83010000000001
E02000556,Disruptive crimes,2025-12,54.746500000000005
E02000556,Property theft,2025-12,79.79750000000001
E02000556,Vehicle crime,2025-12,87.49000000000002
E02000556,Violence,2025-12,116.39190000000002
E02000556,Anti-social behaviour,2026-01,150.12130000000005
E02000556,Burglary,2026-01,155.55310000000006
E02000556,Criminal damage and arson,2026-01,159.70570000000006
E02000556,Disruptive crimes,2026-01,173.79990000000004
E02000556,Property theft,2026-01,198.65000000000006
E02000556,Vehicle crime,2026-01,206.25060000000005
E02000556,Violence,2026-01,235.44770000000005
E02000556,Anti-social behaviour,2026-02,266.0088
E02000556,Burglary,2026-02,271.25230000000005
E02000556,Criminal damage and arson,2026-02,275.14500000000004
E02000556,Disruptive crimes,2026-02,288.3272000000001
E02000556,Property theft,2026-02,311.07490000000007
E02000556,Vehicle crime,2026-02,318.3173000000001
E02000556,Violence,2026-02,345.9094000000001
E02000557,Anti-social behaviour,2025-12,34.3228
E02000557,Burglary,2025-12,38.817699999999995
E02000557,Criminal damage and arson,2025-12,44.7546
E02000557,Disruptive crimes,2025-12,62.84980000000001
E02000557,Property theft,2025-12,115.6609
E02000557,Vehicle crime,2025-12,121.8485
E02000557,Violence,2025-12,181.0222
E02000557,Anti-social behaviour,2026-01,216.8681
E02000557,Burglary,2026-01,221.31489999999997
E02000557,Criminal damage and arson,2026-01,227.24279999999996
E02000557,Disruptive crimes,2026-01,245.68879999999996
E02000557,Property theft,2026-01,299.21779999999995
E02000557,Vehicle crime,2026-01,305.32949999999994
E02000557,Violence,2026-01,365.1568
E02000557,Anti-social behaviour,2026-02,397.5871
E02000557,Burglary,2026-02,401.86780000000005
E02000557,Criminal damage and arson,2026-02,407.36510000000004
E02000557,Disruptive crimes,2026-02,424.6794000000001
E02000557,Property theft,2026-02,476.01110000000006
E02000557,Vehicle crime,2026-02,481.8016
E02000557,Violence,2026-02,539.3721
E02000558,Anti-social behaviour,2025-12,35.7402
E02000558,Burglary,2025-12,38.5371
E02000558,Criminal damage and arson,2025-12,42.5419
E02000558,Disruptive crimes,2025-12,69.03960000000001
E02000558,Property theft,2025-12,109.41760000000001
E02000558,Vehicle crime,2025-12,114.3891
E02000558,Violence,2025-12,162.8873
E02000558,Anti-social behaviour,2026-01,200.5386
E02000558,Burglary,2026-01,203.30640000000002
E02000558,Criminal damage and arson,2026-01,207.2577
E02000558,Disruptive crimes,2026-01,233.7895
E02000558,Property theft,2026-01,273.6
E02000558,Vehicle crime,2026-01,278.5096
E02000558,Violence,2026-01,327.1207
E02000558,Anti-social behaviour,2026-02,361.6943
E02000558,Burglary,2026-02,364.3775
E02000558,Criminal damage and arson,2026-02,368.09560000000005
E02000558,Disruptive crimes,2026-02,392.8052
E02000558,Property theft,2026-02,428.2167
E02000558,Vehicle crime,2026-02,432.9459999999999
E02000558,Violence,2026-02,479.0340999999999
E02000559,Anti-social behaviour,2025-12,8.950599999999998
E02000559,Burglary,2025-12,12.461399999999998
E02000559,Criminal damage and arson,2025-12,14.837499999999999
E02000559,Disruptive crimes,2025-12,25.285800000000002
E02000559,Property theft,2025-12,49.102599999999995
E02000559,Vehicle crime,2025-12,53.8844
E02000559,Violence,2025-12,76.456
E02000559,Anti-social behaviour,2026-01,87.28179999999999
E02000559,Burglary,2026-01,90.6747
E02000559,Criminal damage and arson,2026-01,92.9954
E02000559,Disruptive crimes,2026-01,103.7707
E02000559,Property theft,2026-01,127.48540000000001
E02000559,Vehicle crime,2026-01,132.0658
E02000559,Violence,2026-01,154.7469
E02000559,Anti-social behaviour,2026-02,163.86499999999998
E02000559,Burglary,2026-02,167.2101
E02000559,Criminal damage and arson,2026-02,169.5286
E02000559,Disruptive crimes,2026-02,179.63139999999999
E02000559,Property theft,2026-02,200.93689999999995
E02000559,Vehicle crime,2026-02,205.36089999999996
E02000559,Violence,2026-02,226.69689999999994
E02000560,Anti-social behaviour,2025-12,31.114
E02000560,Burglary,2025-12,35.913700000000006
E02000560,Criminal damage and arson,2025-12,39.228300000000004
E02000560,Disruptive crimes,2025-12,51.626900000000006
E02000560,Property theft,2025-12,89.26239999999999
E02000560,Vehicle crime,2025-12,95.71249999999999
E02000560,Violence,2025-12,127.8212
E02000560,Anti-social behaviour,2026-01,160.45010000000002
E02000560,Burglary,2026-01,165.49650000000003
E02000560,Criminal damage and arson,2026-01,168.78660000000005
E02000560,Disruptive crimes,2026-01,181.44820000000004
E02000560,Property theft,2026-01,220.198
E02000560,Vehicle crime,2026-01,226.7237
E02000560,Violence,2026-01,259.1353
E02000560,Anti-social behaviour,2026-02,290.0388
E02000560,Burglary,2026-02,295.09489999999994
E02000560,Criminal damage and arson,2026-02,298.203
E02000560,Disruptive crimes,2026-02,310.3301
E02000560,Property theft,2026-02,345.8867
E02000560,Vehicle crime,2026-02,352.2206
E02000560,Violence,2026-02,383.3204
E02000561,Anti-social behaviour,2025-12,12.0915
E02000561,Burglary,2025-12,14.6227
E02000561,Criminal damage and arson,2025-12,16.9241
E02000561,Disruptive crimes,2025-12,21.370399999999997
E02000561,Property theft,2025-12,30.7138
E02000561,Vehicle crime,2025-12,38.0864
E02000561,Violence,2025-12,51.0378
E02000561,Anti-social behaviour,2026-01,64.5252
E02000561,Burglary,2026-01,67.0495
E02000561,Criminal damage and arson,2026-01,69.46839999999999
E02000561,Disruptive crimes,2026-01,74.03689999999999
E02000561,Property theft,2026-01,83.34979999999997
E02000561,Vehicle crime,2026-01,90.58389999999997
E02000561,Violence,2026-01,103.78199999999995
E02000561,Anti-social behaviour,2026-02,116.10329999999995
E02000561,Burglary,2026-02,118.63239999999995
E02000561,Criminal damage and arson,2026-02,120.95099999999995
E02000561,Disruptive crimes,2026-02,125.17329999999995
E02000561,Property theft,2026-02,133.82209999999995
E02000561,Vehicle crime,2026-02,140.70859999999996
E02000561,Violence,2026-02,153.13939999999997
E02000562,Anti-social behaviour,2025-12,4.5845
E02000562,Burglary,2025-12,6.5779000000000005
E02000562,Criminal damage and arson,2025-12,8.1121
E02000562,Disruptive crimes,2025-12,12.8257
E02000562,Property theft,2025-12,20.3239
E02000562,Vehicle crime,2025-12,24.832699999999996
E02000562,Violence,2025-12,39.1019
E02000562,Anti-social behaviour,2026-01,44.2256
E02000562,Burglary,2026-01,46.254
E02000562,Criminal damage and arson,2026-01,47.8578
E02000562,Disruptive crimes,2026-01,52.72
E02000562,Property theft,2026-01,60.1001
E02000562,Vehicle crime,2026-01,64.50429999999999
E02000562,Violence,2026-01,78.86019999999998
E02000562,Anti-social behaviour,2026-02,83.4035
E02000562,Burglary,2026-02,85.50569999999999
E02000562,Criminal damage and arson,2026-02,86.9909
E02000562,Disruptive crimes,2026-02,91.5029
E02000562,Property theft,2026-02,98.43549999999999
E02000562,Vehicle crime,2026-02,102.6822
E02000562,Violence,2026-02,116.264
E02000563,Anti-social behaviour,2025-12,8.978299999999999
E02000563,Burglary,2025-12,11.043700000000001
E02000563,Criminal damage and arson,2025-12,13.4921
E02000563,Disruptive crimes,2025-12,19.284100000000002
E02000563,Property theft,2025-12,25.4572
E02000563,Vehicle crime,2025-12,30.4118
E02000563,Violence,2025-12,49.239599999999996
E02000563,Anti-social behaviour,2026-01,59.4517
E02000563,Burglary,2026-01,61.49470000000001
E02000563,Criminal damage and arson,2026-01,64.0111
E02000563,Disruptive crimes,2026-01,69.95169999999999
E02000563,Property theft,2026-01,76.07229999999998
E02000563,Vehicle crime,2026-01,80.97139999999997
E02000563,Violence,2026-01,99.94149999999999
E02000563,Anti-social behaviour,2026-02,109.05529999999997
E02000563,Burglary,2026-02,111.09239999999997
E02000563,Criminal damage and arson,2026-02,113.46259999999998
E02000563,Disruptive crimes,2026-02,118.86349999999999
E02000563,Property theft,2026-02,124.71499999999997
E02000563,Vehicle crime,2026-02,129.39929999999995
E02000563,Violence,2026-02,147.35519999999994
E02000564,Anti-social behaviour,2025-12,20.176399999999997
E02000564,Burglary,2025-12,22.812299999999993
E02000564,Criminal damage and arson,2025-12,25.615799999999993
E02000564,Disruptive crimes,2025-12,39.73159999999999
E02000564,Property theft,2025-12,75.55219999999998
E02000564,Vehicle crime,2025-12,80.60279999999997
E02000564,Violence,2025-12,119.37069999999999
E02000564,Anti-social behaviour,2026-01,141.30919999999995
E02000564,Burglary,2026-01,143.84679999999994
E02000564,Criminal damage and arson,2026-01,146.66449999999995
E02000564,Disruptive crimes,2026-01,161.31279999999992
E02000564,Property theft,2026-01,197.58679999999993
E02000564,Vehicle crime,2026-01,202.58939999999993
E02000564,Violence,2026-01,241.79099999999997
E02000564,Anti-social behaviour,2026-02,261.4865
E02000564,Burglary,2026-02,264.0498
E02000564,Criminal damage and arson,2026-02,266.6872000000001
E02000564,Disruptive crimes,2026-02,280.7606000000002
E02000564,Property theft,2026-02,315.3764000000001
E02000564,Vehicle crime,2026-02,320.0828000000001
E02000564,Violence,2026-02,357.9114000000001
E02000565,Anti-social behaviour,2025-12,4.9066
E02000565,Burglary,2025-12,6.831499999999999
E02000565,Criminal damage and arson,2025-12,8.081399999999999
E02000565,Disruptive crimes,2025-12,12.044999999999998
E02000565,Property theft,2025-12,19.8252
E02000565,Vehicle crime,2025-12,22.7636
E02000565,Violence,2025-12,36.066
E02000565,Anti-social behaviour,2026-01,41.7726
E02000565,Burglary,2026-01,43.76719999999999
E02000565,Criminal damage and arson,2026-01,44.99299999999999
E02000565,Disruptive crimes,2026-01,49.00289999999998
E02000565,Property theft,2026-01,56.65569999999998
E02000565,Vehicle crime,2026-01,59.59019999999998
E02000565,Violence,2026-01,72.95459999999999
E02000565,Anti-social behaviour,2026-02,78.01129999999998
E02000565,Burglary,2026-02,80.08079999999998
E02000565,Criminal damage and arson,2026-02,81.25219999999997
E02000565,Disruptive crimes,2026-02,85.01749999999997
E02000565,Property theft,2026-02,92.05279999999996
E02000565,Vehicle crime,2026-02,94.96409999999995
E02000565,Violence,2026-02,107.40079999999995
E02000566,Anti-social behaviour,2025-12,25.6992
E02000566,Burglary,2025-12,28.438
E02000566,Criminal damage and arson,2025-12,32.4206
E02000566,Disruptive crimes,2025-12,43.1641
E02000566,Property theft,2025-12,77.7752
E02000566,Vehicle crime,2025-12,83.7459
E02000566,Violence,2025-12,113.52520000000001
E02000566,Anti-social behaviour,2026-01,140.6815
E02000566,Burglary,2026-01,143.40490000000003
E02000566,Criminal damage and arson,2026-01,147.3974
E02000566,Disruptive crimes,2026-01,158.2808
E02000566,Property theft,2026-01,192.54100000000003
E02000566,Vehicle crime,2026-01,198.36240000000004
E02000566,Violence,2026-01,228.12970000000007
E02000566,Anti-social behaviour,2026-02,253.08940000000007
E02000566,Burglary,2026-02,255.83970000000008
E02000566,Criminal damage and arson,2026-02,259.5314000000001
E02000566,Disruptive crimes,2026-02,269.5488000000001
E02000566,Property theft,2026-02,300.0897000000001
E02000566,Vehicle crime,2026-02,305.71120000000013
E02000566,Violence,2026-02,333.9024000000001
E02000567,Anti-social behaviour,2025-12,9.5743
E02000567,Burglary,2025-12,11.722099999999998
E02000567,Criminal damage and arson,2025-12,12.9066
E02000567,Disruptive crimes,2025-12,18.611
E02000567,Property theft,2025-12,33.0936
E02000567,Vehicle crime,2025-12,39.160900000000005
E02000567,Violence,2025-12,59.4927
E02000567,Anti-social behaviour,2026-01,70.4174
E02000567,Burglary,2026-01,72.6324
E02000567,Criminal damage and arson,2026-01,73.82980000000002
E02000567,Disruptive crimes,2026-01,79.62370000000001
E02000567,Property theft,2026-01,93.98330000000003
E02000567,Vehicle crime,2026-01,99.93170000000003
E02000567,Violence,2026-01,120.44740000000003
E02000567,Anti-social behaviour,2026-02,129.76150000000004
E02000567,Burglary,2026-02,132.02310000000006
E02000567,Criminal damage and arson,2026-02,133.22840000000005
E02000567,Disruptive crimes,2026-02,138.72930000000005
E02000567,Property theft,2026-02,151.93800000000007
E02000567,Vehicle crime,2026-02,157.6854000000001
E02000567,Violence,2026-02,177.00370000000007
E02000568,Anti-social behaviour,2025-12,16.210299999999997
E02000568,Burglary,2025-12,20.0297
E02000568,Criminal damage and arson,2025-12,24.834699999999994
E02000568,Disruptive crimes,2025-12,37.96169999999999
E02000568,Property theft,2025-12,57.42059999999999
E02000568,Vehicle crime,2025-12,63.73329999999999
E02000568,Violence,2025-12,102.65139999999998
E02000568,Anti-social behaviour,2026-01,120.97539999999998
E02000568,Burglary,2026-01,124.8016
E02000568,Criminal damage and arson,2026-01,129.60829999999999
E02000568,Disruptive crimes,2026-01,142.8068
E02000568,Property theft,2026-01,162.44100000000003
E02000568,Vehicle crime,2026-01,168.7225
E02000568,Violence,2026-01,208.16329999999996
E02000568,Anti-social behaviour,2026-02,224.358
E02000568,Burglary,2026-02,228.1248
E02000568,Criminal damage and arson,2026-02,232.7334
E02000568,Disruptive crimes,2026-02,245.1826
E02000568,Property theft,2026-02,263.1897
E02000568,Vehicle crime,2026-02,269.1525000000001
E02000568,Violence,2026-02,306.0908000000001
E02000569,Anti-social behaviour,2025-12,11.696299999999999
E02000569,Burglary,2025-12,14.631099999999996
E02000569,Criminal damage and arson,2025-12,17.897999999999996
E02000569,Disruptive crimes,2025-12,25.0095
E02000569,Property theft,2025-12,62.345
E02000569,Vehicle crime,2025-12,67.52300000000001
E02000569,Violence,2025-12,95.6778
E02000569,Anti-social behaviour,2026-01,108.82050000000001
E02000569,Burglary,2026-01,111.7501
E02000569,Criminal damage and arson,2026-01,115.0686
E02000569,Disruptive crimes,2026-01,122.28330000000001
E02000569,Property theft,2026-01,159.79379999999998
E02000569,Vehicle crime,2026-01,164.8304
E02000569,Violence,2026-01,193.298
E02000569,Anti-social behaviour,2026-02,205.2347
E02000569,Burglary,2026-02,208.1515
E02000569,Criminal damage and arson,2026-02,211.3167
E02000569,Disruptive crimes,2026-02,218.05679999999998
E02000569,Property theft,2026-02,253.09439999999998
E02000569,Vehicle crime,2026-02,257.89639999999997
E02000569,Violence,2026-02,284.91089999999997
E02000570,Anti-social behaviour,2025-12,6.8324
E02000570,Burglary,2025-12,8.2693
E02000570,Criminal damage and arson,2025-12,10.1032
E02000570,Disruptive crimes,2025-12,15.9107
E02000570,Property theft,2025-12,29.4895
E02000570,Vehicle crime,2025-12,35.00889999999999
E02000570,Violence,2025-12,50.43369999999999
E02000570,Anti-social behaviour,2026-01,57.985699999999994
E02000570,Burglary,2026-01,59.4713
E02000570,Criminal damage and arson,2026-01,61.3202
E02000570,Disruptive crimes,2026-01,67.2542
E02000570,Property theft,2026-01,80.8499
E02000570,Vehicle crime,2026-01,86.26440000000001
E02000570,Violence,2026-01,101.72400000000002
E02000570,Anti-social behaviour,2026-02,108.42800000000003
E02000570,Burglary,2026-02,109.94020000000002
E02000570,Criminal damage and arson,2026-02,111.72200000000001
E02000570,Disruptive crimes,2026-02,117.21410000000002
E02000570,Property theft,2026-02,129.51190000000003
E02000570,Vehicle crime,2026-02,134.70120000000003
E02000570,Violence,2026-02,149.2562
E02000571,Anti-social behaviour,2025-12,8.4849
E02000571,Burglary,2025-12,10.659
E02000571,Criminal damage and arson,2025-12,12.550200000000002
E02000571,Disruptive crimes,2025-12,19.491300000000003
E02000571,Property theft,2025-12,32.9404
E02000571,Vehicle crime,2025-12,36.87379999999999
E02000571,Violence,2025-12,56.31779999999999
E02000571,Anti-social behaviour,2026-01,66.1882
E02000571,Burglary,2026-01,68.40869999999998
E02000571,Criminal damage and arson,2026-01,70.32859999999998
E02000571,Disruptive crimes,2026-01,77.21689999999998
E02000571,Property theft,2026-01,90.58259999999999
E02000571,Vehicle crime,2026-01,94.52199999999998
E02000571,Violence,2026-01,114.08229999999996
E02000571,Anti-social behaviour,2026-02,122.27609999999997
E02000571,Burglary,2026-02,124.44159999999997
E02000571,Criminal damage and arson,2026-02,126.24069999999996
E02000571,Disruptive crimes,2026-02,132.75799999999998
E02000571,Property theft,2026-02,145.07939999999996
E02000571,Vehicle crime,2026-02,148.91259999999997
E02000571,Violence,2026-02,167.34079999999997
E02000572,Anti-social behaviour,2025-12,11.779499999999999
E02000572,Burglary,2025-12,12.578799999999998
E02000572,Criminal damage and arson,2025-12,15.020799999999998
E02000572,Disruptive crimes,2025-12,24.3264
E02000572,Property theft,2025-12,38.4052
E02000572,Vehicle crime,2025-12,41.3875
E02000572,Violence,2025-12,62.3301
E02000572,Anti-social behaviour,2026-01,75.63380000000001
E02000572,Burglary,2026-01,76.43400000000001
E02000572,Criminal damage and arson,2026-01,78.9059
E02000572,Disruptive crimes,2026-01,88.28940000000001
E02000572,Property theft,2026-01,102.3819
E02000572,Vehicle crime,2026-01,105.34700000000001
E02000572,Violence,2026-01,126.59890000000001
E02000572,Anti-social behaviour,2026-02,138.1452
E02000572,Burglary,2026-02,139.01339999999996
E02000572,Criminal damage and arson,2026-02,141.40879999999999
E02000572,Disruptive crimes,2026-02,150.2291
E02000572,Property theft,2026-02,162.8262
E02000572,Vehicle crime,2026-02,165.6554
E02000572,Violence,2026-02,185.6224
E02000573,Anti-social behaviour,2025-12,29.9482
E02000573,Burglary,2025-12,35.73979999999999
E02000573,Criminal damage and arson,2025-12,40.541799999999995
E02000573,Disruptive crimes,2025-12,56.7887
E02000573,Property theft,2025-12,157.83579999999998
E02000573,Vehicle crime,2025-12,163.73869999999997
E02000573,Violence,2025-12,210.75339999999997
E02000573,Anti-social behaviour,2026-01,242.59459999999999
E02000573,Burglary,2026-01,248.43409999999997
E02000573,Criminal damage and arson,2026-01,253.16749999999996
E02000573,Disruptive crimes,2026-01,269.4839
E02000573,Property theft,2026-01,369.40860000000004
E02000573,Vehicle crime,2026-01,375.16650000000004
E02000573,Violence,2026-01,422.1700000000001
E02000573,Anti-social behaviour,2026-02,451.27050000000014
E02000573,Burglary,2026-02,457.0387000000001
E02000573,Criminal damage and arson,2026-02,461.5478000000001
E02000573,Disruptive crimes,2026-02,476.6657000000001
E02000573,Property theft,2026-02,567.5494
E02000573,Vehicle crime,2026-02,573.1133
E02000573,Violence,2026-02,618.283
E02000574,Anti-social behaviour,2025-12,22.036
E02000574,Burglary,2025-12,25.9253
E02000574,Criminal damage and arson,2025-12,31.282399999999996
E02000574,Disruptive crimes,2025-12,55.9734
E02000574,Property theft,2025-12,119.5798
E02000574,Vehicle crime,2025-12,124.1828
E02000574,Violence,2025-12,169.59509999999997
E02000574,Anti-social behaviour,2026-01,193.2434
E02000574,Burglary,2026-01,197.13910000000004
E02000574,Criminal damage and arson,2026-01,202.43900000000002
E02000574,Disruptive crimes,2026-01,227.4605
E02000574,Property theft,2026-01,290.8555
E02000574,Vehicle crime,2026-01,295.4138
E02000574,Violence,2026-01,341.27309999999994
E02000574,Anti-social behaviour,2026-02,362.9442999999999
E02000574,Burglary,2026-02,366.7144999999999
E02000574,Criminal damage and arson,2026-02,371.71779999999984
E02000574,Disruptive crimes,2026-02,395.1992999999999
E02000574,Property theft,2026-02,453.40979999999985
E02000574,Vehicle crime,2026-02,457.8119999999998
E02000574,Violence,2026-02,501.4801999999998
E02000575,Anti-social behaviour,2025-12,27.721
E02000575,Burglary,2025-12,36.971799999999995
E02000575,Criminal damage and arson,2025-12,42.04299999999999
E02000575,Disruptive crimes,2025-12,58.61149999999999
E02000575,Property theft,2025-12,161.13529999999997
E02000575,Vehicle crime,2025-12,165.22269999999995
E02000575,Violence,2025-12,211.81299999999996
E02000575,Anti-social behaviour,2026-01,241.22149999999996
E02000575,Burglary,2026-01,250.39119999999997
E02000575,Criminal damage and arson,2026-01,255.43559999999997
E02000575,Disruptive crimes,2026-01,272.08579999999995
E02000575,Property theft,2026-01,373.24719999999996
E02000575,Vehicle crime,2026-01,377.1458
E02000575,Violence,2026-01,424.0869
E02000575,Anti-social behaviour,2026-02,449.80940000000004
E02000575,Burglary,2026-02,458.26770000000005
E02000575,Criminal damage and arson,2026-02,463.12520000000006
E02000575,Disruptive crimes,2026-02,478.5153
E02000575,Property theft,2026-02,569.8352000000002
E02000575,Vehicle crime,2026-02,573.6581000000004
E02000575,Violence,2026-02,617.9095000000004
E02000576,Anti-social behaviour,2025-12,34.8487
E02000576,Burglary,2025-12,42.44539999999999
E02000576,Criminal damage and arson,2025-12,47.567699999999995
E02000576,Disruptive crimes,2025-12,70.7664
E02000576,Property theft,2025-12,176.1883
E02000576,Vehicle crime,2025-12,184.35950000000003
E02000576,Violence,2025-12,236.9724
E02000576,Anti-social behaviour,2026-01,273.96329999999995
E02000576,Burglary,2026-01,281.58539999999994
E02000576,Criminal damage and arson,2026-01,286.7576999999999
E02000576,Disruptive crimes,2026-01,310.38529999999986
E02000576,Property theft,2026-01,414.98319999999984
E02000576,Vehicle crime,2026-01,423.2100999999998
E02000576,Violence,2026-01,475.9000999999998
E02000576,Anti-social behaviour,2026-02,509.8420999999998
E02000576,Burglary,2026-02,517.1436999999997
E02000576,Criminal damage and arson,2026-02,521.9589999999997
E02000576,Disruptive crimes,2026-02,544.0727999999998
E02000576,Property theft,2026-02,642.5942999999999
E02000576,Vehicle crime,2026-02,650.1329
E02000576,Violence,2026-02,699.7059999999999
E02000577,Anti-social behaviour,2025-12,13.009599999999999
E02000577,Burglary,2025-12,15.936799999999998
E02000577,Criminal damage and arson,2025-12,19.2981
E02000577,Disruptive crimes,2025-12,31.7736
E02000577,Property theft,2025-12,45.6189
E02000577,Vehicle crime,2025-12,49.4711
E02000577,Violence,2025-12,80.0606
E02000577,Anti-social behaviour,2026-01,95.35339999999998
E02000577,Burglary,2026-01,98.25129999999997
E02000577,Criminal damage and arson,2026-01,101.62459999999999
E02000577,Disruptive crimes,2026-01,113.80219999999997
E02000577,Property theft,2026-01,127.62059999999997
E02000577,Vehicle crime,2026-01,131.46839999999995
E02000577,Violence,2026-01,162.50669999999994
E02000577,Anti-social behaviour,2026-02,175.69829999999993
E02000577,Burglary,2026-02,178.51949999999988
E02000577,Criminal damage and arson,2026-02,181.7293999999999
E02000577,Disruptive crimes,2026-02,191.98989999999992
E02000577,Property theft,2026-02,203.86989999999992
E02000577,Vehicle crime,2026-02,207.5854999999999
E02000577,Violence,2026-02,237.07629999999986
E02000578,Anti-social behaviour,2025-12,8.2348
E02000578,Burglary,2025-12,9.3737
E02000578,Criminal damage and arson,2025-12,11.773699999999998
E02000578,Disruptive crimes,2025-12,18.6352
E02000578,Property theft,2025-12,24.3794
E02000578,Vehicle crime,2025-12,26.069100000000002
E02000578,Violence,2025-12,59.2039
E02000578,Anti-social behaviour,2026-01,68.52969999999999
E02000578,Burglary,2026-01,69.6539
E02000578,Criminal damage and arson,2026-01,72.04449999999999
E02000578,Disruptive crimes,2026-01,78.99449999999999
E02000578,Property theft,2026-01,84.7277
E02000578,Vehicle crime,2026-01,86.4019
E02000578,Violence,2026-01,119.8631
E02000578,Anti-social behaviour,2026-02,128.02190000000002
E02000578,Burglary,2026-02,129.18810000000002
E02000578,Criminal damage and arson,2026-02,131.45430000000002
E02000578,Disruptive crimes,2026-02,137.7288
E02000578,Property theft,2026-02,143.10150000000002
E02000578,Vehicle crime,2026-02,144.7408
E02000578,Violence,2026-02,176.4027
E02000579,Anti-social behaviour,2025-12,17.8027
E02000579,Burglary,2025-12,21.632
E02000579,Criminal damage and arson,2025-12,25.873
E02000579,Disruptive crimes,2025-12,37.89620000000001
E02000579,Property theft,2025-12,58.95540000000001
E02000579,Vehicle crime,2025-12,66.36040000000001
E02000579,Violence,2025-12,98.09000000000002
E02000579,Anti-social behaviour,2026-01,118.20590000000001
E02000579,Burglary,2026-01,122.07530000000001
E02000579,Criminal damage and arson,2026-01,126.366
E02000579,Disruptive crimes,2026-01,138.51270000000002
E02000579,Property theft,2026-01,159.84550000000004
E02000579,Vehicle crime,2026-01,167.00300000000001
E02000579,Violence,2026-01,199.0542
E02000579,Anti-social behaviour,2026-02,217.29019999999997
E02000579,Burglary,2026-02,221.16939999999997
E02000579,Criminal damage and arson,2026-02,225.19229999999996
E02000579,Disruptive crimes,2026-02,236.41579999999996
E02000579,Property theft,2026-02,256.17499999999995
E02000579,Vehicle crime,2026-02,263.0134
E02000579,Violence,2026-02,293.3881
E02000580,Anti-social behaviour,2025-12,14.870199999999999
E02000580,Burglary,2025-12,18.494899999999994
E02000580,Criminal damage and arson,2025-12,22.259399999999992
E02000580,Disruptive crimes,2025-12,41.89849999999999
E02000580,Property theft,2025-12,73.7103
E02000580,Vehicle crime,2025-12,79.0164
E02000580,Violence,2025-12,112.7435
E02000580,Anti-social behaviour,2026-01,129.5126
E02000580,Burglary,2026-01,133.1061
E02000580,Criminal damage and arson,2026-01,136.8703
E02000580,Disruptive crimes,2026-01,157.03689999999997
E02000580,Property theft,2026-01,188.79119999999995
E02000580,Vehicle crime,2026-01,193.94449999999998
E02000580,Violence,2026-01,228.12919999999997
E02000580,Anti-social behaviour,2026-02,242.66709999999995
E02000580,Burglary,2026-02,246.19479999999996
E02000580,Criminal damage and arson,2026-02,249.70399999999995
E02000580,Disruptive crimes,2026-02,266.50899999999996
E02000580,Property theft,2026-02,293.8669999999999
E02000580,Vehicle crime,2026-02,298.80049999999994
E02000580,Violence,2026-02,331.1895999999999
E02000581,Anti-social behaviour,2025-12,8.325
E02000581,Burglary,2025-12,8.977299999999998
E02000581,Criminal damage and arson,2025-12,9.806699999999998
E02000581,Disruptive crimes,2025-12,16.1954
E02000581,Property theft,2025-12,64.81790000000001
E02000581,Vehicle crime,2025-12,68.6056
E02000581,Violence,2025-12,85.9746
E02000581,Anti-social behaviour,2026-01,95.6229
E02000581,Burglary,2026-01,96.2536
E02000581,Criminal damage and arson,2026-01,97.14750000000001
E02000581,Disruptive crimes,2026-01,103.61410000000001
E02000581,Property theft,2026-01,153.20129999999997
E02000581,Vehicle crime,2026-01,156.95289999999997
E02000581,Violence,2026-01,174.57809999999995
E02000581,Anti-social behaviour,2026-02,183.17209999999997
E02000581,Burglary,2026-02,183.7721
E02000581,Criminal damage and arson,2026-02,184.59779999999998
E02000581,Disruptive crimes,2026-02,190.56419999999994
E02000581,Property theft,2026-02,239.78479999999993
E02000581,Vehicle crime,2026-02,243.3703999999999
E02000581,Violence,2026-02,260.08229999999986
E02000582,Anti-social behaviour,2025-12,9.1665
E02000582,Burglary,2025-12,14.8115
E02000582,Criminal damage and arson,2025-12,16.0841
E02000582,Disruptive crimes,2025-12,26.078
E02000582,Property theft,2025-12,59.924099999999996
E02000582,Vehicle crime,2025-12,64.3189
E02000582,Violence,2025-12,82.0695
E02000582,Anti-social behaviour,2026-01,92.46910000000001
E02000582,Burglary,2026-01,98.0228
E02000582,Criminal damage and arson,2026-01,99.4017
E02000582,Disruptive crimes,2026-01,110.5515
E02000582,Property theft,2026-01,144.36599999999999
E02000582,Vehicle crime,2026-01,148.69169999999997
E02000582,Violence,2026-01,166.64949999999996
E02000582,Anti-social behaviour,2026-02,175.79939999999996
E02000582,Burglary,2026-02,181.13219999999998
E02000582,Criminal damage and arson,2026-02,182.4221
E02000582,Disruptive crimes,2026-02,192.41400000000002
E02000582,Property theft,2026-02,220.6055
E02000582,Vehicle crime,2026-02,224.77280000000005
E02000582,Violence,2026-02,241.79020000000003
E02000583,Anti-social behaviour,2025-12,11.0211
E02000583,Burglary,2025-12,14.811300000000001
E02000583,Criminal damage and arson,2025-12,15.240200000000003
E02000583,Disruptive crimes,2025-12,20.6078
E02000583,Property theft,2025-12,43.074099999999994
E02000583,Vehicle crime,2025-12,50.3683
E02000583,Violence,2025-12,63.04549999999999
E02000583,Anti-social behaviour,2026-01,75.0471
E02000583,Burglary,2026-01,78.81769999999997
E02000583,Criminal damage and arson,2026-01,79.25749999999996
E02000583,Disruptive crimes,2026-01,84.68349999999998
E02000583,Property theft,2026-01,107.50529999999999
E02000583,Vehicle crime,2026-01,114.6549
E02000583,Violence,2026-01,127.5056
E02000583,Anti-social behaviour,2026-02,138.46920000000003
E02000583,Burglary,2026-02,142.15420000000003
E02000583,Criminal damage and arson,2026-02,142.55970000000005
E02000583,Disruptive crimes,2026-02,147.56180000000006
E02000583,Property theft,2026-02,168.16110000000006
E02000583,Vehicle crime,2026-02,174.96590000000006
E02000583,Violence,2026-02,187.18190000000007
E02000584,Anti-social behaviour,2025-12,14.965399999999999
E02000584,Burglary,2025-12,18.637799999999995
E02000584,Criminal damage and arson,2025-12,20.165699999999994
E02000584,Disruptive crimes,2025-12,27.417799999999993
E02000584,Property theft,2025-12,53.93799999999999
E02000584,Vehicle crime,2025-12,60.38879999999999
E02000584,Violence,2025-12,77.42629999999998
E02000584,Anti-social behaviour,2026-01,93.74529999999999
E02000584,Burglary,2026-01,97.38199999999999
E02000584,Criminal damage and arson,2026-01,99.02889999999998
E02000584,Disruptive crimes,2026-01,106.33789999999999
E02000584,Property theft,2026-01,132.7395
E02000584,Vehicle crime,2026-01,139.099
E02000584,Violence,2026-01,156.50009999999997
E02000584,Anti-social behaviour,2026-02,171.52249999999995
E02000584,Burglary,2026-02,175.05019999999993
E02000584,Criminal damage and arson,2026-02,176.59349999999992
E02000584,Disruptive crimes,2026-02,183.45129999999992
E02000584,Property theft,2026-02,205.1135999999999
E02000584,Vehicle crime,2026-02,211.15189999999993
E02000584,Violence,2026-02,227.59359999999992
E02000585,Anti-social behaviour,2025-12,8.095099999999999
E02000585,Burglary,2025-12,10.758299999999998
E02000585,Criminal damage and arson,2025-12,11.241199999999997
E02000585,Disruptive crimes,2025-12,16.028799999999997
E02000585,Property theft,2025-12,22.1815
E02000585,Vehicle crime,2025-12,27.800400000000003
E02000585,Violence,2025-12,39.05350000000001
E02000585,Anti-social behaviour,2026-01,47.98170000000001
E02000585,Burglary,2026-01,50.70010000000001
E02000585,Criminal damage and arson,2026-01,51.21970000000001
E02000585,Disruptive crimes,2026-01,56.01500000000001
E02000585,Property theft,2026-01,62.06360000000001
E02000585,Vehicle crime,2026-01,67.53410000000002
E02000585,Violence,2026-01,78.99390000000001
E02000585,Anti-social behaviour,2026-02,87.10320000000002
E02000585,Burglary,2026-02,89.77990000000001
E02000585,Criminal damage and arson,2026-02,90.23150000000001
E02000585,Disruptive crimes,2026-02,94.75890000000003
E02000585,Property theft,2026-02,100.51160000000002
E02000585,Vehicle crime,2026-02,105.73660000000001
E02000585,Violence,2026-02,116.5412
E02000586,Anti-social behaviour,2025-12,5.9391
E02000586,Burglary,2025-12,8.427
E02000586,Criminal damage and arson,2025-12,9.567800000000002
E02000586,Disruptive crimes,2025-12,11.271800000000002
E02000586,Property theft,2025-12,30.401100000000003
E02000586,Vehicle crime,2025-12,39.10490000000001
E02000586,Violence,2025-12,51.68250000000001
E02000586,Anti-social behaviour,2026-01,58.436200000000014
E02000586,Burglary,2026-01,60.90210000000001
E02000586,Criminal damage and arson,2026-01,62.10560000000002
E02000586,Disruptive crimes,2026-01,63.78020000000002
E02000586,Property theft,2026-01,83.05520000000001
E02000586,Vehicle crime,2026-01,91.7042
E02000586,Violence,2026-01,104.3411
E02000586,Anti-social behaviour,2026-02,110.40739999999998
E02000586,Burglary,2026-02,112.86269999999999
E02000586,Criminal damage and arson,2026-02,114.02759999999999
E02000586,Disruptive crimes,2026-02,115.64039999999999
E02000586,Property theft,2026-02,132.677
E02000586,Vehicle crime,2026-02,140.8994
E02000586,Violence,2026-02,152.8052
E02000587,Anti-social behaviour,2025-12,5.989
E02000587,Burglary,2025-12,7.200199999999999
E02000587,Criminal damage and arson,2025-12,7.247699999999998
E02000587,Disruptive crimes,2025-12,10.7136
E02000587,Property theft,2025-12,31.8181
E02000587,Vehicle crime,2025-12,36.8206
E02000587,Violence,2025-12,49.736200000000004
E02000587,Anti-social behaviour,2026-01,56.3248
E02000587,Burglary,2026-01,57.514799999999994
E02000587,Criminal damage and arson,2026-01,57.5781
E02000587,Disruptive crimes,2026-01,61.2121
E02000587,Property theft,2026-01,82.5756
E02000587,Vehicle crime,2026-01,87.44399999999997
E02000587,Violence,2026-01,100.52519999999998
E02000587,Anti-social behaviour,2026-02,106.82289999999998
E02000587,Burglary,2026-02,108.05369999999998
E02000587,Criminal damage and arson,2026-02,108.12569999999997
E02000587,Disruptive crimes,2026-02,111.39259999999996
E02000587,Property theft,2026-02,130.98449999999997
E02000587,Vehicle crime,2026-02,135.6223
E02000587,Violence,2026-02,147.9598
E02000588,Anti-social behaviour,2025-12,12.0031
E02000588,Burglary,2025-12,16.7526
E02000588,Criminal damage and arson,2025-12,20.250500000000002
E02000588,Disruptive crimes,2025-12,25.667800000000007
E02000588,Property theft,2025-12,90.55879999999999
E02000588,Vehicle crime,2025-12,118.09739999999998
E02000588,Violence,2025-12,142.523
E02000588,Anti-social behaviour,2026-01,156.07309999999998
E02000588,Burglary,2026-01,160.74450000000002
E02000588,Criminal damage and arson,2026-01,164.33520000000001
E02000588,Disruptive crimes,2026-01,169.61790000000002
E02000588,Property theft,2026-01,232.59500000000003
E02000588,Vehicle crime,2026-01,260.08020000000005
E02000588,Violence,2026-01,284.7010000000001
E02000588,Anti-social behaviour,2026-02,296.6511000000001
E02000588,Burglary,2026-02,301.0770000000001
E02000588,Criminal damage and arson,2026-02,304.4841000000001
E02000588,Disruptive crimes,2026-02,309.2623000000001
E02000588,Property theft,2026-02,363.77610000000004
E02000588,Vehicle crime,2026-02,388.5268000000001
E02000588,Violence,2026-02,411.8373000000001
E02000589,Anti-social behaviour,2025-12,21.4154
E02000589,Burglary,2025-12,24.263
E02000589,Criminal damage and arson,2025-12,25.431300000000004
E02000589,Disruptive crimes,2025-12,31.90760000000001
E02000589,Property theft,2025-12,48.277600000000014
E02000589,Vehicle crime,2025-12,52.46850000000001
E02000589,Violence,2025-12,71.60580000000002
E02000589,Anti-social behaviour,2026-01,93.87770000000002
E02000589,Burglary,2026-01,96.59160000000003
E02000589,Criminal damage and arson,2026-01,97.77690000000003
E02000589,Disruptive crimes,2026-01,104.34860000000003
E02000589,Property theft,2026-01,120.56120000000004
E02000589,Vehicle crime,2026-01,124.72820000000004
E02000589,Violence,2026-01,144.05010000000004
E02000589,Anti-social behaviour,2026-02,164.77010000000004
E02000589,Burglary,2026-02,167.33390000000003
E02000589,Criminal damage and arson,2026-02,168.47650000000004
E02000589,Disruptive crimes,2026-02,174.40560000000005
E02000589,Property theft,2026-02,189.03980000000004
E02000589,Vehicle crime,2026-02,193.0329
E02000589,Violence,2026-02,211.36880000000002
E02000590,Anti-social behaviour,2025-12,11.376
E02000590,Burglary,2025-12,12.934899999999999
E02000590,Criminal damage and arson,2025-12,13.2381
E02000590,Disruptive crimes,2025-12,16.187599999999996
E02000590,Property theft,2025-12,53.0014
E02000590,Vehicle crime,2025-12,58.931599999999996
E02000590,Violence,2025-12,73.0689
E02000590,Anti-social behaviour,2026-01,85.55250000000002
E02000590,Burglary,2026-01,87.08150000000002
E02000590,Criminal damage and arson,2026-01,87.41590000000001
E02000590,Disruptive crimes,2026-01,90.30290000000002
E02000590,Property theft,2026-01,127.24430000000002
E02000590,Vehicle crime,2026-01,133.17210000000003
E02000590,Violence,2026-01,147.43570000000005
E02000590,Anti-social behaviour,2026-02,158.83660000000003
E02000590,Burglary,2026-02,160.28270000000003
E02000590,Criminal damage and arson,2026-02,160.58380000000005
E02000590,Disruptive crimes,2026-02,163.2255000000001
E02000590,Property theft,2026-02,196.03760000000008
E02000590,Vehicle crime,2026-02,201.6148000000001
E02000590,Violence,2026-02,215.1536000000001
E02000591,Anti-social behaviour,2025-12,20.3033
E02000591,Burglary,2025-12,24.0458
E02000591,Criminal damage and arson,2025-12,26.3635
E02000591,Disruptive crimes,2025-12,35.239799999999995
E02000591,Property theft,2025-12,52.49829999999999
E02000591,Vehicle crime,2025-12,55.27329999999999
E02000591,Violence,2025-12,79.3591
E02000591,Anti-social behaviour,2026-01,101.3241
E02000591,Burglary,2026-01,105.05109999999999
E02000591,Criminal damage and arson,2026-01,107.44129999999997
E02000591,Disruptive crimes,2026-01,116.34819999999996
E02000591,Property theft,2026-01,133.84319999999997
E02000591,Vehicle crime,2026-01,136.54059999999996
E02000591,Violence,2026-01,161.01069999999996
E02000591,Anti-social behaviour,2026-02,180.95539999999994
E02000591,Burglary,2026-02,184.58439999999993
E02000591,Criminal damage and arson,2026-02,186.84229999999994
E02000591,Disruptive crimes,2026-02,195.20039999999995
E02000591,Property theft,2026-02,211.34669999999994
E02000591,Vehicle crime,2026-02,213.83879999999996
E02000591,Violence,2026-02,236.9542
E02000592,Anti-social behaviour,2025-12,15.7533
E02000592,Burglary,2025-12,19.438000000000002
E02000592,Criminal damage and arson,2025-12,21.2516
E02000592,Disruptive crimes,2025-12,26.022
E02000592,Property theft,2025-12,48.16
E02000592,Vehicle crime,2025-12,60.35510000000001
E02000592,Violence,2025-12,73.04050000000001
E02000592,Anti-social behaviour,2026-01,89.68690000000001
E02000592,Burglary,2026-01,93.31620000000001
E02000592,Criminal damage and arson,2026-01,95.1389
E02000592,Disruptive crimes,2026-01,99.86790000000002
E02000592,Property theft,2026-01,122.54110000000003
E02000592,Vehicle crime,2026-01,134.75390000000004
E02000592,Violence,2026-01,147.73310000000004
E02000592,Anti-social behaviour,2026-02,163.46360000000004
E02000592,Burglary,2026-02,166.86320000000006
E02000592,Criminal damage and arson,2026-02,168.58570000000006
E02000592,Disruptive crimes,2026-02,173.03660000000008
E02000592,Property theft,2026-02,192.25320000000008
E02000592,Vehicle crime,2026-02,203.72050000000007
E02000592,Violence,2026-02,216.01950000000005
E02000593,Anti-social behaviour,2025-12,9.6093
E02000593,Burglary,2025-12,10.9688
E02000593,Criminal damage and arson,2025-12,11.0175
E02000593,Disruptive crimes,2025-12,13.993
E02000593,Property theft,2025-12,19.891499999999997
E02000593,Vehicle crime,2025-12,22.350099999999994
E02000593,Violence,2025-12,32.442699999999995
E02000593,Anti-social behaviour,2026-01,43.074299999999994
E02000593,Burglary,2026-01,44.478399999999986
E02000593,Criminal damage and arson,2026-01,44.524199999999986
E02000593,Disruptive crimes,2026-01,47.55719999999999
E02000593,Property theft,2026-01,53.092199999999984
E02000593,Vehicle crime,2026-01,55.56559999999999
E02000593,Violence,2026-01,65.7674
E02000593,Anti-social behaviour,2026-02,75.2946
E02000593,Burglary,2026-02,76.7375
E02000593,Criminal damage and arson,2026-02,76.7798
E02000593,Disruptive crimes,2026-02,79.6262
E02000593,Property theft,2026-02,84.7342
E02000593,Vehicle crime,2026-02,87.1923
E02000593,Violence,2026-02,96.8819
E02000594,Anti-social behaviour,2025-12,7.9238
E02000594,Burglary,2025-12,9.5739
E02000594,Criminal damage and arson,2025-12,10.197000000000001
E02000594,Disruptive crimes,2025-12,13.197200000000002
E02000594,Property theft,2025-12,46.842999999999996
E02000594,Vehicle crime,2025-12,55.46999999999999
E02000594,Violence,2025-12,66.74389999999998
E02000594,Anti-social behaviour,2026-01,76.01869999999998
E02000594,Burglary,2026-01,77.74839999999999
E02000594,Criminal damage and arson,2026-01,78.4832
E02000594,Disruptive crimes,2026-01,81.5539
E02000594,Property theft,2026-01,114.6881
E02000594,Vehicle crime,2026-01,123.16890000000002
E02000594,Violence,2026-01,134.50520000000003
E02000594,Anti-social behaviour,2026-02,143.08030000000005
E02000594,Burglary,2026-02,144.80020000000002
E02000594,Criminal damage and arson,2026-02,145.54590000000002
E02000594,Disruptive crimes,2026-02,148.4761
E02000594,Property theft,2026-02,177.7262
E02000594,Vehicle crime,2026-02,185.7457
E02000594,Violence,2026-02,196.5825
E02000595,Anti-social behaviour,2025-12,12.5815
E02000595,Burglary,2025-12,15.2143
E02000595,Criminal damage and arson,2025-12,16.8116
E02000595,Disruptive crimes,2025-12,21.805999999999997
E02000595,Property theft,2025-12,47.443299999999994
E02000595,Vehicle crime,2025-12,62.485600000000005
E02000595,Violence,2025-12,77.6127
E02000595,Anti-social behaviour,2026-01,91.8679
E02000595,Burglary,2026-01,94.4623
E02000595,Criminal damage and arson,2026-01,96.1127
E02000595,Disruptive crimes,2026-01,101.26540000000001
E02000595,Property theft,2026-01,126.49850000000002
E02000595,Vehicle crime,2026-01,141.6682
E02000595,Violence,2026-01,157.0538
E02000595,Anti-social behaviour,2026-02,170.2134
E02000595,Burglary,2026-02,172.7422
E02000595,Criminal damage and arson,2026-02,174.2747
E02000595,Disruptive crimes,2026-02,179.0868
E02000595,Property theft,2026-02,202.39480000000003
E02000595,Vehicle crime,2026-02,216.65630000000004
E02000595,Violence,2026-02,231.13570000000004
E02000596,Anti-social behaviour,2025-12,4.5876
E02000596,Burglary,2025-12,7.6107
E02000596,Criminal damage and arson,2025-12,9.468399999999999
E02000596,Disruptive crimes,2025-12,14.255399999999996
E02000596,Property theft,2025-12,34.8262
E02000596,Vehicle crime,2025-12,42.8454
E02000596,Violence,2025-12,63.38249999999999
E02000596,Anti-social behaviour,2026-01,68.67509999999999
E02000596,Burglary,2026-01,71.70069999999998
E02000596,Criminal damage and arson,2026-01,73.62379999999997
E02000596,Disruptive crimes,2026-01,78.50259999999997
E02000596,Property theft,2026-01,99.68259999999998
E02000596,Vehicle crime,2026-01,107.6535
E02000596,Violence,2026-01,128.36049999999997
E02000596,Anti-social behaviour,2026-02,132.87859999999998
E02000596,Burglary,2026-02,135.88839999999996
E02000596,Criminal damage and arson,2026-02,137.70279999999997
E02000596,Disruptive crimes,2026-02,142.32159999999996
E02000596,Property theft,2026-02,161.38019999999995
E02000596,Vehicle crime,2026-02,168.87779999999992
E02000596,Violence,2026-02,188.5394999999999
E02000597,Anti-social behaviour,2025-12,9.0251
E02000597,Burglary,2025-12,10.1043
E02000597,Criminal damage and arson,2025-12,12.4838
E02000597,Disruptive crimes,2025-12,19.180899999999998
E02000597,Property theft,2025-12,28.431299999999993
E02000597,Vehicle crime,2025-12,34.635799999999996
E02000597,Violence,2025-12,50.4388
E02000597,Anti-social behaviour,2026-01,60.844800000000006
E02000597,Burglary,2026-01,61.91170000000001
E02000597,Criminal damage and arson,2026-01,64.4196
E02000597,Disruptive crimes,2026-01,71.2152
E02000597,Property theft,2026-01,80.492
E02000597,Vehicle crime,2026-01,86.69980000000001
E02000597,Violence,2026-01,102.75290000000001
E02000597,Anti-social behaviour,2026-02,112.10580000000003
E02000597,Burglary,2026-02,113.11290000000004
E02000597,Criminal damage and arson,2026-02,115.53070000000004
E02000597,Disruptive crimes,2026-02,121.87570000000004
E02000597,Property theft,2026-02,130.6305
E02000597,Vehicle crime,2026-02,136.42750000000004
E02000597,Violence,2026-02,151.67620000000002
E02000598,Anti-social behaviour,2025-12,1.7234000000000003
E02000598,Burglary,2025-12,1.7266000000000004
E02000598,Criminal damage and arson,2025-12,1.7269000000000003
E02000598,Disruptive crimes,2025-12,1.8411000000000002
E02000598,Property theft,2025-12,3.0076
E02000598,Vehicle crime,2025-12,3.0427
E02000598,Violence,2025-12,7.458500000000001
E02000598,Anti-social behaviour,2026-01,9.383100000000002
E02000598,Burglary,2026-01,9.386300000000002
E02000598,Criminal damage and arson,2026-01,9.386800000000003
E02000598,Disruptive crimes,2026-01,9.540900000000002
E02000598,Property theft,2026-01,10.793200000000002
E02000598,Vehicle crime,2026-01,10.835400000000002
E02000598,Violence,2026-01,15.292500000000002
E02000598,Anti-social behaviour,2026-02,17.192
E02000598,Burglary,2026-02,17.1953
E02000598,Criminal damage and arson,2026-02,17.1958
E02000598,Disruptive crimes,2026-02,17.363999999999997
E02000598,Property theft,2026-02,18.618799999999997
E02000598,Vehicle crime,2026-02,18.658599999999996
E02000598,Violence,2026-02,22.8848
E02000599,Anti-social behaviour,2025-12,1.9545
E02000599,Burglary,2025-12,2.2340999999999998
E02000599,Criminal damage and arson,2025-12,2.2379
E02000599,Disruptive crimes,2025-12,3.1277
E02000599,Property theft,2025-12,4.1414
E02000599,Vehicle crime,2025-12,6.1448
E02000599,Violence,2025-12,12.3057
E02000599,Anti-social behaviour,2026-01,14.6845
E02000599,Burglary,2026-01,14.9818
E02000599,Criminal damage and arson,2026-01,14.987
E02000599,Disruptive crimes,2026-01,16.0989
E02000599,Property theft,2026-01,17.1063
E02000599,Vehicle crime,2026-01,19.0664
E02000599,Violence,2026-01,25.2956
E02000599,Anti-social behaviour,2026-02,27.8259
E02000599,Burglary,2026-02,28.170400000000004
E02000599,Criminal damage and arson,2026-02,28.1765
E02000599,Disruptive crimes,2026-02,29.203
E02000599,Property theft,2026-02,30.1461
E02000599,Vehicle crime,2026-02,32.1381
E02000599,Violence,2026-02,38.0178
E02000600,Anti-social behaviour,2025-12,5.580399999999999
E02000600,Burglary,2025-12,5.813399999999999
E02000600,Criminal damage and arson,2025-12,5.853899999999998
E02000600,Disruptive crimes,2025-12,8.959599999999998
E02000600,Property theft,2025-12,13.510199999999996
E02000600,Vehicle crime,2025-12,15.135899999999996
E02000600,Violence,2025-12,28.047099999999997
E02000600,Anti-social behaviour,2026-01,34.7861
E02000600,Burglary,2026-01,35.0058
E02000600,Criminal damage and arson,2026-01,35.055400000000006
E02000600,Disruptive crimes,2026-01,38.251300000000015
E02000600,Property theft,2026-01,42.71430000000001
E02000600,Vehicle crime,2026-01,44.33840000000001
E02000600,Violence,2026-01,57.5131
E02000600,Anti-social behaviour,2026-02,63.793600000000005
E02000600,Burglary,2026-02,64.02010000000001
E02000600,Criminal damage and arson,2026-02,64.07510000000003
E02000600,Disruptive crimes,2026-02,67.06700000000002
E02000600,Property theft,2026-02,71.10810000000002
E02000600,Vehicle crime,2026-02,72.62760000000002
E02000600,Violence,2026-02,85.06410000000001
E02000601,Anti-social behaviour,2025-12,9.9167
E02000601,Burglary,2025-12,10.0325
E02000601,Criminal damage and arson,2025-12,10.9869
E02000601,Disruptive crimes,2025-12,15.810299999999998
E02000601,Property theft,2025-12,26.078400000000002
E02000601,Vehicle crime,2025-12,28.727999999999998
E02000601,Violence,2025-12,44.8355
E02000601,Anti-social behaviour,2026-01,56.284800000000004
E02000601,Burglary,2026-01,56.41930000000001
E02000601,Criminal damage and arson,2026-01,57.426800000000014
E02000601,Disruptive crimes,2026-01,62.224300000000014
E02000601,Property theft,2026-01,72.56490000000002
E02000601,Vehicle crime,2026-01,75.27110000000002
E02000601,Violence,2026-01,91.79160000000002
E02000601,Anti-social behaviour,2026-02,102.59870000000002
E02000601,Burglary,2026-02,102.7531
E02000601,Criminal damage and arson,2026-02,103.69220000000001
E02000601,Disruptive crimes,2026-02,108.07330000000002
E02000601,Property theft,2026-02,117.7005
E02000601,Vehicle crime,2026-02,120.24190000000002
E02000601,Violence,2026-02,136.3108
E02000602,Anti-social behaviour,2025-12,9.8755
E02000602,Burglary,2025-12,9.994699999999998
E02000602,Criminal damage and arson,2025-12,12.9691
E02000602,Disruptive crimes,2025-12,23.087899999999998
E02000602,Property theft,2025-12,32.7788
E02000602,Vehicle crime,2025-12,33.153299999999994
E02000602,Violence,2025-12,61.507999999999996
E02000602,Anti-social behaviour,2026-01,73.40259999999999
E02000602,Burglary,2026-01,73.51549999999999
E02000602,Criminal damage and arson,2026-01,76.49289999999999
E02000602,Disruptive crimes,2026-01,86.6416
E02000602,Property theft,2026-01,95.65259999999999
E02000602,Vehicle crime,2026-01,96.02929999999998
E02000602,Violence,2026-01,124.67179999999999
E02000602,Anti-social behaviour,2026-02,134.8515
E02000602,Burglary,2026-02,134.9779
E02000602,Criminal damage and arson,2026-02,137.83300000000003
E02000602,Disruptive crimes,2026-02,147.2491
E02000602,Property theft,2026-02,154.93740000000003
E02000602,Vehicle crime,2026-02,155.30350000000004
E02000602,Violence,2026-02,182.45910000000003
E02000603,Anti-social behaviour,2025-12,4.8254
E02000603,Burglary,2025-12,4.9878
E02000603,Criminal damage and arson,2025-12,5.9308000000000005
E02000603,Disruptive crimes,2025-12,8.7251
E02000603,Property theft,2025-12,14.2187
E02000603,Vehicle crime,2025-12,15.247800000000002
E02000603,Violence,2025-12,30.049
E02000603,Anti-social behaviour,2026-01,35.617799999999995
E02000603,Burglary,2026-01,35.7804
E02000603,Criminal damage and arson,2026-01,36.76689999999999
E02000603,Disruptive crimes,2026-01,39.506499999999996
E02000603,Property theft,2026-01,45.1506
E02000603,Vehicle crime,2026-01,46.2213
E02000603,Violence,2026-01,61.14000000000001
E02000603,Anti-social behaviour,2026-02,66.07220000000001
E02000603,Burglary,2026-02,66.26310000000001
E02000603,Criminal damage and arson,2026-02,67.21640000000001
E02000603,Disruptive crimes,2026-02,69.76230000000001
E02000603,Property theft,2026-02,75.03990000000002
E02000603,Vehicle crime,2026-02,76.0492
E02000603,Violence,2026-02,90.0876
E02000604,Anti-social behaviour,2025-12,9.1486
E02000604,Burglary,2025-12,10.2606
E02000604,Criminal damage and arson,2025-12,11.5778
E02000604,Disruptive crimes,2025-12,13.241299999999999
E02000604,Property theft,2025-12,25.183
E02000604,Vehicle crime,2025-12,27.8063
E02000604,Violence,2025-12,41.51349999999999
E02000604,Anti-social behaviour,2026-01,51.849399999999996
E02000604,Burglary,2026-01,52.9856
E02000604,Criminal damage and arson,2026-01,54.279500000000006
E02000604,Disruptive crimes,2026-01,55.92800000000002
E02000604,Property theft,2026-01,68.01730000000002
E02000604,Vehicle crime,2026-01,70.53840000000002
E02000604,Violence,2026-01,84.29150000000003
E02000604,Anti-social behaviour,2026-02,93.91750000000003
E02000604,Burglary,2026-02,95.09540000000004
E02000604,Criminal damage and arson,2026-02,96.35090000000004
E02000604,Disruptive crimes,2026-02,97.94390000000003
E02000604,Property theft,2026-02,109.03230000000003
E02000604,Vehicle crime,2026-02,111.47000000000004
E02000604,Violence,2026-02,124.56770000000002
E02000605,Anti-social behaviour,2025-12,3.4945000000000004
E02000605,Burglary,2025-12,3.5297000000000005
E02000605,Criminal damage and arson,2025-12,3.535000000000001
E02000605,Disruptive crimes,2025-12,3.9353000000000016
E02000605,Property theft,2025-12,5.213100000000002
E02000605,Vehicle crime,2025-12,5.638700000000002
E02000605,Violence,2025-12,12.741200000000001
E02000605,Anti-social behaviour,2026-01,17.0165
E02000605,Burglary,2026-01,17.0493
E02000605,Criminal damage and arson,2026-01,17.0565
E02000605,Disruptive crimes,2026-01,17.558899999999998
E02000605,Property theft,2026-01,18.825400000000002
E02000605,Vehicle crime,2026-01,19.2432
E02000605,Violence,2026-01,26.439600000000002
E02000605,Anti-social behaviour,2026-02,30.600700000000003
E02000605,Burglary,2026-02,30.6336
E02000605,Criminal damage and arson,2026-02,30.6422
E02000605,Disruptive crimes,2026-02,31.1644
E02000605,Property theft,2026-02,32.399499999999996
E02000605,Vehicle crime,2026-02,32.8041
E02000605,Violence,2026-02,39.6167
E02000606,Anti-social behaviour,2025-12,47.9153
E02000606,Burglary,2025-12,50.921200000000006
E02000606,Criminal damage and arson,2025-12,61.528000000000006
E02000606,Disruptive crimes,2025-12,101.22019999999999
E02000606,Property theft,2025-12,224.755
E02000606,Vehicle crime,2025-12,228.2635
E02000606,Violence,2025-12,295.6991
E02000606,Anti-social behaviour,2026-01,344.5201
E02000606,Burglary,2026-01,347.5369
E02000606,Criminal damage and arson,2026-01,358.2966
E02000606,Disruptive crimes,2026-01,398.491
E02000606,Property theft,2026-01,520.6833999999999
E02000606,Vehicle crime,2026-01,524.2679999999999
E02000606,Violence,2026-01,591.4942
E02000606,Anti-social behaviour,2026-02,637.6202
E02000606,Burglary,2026-02,640.4107999999999
E02000606,Criminal damage and arson,2026-02,650.5173999999998
E02000606,Disruptive crimes,2026-02,688.4146999999999
E02000606,Property theft,2026-02,803.0916
E02000606,Vehicle crime,2026-02,806.4557999999998
E02000606,Violence,2026-02,870.8929999999999
E02000607,Anti-social behaviour,2025-12,3.2827
E02000607,Burglary,2025-12,3.3544
E02000607,Criminal damage and arson,2025-12,3.3789000000000002
E02000607,Disruptive crimes,2025-12,4.1258
E02000607,Property theft,2025-12,5.1137
E02000607,Vehicle crime,2025-12,5.553
E02000607,Violence,2025-12,10.546899999999997
E02000607,Anti-social behaviour,2026-01,14.220399999999998
E02000607,Burglary,2026-01,14.287499999999998
E02000607,Criminal damage and arson,2026-01,14.312299999999999
E02000607,Disruptive crimes,2026-01,15.026399999999999
E02000607,Property theft,2026-01,16.007199999999997
E02000607,Vehicle crime,2026-01,16.447699999999998
E02000607,Violence,2026-01,21.5602
E02000607,Anti-social behaviour,2026-02,25.023000000000003
E02000607,Burglary,2026-02,25.103300000000004
E02000607,Criminal damage and arson,2026-02,25.128500000000006
E02000607,Disruptive crimes,2026-02,25.842000000000006
E02000607,Property theft,2026-02,26.798600000000008
E02000607,Vehicle crime,2026-02,27.208800000000007
E02000607,Violence,2026-02,32.04570000000001
E02000608,Anti-social behaviour,2025-12,11.0513
E02000608,Burglary,2025-12,11.8715
E02000608,Criminal damage and arson,2025-12,13.058499999999999
E02000608,Disruptive crimes,2025-12,19.2301
E02000608,Property theft,2025-12,33.5316
E02000608,Vehicle crime,2025-12,34.681999999999995
E02000608,Violence,2025-12,48.8029
E02000608,Anti-social behaviour,2026-01,60.895300000000006
E02000608,Burglary,2026-01,61.73830000000001
E02000608,Criminal damage and arson,2026-01,62.87620000000001
E02000608,Disruptive crimes,2026-01,69.21530000000001
E02000608,Property theft,2026-01,83.3341
E02000608,Vehicle crime,2026-01,84.52690000000001
E02000608,Violence,2026-01,98.84440000000002
E02000608,Anti-social behaviour,2026-02,109.71450000000003
E02000608,Burglary,2026-02,110.55520000000003
E02000608,Criminal damage and arson,2026-02,111.68180000000004
E02000608,Disruptive crimes,2026-02,117.63060000000004
E02000608,Property theft,2026-02,130.23490000000004
E02000608,Vehicle crime,2026-02,131.28280000000004
E02000608,Violence,2026-02,144.81910000000005
E02000609,Anti-social behaviour,2025-12,2.8918999999999997
E02000609,Burglary,2025-12,3.0046000000000004
E02000609,Criminal damage and arson,2025-12,3.1224000000000003
E02000609,Disruptive crimes,2025-12,4.9289000000000005
E02000609,Property theft,2025-12,6.227
E02000609,Vehicle crime,2025-12,6.469600000000001
E02000609,Violence,2025-12,14.6921
E02000609,Anti-social behaviour,2026-01,18.198099999999997
E02000609,Burglary,2026-01,18.299799999999994
E02000609,Criminal damage and arson,2026-01,18.428099999999993
E02000609,Disruptive crimes,2026-01,20.365399999999998
E02000609,Property theft,2026-01,21.731399999999994
E02000609,Vehicle crime,2026-01,22.011999999999993
E02000609,Violence,2026-01,30.20629999999999
E02000609,Anti-social behaviour,2026-02,33.75149999999999
E02000609,Burglary,2026-02,33.8636
E02000609,Criminal damage and arson,2026-02,33.9845
E02000609,Disruptive crimes,2026-02,35.7827
E02000609,Property theft,2026-02,37.03939999999999
E02000609,Vehicle crime,2026-02,37.30489999999999
E02000609,Violence,2026-02,45.03759999999999
E02000610,Anti-social behaviour,2025-12,9.7074
E02000610,Burglary,2025-12,9.721699999999998
E02000610,Criminal damage and arson,2025-12,10.5184
E02000610,Disruptive crimes,2025-12,12.4885
E02000610,Property theft,2025-12,14.9346
E02000610,Vehicle crime,2025-12,15.393799999999999
E02000610,Violence,2025-12,25.280399999999997
E02000610,Anti-social behaviour,2026-01,35.757799999999996
E02000610,Burglary,2026-01,35.77369999999999
E02000610,Criminal damage and arson,2026-01,36.57479999999999
E02000610,Disruptive crimes,2026-01,38.60789999999999
E02000610,Property theft,2026-01,41.05869999999999
E02000610,Vehicle crime,2026-01,41.59129999999999
E02000610,Violence,2026-01,51.63579999999999
E02000610,Anti-social behaviour,2026-02,61.07199999999999
E02000610,Burglary,2026-02,61.08689999999999
E02000610,Criminal damage and arson,2026-02,61.8305
E02000610,Disruptive crimes,2026-02,63.7416
E02000610,Property theft,2026-02,66.0715
E02000610,Vehicle crime,2026-02,66.59320000000002
E02000610,Violence,2026-02,76.09270000000001
E02000611,Anti-social behaviour,2025-12,0.839
E02000611,Burglary,2025-12,0.8405999999999999
E02000611,Criminal damage and arson,2025-12,0.8408999999999999
E02000611,Disruptive crimes,2025-12,0.8410999999999998
E02000611,Property theft,2025-12,1.2832999999999999
E02000611,Vehicle crime,2025-12,1.8860999999999999
E02000611,Violence,2025-12,5.1001
E02000611,Anti-social behaviour,2026-01,6.2349
E02000611,Burglary,2026-01,6.2372000000000005
E02000611,Criminal damage and arson,2026-01,6.2376000000000005
E02000611,Disruptive crimes,2026-01,6.238100000000001
E02000611,Property theft,2026-01,6.716800000000001
E02000611,Vehicle crime,2026-01,7.408600000000002
E02000611,Violence,2026-01,10.734100000000002
E02000611,Anti-social behaviour,2026-02,12.083500000000003
E02000611,Burglary,2026-02,12.086000000000002
E02000611,Criminal damage and arson,2026-02,12.086400000000001
E02000611,Disruptive crimes,2026-02,12.0869
E02000611,Property theft,2026-02,12.496400000000001
E02000611,Vehicle crime,2026-02,13.190100000000001
E02000611,Violence,2026-02,16.293400000000002
E02000612,Anti-social behaviour,2025-12,3.0210999999999997
E02000612,Burglary,2025-12,3.0220999999999996
E02000612,Criminal damage and arson,2025-12,3.0477999999999996
E02000612,Disruptive crimes,2025-12,3.5974
E02000612,Property theft,2025-12,4.6917
E02000612,Vehicle crime,2025-12,4.8401
E02000612,Violence,2025-12,11.512199999999998
E02000612,Anti-social behaviour,2026-01,15.065399999999997
E02000612,Burglary,2026-01,15.066499999999998
E02000612,Criminal damage and arson,2026-01,15.098899999999999
E02000612,Disruptive crimes,2026-01,15.698299999999998
E02000612,Property theft,2026-01,16.762999999999998
E02000612,Vehicle crime,2026-01,16.900799999999997
E02000612,Violence,2026-01,23.726599999999998
E02000612,Anti-social behaviour,2026-02,27.172699999999995
E02000612,Burglary,2026-02,27.173899999999993
E02000612,Criminal damage and arson,2026-02,27.207699999999992
E02000612,Disruptive crimes,2026-02,27.740399999999994
E02000612,Property theft,2026-02,28.777099999999994
E02000612,Vehicle crime,2026-02,28.901799999999994
E02000612,Violence,2026-02,35.190999999999995
E02000613,Anti-social behaviour,2025-12,3.9013
E02000613,Burglary,2025-12,3.9016000000000006
E02000613,Criminal damage and arson,2025-12,4.615100000000001
E02000613,Disruptive crimes,2025-12,6.3713
E02000613,Property theft,2025-12,8.9949
E02000613,Vehicle crime,2025-12,10.9224
E02000613,Violence,2025-12,21.7222
E02000613,Anti-social behaviour,2026-01,26.243400000000005
E02000613,Burglary,2026-01,26.243800000000004
E02000613,Criminal damage and arson,2026-01,26.9935
E02000613,Disruptive crimes,2026-01,28.8489
E02000613,Property theft,2026-01,31.5205
E02000613,Vehicle crime,2026-01,33.6521
E02000613,Violence,2026-01,44.6812
E02000613,Anti-social behaviour,2026-02,48.80219999999999
E02000613,Burglary,2026-02,48.802699999999994
E02000613,Criminal damage and arson,2026-02,49.4768
E02000613,Disruptive crimes,2026-02,51.189600000000006
E02000613,Property theft,2026-02,53.74000000000001
E02000613,Vehicle crime,2026-02,55.68360000000001
E02000613,Violence,2026-02,66.02740000000001
E02000614,Anti-social behaviour,2025-12,10.372499999999999
E02000614,Burglary,2025-12,11.335799999999997
E02000614,Criminal damage and arson,2025-12,15.361099999999997
E02000614,Disruptive crimes,2025-12,21.533699999999996
E02000614,Property theft,2025-12,27.478699999999996
E02000614,Vehicle crime,2025-12,32.285199999999996
E02000614,Violence,2025-12,52.9003
E02000614,Anti-social behaviour,2026-01,64.4674
E02000614,Burglary,2026-01,65.46849999999999
E02000614,Criminal damage and arson,2026-01,69.53849999999998
E02000614,Disruptive crimes,2026-01,75.93899999999998
E02000614,Property theft,2026-01,81.79729999999998
E02000614,Vehicle crime,2026-01,86.58359999999998
E02000614,Violence,2026-01,107.55279999999998
E02000614,Anti-social behaviour,2026-02,118.3046
E02000614,Burglary,2026-02,119.35
E02000614,Criminal damage and arson,2026-02,123.17759999999998
E02000614,Disruptive crimes,2026-02,129.21409999999997
E02000614,Property theft,2026-02,134.72059999999996
E02000614,Vehicle crime,2026-02,139.28679999999997
E02000614,Violence,2026-02,159.21179999999998
E02000615,Anti-social behaviour,2025-12,4.2278
E02000615,Burglary,2025-12,4.2326
E02000615,Criminal damage and arson,2025-12,6.4384
E02000615,Disruptive crimes,2025-12,7.4007
E02000615,Property theft,2025-12,10.200699999999998
E02000615,Vehicle crime,2025-12,12.274499999999996
E02000615,Violence,2025-12,21.884999999999998
E02000615,Anti-social behaviour,2026-01,26.9359
E02000615,Burglary,2026-01,26.9415
E02000615,Criminal damage and arson,2026-01,29.3078
E02000615,Disruptive crimes,2026-01,30.346
E02000615,Property theft,2026-01,33.179100000000005
E02000615,Vehicle crime,2026-01,35.2946
E02000615,Violence,2026-01,45.007
E02000615,Anti-social behaviour,2026-02,49.894
E02000615,Burglary,2026-02,49.89960000000001
E02000615,Criminal damage and arson,2026-02,52.12690000000001
E02000615,Disruptive crimes,2026-02,53.10230000000002
E02000615,Property theft,2026-02,55.75520000000002
E02000615,Vehicle crime,2026-02,57.72730000000003
E02000615,Violence,2026-02,66.79660000000003
E02000616,Anti-social behaviour,2025-12,2.1971
E02000616,Burglary,2025-12,2.1976
E02000616,Criminal damage and arson,2025-12,2.2872
E02000616,Disruptive crimes,2025-12,2.2921
E02000616,Property theft,2025-12,2.3029
E02000616,Vehicle crime,2025-12,2.7819000000000003
E02000616,Violence,2025-12,7.9921
E02000616,Anti-social behaviour,2026-01,10.646400000000002
E02000616,Burglary,2026-01,10.647100000000002
E02000616,Criminal damage and arson,2026-01,10.7585
E02000616,Disruptive crimes,2026-01,10.766100000000002
E02000616,Property theft,2026-01,10.781800000000002
E02000616,Vehicle crime,2026-01,11.248700000000003
E02000616,Violence,2026-01,16.466400000000004
E02000616,Anti-social behaviour,2026-02,19.004300000000004
E02000616,Burglary,2026-02,19.005000000000003
E02000616,Criminal damage and arson,2026-02,19.128200000000003
E02000616,Disruptive crimes,2026-02,19.1367
E02000616,Property theft,2026-02,19.154700000000002
E02000616,Vehicle crime,2026-02,19.565500000000004
E02000616,Violence,2026-02,24.467800000000004
E02000617,Anti-social behaviour,2025-12,6.037800000000001
E02000617,Burglary,2025-12,6.0402000000000005
E02000617,Criminal damage and arson,2025-12,7.5129
E02000617,Disruptive crimes,2025-12,10.5025
E02000617,Property theft,2025-12,12.3943
E02000617,Vehicle crime,2025-12,13.564499999999999
E02000617,Violence,2025-12,26.1225
E02000617,Anti-social behaviour,2026-01,33.672799999999995
E02000617,Burglary,2026-01,33.6752
E02000617,Criminal damage and arson,2026-01,35.182999999999986
E02000617,Disruptive crimes,2026-01,38.20699999999999
E02000617,Property theft,2026-01,40.04829999999999
E02000617,Vehicle crime,2026-01,41.149899999999995
E02000617,Violence,2026-01,53.794599999999996
E02000617,Anti-social behaviour,2026-02,60.758599999999994
E02000617,Burglary,2026-02,60.7609
E02000617,Criminal damage and arson,2026-02,62.178000000000004
E02000617,Disruptive crimes,2026-02,64.99690000000001
E02000617,Property theft,2026-02,66.63830000000002
E02000617,Vehicle crime,2026-02,67.71630000000002
E02000617,Violence,2026-02,79.79620000000001
E02000619,Anti-social behaviour,2025-12,11.939699999999998
E02000619,Burglary,2025-12,13.665199999999999
E02000619,Criminal damage and arson,2025-12,15.851099999999997
E02000619,Disruptive crimes,2025-12,21.307599999999994
E02000619,Property theft,2025-12,34.92389999999999
E02000619,Vehicle crime,2025-12,35.62759999999999
E02000619,Violence,2025-12,55.26139999999999
E02000619,Anti-social behaviour,2026-01,68.70889999999999
E02000619,Burglary,2026-01,70.41499999999999
E02000619,Criminal damage and arson,2026-01,72.64139999999999
E02000619,Disruptive crimes,2026-01,78.1157
E02000619,Property theft,2026-01,91.83169999999998
E02000619,Vehicle crime,2026-01,92.56909999999998
E02000619,Violence,2026-01,112.28939999999997
E02000619,Anti-social behaviour,2026-02,124.30479999999997
E02000619,Burglary,2026-02,126.02069999999998
E02000619,Criminal damage and arson,2026-02,128.08249999999998
E02000619,Disruptive crimes,2026-02,133.21489999999997
E02000619,Property theft,2026-02,146.1345
E02000619,Vehicle crime,2026-02,146.9325
E02000619,Violence,2026-02,165.62589999999997
E02000620,Anti-social behaviour,2025-12,15.2013
E02000620,Burglary,2025-12,17.4043
E02000620,Criminal damage and arson,2025-12,19.185899999999997
E02000620,Disruptive crimes,2025-12,27.322699999999994
E02000620,Property theft,2025-12,68.738
E02000620,Vehicle crime,2025-12,70.55059999999999
E02000620,Violence,2025-12,107.94999999999999
E02000620,Anti-social behaviour,2026-01,124.55759999999998
E02000620,Burglary,2026-01,126.72069999999998
E02000620,Criminal damage and arson,2026-01,128.51309999999998
E02000620,Disruptive crimes,2026-01,136.59759999999997
E02000620,Property theft,2026-01,178.25639999999999
E02000620,Vehicle crime,2026-01,180.0066
E02000620,Violence,2026-01,217.58679999999998
E02000620,Anti-social behaviour,2026-02,233.1302
E02000620,Burglary,2026-02,235.23490000000004
E02000620,Criminal damage and arson,2026-02,236.93290000000007
E02000620,Disruptive crimes,2026-02,244.4585000000001
E02000620,Property theft,2026-02,284.18630000000013
E02000620,Vehicle crime,2026-02,285.9913
E02000620,Violence,2026-02,322.5341
E02000621,Anti-social behaviour,2025-12,23.198900000000002
E02000621,Burglary,2025-12,27.091
E02000621,Criminal damage and arson,2025-12,31.446199999999994
E02000621,Disruptive crimes,2025-12,46.66149999999999
E02000621,Property theft,2025-12,132.7217
E02000621,Vehicle crime,2025-12,136.78180000000003
E02000621,Violence,2025-12,190.52360000000002
E02000621,Anti-social behaviour,2026-01,216.09560000000002
E02000621,Burglary,2026-01,219.90750000000003
E02000621,Criminal damage and arson,2026-01,224.31100000000006
E02000621,Disruptive crimes,2026-01,239.59040000000005
E02000621,Property theft,2026-01,325.96750000000003
E02000621,Vehicle crime,2026-01,329.8518
E02000621,Violence,2026-01,384.2195
E02000621,Anti-social behaviour,2026-02,407.0276
E02000621,Burglary,2026-02,410.7631
E02000621,Criminal damage and arson,2026-02,414.88379999999995
E02000621,Disruptive crimes,2026-02,428.80580000000003
E02000621,Property theft,2026-02,509.23810000000003
E02000621,Vehicle crime,2026-02,513.1229
E02000621,Violence,2026-02,565.5660999999999
E02000622,Anti-social behaviour,2025-12,10.6451
E02000622,Burglary,2025-12,11.990299999999998
E02000622,Criminal damage and arson,2025-12,14.482899999999999
E02000622,Disruptive crimes,2025-12,22.519199999999998
E02000622,Property theft,2025-12,36.1308
E02000622,Vehicle crime,2025-12,38.73229999999999
E02000622,Violence,2025-12,62.26179999999998
E02000622,Anti-social behaviour,2026-01,74.28779999999998
E02000622,Burglary,2026-01,75.72699999999998
E02000622,Criminal damage and arson,2026-01,78.30029999999998
E02000622,Disruptive crimes,2026-01,86.38749999999997
E02000622,Property theft,2026-01,99.94989999999999
E02000622,Vehicle crime,2026-01,102.54039999999999
E02000622,Violence,2026-01,126.2515
E02000622,Anti-social behaviour,2026-02,136.4744
E02000622,Burglary,2026-02,137.97719999999998
E02000622,Criminal damage and arson,2026-02,140.40779999999998
E02000622,Disruptive crimes,2026-02,147.93619999999996
E02000622,Property theft,2026-02,160.61849999999995
E02000622,Vehicle crime,2026-02,163.16459999999995
E02000622,Violence,2026-02,185.62559999999996
E02000623,Anti-social behaviour,2025-12,6.8855
E02000623,Burglary,2025-12,7.560899999999999
E02000623,Criminal damage and arson,2025-12,7.622199999999999
E02000623,Disruptive crimes,2025-12,11.2008
E02000623,Property theft,2025-12,16.4483
E02000623,Vehicle crime,2025-12,18.8357
E02000623,Violence,2025-12,29.996599999999997
E02000623,Anti-social behaviour,2026-01,37.8152
E02000623,Burglary,2026-01,38.47709999999999
E02000623,Criminal damage and arson,2026-01,38.55629999999999
E02000623,Disruptive crimes,2026-01,42.28359999999999
E02000623,Property theft,2026-01,47.57
E02000623,Vehicle crime,2026-01,49.909
E02000623,Violence,2026-01,61.0238
E02000623,Anti-social behaviour,2026-02,67.938
E02000623,Burglary,2026-02,68.5826
E02000623,Criminal damage and arson,2026-02,68.6682
E02000623,Disruptive crimes,2026-02,72.12310000000001
E02000623,Property theft,2026-02,77.07770000000001
E02000623,Vehicle crime,2026-02,79.38230000000001
E02000623,Violence,2026-02,89.99460000000002
E02000624,Anti-social behaviour,2025-12,13.827000000000002
E02000624,Burglary,2025-12,15.1682
E02000624,Criminal damage and arson,2025-12,17.228800000000003
E02000624,Disruptive crimes,2025-12,22.293100000000003
E02000624,Property theft,2025-12,30.9954
E02000624,Vehicle crime,2025-12,32.65160000000001
E02000624,Violence,2025-12,50.75350000000002
E02000624,Anti-social behaviour,2026-01,66.35230000000001
E02000624,Burglary,2026-01,67.63010000000001
E02000624,Criminal damage and arson,2026-01,69.6907
E02000624,Disruptive crimes,2026-01,74.71150000000002
E02000624,Property theft,2026-01,83.34720000000002
E02000624,Vehicle crime,2026-01,84.91940000000002
E02000624,Violence,2026-01,103.12850000000003
E02000624,Anti-social behaviour,2026-02,116.79580000000003
E02000624,Burglary,2026-02,118.04330000000003
E02000624,Criminal damage and arson,2026-02,119.97720000000004
E02000624,Disruptive crimes,2026-02,124.72660000000003
E02000624,Property theft,2026-02,132.63870000000003
E02000624,Vehicle crime,2026-02,134.2152
E02000624,Violence,2026-02,151.3878
E02000625,Anti-social behaviour,2025-12,16.2253
E02000625,Burglary,2025-12,18.0526
E02000625,Criminal damage and arson,2025-12,20.554
E02000625,Disruptive crimes,2025-12,26.6788
E02000625,Property theft,2025-12,38.414300000000004
E02000625,Vehicle crime,2025-12,40.41010000000001
E02000625,Violence,2025-12,64.89320000000001
E02000625,Anti-social behaviour,2026-01,82.652
E02000625,Burglary,2026-01,84.49160000000002
E02000625,Criminal damage and arson,2026-01,87.04650000000002
E02000625,Disruptive crimes,2026-01,92.9779
E02000625,Property theft,2026-01,104.5993
E02000625,Vehicle crime,2026-01,106.5951
E02000625,Violence,2026-01,131.3123
E02000625,Anti-social behaviour,2026-02,146.4813
E02000625,Burglary,2026-02,148.311
E02000625,Criminal damage and arson,2026-02,150.70610000000002
E02000625,Disruptive crimes,2026-02,156.2156
E02000625,Property theft,2026-02,166.479
E02000625,Vehicle crime,2026-02,168.4152
E02000625,Violence,2026-02,191.67979999999997
E02000626,Anti-social behaviour,2025-12,10.888000000000002
E02000626,Burglary,2025-12,12.3749
E02000626,Criminal damage and arson,2025-12,14.056100000000002
E02000626,Disruptive crimes,2025-12,19.44
E02000626,Property theft,2025-12,24.748100000000004
E02000626,Vehicle crime,2025-12,27.249100000000002
E02000626,Violence,2025-12,43.3341
E02000626,Anti-social behaviour,2026-01,55.3677
E02000626,Burglary,2026-01,56.89940000000001
E02000626,Criminal damage and arson,2026-01,58.55040000000001
E02000626,Disruptive crimes,2026-01,63.98650000000002
E02000626,Property theft,2026-01,69.31700000000001
E02000626,Vehicle crime,2026-01,71.75970000000002
E02000626,Violence,2026-01,87.88720000000002
E02000626,Anti-social behaviour,2026-02,98.62430000000002
E02000626,Burglary,2026-02,100.15030000000002
E02000626,Criminal damage and arson,2026-02,101.72590000000001
E02000626,Disruptive crimes,2026-02,106.8856
E02000626,Property theft,2026-02,111.94999999999999
E02000626,Vehicle crime,2026-02,114.28939999999999
E02000626,Violence,2026-02,129.4975
E02000627,Anti-social behaviour,2025-12,9.061
E02000627,Burglary,2025-12,10.202300000000001
E02000627,Criminal damage and arson,2025-12,13.6989
E02000627,Disruptive crimes,2025-12,19.389699999999998
E02000627,Property theft,2025-12,28.560000000000002
E02000627,Vehicle crime,2025-12,32.3046
E02000627,Violence,2025-12,65.0798
E02000627,Anti-social behaviour,2026-01,75.58149999999999
E02000627,Burglary,2026-01,76.71109999999997
E02000627,Criminal damage and arson,2026-01,80.18959999999998
E02000627,Disruptive crimes,2026-01,85.64249999999996
E02000627,Property theft,2026-01,94.34779999999995
E02000627,Vehicle crime,2026-01,98.05789999999993
E02000627,Violence,2026-01,131.10059999999996
E02000627,Anti-social behaviour,2026-02,140.07739999999998
E02000627,Burglary,2026-02,141.28209999999996
E02000627,Criminal damage and arson,2026-02,144.56379999999993
E02000627,Disruptive crimes,2026-02,149.83059999999992
E02000627,Property theft,2026-02,156.85699999999994
E02000627,Vehicle crime,2026-02,160.43289999999993
E02000627,Violence,2026-02,191.68489999999997
E02000628,Anti-social behaviour,2025-12,42.7542
E02000628,Burglary,2025-12,45.7696
E02000628,Criminal damage and arson,2025-12,53.2236
E02000628,Disruptive crimes,2025-12,97.5065
E02000628,Property theft,2025-12,163.4858
E02000628,Vehicle crime,2025-12,167.06449999999998
E02000628,Violence,2025-12,239.56219999999996
E02000628,Anti-social behaviour,2026-01,284.0636999999999
E02000628,Burglary,2026-01,287.08899999999994
E02000628,Criminal damage and arson,2026-01,294.80069999999995
E02000628,Disruptive crimes,2026-01,339.1365999999999
E02000628,Property theft,2026-01,403.60819999999984
E02000628,Vehicle crime,2026-01,407.2076999999998
E02000628,Violence,2026-01,479.00119999999987
E02000628,Anti-social behaviour,2026-02,519.5591999999999
E02000628,Burglary,2026-02,522.3626999999999
E02000628,Criminal damage and arson,2026-02,529.4572999999998
E02000628,Disruptive crimes,2026-02,571.4978999999998
E02000628,Property theft,2026-02,628.6057
E02000628,Vehicle crime,2026-02,632.0594
E02000628,Violence,2026-02,699.7332
E02000629,Anti-social behaviour,2025-12,8.539200000000001
E02000629,Burglary,2025-12,12.299000000000001
E02000629,Criminal damage and arson,2025-12,14.7712
E02000629,Disruptive crimes,2025-12,23.537300000000002
E02000629,Property theft,2025-12,74.12790000000001
E02000629,Vehicle crime,2025-12,80.2026
E02000629,Violence,2025-12,115.29440000000001
E02000629,Anti-social behaviour,2026-01,124.79150000000003
E02000629,Burglary,2026-01,128.47140000000005
E02000629,Criminal damage and arson,2026-01,130.95360000000005
E02000629,Disruptive crimes,2026-01,139.62710000000004
E02000629,Property theft,2026-01,189.83190000000005
E02000629,Vehicle crime,2026-01,195.82130000000004
E02000629,Violence,2026-01,230.89760000000007
E02000629,Anti-social behaviour,2026-02,238.93890000000007
E02000629,Burglary,2026-02,242.53440000000006
E02000629,Criminal damage and arson,2026-02,244.8801
E02000629,Disruptive crimes,2026-02,252.98579999999998
E02000629,Property theft,2026-02,298.51320000000004
E02000629,Vehicle crime,2026-02,304.209
E02000629,Violence,2026-02,337.4286
E02000630,Anti-social behaviour,2025-12,8.89
E02000630,Burglary,2025-12,11.832
E02000630,Criminal damage and arson,2025-12,13.3911
E02000630,Disruptive crimes,2025-12,17.3412
E02000630,Property theft,2025-12,43.2205
E02000630,Vehicle crime,2025-12,50.466100000000004
E02000630,Violence,2025-12,66.5695
E02000630,Anti-social behaviour,2026-01,76.41020000000002
E02000630,Burglary,2026-01,79.32390000000001
E02000630,Criminal damage and arson,2026-01,80.8625
E02000630,Disruptive crimes,2026-01,84.7817
E02000630,Property theft,2026-01,110.78729999999999
E02000630,Vehicle crime,2026-01,117.94289999999998
E02000630,Violence,2026-01,134.18419999999998
E02000630,Anti-social behaviour,2026-02,142.873
E02000630,Burglary,2026-02,145.6803
E02000630,Criminal damage and arson,2026-02,147.1916
E02000630,Disruptive crimes,2026-02,150.91589999999997
E02000630,Property theft,2026-02,175.28279999999998
E02000630,Vehicle crime,2026-02,182.0887
E02000630,Violence,2026-02,197.4265
E02000631,Anti-social behaviour,2025-12,6.5825000000000005
E02000631,Burglary,2025-12,8.636800000000001
E02000631,Criminal damage and arson,2025-12,11.314599999999999
E02000631,Disruptive crimes,2025-12,18.812099999999997
E02000631,Property theft,2025-12,40.16859999999999
E02000631,Vehicle crime,2025-12,46.02009999999999
E02000631,Violence,2025-12,82.4524
E02000631,Anti-social behaviour,2026-01,89.83149999999999
E02000631,Burglary,2026-01,91.8169
E02000631,Criminal damage and arson,2026-01,94.50750000000001
E02000631,Disruptive crimes,2026-01,102.1436
E02000631,Property theft,2026-01,123.6132
E02000631,Vehicle crime,2026-01,129.33520000000001
E02000631,Violence,2026-01,166.0018
E02000631,Anti-social behaviour,2026-02,172.32279999999997
E02000631,Burglary,2026-02,174.29939999999996
E02000631,Criminal damage and arson,2026-02,176.826
E02000631,Disruptive crimes,2026-02,183.9811
E02000631,Property theft,2026-02,204.07839999999996
E02000631,Vehicle crime,2026-02,209.53619999999995
E02000631,Violence,2026-02,244.82329999999993
E02000632,Anti-social behaviour,2025-12,14.6239
E02000632,Burglary,2025-12,17.316800000000004
E02000632,Criminal damage and arson,2025-12,19.383400000000005
E02000632,Disruptive crimes,2025-12,24.054400000000005
E02000632,Property theft,2025-12,44.4589
E02000632,Vehicle crime,2025-12,49.4852
E02000632,Violence,2025-12,68.4075
E02000632,Anti-social behaviour,2026-01,84.24810000000001
E02000632,Burglary,2026-01,86.9205
E02000632,Criminal damage and arson,2026-01,89.03689999999999
E02000632,Disruptive crimes,2026-01,93.6647
E02000632,Property theft,2026-01,114.009
E02000632,Vehicle crime,2026-01,118.98389999999999
E02000632,Violence,2026-01,138.101
E02000632,Anti-social behaviour,2026-02,152.2574
E02000632,Burglary,2026-02,154.9689
E02000632,Criminal damage and arson,2026-02,156.9545
E02000632,Disruptive crimes,2026-02,161.3119
E02000632,Property theft,2026-02,180.1819
E02000632,Vehicle crime,2026-02,184.9776
E02000632,Violence,2026-02,202.8167
E02000633,Anti-social behaviour,2025-12,32.0099
E02000633,Burglary,2025-12,35.316700000000004
E02000633,Criminal damage and arson,2025-12,39.9636
E02000633,Disruptive crimes,2025-12,57.075
E02000633,Property theft,2025-12,93.36080000000001
E02000633,Vehicle crime,2025-12,99.03710000000002
E02000633,Violence,2025-12,138.94110000000003
E02000633,Anti-social behaviour,2026-01,172.68490000000006
E02000633,Burglary,2026-01,175.96850000000006
E02000633,Criminal damage and arson,2026-01,180.58780000000007
E02000633,Disruptive crimes,2026-01,197.56470000000007
E02000633,Property theft,2026-01,232.83180000000007
E02000633,Vehicle crime,2026-01,238.52380000000005
E02000633,Violence,2026-01,278.6077
E02000633,Anti-social behaviour,2026-02,309.6112
E02000633,Burglary,2026-02,312.8715
E02000633,Criminal damage and arson,2026-02,317.23460000000006
E02000633,Disruptive crimes,2026-02,332.6738
E02000633,Property theft,2026-02,363.5875
E02000633,Vehicle crime,2026-02,369.01739999999995
E02000633,Violence,2026-02,406.89109999999994
E02000634,Anti-social behaviour,2025-12,14.9052
E02000634,Burglary,2025-12,17.8097
E02000634,Criminal damage and arson,2025-12,20.614300000000004
E02000634,Disruptive crimes,2025-12,26.615800000000004
E02000634,Property theft,2025-12,62.034800000000004
E02000634,Vehicle crime,2025-12,66.05330000000001
E02000634,Violence,2025-12,88.65500000000002
E02000634,Anti-social behaviour,2026-01,105.16950000000001
E02000634,Burglary,2026-01,108.12900000000002
E02000634,Criminal damage and arson,2026-01,110.9835
E02000634,Disruptive crimes,2026-01,116.9915
E02000634,Property theft,2026-01,151.9444
E02000634,Vehicle crime,2026-01,155.95420000000001
E02000634,Violence,2026-01,178.793
E02000634,Anti-social behaviour,2026-02,193.7508
E02000634,Burglary,2026-02,196.76139999999998
E02000634,Criminal damage and arson,2026-02,199.49719999999996
E02000634,Disruptive crimes,2026-02,205.12159999999997
E02000634,Property theft,2026-02,236.83139999999995
E02000634,Vehicle crime,2026-02,240.64669999999995
E02000634,Violence,2026-02,262.35909999999996
E02000635,Anti-social behaviour,2025-12,18.2482
E02000635,Burglary,2025-12,21.6935
E02000635,Criminal damage and arson,2025-12,25.7693
E02000635,Disruptive crimes,2025-12,33.281
E02000635,Property theft,2025-12,54.653200000000005
E02000635,Vehicle crime,2025-12,59.9393
E02000635,Violence,2025-12,84.4988
E02000635,Anti-social behaviour,2026-01,104.8569
E02000635,Burglary,2026-01,108.16489999999999
E02000635,Criminal damage and arson,2026-01,112.24619999999997
E02000635,Disruptive crimes,2026-01,119.86419999999997
E02000635,Property theft,2026-01,141.44689999999997
E02000635,Vehicle crime,2026-01,146.61169999999996
E02000635,Violence,2026-01,171.47629999999995
E02000635,Anti-social behaviour,2026-02,189.56829999999997
E02000635,Burglary,2026-02,192.77049999999997
E02000635,Criminal damage and arson,2026-02,196.65159999999997
E02000635,Disruptive crimes,2026-02,203.72189999999998
E02000635,Property theft,2026-02,223.6018
E02000635,Vehicle crime,2026-02,228.53189999999998
E02000635,Violence,2026-02,252.0207
E02000636,Anti-social behaviour,2025-12,7.404
E02000636,Burglary,2025-12,9.165799999999999
E02000636,Criminal damage and arson,2025-12,10.2521
E02000636,Disruptive crimes,2025-12,12.4435
E02000636,Property theft,2025-12,19.172800000000002
E02000636,Vehicle crime,2025-12,26.0908
E02000636,Violence,2025-12,38.3393
E02000636,Anti-social behaviour,2026-01,46.429700000000004
E02000636,Burglary,2026-01,48.12520000000001
E02000636,Criminal damage and arson,2026-01,49.2196
E02000636,Disruptive crimes,2026-01,51.3688
E02000636,Property theft,2026-01,57.77459999999999
E02000636,Vehicle crime,2026-01,64.5881
E02000636,Violence,2026-01,76.83850000000001
E02000636,Anti-social behaviour,2026-02,84.0372
E02000636,Burglary,2026-02,85.7694
E02000636,Criminal damage and arson,2026-02,86.80270000000002
E02000636,Disruptive crimes,2026-02,88.8716
E02000636,Property theft,2026-02,94.08120000000001
E02000636,Vehicle crime,2026-02,100.49900000000001
E02000636,Violence,2026-02,111.97630000000002
E02000637,Anti-social behaviour,2025-12,12.043800000000001
E02000637,Burglary,2025-12,13.7392
E02000637,Criminal damage and arson,2025-12,15.5974
E02000637,Disruptive crimes,2025-12,25.3161
E02000637,Property theft,2025-12,33.7011
E02000637,Vehicle crime,2025-12,38.295199999999994
E02000637,Violence,2025-12,58.309
E02000637,Anti-social behaviour,2026-01,71.7299
E02000637,Burglary,2026-01,73.36910000000002
E02000637,Criminal damage and arson,2026-01,75.20610000000002
E02000637,Disruptive crimes,2026-01,85.20410000000003
E02000637,Property theft,2026-01,93.25640000000003
E02000637,Vehicle crime,2026-01,97.81310000000002
E02000637,Violence,2026-01,117.88810000000002
E02000637,Anti-social behaviour,2026-02,129.56600000000003
E02000637,Burglary,2026-02,131.17770000000004
E02000637,Criminal damage and arson,2026-02,133.02560000000003
E02000637,Disruptive crimes,2026-02,142.35380000000004
E02000637,Property theft,2026-02,149.23190000000008
E02000637,Vehicle crime,2026-02,153.7315000000001
E02000637,Violence,2026-02,172.7675000000001
E02000638,Anti-social behaviour,2025-12,8.831999999999999
E02000638,Burglary,2025-12,10.2904
E02000638,Criminal damage and arson,2025-12,13.3727
E02000638,Disruptive crimes,2025-12,18.736800000000002
E02000638,Property theft,2025-12,27.5085
E02000638,Vehicle crime,2025-12,32.197300000000006
E02000638,Violence,2025-12,57.42020000000001
E02000638,Anti-social behaviour,2026-01,67.61440000000002
E02000638,Burglary,2026-01,69.10560000000002
E02000638,Criminal damage and arson,2026-01,72.21380000000002
E02000638,Disruptive crimes,2026-01,77.45800000000001
E02000638,Property theft,2026-01,86.09080000000002
E02000638,Vehicle crime,2026-01,90.71390000000001
E02000638,Violence,2026-01,116.2666
E02000638,Anti-social behaviour,2026-02,125.3196
E02000638,Burglary,2026-02,126.901
E02000638,Criminal damage and arson,2026-02,129.80769999999998
E02000638,Disruptive crimes,2026-02,134.79859999999996
E02000638,Property theft,2026-02,142.90259999999995
E02000638,Vehicle crime,2026-02,147.40149999999994
E02000638,Violence,2026-02,171.61069999999992
E02000639,Anti-social behaviour,2025-12,6.9275
E02000639,Burglary,2025-12,7.3187000000000015
E02000639,Criminal damage and arson,2025-12,7.693000000000001
E02000639,Disruptive crimes,2025-12,10.347900000000001
E02000639,Property theft,2025-12,13.955
E02000639,Vehicle crime,2025-12,15.074300000000003
E02000639,Violence,2025-12,27.652400000000004
E02000639,Anti-social behaviour,2026-01,35.4987
E02000639,Burglary,2026-01,35.8496
E02000639,Criminal damage and arson,2026-01,36.2263
E02000639,Disruptive crimes,2026-01,38.882
E02000639,Property theft,2026-01,42.5238
E02000639,Vehicle crime,2026-01,43.63400000000001
E02000639,Violence,2026-01,56.27680000000001
E02000639,Anti-social behaviour,2026-02,63.18790000000001
E02000639,Burglary,2026-02,63.52580000000002
E02000639,Criminal damage and arson,2026-02,63.850800000000014
E02000639,Disruptive crimes,2026-02,66.34670000000001
E02000639,Property theft,2026-02,69.72540000000001
E02000639,Vehicle crime,2026-02,70.76680000000002
E02000639,Violence,2026-02,82.73200000000001
E02000640,Anti-social behaviour,2025-12,5.867
E02000640,Burglary,2025-12,6.1733
E02000640,Criminal damage and arson,2025-12,6.225600000000001
E02000640,Disruptive crimes,2025-12,6.402300000000001
E02000640,Property theft,2025-12,10.201200000000002
E02000640,Vehicle crime,2025-12,16.194000000000003
E02000640,Violence,2025-12,26.575100000000003
E02000640,Anti-social behaviour,2026-01,32.8735
E02000640,Burglary,2026-01,33.1869
E02000640,Criminal damage and arson,2026-01,33.25710000000001
E02000640,Disruptive crimes,2026-01,33.510900000000014
E02000640,Property theft,2026-01,37.368200000000016
E02000640,Vehicle crime,2026-01,43.22080000000001
E02000640,Violence,2026-01,53.60590000000001
E02000640,Anti-social behaviour,2026-02,59.37830000000001
E02000640,Burglary,2026-02,59.69310000000001
E02000640,Criminal damage and arson,2026-02,59.77120000000001
E02000640,Disruptive crimes,2026-02,60.05400000000001
E02000640,Property theft,2026-02,63.66830000000001
E02000640,Vehicle crime,2026-02,69.27710000000002
E02000640,Violence,2026-02,79.11590000000002
E02000641,Anti-social behaviour,2025-12,5.131
E02000641,Burglary,2025-12,5.2573
E02000641,Criminal damage and arson,2025-12,5.6725
E02000641,Disruptive crimes,2025-12,8.9841
E02000641,Property theft,2025-12,12.3946
E02000641,Vehicle crime,2025-12,14.2077
E02000641,Violence,2025-12,32.1413
E02000641,Anti-social behaviour,2026-01,38.2541
E02000641,Burglary,2026-01,38.3847
E02000641,Criminal damage and arson,2026-01,38.7774
E02000641,Disruptive crimes,2026-01,42.0746
E02000641,Property theft,2026-01,45.36
E02000641,Vehicle crime,2026-01,47.197599999999994
E02000641,Violence,2026-01,66.0927
E02000641,Anti-social behaviour,2026-02,72.022
E02000641,Burglary,2026-02,72.15770000000002
E02000641,Criminal damage and arson,2026-02,72.53900000000002
E02000641,Disruptive crimes,2026-02,75.60950000000001
E02000641,Property theft,2026-02,78.58250000000001
E02000641,Vehicle crime,2026-02,80.46509999999999
E02000641,Violence,2026-02,99.1077
E02000642,Anti-social behaviour,2025-12,5.660900000000001
E02000642,Burglary,2025-12,8.188600000000001
E02000642,Criminal damage and arson,2025-12,10.906500000000001
E02000642,Disruptive crimes,2025-12,15.394300000000001
E02000642,Property theft,2025-12,22.533300000000004
E02000642,Vehicle crime,2025-12,28.786800000000007
E02000642,Violence,2025-12,47.40570000000002
E02000642,Anti-social behaviour,2026-01,53.85100000000002
E02000642,Burglary,2026-01,56.245400000000025
E02000642,Criminal damage and arson,2026-01,58.99830000000003
E02000642,Disruptive crimes,2026-01,63.55820000000003
E02000642,Property theft,2026-01,70.80140000000003
E02000642,Vehicle crime,2026-01,77.00230000000003
E02000642,Violence,2026-01,95.84510000000003
E02000642,Anti-social behaviour,2026-02,101.53180000000003
E02000642,Burglary,2026-02,103.93590000000003
E02000642,Criminal damage and arson,2026-02,106.49370000000003
E02000642,Disruptive crimes,2026-02,110.76590000000003
E02000642,Property theft,2026-02,117.53100000000003
E02000642,Vehicle crime,2026-02,123.41550000000002
E02000642,Violence,2026-02,141.17430000000002
E02000643,Anti-social behaviour,2025-12,14.963000000000001
E02000643,Burglary,2025-12,17.8242
E02000643,Criminal damage and arson,2025-12,20.507300000000004
E02000643,Disruptive crimes,2025-12,25.720500000000005
E02000643,Property theft,2025-12,34.1888
E02000643,Vehicle crime,2025-12,39.8227
E02000643,Violence,2025-12,58.135
E02000643,Anti-social behaviour,2026-01,74.65880000000001
E02000643,Burglary,2026-01,77.49800000000002
E02000643,Criminal damage and arson,2026-01,80.19310000000002
E02000643,Disruptive crimes,2026-01,85.56680000000001
E02000643,Property theft,2026-01,94.00840000000002
E02000643,Vehicle crime,2026-01,99.51940000000003
E02000643,Violence,2026-01,118.06340000000003
E02000643,Anti-social behaviour,2026-02,133.1879
E02000643,Burglary,2026-02,136.00220000000002
E02000643,Criminal damage and arson,2026-02,138.5095
E02000643,Disruptive crimes,2026-02,143.48260000000005
E02000643,Property theft,2026-02,151.41850000000008
E02000643,Vehicle crime,2026-02,156.82110000000006
E02000643,Violence,2026-02,174.36820000000003
E02000644,Anti-social behaviour,2025-12,8.0022
E02000644,Burglary,2025-12,9.195500000000001
E02000644,Criminal damage and arson,2025-12,10.400400000000001
E02000644,Disruptive crimes,2025-12,13.9043
E02000644,Property theft,2025-12,24.351399999999998
E02000644,Vehicle crime,2025-12,30.073199999999996
E02000644,Violence,2025-12,46.2055
E02000644,Anti-social behaviour,2026-01,55.23340000000001
E02000644,Burglary,2026-01,56.47190000000001
E02000644,Criminal damage and arson,2026-01,57.713200000000015
E02000644,Disruptive crimes,2026-01,61.23880000000002
E02000644,Property theft,2026-01,72.01420000000003
E02000644,Vehicle crime,2026-01,77.61840000000002
E02000644,Violence,2026-01,93.79470000000002
E02000644,Anti-social behaviour,2026-02,101.56900000000002
E02000644,Burglary,2026-02,102.84440000000002
E02000644,Criminal damage and arson,2026-02,104.00600000000003
E02000644,Disruptive crimes,2026-02,107.30710000000002
E02000644,Property theft,2026-02,117.05150000000002
E02000644,Vehicle crime,2026-02,122.40700000000002
E02000644,Violence,2026-02,137.698
E02000645,Anti-social behaviour,2025-12,9.793199999999999
E02000645,Burglary,2025-12,11.6916
E02000645,Criminal damage and arson,2025-12,14.4762
E02000645,Disruptive crimes,2025-12,19.4349
E02000645,Property theft,2025-12,30.740899999999996
E02000645,Vehicle crime,2025-12,39.3684
E02000645,Violence,2025-12,59.291700000000006
E02000645,Anti-social behaviour,2026-01,70.5111
E02000645,Burglary,2026-01,72.4213
E02000645,Criminal damage and arson,2026-01,75.21140000000001
E02000645,Disruptive crimes,2026-01,80.0827
E02000645,Property theft,2026-01,91.52590000000001
E02000645,Vehicle crime,2026-01,100.04490000000001
E02000645,Violence,2026-01,120.13130000000002
E02000645,Anti-social behaviour,2026-02,130.06680000000003
E02000645,Burglary,2026-02,132.00530000000003
E02000645,Criminal damage and arson,2026-02,134.70910000000006
E02000645,Disruptive crimes,2026-02,139.32000000000008
E02000645,Property theft,2026-02,150.02160000000006
E02000645,Vehicle crime,2026-02,158.11690000000004
E02000645,Violence,2026-02,177.09710000000004
E02000646,Anti-social behaviour,2025-12,12.4561
E02000646,Burglary,2025-12,15.227799999999998
E02000646,Criminal damage and arson,2025-12,17.7692
E02000646,Disruptive crimes,2025-12,23.869300000000003
E02000646,Property theft,2025-12,59.800399999999996
E02000646,Vehicle crime,2025-12,64.7336
E02000646,Violence,2025-12,85.62929999999999
E02000646,Anti-social behaviour,2026-01,99.69169999999998
E02000646,Burglary,2026-01,102.4502
E02000646,Criminal damage and arson,2026-01,105.1027
E02000646,Disruptive crimes,2026-01,111.2668
E02000646,Property theft,2026-01,147.80149999999998
E02000646,Vehicle crime,2026-01,152.59959999999998
E02000646,Violence,2026-01,173.7455
E02000646,Anti-social behaviour,2026-02,186.46699999999998
E02000646,Burglary,2026-02,189.17649999999998
E02000646,Criminal damage and arson,2026-02,191.69469999999995
E02000646,Disruptive crimes,2026-02,197.42259999999996
E02000646,Property theft,2026-02,231.76499999999996
E02000646,Vehicle crime,2026-02,236.45589999999999
E02000646,Violence,2026-02,256.5173
E02000647,Anti-social behaviour,2025-12,7.258700000000001
E02000647,Burglary,2025-12,7.3852
E02000647,Criminal damage and arson,2025-12,7.983500000000001
E02000647,Disruptive crimes,2025-12,9.943000000000001
E02000647,Property theft,2025-12,12.2941
E02000647,Vehicle crime,2025-12,17.6141
E02000647,Violence,2025-12,28.006
E02000647,Anti-social behaviour,2026-01,36.3217
E02000647,Burglary,2026-01,36.4401
E02000647,Criminal damage and arson,2026-01,37.024300000000004
E02000647,Disruptive crimes,2026-01,39.07249999999999
E02000647,Property theft,2026-01,41.43959999999999
E02000647,Vehicle crime,2026-01,46.65279999999999
E02000647,Violence,2026-01,57.122399999999985
E02000647,Anti-social behaviour,2026-02,64.71779999999998
E02000647,Burglary,2026-02,64.8637
E02000647,Criminal damage and arson,2026-02,65.476
E02000647,Disruptive crimes,2026-02,67.32630000000002
E02000647,Property theft,2026-02,69.67120000000003
E02000647,Vehicle crime,2026-02,74.71790000000004
E02000647,Violence,2026-02,84.64690000000003
E02000648,Anti-social behaviour,2025-12,6.7886
E02000648,Burglary,2025-12,7.104099999999999
E02000648,Criminal damage and arson,2025-12,8.621599999999999
E02000648,Disruptive crimes,2025-12,13.2949
E02000648,Property theft,2025-12,20.3505
E02000648,Vehicle crime,2025-12,24.3982
E02000648,Violence,2025-12,42.584199999999996
E02000648,Anti-social behaviour,2026-01,50.3105
E02000648,Burglary,2026-01,50.6367
E02000648,Criminal damage and arson,2026-01,52.1307
E02000648,Disruptive crimes,2026-01,56.91160000000001
E02000648,Property theft,2026-01,64.2497
E02000648,Vehicle crime,2026-01,68.30340000000002
E02000648,Violence,2026-01,86.63250000000002
E02000648,Anti-social behaviour,2026-02,93.51560000000002
E02000648,Burglary,2026-02,93.875
E02000648,Criminal damage and arson,2026-02,95.42639999999999
E02000648,Disruptive crimes,2026-02,99.90249999999999
E02000648,Property theft,2026-02,106.69979999999998
E02000648,Vehicle crime,2026-02,110.66989999999998
E02000648,Violence,2026-02,128.04379999999998
E02000649,Anti-social behaviour,2025-12,19.336299999999998
E02000649,Burglary,2025-12,22.309399999999997
E02000649,Criminal damage and arson,2025-12,27.0091
E02000649,Disruptive crimes,2025-12,36.71660000000001
E02000649,Property theft,2025-12,52.58080000000002
E02000649,Vehicle crime,2025-12,58.526000000000025
E02000649,Violence,2025-12,90.49310000000003
E02000649,Anti-social behaviour,2026-01,111.70960000000002
E02000649,Burglary,2026-01,114.68050000000002
E02000649,Criminal damage and arson,2026-01,119.36960000000002
E02000649,Disruptive crimes,2026-01,129.08080000000004
E02000649,Property theft,2026-01,145.14360000000005
E02000649,Vehicle crime,2026-01,150.99600000000004
E02000649,Violence,2026-01,183.37310000000002
E02000649,Anti-social behaviour,2026-02,201.9234
E02000649,Burglary,2026-02,204.9565
E02000649,Criminal damage and arson,2026-02,209.4329
E02000649,Disruptive crimes,2026-02,218.49269999999999
E02000649,Property theft,2026-02,233.24339999999995
E02000649,Vehicle crime,2026-02,238.92569999999998
E02000649,Violence,2026-02,269.47569999999996
E02000650,Anti-social behaviour,2025-12,8.3967
E02000650,Burglary,2025-12,9.1853
E02000650,Criminal damage and arson,2025-12,11.640500000000001
E02000650,Disruptive crimes,2025-12,17.6829
E02000650,Property theft,2025-12,22.6311
E02000650,Vehicle crime,2025-12,27.0896
E02000650,Violence,2025-12,44.8108
E02000650,Anti-social behaviour,2026-01,54.30420000000001
E02000650,Burglary,2026-01,55.13120000000001
E02000650,Criminal damage and arson,2026-01,57.6009
E02000650,Disruptive crimes,2026-01,63.7661
E02000650,Property theft,2026-01,68.6184
E02000650,Vehicle crime,2026-01,72.98729999999999
E02000650,Violence,2026-01,90.75319999999998
E02000650,Anti-social behaviour,2026-02,98.92259999999999
E02000650,Burglary,2026-02,99.81580000000001
E02000650,Criminal damage and arson,2026-02,102.23259999999999
E02000650,Disruptive crimes,2026-02,107.977
E02000650,Property theft,2026-02,112.6206
E02000650,Vehicle crime,2026-02,116.85589999999999
E02000650,Violence,2026-02,133.64559999999997
E02000651,Anti-social behaviour,2025-12,10.7212
E02000651,Burglary,2025-12,12.6889
E02000651,Criminal damage and arson,2025-12,14.049600000000002
E02000651,Disruptive crimes,2025-12,17.9219
E02000651,Property theft,2025-12,25.315600000000003
E02000651,Vehicle crime,2025-12,31.398400000000006
E02000651,Violence,2025-12,48.2504
E02000651,Anti-social behaviour,2026-01,60.2515
E02000651,Burglary,2026-01,62.189099999999996
E02000651,Criminal damage and arson,2026-01,63.6036
E02000651,Disruptive crimes,2026-01,67.56859999999999
E02000651,Property theft,2026-01,74.62659999999998
E02000651,Vehicle crime,2026-01,80.58999999999999
E02000651,Violence,2026-01,97.71889999999998
E02000651,Anti-social behaviour,2026-02,108.46449999999997
E02000651,Burglary,2026-02,110.37969999999996
E02000651,Criminal damage and arson,2026-02,111.68009999999994
E02000651,Disruptive crimes,2026-02,115.33019999999993
E02000651,Property theft,2026-02,121.36929999999992
E02000651,Vehicle crime,2026-02,127.01019999999993
E02000651,Violence,2026-02,143.21399999999994
E02000652,Anti-social behaviour,2025-12,5.4636
E02000652,Burglary,2025-12,5.525899999999999
E02000652,Criminal damage and arson,2025-12,6.477899999999999
E02000652,Disruptive crimes,2025-12,9.540199999999999
E02000652,Property theft,2025-12,12.413999999999998
E02000652,Vehicle crime,2025-12,16.7072
E02000652,Violence,2025-12,32.2748
E02000652,Anti-social behaviour,2026-01,38.48899999999999
E02000652,Burglary,2026-01,38.54679999999999
E02000652,Criminal damage and arson,2026-01,39.60969999999999
E02000652,Disruptive crimes,2026-01,42.85729999999998
E02000652,Property theft,2026-01,45.93769999999998
E02000652,Vehicle crime,2026-01,50.289899999999975
E02000652,Violence,2026-01,66.09069999999997
E02000652,Anti-social behaviour,2026-02,71.86639999999996
E02000652,Burglary,2026-02,71.92409999999997
E02000652,Criminal damage and arson,2026-02,72.93389999999997
E02000652,Disruptive crimes,2026-02,75.92559999999997
E02000652,Property theft,2026-02,78.81399999999998
E02000652,Vehicle crime,2026-02,82.91619999999999
E02000652,Violence,2026-02,97.83689999999999
E02000653,Anti-social behaviour,2025-12,8.8706
E02000653,Burglary,2025-12,10.5138
E02000653,Criminal damage and arson,2025-12,11.1151
E02000653,Disruptive crimes,2025-12,16.967299999999998
E02000653,Property theft,2025-12,34.217099999999995
E02000653,Vehicle crime,2025-12,37.66939999999999
E02000653,Violence,2025-12,61.406499999999994
E02000653,Anti-social behaviour,2026-01,71.61850000000001
E02000653,Burglary,2026-01,73.21640000000002
E02000653,Criminal damage and arson,2026-01,73.78860000000003
E02000653,Disruptive crimes,2026-01,79.93850000000003
E02000653,Property theft,2026-01,97.55840000000003
E02000653,Vehicle crime,2026-01,101.01270000000002
E02000653,Violence,2026-01,125.28110000000001
E02000653,Anti-social behaviour,2026-02,134.52380000000002
E02000653,Burglary,2026-02,136.13720000000004
E02000653,Criminal damage and arson,2026-02,136.7002
E02000653,Disruptive crimes,2026-02,142.39049999999997
E02000653,Property theft,2026-02,159.79029999999995
E02000653,Vehicle crime,2026-02,163.12079999999995
E02000653,Violence,2026-02,186.85449999999997
E02000654,Anti-social behaviour,2025-12,6.4092
E02000654,Burglary,2025-12,9.494300000000003
E02000654,Criminal damage and arson,2025-12,12.099200000000002
E02000654,Disruptive crimes,2025-12,19.3439
E02000654,Property theft,2025-12,29.6696
E02000654,Vehicle crime,2025-12,33.8184
E02000654,Violence,2025-12,57.96439999999999
E02000654,Anti-social behaviour,2026-01,65.19139999999999
E02000654,Burglary,2026-01,68.25689999999997
E02000654,Criminal damage and arson,2026-01,70.87279999999998
E02000654,Disruptive crimes,2026-01,78.25959999999999
E02000654,Property theft,2026-01,88.47909999999999
E02000654,Vehicle crime,2026-01,92.50279999999998
E02000654,Violence,2026-01,116.79779999999997
E02000654,Anti-social behaviour,2026-02,123.20929999999997
E02000654,Burglary,2026-02,126.20259999999998
E02000654,Criminal damage and arson,2026-02,128.65589999999997
E02000654,Disruptive crimes,2026-02,135.50039999999998
E02000654,Property theft,2026-02,145.01239999999999
E02000654,Vehicle crime,2026-02,148.9243
E02000654,Violence,2026-02,171.833
E02000655,Anti-social behaviour,2025-12,12.3301
E02000655,Burglary,2025-12,15.4897
E02000655,Criminal damage and arson,2025-12,18.2721
E02000655,Disruptive crimes,2025-12,26.06
E02000655,Property theft,2025-12,36.3946
E02000655,Vehicle crime,2025-12,41.2979
E02000655,Violence,2025-12,68.8214
E02000655,Anti-social behaviour,2026-01,82.1399
E02000655,Burglary,2026-01,85.2859
E02000655,Criminal damage and arson,2026-01,88.12230000000001
E02000655,Disruptive crimes,2026-01,96.00050000000002
E02000655,Property theft,2026-01,106.40540000000001
E02000655,Vehicle crime,2026-01,111.20420000000001
E02000655,Violence,2026-01,139.13270000000003
E02000655,Anti-social behaviour,2026-02,151.2793
E02000655,Burglary,2026-02,154.38
E02000655,Criminal damage and arson,2026-02,156.9636
E02000655,Disruptive crimes,2026-02,164.33030000000002
E02000655,Property theft,2026-02,174.0388
E02000655,Vehicle crime,2026-02,178.6899
E02000655,Violence,2026-02,205.01839999999999
E02000657,Anti-social behaviour,2025-12,13.858500000000001
E02000657,Burglary,2025-12,17.424000000000003
E02000657,Criminal damage and arson,2025-12,21.148000000000003
E02000657,Disruptive crimes,2025-12,32.083
E02000657,Property theft,2025-12,53.3998
E02000657,Vehicle crime,2025-12,58.6862
E02000657,Violence,2025-12,88.0242
E02000657,Anti-social behaviour,2026-01,103.5135
E02000657,Burglary,2026-01,107.0431
E02000657,Criminal damage and arson,2026-01,110.68199999999997
E02000657,Disruptive crimes,2026-01,121.80799999999998
E02000657,Property theft,2026-01,143.19159999999997
E02000657,Vehicle crime,2026-01,148.23859999999996
E02000657,Violence,2026-01,177.67359999999996
E02000657,Anti-social behaviour,2026-02,191.4425
E02000657,Burglary,2026-02,194.9329
E02000657,Criminal damage and arson,2026-02,198.4419
E02000657,Disruptive crimes,2026-02,208.8513
E02000657,Property theft,2026-02,228.71730000000002
E02000657,Vehicle crime,2026-02,233.70870000000005
E02000657,Violence,2026-02,261.5837000000001
E02000658,Anti-social behaviour,2025-12,5.5024
E02000658,Burglary,2025-12,6.3925
E02000658,Criminal damage and arson,2025-12,8.309899999999999
E02000658,Disruptive crimes,2025-12,12.115
E02000658,Property theft,2025-12,16.6211
E02000658,Vehicle crime,2025-12,21.536599999999996
E02000658,Violence,2025-12,37.092
E02000658,Anti-social behaviour,2026-01,43.497299999999996
E02000658,Burglary,2026-01,44.433699999999995
E02000658,Criminal damage and arson,2026-01,46.37279999999999
E02000658,Disruptive crimes,2026-01,50.28009999999999
E02000658,Property theft,2026-01,54.71209999999999
E02000658,Vehicle crime,2026-01,59.55679999999999
E02000658,Violence,2026-01,75.11
E02000658,Anti-social behaviour,2026-02,80.57789999999999
E02000658,Burglary,2026-02,81.53869999999998
E02000658,Criminal damage and arson,2026-02,83.36219999999999
E02000658,Disruptive crimes,2026-02,87.0032
E02000658,Property theft,2026-02,91.24080000000002
E02000658,Vehicle crime,2026-02,95.98010000000002
E02000658,Violence,2026-02,110.68820000000002
E02000659,Anti-social behaviour,2025-12,14.9085
E02000659,Burglary,2025-12,15.592199999999997
E02000659,Criminal damage and arson,2025-12,18.649399999999996
E02000659,Disruptive crimes,2025-12,34.15149999999999
E02000659,Property theft,2025-12,41.957799999999985
E02000659,Vehicle crime,2025-12,43.398299999999985
E02000659,Violence,2025-12,70.23589999999999
E02000659,Anti-social behaviour,2026-01,85.6488
E02000659,Burglary,2026-01,86.376
E02000659,Criminal damage and arson,2026-01,89.3854
E02000659,Disruptive crimes,2026-01,105.14990000000002
E02000659,Property theft,2026-01,113.00250000000003
E02000659,Vehicle crime,2026-01,114.41200000000003
E02000659,Violence,2026-01,141.33770000000004
E02000659,Anti-social behaviour,2026-02,155.66980000000007
E02000659,Burglary,2026-02,156.41120000000004
E02000659,Criminal damage and arson,2026-02,159.26870000000005
E02000659,Disruptive crimes,2026-02,174.39960000000005
E02000659,Property theft,2026-02,181.72410000000005
E02000659,Vehicle crime,2026-02,183.09190000000007
E02000659,Violence,2026-02,208.72890000000007
E02000660,Anti-social behaviour,2025-12,8.4889
E02000660,Burglary,2025-12,10.0145
E02000660,Criminal damage and arson,2025-12,12.7668
E02000660,Disruptive crimes,2025-12,17.986399999999996
E02000660,Property theft,2025-12,25.248699999999996
E02000660,Vehicle crime,2025-12,30.801999999999992
E02000660,Violence,2025-12,46.20469999999999
E02000660,Anti-social behaviour,2026-01,55.61649999999999
E02000660,Burglary,2026-01,57.08069999999999
E02000660,Criminal damage and arson,2026-01,59.805199999999985
E02000660,Disruptive crimes,2026-01,65.02799999999998
E02000660,Property theft,2026-01,72.30269999999999
E02000660,Vehicle crime,2026-01,77.65539999999999
E02000660,Violence,2026-01,93.4235
E02000660,Anti-social behaviour,2026-02,101.57600000000001
E02000660,Burglary,2026-02,103.10130000000001
E02000660,Criminal damage and arson,2026-02,105.70630000000001
E02000660,Disruptive crimes,2026-02,110.47800000000001
E02000660,Property theft,2026-02,117.39389999999999
E02000660,Vehicle crime,2026-02,122.4945
E02000660,Violence,2026-02,137.2285
E02000661,Anti-social behaviour,2025-12,5.521599999999999
E02000661,Burglary,2025-12,6.883
E02000661,Criminal damage and arson,2025-12,8.7218
E02000661,Disruptive crimes,2025-12,13.1232
E02000661,Property theft,2025-12,28.66
E02000661,Vehicle crime,2025-12,32.1923
E02000661,Violence,2025-12,44.7772
E02000661,Anti-social behaviour,2026-01,51.20850000000001
E02000661,Burglary,2026-01,52.544900000000005
E02000661,Criminal damage and arson,2026-01,54.4498
E02000661,Disruptive crimes,2026-01,58.9435
E02000661,Property theft,2026-01,74.4128
E02000661,Vehicle crime,2026-01,77.89340000000001
E02000661,Violence,2026-01,90.70570000000001
E02000661,Anti-social behaviour,2026-02,96.4923
E02000661,Burglary,2026-02,97.87100000000001
E02000661,Criminal damage and arson,2026-02,99.68430000000001
E02000661,Disruptive crimes,2026-02,103.9178
E02000661,Property theft,2026-02,117.7469
E02000661,Vehicle crime,2026-02,121.04239999999999
E02000661,Violence,2026-02,133.2103
E02000662,Anti-social behaviour,2025-12,4.931500000000001
E02000662,Burglary,2025-12,4.956600000000002
E02000662,Criminal damage and arson,2025-12,6.001000000000002
E02000662,Disruptive crimes,2025-12,10.044800000000002
E02000662,Property theft,2025-12,15.531300000000003
E02000662,Vehicle crime,2025-12,17.489
E02000662,Violence,2025-12,31.2985
E02000662,Anti-social behaviour,2026-01,36.79
E02000662,Burglary,2026-01,36.8117
E02000662,Criminal damage and arson,2026-01,37.8812
E02000662,Disruptive crimes,2026-01,42.08299999999999
E02000662,Property theft,2026-01,47.647699999999986
E02000662,Vehicle crime,2026-01,49.558599999999984
E02000662,Violence,2026-01,63.47459999999998
E02000662,Anti-social behaviour,2026-02,68.588
E02000662,Burglary,2026-02,68.6119
E02000662,Criminal damage and arson,2026-02,69.6571
E02000662,Disruptive crimes,2026-02,73.44729999999998
E02000662,Property theft,2026-02,78.73939999999999
E02000662,Vehicle crime,2026-02,80.60399999999998
E02000662,Violence,2026-02,93.78889999999998
E02000663,Anti-social behaviour,2025-12,4.3591
E02000663,Burglary,2025-12,4.533399999999999
E02000663,Criminal damage and arson,2025-12,5.5713
E02000663,Disruptive crimes,2025-12,7.4057
E02000663,Property theft,2025-12,10.435
E02000663,Vehicle crime,2025-12,12.5256
E02000663,Violence,2025-12,23.3272
E02000663,Anti-social behaviour,2026-01,28.425599999999996
E02000663,Burglary,2026-01,28.603699999999996
E02000663,Criminal damage and arson,2026-01,29.656999999999996
E02000663,Disruptive crimes,2026-01,31.485699999999998
E02000663,Property theft,2026-01,34.56009999999999
E02000663,Vehicle crime,2026-01,36.60049999999999
E02000663,Violence,2026-01,47.4905
E02000663,Anti-social behaviour,2026-02,52.080799999999996
E02000663,Burglary,2026-02,52.2483
E02000663,Criminal damage and arson,2026-02,53.2666
E02000663,Disruptive crimes,2026-02,54.974999999999994
E02000663,Property theft,2026-02,57.82689999999999
E02000663,Vehicle crime,2026-02,59.88899999999998
E02000663,Violence,2026-02,70.17999999999998
E02000665,Anti-social behaviour,2025-12,6.9803999999999995
E02000665,Burglary,2025-12,8.2175
E02000665,Criminal damage and arson,2025-12,11.9998
E02000665,Disruptive crimes,2025-12,17.66
E02000665,Property theft,2025-12,24.3213
E02000665,Vehicle crime,2025-12,29.142699999999998
E02000665,Violence,2025-12,45.006499999999996
E02000665,Anti-social behaviour,2026-01,53.3093
E02000665,Burglary,2026-01,54.584199999999996
E02000665,Criminal damage and arson,2026-01,58.38939999999999
E02000665,Disruptive crimes,2026-01,64.15459999999999
E02000665,Property theft,2026-01,70.6922
E02000665,Vehicle crime,2026-01,75.33079999999998
E02000665,Violence,2026-01,91.39749999999998
E02000665,Anti-social behaviour,2026-02,98.74499999999999
E02000665,Burglary,2026-02,100.05579999999999
E02000665,Criminal damage and arson,2026-02,103.7079
E02000665,Disruptive crimes,2026-02,109.10619999999999
E02000665,Property theft,2026-02,115.26239999999999
E02000665,Vehicle crime,2026-02,119.7648
E02000665,Violence,2026-02,134.91469999999998
E02000666,Anti-social behaviour,2025-12,5.9635
E02000666,Burglary,2025-12,7.007899999999999
E02000666,Criminal damage and arson,2025-12,7.8708
E02000666,Disruptive crimes,2025-12,11.7536
E02000666,Property theft,2025-12,16.1791
E02000666,Vehicle crime,2025-12,19.1667
E02000666,Violence,2025-12,32.3482
E02000666,Anti-social behaviour,2026-01,39.3437
E02000666,Burglary,2026-01,40.446
E02000666,Criminal damage and arson,2026-01,41.27310000000001
E02000666,Disruptive crimes,2026-01,45.18030000000001
E02000666,Property theft,2026-01,49.53170000000001
E02000666,Vehicle crime,2026-01,52.46390000000001
E02000666,Violence,2026-01,65.76120000000002
E02000666,Anti-social behaviour,2026-02,71.91440000000001
E02000666,Burglary,2026-02,73.00310000000002
E02000666,Criminal damage and arson,2026-02,73.82300000000001
E02000666,Disruptive crimes,2026-02,77.562
E02000666,Property theft,2026-02,81.6204
E02000666,Vehicle crime,2026-02,84.46520000000001
E02000666,Violence,2026-02,96.8726
E02000667,Anti-social behaviour,2025-12,4.1168
E02000667,Burglary,2025-12,4.3046999999999995
E02000667,Criminal damage and arson,2025-12,4.582799999999999
E02000667,Disruptive crimes,2025-12,6.583599999999999
E02000667,Property theft,2025-12,10.3966
E02000667,Vehicle crime,2025-12,13.231
E02000667,Violence,2025-12,22.530199999999997
E02000667,Anti-social behaviour,2026-01,27.266699999999997
E02000667,Burglary,2026-01,27.448199999999996
E02000667,Criminal damage and arson,2026-01,27.720299999999995
E02000667,Disruptive crimes,2026-01,29.823999999999995
E02000667,Property theft,2026-01,33.64039999999999
E02000667,Vehicle crime,2026-01,36.466599999999985
E02000667,Violence,2026-01,45.82929999999999
E02000667,Anti-social behaviour,2026-02,50.150899999999986
E02000667,Burglary,2026-02,50.340299999999985
E02000667,Criminal damage and arson,2026-02,50.62059999999999
E02000667,Disruptive crimes,2026-02,52.60279999999999
E02000667,Property theft,2026-02,56.153299999999994
E02000667,Vehicle crime,2026-02,58.84159999999999
E02000667,Violence,2026-02,67.73599999999999
E02000668,Anti-social behaviour,2025-12,3.9237
E02000668,Burglary,2025-12,4.4665
E02000668,Criminal damage and arson,2025-12,4.849900000000001
E02000668,Disruptive crimes,2025-12,6.9449000000000005
E02000668,Property theft,2025-12,10.828300000000002
E02000668,Vehicle crime,2025-12,13.922000000000002
E02000668,Violence,2025-12,22.411200000000004
E02000668,Anti-social behaviour,2026-01,27.074300000000004
E02000668,Burglary,2026-01,27.623900000000003
E02000668,Criminal damage and arson,2026-01,28.016000000000002
E02000668,Disruptive crimes,2026-01,30.250600000000006
E02000668,Property theft,2026-01,34.0626
E02000668,Vehicle crime,2026-01,37.0844
E02000668,Violence,2026-01,45.716100000000004
E02000668,Anti-social behaviour,2026-02,50.127
E02000668,Burglary,2026-02,50.696000000000005
E02000668,Criminal damage and arson,2026-02,51.05310000000001
E02000668,Disruptive crimes,2026-02,53.18550000000001
E02000668,Property theft,2026-02,56.45130000000002
E02000668,Vehicle crime,2026-02,59.36210000000002
E02000668,Violence,2026-02,67.47000000000003
E02000669,Anti-social behaviour,2025-12,6.9437
E02000669,Burglary,2025-12,8.062
E02000669,Criminal damage and arson,2025-12,10.050299999999998
E02000669,Disruptive crimes,2025-12,16.854699999999998
E02000669,Property theft,2025-12,24.030399999999997
E02000669,Vehicle crime,2025-12,27.981099999999994
E02000669,Violence,2025-12,49.856599999999986
E02000669,Anti-social behaviour,2026-01,57.69979999999999
E02000669,Burglary,2026-01,58.8323
E02000669,Criminal damage and arson,2026-01,60.9299
E02000669,Disruptive crimes,2026-01,67.84039999999999
E02000669,Property theft,2026-01,74.9421
E02000669,Vehicle crime,2026-01,78.8578
E02000669,Violence,2026-01,100.98669999999998
E02000669,Anti-social behaviour,2026-02,107.99149999999999
E02000669,Burglary,2026-02,109.17539999999998
E02000669,Criminal damage and arson,2026-02,111.17849999999999
E02000669,Disruptive crimes,2026-02,117.66499999999999
E02000669,Property theft,2026-02,124.38499999999999
E02000669,Vehicle crime,2026-02,128.20589999999999
E02000669,Violence,2026-02,149.19619999999998
E02000670,Anti-social behaviour,2025-12,8.436100000000001
E02000670,Burglary,2025-12,9.290500000000002
E02000670,Criminal damage and arson,2025-12,11.902300000000002
E02000670,Disruptive crimes,2025-12,18.134300000000003
E02000670,Property theft,2025-12,24.585700000000003
E02000670,Vehicle crime,2025-12,28.1738
E02000670,Violence,2025-12,48.68599999999999
E02000670,Anti-social behaviour,2026-01,58.26689999999999
E02000670,Burglary,2026-01,59.1652
E02000670,Criminal damage and arson,2026-01,61.85379999999999
E02000670,Disruptive crimes,2026-01,68.142
E02000670,Property theft,2026-01,74.56779999999999
E02000670,Vehicle crime,2026-01,78.1262
E02000670,Violence,2026-01,98.9847
E02000670,Anti-social behaviour,2026-02,107.4916
E02000670,Burglary,2026-02,108.3473
E02000670,Criminal damage and arson,2026-02,110.94390000000001
E02000670,Disruptive crimes,2026-02,116.7574
E02000670,Property theft,2026-02,122.67680000000001
E02000670,Vehicle crime,2026-02,126.05040000000001
E02000670,Violence,2026-02,145.822
E02000671,Anti-social behaviour,2025-12,8.1841
E02000671,Burglary,2025-12,8.819600000000001
E02000671,Criminal damage and arson,2025-12,10.236100000000002
E02000671,Disruptive crimes,2025-12,13.863100000000003
E02000671,Property theft,2025-12,25.1629
E02000671,Vehicle crime,2025-12,30.5148
E02000671,Violence,2025-12,46.413399999999996
E02000671,Anti-social behaviour,2026-01,55.549099999999996
E02000671,Burglary,2026-01,56.226400000000005
E02000671,Criminal damage and arson,2026-01,57.68330000000001
E02000671,Disruptive crimes,2026-01,61.477900000000005
E02000671,Property theft,2026-01,73.26020000000001
E02000671,Vehicle crime,2026-01,78.55610000000003
E02000671,Violence,2026-01,94.61990000000003
E02000671,Anti-social behaviour,2026-02,102.91100000000004
E02000671,Burglary,2026-02,103.62160000000004
E02000671,Criminal damage and arson,2026-02,105.00120000000005
E02000671,Disruptive crimes,2026-02,108.55960000000006
E02000671,Property theft,2026-02,119.22870000000007
E02000671,Vehicle crime,2026-02,124.26460000000007
E02000671,Violence,2026-02,139.5629000000001
E02000672,Anti-social behaviour,2025-12,23.790300000000002
E02000672,Burglary,2025-12,27.5089
E02000672,Criminal damage and arson,2025-12,32.117599999999996
E02000672,Disruptive crimes,2025-12,55.2521
E02000672,Property theft,2025-12,89.87570000000001
E02000672,Vehicle crime,2025-12,95.38730000000002
E02000672,Violence,2025-12,148.4302
E02000672,Anti-social behaviour,2026-01,174.1813
E02000672,Burglary,2026-01,177.9016
E02000672,Criminal damage and arson,2026-01,182.49
E02000672,Disruptive crimes,2026-01,206.0626
E02000672,Property theft,2026-01,240.6402
E02000672,Vehicle crime,2026-01,246.0794
E02000672,Violence,2026-01,299.51699999999994
E02000672,Anti-social behaviour,2026-02,323.2113999999999
E02000672,Burglary,2026-02,326.7958
E02000672,Criminal damage and arson,2026-02,331.179
E02000672,Disruptive crimes,2026-02,353.61049999999994
E02000672,Property theft,2026-02,386.1174
E02000672,Vehicle crime,2026-02,391.39739999999995
E02000672,Violence,2026-02,442.92629999999997
E02000673,Anti-social behaviour,2025-12,8.4545
E02000673,Burglary,2025-12,10.104299999999999
E02000673,Criminal damage and arson,2025-12,10.8631
E02000673,Disruptive crimes,2025-12,13.358399999999998
E02000673,Property theft,2025-12,21.076499999999996
E02000673,Vehicle crime,2025-12,26.956599999999998
E02000673,Violence,2025-12,43.257099999999994
E02000673,Anti-social behaviour,2026-01,52.436699999999995
E02000673,Burglary,2026-01,54.072199999999995
E02000673,Criminal damage and arson,2026-01,54.8375
E02000673,Disruptive crimes,2026-01,57.359100000000005
E02000673,Property theft,2026-01,65.04260000000001
E02000673,Vehicle crime,2026-01,70.77700000000002
E02000673,Violence,2026-01,87.17730000000002
E02000673,Anti-social behaviour,2026-02,95.71320000000001
E02000673,Burglary,2026-02,97.37550000000002
E02000673,Criminal damage and arson,2026-02,98.15020000000001
E02000673,Disruptive crimes,2026-02,100.53970000000001
E02000673,Property theft,2026-02,107.71780000000003
E02000673,Vehicle crime,2026-02,113.18970000000002
E02000673,Violence,2026-02,128.70730000000003
E02000674,Anti-social behaviour,2025-12,4.086399999999999
E02000674,Burglary,2025-12,4.105599999999999
E02000674,Criminal damage and arson,2025-12,4.842899999999999
E02000674,Disruptive crimes,2025-12,6.5154000000000005
E02000674,Property theft,2025-12,7.8542000000000005
E02000674,Vehicle crime,2025-12,11.334300000000002
E02000674,Violence,2025-12,23.009200000000003
E02000674,Anti-social behaviour,2026-01,27.7449
E02000674,Burglary,2026-01,27.7624
E02000674,Criminal damage and arson,2026-01,28.522399999999998
E02000674,Disruptive crimes,2026-01,30.277199999999993
E02000674,Property theft,2026-01,31.66909999999999
E02000674,Vehicle crime,2026-01,35.197299999999984
E02000674,Violence,2026-01,47.052099999999975
E02000674,Anti-social behaviour,2026-02,51.54439999999998
E02000674,Burglary,2026-02,51.56429999999999
E02000674,Criminal damage and arson,2026-02,52.25889999999998
E02000674,Disruptive crimes,2026-02,53.92239999999999
E02000674,Property theft,2026-02,55.26659999999999
E02000674,Vehicle crime,2026-02,58.607899999999994
E02000674,Violence,2026-02,69.76199999999999
E02000675,Anti-social behaviour,2025-12,6.9343
E02000675,Burglary,2025-12,7.803100000000001
E02000675,Criminal damage and arson,2025-12,9.7752
E02000675,Disruptive crimes,2025-12,11.640400000000001
E02000675,Property theft,2025-12,14.930200000000001
E02000675,Vehicle crime,2025-12,19.614900000000002
E02000675,Violence,2025-12,33.9534
E02000675,Anti-social behaviour,2026-01,41.6875
E02000675,Burglary,2026-01,42.598
E02000675,Criminal damage and arson,2026-01,44.538700000000006
E02000675,Disruptive crimes,2026-01,46.34810000000001
E02000675,Property theft,2026-01,49.583500000000015
E02000675,Vehicle crime,2026-01,54.174300000000024
E02000675,Violence,2026-01,68.61400000000003
E02000675,Anti-social behaviour,2026-02,75.95920000000002
E02000675,Burglary,2026-02,76.91540000000003
E02000675,Criminal damage and arson,2026-02,78.76120000000004
E02000675,Disruptive crimes,2026-02,80.47820000000004
E02000675,Property theft,2026-02,83.55710000000002
E02000675,Vehicle crime,2026-02,87.97030000000002
E02000675,Violence,2026-02,101.73600000000003
E02000676,Anti-social behaviour,2025-12,3.5608000000000004
E02000676,Burglary,2025-12,3.6742000000000004
E02000676,Criminal damage and arson,2025-12,4.034200000000001
E02000676,Disruptive crimes,2025-12,6.842400000000001
E02000676,Property theft,2025-12,9.695400000000003
E02000676,Vehicle crime,2025-12,14.212100000000003
E02000676,Violence,2025-12,26.0407
E02000676,Anti-social behaviour,2026-01,29.9837
E02000676,Burglary,2026-01,30.102399999999996
E02000676,Criminal damage and arson,2026-01,30.478599999999997
E02000676,Disruptive crimes,2026-01,33.521499999999996
E02000676,Property theft,2026-01,36.45959999999999
E02000676,Vehicle crime,2026-01,40.92999999999999
E02000676,Violence,2026-01,52.864799999999995
E02000676,Anti-social behaviour,2026-02,56.516999999999996
E02000676,Burglary,2026-02,56.63179999999999
E02000676,Criminal damage and arson,2026-02,56.967999999999996
E02000676,Disruptive crimes,2026-02,59.69989999999999
E02000676,Property theft,2026-02,62.50849999999999
E02000676,Vehicle crime,2026-02,66.8038
E02000676,Violence,2026-02,78.05949999999999
E02000677,Anti-social behaviour,2025-12,6.7843
E02000677,Burglary,2025-12,7.5966
E02000677,Criminal damage and arson,2025-12,10.621599999999999
E02000677,Disruptive crimes,2025-12,16.4859
E02000677,Property theft,2025-12,21.919300000000003
E02000677,Vehicle crime,2025-12,26.701900000000002
E02000677,Violence,2025-12,44.733000000000004
E02000677,Anti-social behaviour,2026-01,52.5391
E02000677,Burglary,2026-01,53.3777
E02000677,Criminal damage and arson,2026-01,56.531099999999995
E02000677,Disruptive crimes,2026-01,62.499599999999994
E02000677,Property theft,2026-01,68.03689999999999
E02000677,Vehicle crime,2026-01,72.80839999999998
E02000677,Violence,2026-01,91.21989999999998
E02000677,Anti-social behaviour,2026-02,98.41569999999997
E02000677,Burglary,2026-02,99.26089999999998
E02000677,Criminal damage and arson,2026-02,102.25919999999998
E02000677,Disruptive crimes,2026-02,107.76519999999998
E02000677,Property theft,2026-02,112.92759999999998
E02000677,Vehicle crime,2026-02,117.45979999999997
E02000677,Violence,2026-02,135.0099
E02000678,Anti-social behaviour,2025-12,2.2654
E02000678,Burglary,2025-12,2.3798
E02000678,Criminal damage and arson,2025-12,4.695399999999999
E02000678,Disruptive crimes,2025-12,8.4132
E02000678,Property theft,2025-12,11.887500000000001
E02000678,Vehicle crime,2025-12,15.442400000000001
E02000678,Violence,2025-12,33.6172
E02000678,Anti-social behaviour,2026-01,36.391200000000005
E02000678,Burglary,2026-01,36.516000000000005
E02000678,Criminal damage and arson,2026-01,38.868500000000004
E02000678,Disruptive crimes,2026-01,42.6831
E02000678,Property theft,2026-01,46.11930000000001
E02000678,Vehicle crime,2026-01,49.64380000000001
E02000678,Violence,2026-01,68.07320000000001
E02000678,Anti-social behaviour,2026-02,70.63310000000003
E02000678,Burglary,2026-02,70.76730000000003
E02000678,Criminal damage and arson,2026-02,73.01100000000004
E02000678,Disruptive crimes,2026-02,76.50370000000004
E02000678,Property theft,2026-02,79.71620000000004
E02000678,Vehicle crime,2026-02,83.05300000000005
E02000678,Violence,2026-02,100.53560000000004
E02000679,Anti-social behaviour,2025-12,6.8446
E02000679,Burglary,2025-12,7.264699999999999
E02000679,Criminal damage and arson,2025-12,9.250699999999997
E02000679,Disruptive crimes,2025-12,12.852699999999999
E02000679,Property theft,2025-12,16.99
E02000679,Vehicle crime,2025-12,22.928399999999996
E02000679,Violence,2025-12,41.753099999999996
E02000679,Anti-social behaviour,2026-01,49.369400000000006
E02000679,Burglary,2026-01,49.76520000000001
E02000679,Criminal damage and arson,2026-01,51.77890000000001
E02000679,Disruptive crimes,2026-01,55.61080000000001
E02000679,Property theft,2026-01,59.77140000000001
E02000679,Vehicle crime,2026-01,65.5562
E02000679,Violence,2026-01,84.5328
E02000679,Anti-social behaviour,2026-02,91.44590000000001
E02000679,Burglary,2026-02,91.90580000000001
E02000679,Criminal damage and arson,2026-02,93.8506
E02000679,Disruptive crimes,2026-02,97.40010000000001
E02000679,Property theft,2026-02,101.32490000000003
E02000679,Vehicle crime,2026-02,106.83230000000003
E02000679,Violence,2026-02,124.75870000000002
E02000680,Anti-social behaviour,2025-12,5.6715
E02000680,Burglary,2025-12,6.5849
E02000680,Criminal damage and arson,2025-12,7.7658000000000005
E02000680,Disruptive crimes,2025-12,11.0058
E02000680,Property theft,2025-12,14.951600000000001
E02000680,Vehicle crime,2025-12,18.739400000000003
E02000680,Violence,2025-12,33.328100000000006
E02000680,Anti-social behaviour,2026-01,39.8791
E02000680,Burglary,2026-01,40.852599999999995
E02000680,Criminal damage and arson,2026-01,42.00189999999999
E02000680,Disruptive crimes,2026-01,45.3396
E02000680,Property theft,2026-01,49.22449999999999
E02000680,Vehicle crime,2026-01,52.89489999999999
E02000680,Violence,2026-01,67.5735
E02000680,Anti-social behaviour,2026-02,73.37109999999998
E02000680,Burglary,2026-02,74.38419999999998
E02000680,Criminal damage and arson,2026-02,75.48249999999999
E02000680,Disruptive crimes,2026-02,78.5953
E02000680,Property theft,2026-02,82.2439
E02000680,Vehicle crime,2026-02,85.77850000000001
E02000680,Violence,2026-02,99.77710000000002
E02000681,Anti-social behaviour,2025-12,11.831399999999999
E02000681,Burglary,2025-12,13.642199999999999
E02000681,Criminal damage and arson,2025-12,18.078799999999998
E02000681,Disruptive crimes,2025-12,27.343899999999994
E02000681,Property theft,2025-12,38.85869999999999
E02000681,Vehicle crime,2025-12,45.86549999999999
E02000681,Violence,2025-12,80.35859999999998
E02000681,Anti-social behaviour,2026-01,94.22479999999999
E02000681,Burglary,2026-01,96.1121
E02000681,Criminal damage and arson,2026-01,100.4736
E02000681,Disruptive crimes,2026-01,109.88410000000002
E02000681,Property theft,2026-01,121.3912
E02000681,Vehicle crime,2026-01,128.3534
E02000681,Violence,2026-01,163.28789999999998
E02000681,Anti-social behaviour,2026-02,175.52720000000002
E02000681,Burglary,2026-02,177.449
E02000681,Criminal damage and arson,2026-02,181.62310000000005
E02000681,Disruptive crimes,2026-02,190.46000000000006
E02000681,Property theft,2026-02,200.50220000000004
E02000681,Vehicle crime,2026-02,207.05800000000008
E02000681,Violence,2026-02,240.44660000000005
E02000682,Anti-social behaviour,2025-12,6.4831
E02000682,Burglary,2025-12,7.7574
E02000682,Criminal damage and arson,2025-12,10.354499999999998
E02000682,Disruptive crimes,2025-12,16.867899999999995
E02000682,Property theft,2025-12,24.538799999999995
E02000682,Vehicle crime,2025-12,29.937699999999996
E02000682,Violence,2025-12,54.3356
E02000682,Anti-social behaviour,2026-01,62.1592
E02000682,Burglary,2026-01,63.478199999999994
E02000682,Criminal damage and arson,2026-01,66.08879999999999
E02000682,Disruptive crimes,2026-01,72.62049999999999
E02000682,Property theft,2026-01,80.5561
E02000682,Vehicle crime,2026-01,85.98259999999999
E02000682,Violence,2026-01,110.65830000000001
E02000682,Anti-social behaviour,2026-02,117.3969
E02000682,Burglary,2026-02,118.7063
E02000682,Criminal damage and arson,2026-02,121.2089
E02000682,Disruptive crimes,2026-02,127.4281
E02000682,Property theft,2026-02,134.7223
E02000682,Vehicle crime,2026-02,139.8597
E02000682,Violence,2026-02,163.44060000000005
E02000683,Anti-social behaviour,2025-12,7.1028
E02000683,Burglary,2025-12,7.214
E02000683,Criminal damage and arson,2025-12,9.1625
E02000683,Disruptive crimes,2025-12,13.2868
E02000683,Property theft,2025-12,15.8604
E02000683,Vehicle crime,2025-12,19.4857
E02000683,Violence,2025-12,34.426100000000005
E02000683,Anti-social behaviour,2026-01,42.58720000000001
E02000683,Burglary,2026-01,42.68910000000001
E02000683,Criminal damage and arson,2026-01,44.68580000000001
E02000683,Disruptive crimes,2026-01,48.9816
E02000683,Property theft,2026-01,51.633599999999994
E02000683,Vehicle crime,2026-01,55.2555
E02000683,Violence,2026-01,70.38569999999999
E02000683,Anti-social behaviour,2026-02,77.93889999999999
E02000683,Burglary,2026-02,78.05539999999999
E02000683,Criminal damage and arson,2026-02,79.94979999999998
E02000683,Disruptive crimes,2026-02,83.87119999999999
E02000683,Property theft,2026-02,86.35559999999998
E02000683,Vehicle crime,2026-02,89.7555
E02000683,Violence,2026-02,104.161
E02000685,Anti-social behaviour,2025-12,10.7249
E02000685,Burglary,2025-12,12.463799999999999
E02000685,Criminal damage and arson,2025-12,14.187099999999997
E02000685,Disruptive crimes,2025-12,18.736299999999996
E02000685,Property theft,2025-12,29.312199999999994
E02000685,Vehicle crime,2025-12,35.414399999999986
E02000685,Violence,2025-12,56.698199999999986
E02000685,Anti-social behaviour,2026-01,68.42719999999998
E02000685,Burglary,2026-01,70.12349999999999
E02000685,Criminal damage and arson,2026-01,71.8437
E02000685,Disruptive crimes,2026-01,76.7025
E02000685,Property theft,2026-01,87.52619999999999
E02000685,Vehicle crime,2026-01,93.5041
E02000685,Violence,2026-01,114.96279999999999
E02000685,Anti-social behaviour,2026-02,126.15489999999998
E02000685,Burglary,2026-02,127.87349999999998
E02000685,Criminal damage and arson,2026-02,129.49959999999996
E02000685,Disruptive crimes,2026-02,134.13549999999995
E02000685,Property theft,2026-02,144.35459999999992
E02000685,Vehicle crime,2026-02,150.0360999999999
E02000685,Violence,2026-02,170.5762999999999
E02000686,Anti-social behaviour,2025-12,6.9014
E02000686,Burglary,2025-12,8.070500000000001
E02000686,Criminal damage and arson,2025-12,11.0027
E02000686,Disruptive crimes,2025-12,17.2666
E02000686,Property theft,2025-12,21.7017
E02000686,Vehicle crime,2025-12,27.4986
E02000686,Violence,2025-12,48.538700000000006
E02000686,Anti-social behaviour,2026-01,56.686800000000005
E02000686,Burglary,2026-01,57.85280000000001
E02000686,Criminal damage and arson,2026-01,60.758400000000016
E02000686,Disruptive crimes,2026-01,67.13260000000001
E02000686,Property theft,2026-01,71.60260000000002
E02000686,Vehicle crime,2026-01,77.37550000000003
E02000686,Violence,2026-01,98.62500000000004
E02000686,Anti-social behaviour,2026-02,105.86380000000004
E02000686,Burglary,2026-02,107.04420000000005
E02000686,Criminal damage and arson,2026-02,109.81470000000004
E02000686,Disruptive crimes,2026-02,115.68280000000004
E02000686,Property theft,2026-02,119.78840000000004
E02000686,Vehicle crime,2026-02,125.22600000000004
E02000686,Violence,2026-02,145.37440000000004
E02000687,Anti-social behaviour,2025-12,8.7314
E02000687,Burglary,2025-12,9.350700000000002
E02000687,Criminal damage and arson,2025-12,11.3768
E02000687,Disruptive crimes,2025-12,16.755699999999997
E02000687,Property theft,2025-12,21.656399999999998
E02000687,Vehicle crime,2025-12,27.552799999999994
E02000687,Violence,2025-12,46.018999999999984
E02000687,Anti-social behaviour,2026-01,55.66959999999999
E02000687,Burglary,2026-01,56.314399999999985
E02000687,Criminal damage and arson,2026-01,58.33989999999999
E02000687,Disruptive crimes,2026-01,63.88399999999999
E02000687,Property theft,2026-01,68.72859999999999
E02000687,Vehicle crime,2026-01,74.58449999999998
E02000687,Violence,2026-01,93.20479999999998
E02000687,Anti-social behaviour,2026-02,102.06329999999997
E02000687,Burglary,2026-02,102.73119999999996
E02000687,Criminal damage and arson,2026-02,104.64849999999996
E02000687,Disruptive crimes,2026-02,109.77689999999996
E02000687,Property theft,2026-02,114.21329999999995
E02000687,Vehicle crime,2026-02,119.74969999999995
E02000687,Violence,2026-02,137.55029999999996
E02000689,Anti-social behaviour,2025-12,7.284000000000001
E02000689,Burglary,2025-12,9.334900000000001
E02000689,Criminal damage and arson,2025-12,10.565
E02000689,Disruptive crimes,2025-12,12.351399999999998
E02000689,Property theft,2025-12,21.8584
E02000689,Vehicle crime,2025-12,26.842000000000002
E02000689,Violence,2025-12,36.5015
E02000689,Anti-social behaviour,2026-01,44.6255
E02000689,Burglary,2026-01,46.6093
E02000689,Criminal damage and arson,2026-01,47.8181
E02000689,Disruptive crimes,2026-01,49.6518
E02000689,Property theft,2026-01,59.61
E02000689,Vehicle crime,2026-01,64.698
E02000689,Violence,2026-01,74.9495
E02000689,Anti-social behaviour,2026-02,83.04610000000001
E02000689,Burglary,2026-02,84.9408
E02000689,Criminal damage and arson,2026-02,86.10390000000001
E02000689,Disruptive crimes,2026-02,87.84510000000003
E02000689,Property theft,2026-02,97.7329
E02000689,Vehicle crime,2026-02,102.7474
E02000689,Violence,2026-02,112.86699999999999
E02000690,Anti-social behaviour,2025-12,3.0339
E02000690,Burglary,2025-12,4.5522
E02000690,Criminal damage and arson,2025-12,4.6824
E02000690,Disruptive crimes,2025-12,6.0764000000000005
E02000690,Property theft,2025-12,8.7849
E02000690,Vehicle crime,2025-12,11.2369
E02000690,Violence,2025-12,16.631800000000002
E02000690,Anti-social behaviour,2026-01,20.290200000000002
E02000690,Burglary,2026-01,21.843400000000003
E02000690,Criminal damage and arson,2026-01,22.006800000000002
E02000690,Disruptive crimes,2026-01,23.495700000000003
E02000690,Property theft,2026-01,26.234200000000005
E02000690,Vehicle crime,2026-01,28.669000000000004
E02000690,Violence,2026-01,34.19200000000001
E02000690,Anti-social behaviour,2026-02,37.70210000000001
E02000690,Burglary,2026-02,39.29780000000001
E02000690,Criminal damage and arson,2026-02,39.48330000000001
E02000690,Disruptive crimes,2026-02,40.82980000000001
E02000690,Property theft,2026-02,43.41720000000001
E02000690,Vehicle crime,2026-02,45.85820000000001
E02000690,Violence,2026-02,51.01000000000001
E02000691,Anti-social behaviour,2025-12,8.9758
E02000691,Burglary,2025-12,9.3946
E02000691,Criminal damage and arson,2025-12,11.3214
E02000691,Disruptive crimes,2025-12,17.3865
E02000691,Property theft,2025-12,35.67280000000001
E02000691,Vehicle crime,2025-12,37.72740000000001
E02000691,Violence,2025-12,56.94360000000001
E02000691,Anti-social behaviour,2026-01,66.66360000000002
E02000691,Burglary,2026-01,67.13060000000002
E02000691,Criminal damage and arson,2026-01,69.0122
E02000691,Disruptive crimes,2026-01,75.125
E02000691,Property theft,2026-01,92.88589999999999
E02000691,Vehicle crime,2026-01,94.97619999999999
E02000691,Violence,2026-01,114.5259
E02000691,Anti-social behaviour,2026-02,123.3437
E02000691,Burglary,2026-02,123.83539999999999
E02000691,Criminal damage and arson,2026-02,125.61919999999999
E02000691,Disruptive crimes,2026-02,131.3714
E02000691,Property theft,2026-02,146.92
E02000691,Vehicle crime,2026-02,148.9461
E02000691,Violence,2026-02,167.5982
E02000692,Anti-social behaviour,2025-12,3.6879999999999997
E02000692,Burglary,2025-12,4.1227
E02000692,Criminal damage and arson,2025-12,4.1404000000000005
E02000692,Disruptive crimes,2025-12,5.483300000000001
E02000692,Property theft,2025-12,12.0637
E02000692,Vehicle crime,2025-12,14.600200000000001
E02000692,Violence,2025-12,21.4133
E02000692,Anti-social behaviour,2026-01,25.7777
E02000692,Burglary,2026-01,26.2704
E02000692,Criminal damage and arson,2026-01,26.293199999999995
E02000692,Disruptive crimes,2026-01,27.64539999999999
E02000692,Property theft,2026-01,33.97019999999999
E02000692,Vehicle crime,2026-01,36.50359999999999
E02000692,Violence,2026-01,43.35189999999999
E02000692,Anti-social behaviour,2026-02,47.643499999999996
E02000692,Burglary,2026-02,48.16019999999999
E02000692,Criminal damage and arson,2026-02,48.18619999999999
E02000692,Disruptive crimes,2026-02,49.42859999999999
E02000692,Property theft,2026-02,54.92829999999999
E02000692,Vehicle crime,2026-02,57.36529999999998
E02000692,Violence,2026-02,63.862099999999984
E02000693,Anti-social behaviour,2025-12,12.802299999999999
E02000693,Burglary,2025-12,14.193
E02000693,Criminal damage and arson,2025-12,15.937099999999997
E02000693,Disruptive crimes,2025-12,20.966299999999997
E02000693,Property theft,2025-12,41.5638
E02000693,Vehicle crime,2025-12,44.96600000000001
E02000693,Violence,2025-12,63.88220000000001
E02000693,Anti-social behaviour,2026-01,78.0887
E02000693,Burglary,2026-01,79.49600000000001
E02000693,Criminal damage and arson,2026-01,81.29180000000002
E02000693,Disruptive crimes,2026-01,86.69670000000002
E02000693,Property theft,2026-01,108.17070000000001
E02000693,Vehicle crime,2026-01,111.45770000000002
E02000693,Violence,2026-01,130.89130000000003
E02000693,Anti-social behaviour,2026-02,144.4902
E02000693,Burglary,2026-02,145.91039999999998
E02000693,Criminal damage and arson,2026-02,147.59
E02000693,Disruptive crimes,2026-02,153.0556
E02000693,Property theft,2026-02,172.6684
E02000693,Vehicle crime,2026-02,175.84859999999998
E02000693,Violence,2026-02,194.83049999999997
E02000694,Anti-social behaviour,2025-12,7.1678
E02000694,Burglary,2025-12,8.372399999999999
E02000694,Criminal damage and arson,2025-12,9.2589
E02000694,Disruptive crimes,2025-12,12.372700000000002
E02000694,Property theft,2025-12,20.302300000000002
E02000694,Vehicle crime,2025-12,23.6702
E02000694,Violence,2025-12,36.3705
E02000694,Anti-social behaviour,2026-01,44.12200000000001
E02000694,Burglary,2026-01,45.34010000000001
E02000694,Criminal damage and arson,2026-01,46.27860000000001
E02000694,Disruptive crimes,2026-01,49.46010000000002
E02000694,Property theft,2026-01,57.25310000000002
E02000694,Vehicle crime,2026-01,60.574600000000025
E02000694,Violence,2026-01,73.35430000000004
E02000694,Anti-social behaviour,2026-02,80.57440000000004
E02000694,Burglary,2026-02,81.81860000000006
E02000694,Criminal damage and arson,2026-02,82.67320000000005
E02000694,Disruptive crimes,2026-02,85.67420000000004
E02000694,Property theft,2026-02,92.93330000000003
E02000694,Vehicle crime,2026-02,96.11670000000002
E02000694,Violence,2026-02,108.26360000000003
E02000695,Anti-social behaviour,2025-12,4.5827
E02000695,Burglary,2025-12,4.690099999999999
E02000695,Criminal damage and arson,2025-12,4.800399999999999
E02000695,Disruptive crimes,2025-12,6.763499999999999
E02000695,Property theft,2025-12,9.246099999999997
E02000695,Vehicle crime,2025-12,12.820399999999998
E02000695,Violence,2025-12,24.902199999999997
E02000695,Anti-social behaviour,2026-01,30.032099999999996
E02000695,Burglary,2026-01,30.137699999999995
E02000695,Criminal damage and arson,2026-01,30.27639999999999
E02000695,Disruptive crimes,2026-01,32.34259999999999
E02000695,Property theft,2026-01,34.900299999999994
E02000695,Vehicle crime,2026-01,38.427499999999995
E02000695,Violence,2026-01,50.68569999999999
E02000695,Anti-social behaviour,2026-02,55.4329
E02000695,Burglary,2026-02,55.562599999999996
E02000695,Criminal damage and arson,2026-02,55.7099
E02000695,Disruptive crimes,2026-02,57.615899999999996
E02000695,Property theft,2026-02,60.1148
E02000695,Vehicle crime,2026-02,63.492599999999996
E02000695,Violence,2026-02,75.17019999999998
E02000696,Anti-social behaviour,2025-12,6.0576
E02000696,Burglary,2025-12,6.0946
E02000696,Criminal damage and arson,2025-12,6.405900000000001
E02000696,Disruptive crimes,2025-12,9.818300000000002
E02000696,Property theft,2025-12,15.830300000000003
E02000696,Vehicle crime,2025-12,18.8529
E02000696,Violence,2025-12,32.753
E02000696,Anti-social behaviour,2026-01,39.6871
E02000696,Burglary,2026-01,39.720200000000006
E02000696,Criminal damage and arson,2026-01,40.0368
E02000696,Disruptive crimes,2026-01,43.515499999999996
E02000696,Property theft,2026-01,49.4526
E02000696,Vehicle crime,2026-01,52.4324
E02000696,Violence,2026-01,66.4353
E02000696,Anti-social behaviour,2026-02,72.6095
E02000696,Burglary,2026-02,72.6434
E02000696,Criminal damage and arson,2026-02,72.9401
E02000696,Disruptive crimes,2026-02,76.16149999999999
E02000696,Property theft,2026-02,81.68409999999999
E02000696,Vehicle crime,2026-02,84.61139999999997
E02000696,Violence,2026-02,97.88409999999998
E02000697,Anti-social behaviour,2025-12,7.296199999999999
E02000697,Burglary,2025-12,7.9148999999999985
E02000697,Criminal damage and arson,2025-12,9.492299999999998
E02000697,Disruptive crimes,2025-12,14.827499999999999
E02000697,Property theft,2025-12,24.079499999999996
E02000697,Vehicle crime,2025-12,25.071599999999993
E02000697,Violence,2025-12,41.929899999999996
E02000697,Anti-social behaviour,2026-01,50.2085
E02000697,Burglary,2026-01,50.807
E02000697,Criminal damage and arson,2026-01,52.42960000000001
E02000697,Disruptive crimes,2026-01,57.89130000000001
E02000697,Property theft,2026-01,66.9884
E02000697,Vehicle crime,2026-01,67.9777
E02000697,Violence,2026-01,84.9625
E02000697,Anti-social behaviour,2026-02,92.6911
E02000697,Burglary,2026-02,93.3113
E02000697,Criminal damage and arson,2026-02,94.82130000000001
E02000697,Disruptive crimes,2026-02,99.8754
E02000697,Property theft,2026-02,106.5253
E02000697,Vehicle crime,2026-02,107.48450000000001
E02000697,Violence,2026-02,123.629
E02000698,Anti-social behaviour,2025-12,3.2025
E02000698,Burglary,2025-12,3.2654
E02000698,Criminal damage and arson,2025-12,3.2658000000000005
E02000698,Disruptive crimes,2025-12,3.267300000000001
E02000698,Property theft,2025-12,3.315100000000001
E02000698,Vehicle crime,2025-12,5.480200000000002
E02000698,Violence,2025-12,9.632300000000003
E02000698,Anti-social behaviour,2026-01,13.513600000000002
E02000698,Burglary,2026-01,13.570000000000004
E02000698,Criminal damage and arson,2026-01,13.570500000000004
E02000698,Disruptive crimes,2026-01,13.572500000000003
E02000698,Property theft,2026-01,13.6338
E02000698,Vehicle crime,2026-01,15.7624
E02000698,Violence,2026-01,20.076999999999998
E02000698,Anti-social behaviour,2026-02,23.9633
E02000698,Burglary,2026-02,24.026600000000002
E02000698,Criminal damage and arson,2026-02,24.0273
E02000698,Disruptive crimes,2026-02,24.0295
E02000698,Property theft,2026-02,24.095099999999995
E02000698,Vehicle crime,2026-02,26.186999999999994
E02000698,Violence,2026-02,30.17639999999999
E02000699,Anti-social behaviour,2025-12,2.109
E02000699,Burglary,2025-12,2.1109000000000004
E02000699,Criminal damage and arson,2025-12,2.1943000000000006
E02000699,Disruptive crimes,2025-12,2.504500000000001
E02000699,Property theft,2025-12,5.466000000000001
E02000699,Vehicle crime,2025-12,5.696100000000001
E02000699,Violence,2025-12,11.398700000000002
E02000699,Anti-social behaviour,2026-01,13.757100000000001
E02000699,Burglary,2026-01,13.759
E02000699,Criminal damage and arson,2026-01,13.867
E02000699,Disruptive crimes,2026-01,14.2309
E02000699,Property theft,2026-01,17.346999999999998
E02000699,Vehicle crime,2026-01,17.6162
E02000699,Violence,2026-01,23.449899999999996
E02000699,Anti-social behaviour,2026-02,25.730999999999995
E02000699,Burglary,2026-02,25.733099999999993
E02000699,Criminal damage and arson,2026-02,25.852499999999996
E02000699,Disruptive crimes,2026-02,26.201299999999996
E02000699,Property theft,2026-02,29.1616
E02000699,Vehicle crime,2026-02,29.440600000000003
E02000699,Violence,2026-02,34.856300000000005
E02000700,Anti-social behaviour,2025-12,7.3566
E02000700,Burglary,2025-12,8.098700000000001
E02000700,Criminal damage and arson,2025-12,10.5904
E02000700,Disruptive crimes,2025-12,15.136899999999999
E02000700,Property theft,2025-12,17.767899999999997
E02000700,Vehicle crime,2025-12,19.944999999999997
E02000700,Violence,2025-12,35.3553
E02000700,Anti-social behaviour,2026-01,43.7446
E02000700,Burglary,2026-01,44.529
E02000700,Criminal damage and arson,2026-01,47.1018
E02000700,Disruptive crimes,2026-01,51.829600000000006
E02000700,Property theft,2026-01,54.508100000000006
E02000700,Vehicle crime,2026-01,56.7018
E02000700,Violence,2026-01,72.3214
E02000700,Anti-social behaviour,2026-02,79.837
E02000700,Burglary,2026-02,80.67370000000001
E02000700,Criminal damage and arson,2026-02,83.0986
E02000700,Disruptive crimes,2026-02,87.45530000000001
E02000700,Property theft,2026-02,89.949
E02000700,Vehicle crime,2026-02,92.04449999999999
E02000700,Violence,2026-02,106.76789999999998
E02000701,Anti-social behaviour,2025-12,9.3829
E02000701,Burglary,2025-12,10.530700000000001
E02000701,Criminal damage and arson,2025-12,13.974
E02000701,Disruptive crimes,2025-12,20.2648
E02000701,Property theft,2025-12,27.3965
E02000701,Vehicle crime,2025-12,32.3671
E02000701,Violence,2025-12,56.841499999999996
E02000701,Anti-social behaviour,2026-01,67.2888
E02000701,Burglary,2026-01,68.38910000000001
E02000701,Criminal damage and arson,2026-01,71.83690000000001
E02000701,Disruptive crimes,2026-01,78.11020000000002
E02000701,Property theft,2026-01,85.35100000000001
E02000701,Vehicle crime,2026-01,90.26020000000001
E02000701,Violence,2026-01,115.173
E02000701,Anti-social behaviour,2026-02,124.7572
E02000701,Burglary,2026-02,125.8512
E02000701,Criminal damage and arson,2026-02,129.1776
E02000701,Disruptive crimes,2026-02,135.08829999999998
E02000701,Property theft,2026-02,141.71489999999994
E02000701,Vehicle crime,2026-02,146.41949999999994
E02000701,Violence,2026-02,169.92939999999996
E02000702,Anti-social behaviour,2025-12,5.0948
E02000702,Burglary,2025-12,5.439
E02000702,Criminal damage and arson,2025-12,7.334499999999999
E02000702,Disruptive crimes,2025-12,12.364899999999999
E02000702,Property theft,2025-12,14.343699999999998
E02000702,Vehicle crime,2025-12,17.007299999999997
E02000702,Violence,2025-12,32.60249999999999
E02000702,Anti-social behaviour,2026-01,38.2848
E02000702,Burglary,2026-01,38.661899999999996
E02000702,Criminal damage and arson,2026-01,40.5914
E02000702,Disruptive crimes,2026-01,45.7044
E02000702,Property theft,2026-01,47.7376
E02000702,Vehicle crime,2026-01,50.3905
E02000702,Violence,2026-01,66.3467
E02000702,Anti-social behaviour,2026-02,71.4258
E02000702,Burglary,2026-02,71.8438
E02000702,Criminal damage and arson,2026-02,73.7063
E02000702,Disruptive crimes,2026-02,78.38059999999999
E02000702,Property theft,2026-02,80.2979
E02000702,Vehicle crime,2026-02,82.81130000000002
E02000702,Violence,2026-02,97.86070000000001
E02000703,Anti-social behaviour,2025-12,5.6937
E02000703,Burglary,2025-12,5.7929
E02000703,Criminal damage and arson,2025-12,5.7988
E02000703,Disruptive crimes,2025-12,6.6771
E02000703,Property theft,2025-12,7.7996
E02000703,Vehicle crime,2025-12,8.2431
E02000703,Violence,2025-12,12.941299999999998
E02000703,Anti-social behaviour,2026-01,19.273699999999998
E02000703,Burglary,2026-01,19.379499999999997
E02000703,Criminal damage and arson,2026-01,19.3878
E02000703,Disruptive crimes,2026-01,20.293799999999997
E02000703,Property theft,2026-01,21.5062
E02000703,Vehicle crime,2026-01,21.9592
E02000703,Violence,2026-01,26.7146
E02000703,Anti-social behaviour,2026-02,33.0064
E02000703,Burglary,2026-02,33.1355
E02000703,Criminal damage and arson,2026-02,33.145300000000006
E02000703,Disruptive crimes,2026-02,33.974300000000014
E02000703,Property theft,2026-02,35.107500000000016
E02000703,Vehicle crime,2026-02,35.50480000000001
E02000703,Violence,2026-02,40.005900000000004
E02000704,Anti-social behaviour,2025-12,4.6356
E02000704,Burglary,2025-12,5.8145999999999995
E02000704,Criminal damage and arson,2025-12,6.8599
E02000704,Disruptive crimes,2025-12,10.559000000000001
E02000704,Property theft,2025-12,23.4704
E02000704,Vehicle crime,2025-12,25.835099999999997
E02000704,Violence,2025-12,40.5623
E02000704,Anti-social behaviour,2026-01,45.967999999999996
E02000704,Burglary,2026-01,47.15110000000001
E02000704,Criminal damage and arson,2026-01,48.24800000000001
E02000704,Disruptive crimes,2026-01,52.07120000000001
E02000704,Property theft,2026-01,64.92110000000001
E02000704,Vehicle crime,2026-01,67.26520000000001
E02000704,Violence,2026-01,82.30350000000001
E02000704,Anti-social behaviour,2026-02,87.2868
E02000704,Burglary,2026-02,88.41990000000001
E02000704,Criminal damage and arson,2026-02,89.50490000000002
E02000704,Disruptive crimes,2026-02,93.02350000000001
E02000704,Property theft,2026-02,104.96850000000002
E02000704,Vehicle crime,2026-02,107.35140000000001
E02000704,Violence,2026-02,121.62610000000002
E02000705,Anti-social behaviour,2025-12,5.1648
E02000705,Burglary,2025-12,5.298399999999999
E02000705,Criminal damage and arson,2025-12,5.771
E02000705,Disruptive crimes,2025-12,7.1350999999999996
E02000705,Property theft,2025-12,9.895
E02000705,Vehicle crime,2025-12,13.6084
E02000705,Violence,2025-12,29.668100000000003
E02000705,Anti-social behaviour,2026-01,35.6621
E02000705,Burglary,2026-01,35.78560000000001
E02000705,Criminal damage and arson,2026-01,36.315700000000014
E02000705,Disruptive crimes,2026-01,37.81890000000001
E02000705,Property theft,2026-01,40.55510000000001
E02000705,Vehicle crime,2026-01,44.24440000000001
E02000705,Violence,2026-01,60.483500000000014
E02000705,Anti-social behaviour,2026-02,66.16770000000001
E02000705,Burglary,2026-02,66.30840000000002
E02000705,Criminal damage and arson,2026-02,66.80510000000002
E02000705,Disruptive crimes,2026-02,68.20880000000002
E02000705,Property theft,2026-02,70.76050000000004
E02000705,Vehicle crime,2026-02,74.34830000000002
E02000705,Violence,2026-02,89.76080000000003
E02000706,Anti-social behaviour,2025-12,11.041599999999999
E02000706,Burglary,2025-12,11.5617
E02000706,Criminal damage and arson,2025-12,15.8046
E02000706,Disruptive crimes,2025-12,22.3764
E02000706,Property theft,2025-12,28.535999999999998
E02000706,Vehicle crime,2025-12,30.734099999999998
E02000706,Violence,2025-12,54.7089
E02000706,Anti-social behaviour,2026-01,67.4464
E02000706,Burglary,2026-01,67.94439999999999
E02000706,Criminal damage and arson,2026-01,72.24859999999998
E02000706,Disruptive crimes,2026-01,78.86389999999997
E02000706,Property theft,2026-01,84.93649999999997
E02000706,Vehicle crime,2026-01,87.12339999999998
E02000706,Violence,2026-01,111.60559999999998
E02000706,Anti-social behaviour,2026-02,122.50249999999998
E02000706,Burglary,2026-02,122.98989999999999
E02000706,Criminal damage and arson,2026-02,127.11470000000001
E02000706,Disruptive crimes,2026-02,133.27910000000003
E02000706,Property theft,2026-02,139.00740000000002
E02000706,Vehicle crime,2026-02,141.07860000000002
E02000706,Violence,2026-02,164.29020000000006
E02000707,Anti-social behaviour,2025-12,7.104799999999999
E02000707,Burglary,2025-12,7.114399999999999
E02000707,Criminal damage and arson,2025-12,9.039399999999999
E02000707,Disruptive crimes,2025-12,12.895199999999999
E02000707,Property theft,2025-12,14.6273
E02000707,Vehicle crime,2025-12,15.4756
E02000707,Violence,2025-12,32.5441
E02000707,Anti-social behaviour,2026-01,40.48209999999999
E02000707,Burglary,2026-01,40.49119999999999
E02000707,Criminal damage and arson,2026-01,42.44339999999999
E02000707,Disruptive crimes,2026-01,46.466999999999985
E02000707,Property theft,2026-01,48.28219999999998
E02000707,Vehicle crime,2026-01,49.132399999999976
E02000707,Violence,2026-01,66.25439999999998
E02000707,Anti-social behaviour,2026-02,73.42059999999998
E02000707,Burglary,2026-02,73.43059999999998
E02000707,Criminal damage and arson,2026-02,75.24329999999998
E02000707,Disruptive crimes,2026-02,78.95039999999999
E02000707,Property theft,2026-02,80.64029999999998
E02000707,Vehicle crime,2026-02,81.44399999999997
E02000707,Violence,2026-02,97.68479999999998
E02000708,Anti-social behaviour,2025-12,6.5496
E02000708,Burglary,2025-12,6.7357
E02000708,Criminal damage and arson,2025-12,7.1518
E02000708,Disruptive crimes,2025-12,8.5335
E02000708,Property theft,2025-12,13.5093
E02000708,Vehicle crime,2025-12,16.604599999999998
E02000708,Violence,2025-12,24.848
E02000708,Anti-social behaviour,2026-01,32.199000000000005
E02000708,Burglary,2026-01,32.39800000000001
E02000708,Criminal damage and arson,2026-01,32.86530000000001
E02000708,Disruptive crimes,2026-01,34.35780000000001
E02000708,Property theft,2026-01,39.28040000000001
E02000708,Vehicle crime,2026-01,42.31150000000001
E02000708,Violence,2026-01,50.70920000000001
E02000708,Anti-social behaviour,2026-02,57.71800000000002
E02000708,Burglary,2026-02,57.953900000000026
E02000708,Criminal damage and arson,2026-02,58.39730000000002
E02000708,Disruptive crimes,2026-02,59.78110000000003
E02000708,Property theft,2026-02,64.15280000000003
E02000708,Vehicle crime,2026-02,67.02920000000003
E02000708,Violence,2026-02,74.91490000000002
E02000709,Anti-social behaviour,2025-12,1.7591
E02000709,Burglary,2025-12,1.7657
E02000709,Criminal damage and arson,2025-12,1.7663
E02000709,Disruptive crimes,2025-12,1.7678
E02000709,Property theft,2025-12,1.9243999999999999
E02000709,Vehicle crime,2025-12,2.1219
E02000709,Violence,2025-12,6.6480000000000015
E02000709,Anti-social behaviour,2026-01,8.632000000000001
E02000709,Burglary,2026-01,8.6385
E02000709,Criminal damage and arson,2026-01,8.639199999999999
E02000709,Disruptive crimes,2026-01,8.641399999999997
E02000709,Property theft,2026-01,8.788799999999997
E02000709,Vehicle crime,2026-01,8.999299999999996
E02000709,Violence,2026-01,13.657299999999998
E02000709,Anti-social behaviour,2026-02,15.649299999999998
E02000709,Burglary,2026-02,15.6566
E02000709,Criminal damage and arson,2026-02,15.657399999999999
E02000709,Disruptive crimes,2026-02,15.659899999999999
E02000709,Property theft,2026-02,15.807599999999997
E02000709,Vehicle crime,2026-02,16.0019
E02000709,Violence,2026-02,20.2845
E02000710,Anti-social behaviour,2025-12,11.968399999999999
E02000710,Burglary,2025-12,13.968899999999998
E02000710,Criminal damage and arson,2025-12,18.7279
E02000710,Disruptive crimes,2025-12,25.768300000000004
E02000710,Property theft,2025-12,31.825500000000005
E02000710,Vehicle crime,2025-12,36.0563
E02000710,Violence,2025-12,61.96750000000001
E02000710,Anti-social behaviour,2026-01,75.5709
E02000710,Burglary,2026-01,77.62429999999999
E02000710,Criminal damage and arson,2026-01,82.3541
E02000710,Disruptive crimes,2026-01,89.4089
E02000710,Property theft,2026-01,95.29270000000001
E02000710,Vehicle crime,2026-01,99.46860000000001
E02000710,Violence,2026-01,125.5915
E02000710,Anti-social behaviour,2026-02,138.02950000000004
E02000710,Burglary,2026-02,140.20880000000005
E02000710,Criminal damage and arson,2026-02,144.69350000000006
E02000710,Disruptive crimes,2026-02,151.40000000000003
E02000710,Property theft,2026-02,156.96400000000003
E02000710,Vehicle crime,2026-02,160.91770000000002
E02000710,Violence,2026-02,185.74710000000002
E02000711,Anti-social behaviour,2025-12,9.820200000000002
E02000711,Burglary,2025-12,10.241400000000002
E02000711,Criminal damage and arson,2025-12,12.313700000000003
E02000711,Disruptive crimes,2025-12,17.071500000000004
E02000711,Property theft,2025-12,34.1447
E02000711,Vehicle crime,2025-12,38.862500000000004
E02000711,Violence,2025-12,62.671
E02000711,Anti-social behaviour,2026-01,73.7301
E02000711,Burglary,2026-01,74.1256
E02000711,Criminal damage and arson,2026-01,76.1846
E02000711,Disruptive crimes,2026-01,81.0254
E02000711,Property theft,2026-01,98.18870000000001
E02000711,Vehicle crime,2026-01,102.8615
E02000711,Violence,2026-01,126.79640000000002
E02000711,Anti-social behaviour,2026-02,137.08860000000004
E02000711,Burglary,2026-02,137.50590000000005
E02000711,Criminal damage and arson,2026-02,139.48380000000006
E02000711,Disruptive crimes,2026-02,144.11750000000004
E02000711,Property theft,2026-02,160.3221
E02000711,Vehicle crime,2026-02,164.79260000000002
E02000711,Violence,2026-02,187.51540000000006
E02000712,Anti-social behaviour,2025-12,4.3296
E02000712,Burglary,2025-12,4.3749
E02000712,Criminal damage and arson,2025-12,6.4916
E02000712,Disruptive crimes,2025-12,10.5883
E02000712,Property theft,2025-12,13.2563
E02000712,Vehicle crime,2025-12,16.3648
E02000712,Violence,2025-12,31.2901
E02000712,Anti-social behaviour,2026-01,36.39019999999999
E02000712,Burglary,2026-01,36.433
E02000712,Criminal damage and arson,2026-01,38.561299999999996
E02000712,Disruptive crimes,2026-01,42.7454
E02000712,Property theft,2026-01,45.3861
E02000712,Vehicle crime,2026-01,48.455299999999994
E02000712,Violence,2026-01,63.59489999999999
E02000712,Anti-social behaviour,2026-02,68.3954
E02000712,Burglary,2026-02,68.44180000000001
E02000712,Criminal damage and arson,2026-02,70.45860000000003
E02000712,Disruptive crimes,2026-02,74.32920000000004
E02000712,Property theft,2026-02,76.85350000000003
E02000712,Vehicle crime,2026-02,79.83490000000003
E02000712,Violence,2026-02,94.11080000000001
E02000713,Anti-social behaviour,2025-12,1.6551
E02000713,Burglary,2025-12,1.6691
E02000713,Criminal damage and arson,2025-12,1.6911999999999998
E02000713,Disruptive crimes,2025-12,1.7825999999999997
E02000713,Property theft,2025-12,2.6948000000000003
E02000713,Vehicle crime,2025-12,3.6407000000000003
E02000713,Violence,2025-12,10.2218
E02000713,Anti-social behaviour,2026-01,12.250900000000001
E02000713,Burglary,2026-01,12.264400000000002
E02000713,Criminal damage and arson,2026-01,12.294500000000001
E02000713,Disruptive crimes,2026-01,12.410300000000001
E02000713,Property theft,2026-01,13.331100000000001
E02000713,Vehicle crime,2026-01,14.310399999999998
E02000713,Violence,2026-01,21.037599999999998
E02000713,Anti-social behaviour,2026-02,23.086899999999996
E02000713,Burglary,2026-02,23.100599999999996
E02000713,Criminal damage and arson,2026-02,23.133299999999995
E02000713,Disruptive crimes,2026-02,23.264499999999995
E02000713,Property theft,2026-02,24.124699999999994
E02000713,Vehicle crime,2026-02,25.011099999999992
E02000713,Violence,2026-02,31.28109999999999
E02000714,Anti-social behaviour,2025-12,11.0383
E02000714,Burglary,2025-12,11.575999999999999
E02000714,Criminal damage and arson,2025-12,13.663799999999998
E02000714,Disruptive crimes,2025-12,17.1194
E02000714,Property theft,2025-12,23.221799999999998
E02000714,Vehicle crime,2025-12,29.403499999999998
E02000714,Violence,2025-12,44.722500000000004
E02000714,Anti-social behaviour,2026-01,57.5097
E02000714,Burglary,2026-01,58.1056
E02000714,Criminal damage and arson,2026-01,60.18510000000001
E02000714,Disruptive crimes,2026-01,63.589700000000015
E02000714,Property theft,2026-01,69.67890000000001
E02000714,Vehicle crime,2026-01,75.74140000000001
E02000714,Violence,2026-01,91.30090000000003
E02000714,Anti-social behaviour,2026-02,102.51410000000003
E02000714,Burglary,2026-02,103.11930000000004
E02000714,Criminal damage and arson,2026-02,105.19650000000004
E02000714,Disruptive crimes,2026-02,108.44440000000003
E02000714,Property theft,2026-02,114.16120000000004
E02000714,Vehicle crime,2026-02,119.89830000000003
E02000714,Violence,2026-02,134.47230000000002
E02000715,Anti-social behaviour,2025-12,4.037
E02000715,Burglary,2025-12,4.1722
E02000715,Criminal damage and arson,2025-12,4.7071000000000005
E02000715,Disruptive crimes,2025-12,7.122700000000001
E02000715,Property theft,2025-12,10.3187
E02000715,Vehicle crime,2025-12,14.8689
E02000715,Violence,2025-12,26.174200000000003
E02000715,Anti-social behaviour,2026-01,31.215300000000003
E02000715,Burglary,2026-01,31.333500000000004
E02000715,Criminal damage and arson,2026-01,31.886700000000005
E02000715,Disruptive crimes,2026-01,34.2817
E02000715,Property theft,2026-01,37.55709999999999
E02000715,Vehicle crime,2026-01,41.998099999999994
E02000715,Violence,2026-01,53.543599999999984
E02000715,Anti-social behaviour,2026-02,57.751699999999985
E02000715,Burglary,2026-02,57.87079999999999
E02000715,Criminal damage and arson,2026-02,58.34739999999999
E02000715,Disruptive crimes,2026-02,60.624399999999994
E02000715,Property theft,2026-02,63.7074
E02000715,Vehicle crime,2026-02,67.9801
E02000715,Violence,2026-02,78.80980000000001
E02000716,Anti-social behaviour,2025-12,11.1571
E02000716,Burglary,2025-12,12.1215
E02000716,Criminal damage and arson,2025-12,14.656600000000001
E02000716,Disruptive crimes,2025-12,20.4043
E02000716,Property theft,2025-12,30.968999999999998
E02000716,Vehicle crime,2025-12,36.6207
E02000716,Violence,2025-12,55.9555
E02000716,Anti-social behaviour,2026-01,68.99260000000001
E02000716,Burglary,2026-01,69.96370000000002
E02000716,Criminal damage and arson,2026-01,72.49210000000001
E02000716,Disruptive crimes,2026-01,78.3061
E02000716,Property theft,2026-01,89.1566
E02000716,Vehicle crime,2026-01,94.69739999999999
E02000716,Violence,2026-01,114.26889999999999
E02000716,Anti-social behaviour,2026-02,125.63969999999999
E02000716,Burglary,2026-02,126.6361
E02000716,Criminal damage and arson,2026-02,129.06870000000004
E02000716,Disruptive crimes,2026-02,134.41950000000003
E02000716,Property theft,2026-02,144.59340000000003
E02000716,Vehicle crime,2026-02,149.81310000000002
E02000716,Violence,2026-02,168.5021
E02000717,Anti-social behaviour,2025-12,8.0394
E02000717,Burglary,2025-12,9.5297
E02000717,Criminal damage and arson,2025-12,11.1732
E02000717,Disruptive crimes,2025-12,14.6817
E02000717,Property theft,2025-12,22.859499999999997
E02000717,Vehicle crime,2025-12,26.981399999999997
E02000717,Violence,2025-12,46.1417
E02000717,Anti-social behaviour,2026-01,55.7595
E02000717,Burglary,2026-01,57.339000000000006
E02000717,Criminal damage and arson,2026-01,58.9767
E02000717,Disruptive crimes,2026-01,62.513099999999994
E02000717,Property theft,2026-01,70.90299999999999
E02000717,Vehicle crime,2026-01,74.9241
E02000717,Violence,2026-01,94.1741
E02000717,Anti-social behaviour,2026-02,102.69849999999998
E02000717,Burglary,2026-02,104.29209999999998
E02000717,Criminal damage and arson,2026-02,105.89129999999997
E02000717,Disruptive crimes,2026-02,109.29209999999998
E02000717,Property theft,2026-02,117.05879999999998
E02000717,Vehicle crime,2026-02,120.91129999999997
E02000717,Violence,2026-02,139.22139999999996
E02000718,Anti-social behaviour,2025-12,5.8491
E02000718,Burglary,2025-12,5.9526
E02000718,Criminal damage and arson,2025-12,6.2355
E02000718,Disruptive crimes,2025-12,9.3534
E02000718,Property theft,2025-12,12.2707
E02000718,Vehicle crime,2025-12,16.1747
E02000718,Violence,2025-12,29.422800000000002
E02000718,Anti-social behaviour,2026-01,36.2529
E02000718,Burglary,2026-01,36.361399999999996
E02000718,Criminal damage and arson,2026-01,36.643499999999996
E02000718,Disruptive crimes,2026-01,39.74589999999999
E02000718,Property theft,2026-01,42.84159999999999
E02000718,Vehicle crime,2026-01,46.622699999999995
E02000718,Violence,2026-01,60.0928
E02000718,Anti-social behaviour,2026-02,66.1558
E02000718,Burglary,2026-02,66.2688
E02000718,Criminal damage and arson,2026-02,66.5259
E02000718,Disruptive crimes,2026-02,69.48259999999999
E02000718,Property theft,2026-02,72.46149999999999
E02000718,Vehicle crime,2026-02,76.05909999999999
E02000718,Violence,2026-02,88.67949999999999
E02000719,Anti-social behaviour,2025-12,26.663200000000003
E02000719,Burglary,2025-12,28.019000000000002
E02000719,Criminal damage and arson,2025-12,29.8017
E02000719,Disruptive crimes,2025-12,35.9239
E02000719,Property theft,2025-12,46.744
E02000719,Vehicle crime,2025-12,52.9347
E02000719,Violence,2025-12,73.45169999999999
E02000719,Anti-social behaviour,2026-01,101.466
E02000719,Burglary,2026-01,102.88419999999999
E02000719,Criminal damage and arson,2026-01,104.70089999999999
E02000719,Disruptive crimes,2026-01,110.9858
E02000719,Property theft,2026-01,122.0179
E02000719,Vehicle crime,2026-01,128.1234
E02000719,Violence,2026-01,148.9543
E02000719,Anti-social behaviour,2026-02,175.0956
E02000719,Burglary,2026-02,176.5162
E02000719,Criminal damage and arson,2026-02,178.2365
E02000719,Disruptive crimes,2026-02,184.0752
E02000719,Property theft,2026-02,194.4101
E02000719,Vehicle crime,2026-02,200.1833
E02000719,Violence,2026-02,219.8627
E02000720,Anti-social behaviour,2025-12,4.8257
E02000720,Burglary,2025-12,4.832400000000001
E02000720,Criminal damage and arson,2025-12,5.754800000000001
E02000720,Disruptive crimes,2025-12,7.288300000000001
E02000720,Property theft,2025-12,11.565000000000003
E02000720,Vehicle crime,2025-12,16.148900000000005
E02000720,Violence,2025-12,27.781100000000006
E02000720,Anti-social behaviour,2026-01,33.27150000000001
E02000720,Burglary,2026-01,33.27800000000002
E02000720,Criminal damage and arson,2026-01,34.210200000000015
E02000720,Disruptive crimes,2026-01,35.87440000000002
E02000720,Property theft,2026-01,40.145000000000024
E02000720,Vehicle crime,2026-01,44.596400000000024
E02000720,Violence,2026-01,56.361000000000026
E02000720,Anti-social behaviour,2026-02,61.148000000000025
E02000720,Burglary,2026-02,61.15610000000003
E02000720,Criminal damage and arson,2026-02,62.08860000000003
E02000720,Disruptive crimes,2026-02,63.611200000000025
E02000720,Property theft,2026-02,67.58660000000003
E02000720,Vehicle crime,2026-02,71.83020000000003
E02000720,Violence,2026-02,82.80150000000003
E02000721,Anti-social behaviour,2025-12,17.408
E02000721,Burglary,2025-12,19.729400000000002
E02000721,Criminal damage and arson,2025-12,23.333200000000005
E02000721,Disruptive crimes,2025-12,33.1223
E02000721,Property theft,2025-12,53.554100000000005
E02000721,Vehicle crime,2025-12,62.4128
E02000721,Violence,2025-12,99.1131
E02000721,Anti-social behaviour,2026-01,119.1827
E02000721,Burglary,2026-01,121.53540000000001
E02000721,Criminal damage and arson,2026-01,125.155
E02000721,Disruptive crimes,2026-01,135.0477
E02000721,Property theft,2026-01,155.9042
E02000721,Vehicle crime,2026-01,164.61610000000002
E02000721,Violence,2026-01,201.78570000000002
E02000721,Anti-social behaviour,2026-02,219.69700000000003
E02000721,Burglary,2026-02,222.0713
E02000721,Criminal damage and arson,2026-02,225.57080000000002
E02000721,Disruptive crimes,2026-02,234.81250000000003
E02000721,Property theft,2026-02,254.51080000000005
E02000721,Vehicle crime,2026-02,262.74440000000004
E02000721,Violence,2026-02,298.10010000000005
E02000722,Anti-social behaviour,2025-12,22.961799999999997
E02000722,Burglary,2025-12,24.6666
E02000722,Criminal damage and arson,2025-12,27.4321
E02000722,Disruptive crimes,2025-12,35.470699999999994
E02000722,Property theft,2025-12,47.12699999999999
E02000722,Vehicle crime,2025-12,53.17239999999999
E02000722,Violence,2025-12,76.52549999999998
E02000722,Anti-social behaviour,2026-01,101.86549999999997
E02000722,Burglary,2026-01,103.60389999999995
E02000722,Criminal damage and arson,2026-01,106.43989999999995
E02000722,Disruptive crimes,2026-01,114.50049999999996
E02000722,Property theft,2026-01,126.35829999999996
E02000722,Vehicle crime,2026-01,132.35289999999998
E02000722,Violence,2026-01,155.992
E02000722,Anti-social behaviour,2026-02,179.4044
E02000722,Burglary,2026-02,181.16650000000004
E02000722,Criminal damage and arson,2026-02,183.80910000000003
E02000722,Disruptive crimes,2026-02,191.3308
E02000722,Property theft,2026-02,202.458
E02000722,Vehicle crime,2026-02,208.1517
E02000722,Violence,2026-02,230.45659999999998
E02000723,Anti-social behaviour,2025-12,9.811
E02000723,Burglary,2025-12,10.0082
E02000723,Criminal damage and arson,2025-12,10.8445
E02000723,Disruptive crimes,2025-12,14.952599999999999
E02000723,Property theft,2025-12,22.4128
E02000723,Vehicle crime,2025-12,27.168300000000002
E02000723,Violence,2025-12,44.960899999999995
E02000723,Anti-social behaviour,2026-01,56.168899999999994
E02000723,Burglary,2026-01,56.38219999999999
E02000723,Criminal damage and arson,2026-01,57.20749999999998
E02000723,Disruptive crimes,2026-01,61.30829999999998
E02000723,Property theft,2026-01,68.71459999999998
E02000723,Vehicle crime,2026-01,73.37559999999999
E02000723,Violence,2026-01,91.42699999999999
E02000723,Anti-social behaviour,2026-02,101.75519999999999
E02000723,Burglary,2026-02,101.9768
E02000723,Criminal damage and arson,2026-02,102.7971
E02000723,Disruptive crimes,2026-02,106.5891
E02000723,Property theft,2026-02,113.62319999999998
E02000723,Vehicle crime,2026-02,118.14419999999998
E02000723,Violence,2026-02,135.2128
E02000724,Anti-social behaviour,2025-12,2.5259000000000005
E02000724,Burglary,2025-12,2.8318000000000003
E02000724,Criminal damage and arson,2025-12,2.9005000000000005
E02000724,Disruptive crimes,2025-12,4.9058
E02000724,Property theft,2025-12,7.325
E02000724,Vehicle crime,2025-12,11.081600000000002
E02000724,Violence,2025-12,23.133300000000006
E02000724,Anti-social behaviour,2026-01,26.449400000000004
E02000724,Burglary,2026-01,26.745400000000004
E02000724,Criminal damage and arson,2026-01,26.830500000000008
E02000724,Disruptive crimes,2026-01,28.928100000000008
E02000724,Property theft,2026-01,31.451500000000006
E02000724,Vehicle crime,2026-01,35.271800000000006
E02000724,Violence,2026-01,47.503600000000006
E02000724,Anti-social behaviour,2026-02,50.35760000000001
E02000724,Burglary,2026-02,50.68140000000001
E02000724,Criminal damage and arson,2026-02,50.75960000000001
E02000724,Disruptive crimes,2026-02,52.70110000000001
E02000724,Property theft,2026-02,55.08900000000001
E02000724,Vehicle crime,2026-02,58.698200000000014
E02000724,Violence,2026-02,70.2393
E02000725,Anti-social behaviour,2025-12,32.7861
E02000725,Burglary,2025-12,38.2819
E02000725,Criminal damage and arson,2025-12,43.8243
E02000725,Disruptive crimes,2025-12,65.1248
E02000725,Property theft,2025-12,157.8811
E02000725,Vehicle crime,2025-12,167.2684
E02000725,Violence,2025-12,223.97140000000002
E02000725,Anti-social behaviour,2026-01,259.08110000000005
E02000725,Burglary,2026-01,264.66560000000004
E02000725,Criminal damage and arson,2026-01,270.0777
E02000725,Disruptive crimes,2026-01,291.01120000000003
E02000725,Property theft,2026-01,385.59590000000003
E02000725,Vehicle crime,2026-01,395.1681
E02000725,Violence,2026-01,451.5981
E02000725,Anti-social behaviour,2026-02,483.8354
E02000725,Burglary,2026-02,489.28430000000003
E02000725,Criminal damage and arson,2026-02,494.32340000000005
E02000725,Disruptive crimes,2026-02,512.9190000000001
E02000725,Property theft,2026-02,599.7692
E02000725,Vehicle crime,2026-02,609.0485
E02000725,Violence,2026-02,662.9019
E02000727,Anti-social behaviour,2025-12,10.6161
E02000727,Burglary,2025-12,11.317999999999998
E02000727,Criminal damage and arson,2025-12,13.099899999999998
E02000727,Disruptive crimes,2025-12,17.374599999999997
E02000727,Property theft,2025-12,31.32
E02000727,Vehicle crime,2025-12,36.6061
E02000727,Violence,2025-12,57.295399999999994
E02000727,Anti-social behaviour,2026-01,69.1639
E02000727,Burglary,2026-01,69.90400000000001
E02000727,Criminal damage and arson,2026-01,71.71820000000001
E02000727,Disruptive crimes,2026-01,76.00800000000001
E02000727,Property theft,2026-01,90.13710000000002
E02000727,Vehicle crime,2026-01,95.37240000000003
E02000727,Violence,2026-01,116.43990000000002
E02000727,Anti-social behaviour,2026-02,127.10410000000002
E02000727,Burglary,2026-02,127.85050000000001
E02000727,Criminal damage and arson,2026-02,129.54990000000004
E02000727,Disruptive crimes,2026-02,133.57720000000003
E02000727,Property theft,2026-02,146.58040000000005
E02000727,Vehicle crime,2026-02,151.53000000000006
E02000727,Violence,2026-02,171.54910000000007
E02000728,Anti-social behaviour,2025-12,4.8289
E02000728,Burglary,2025-12,4.8347999999999995
E02000728,Criminal damage and arson,2025-12,4.859599999999999
E02000728,Disruptive crimes,2025-12,7.364299999999999
E02000728,Property theft,2025-12,8.9063
E02000728,Vehicle crime,2025-12,12.8095
E02000728,Violence,2025-12,24.210800000000003
E02000728,Anti-social behaviour,2026-01,29.6137
E02000728,Burglary,2026-01,29.619300000000003
E02000728,Criminal damage and arson,2026-01,29.651100000000003
E02000728,Disruptive crimes,2026-01,32.2871
E02000728,Property theft,2026-01,33.97430000000001
E02000728,Vehicle crime,2026-01,37.84420000000001
E02000728,Violence,2026-01,49.28980000000001
E02000728,Anti-social behaviour,2026-02,54.11340000000001
E02000728,Burglary,2026-02,54.120100000000015
E02000728,Criminal damage and arson,2026-02,54.15480000000002
E02000728,Disruptive crimes,2026-02,56.557900000000025
E02000728,Property theft,2026-02,58.188100000000034
E02000728,Vehicle crime,2026-02,61.831300000000034
E02000728,Violence,2026-02,72.55390000000004
E02000729,Anti-social behaviour,2025-12,6.3344000000000005
E02000729,Burglary,2025-12,6.5471
E02000729,Criminal damage and arson,2025-12,6.692200000000001
E02000729,Disruptive crimes,2025-12,8.9101
E02000729,Property theft,2025-12,11.861699999999999
E02000729,Vehicle crime,2025-12,16.7509
E02000729,Violence,2025-12,31.4295
E02000729,Anti-social behaviour,2026-01,38.8461
E02000729,Burglary,2026-01,39.0725
E02000729,Criminal damage and arson,2026-01,39.2115
E02000729,Disruptive crimes,2026-01,41.4865
E02000729,Property theft,2026-01,44.4936
E02000729,Vehicle crime,2026-01,49.30330000000001
E02000729,Violence,2026-01,64.09320000000001
E02000729,Anti-social behaviour,2026-02,70.57510000000002
E02000729,Burglary,2026-02,70.82970000000003
E02000729,Criminal damage and arson,2026-02,70.96250000000002
E02000729,Disruptive crimes,2026-02,73.13430000000001
E02000729,Property theft,2026-02,75.95410000000003
E02000729,Vehicle crime,2026-02,80.51780000000004
E02000729,Violence,2026-02,94.50510000000004
E02000730,Anti-social behaviour,2025-12,5.7947
E02000730,Burglary,2025-12,6.768199999999999
E02000730,Criminal damage and arson,2025-12,7.8194
E02000730,Disruptive crimes,2025-12,14.555399999999999
E02000730,Property theft,2025-12,50.720800000000004
E02000730,Vehicle crime,2025-12,55.12060000000001
E02000730,Violence,2025-12,78.5501
E02000730,Anti-social behaviour,2026-01,85.3103
E02000730,Burglary,2026-01,86.29450000000001
E02000730,Criminal damage and arson,2026-01,87.35880000000002
E02000730,Disruptive crimes,2026-01,94.21000000000001
E02000730,Property theft,2026-01,129.73240000000004
E02000730,Vehicle crime,2026-01,134.10350000000005
E02000730,Violence,2026-01,157.80520000000007
E02000730,Anti-social behaviour,2026-02,163.67060000000004
E02000730,Burglary,2026-02,164.65310000000002
E02000730,Criminal damage and arson,2026-02,165.66780000000003
E02000730,Disruptive crimes,2026-02,171.94170000000003
E02000730,Property theft,2026-02,203.31750000000002
E02000730,Vehicle crime,2026-02,207.4708
E02000730,Violence,2026-02,230.06850000000003
E02000731,Anti-social behaviour,2025-12,30.859699999999997
E02000731,Burglary,2025-12,33.518100000000004
E02000731,Criminal damage and arson,2025-12,37.062900000000006
E02000731,Disruptive crimes,2025-12,54.6624
E02000731,Property theft,2025-12,117.69049999999999
E02000731,Vehicle crime,2025-12,124.1744
E02000731,Violence,2025-12,175.3775
E02000731,Anti-social behaviour,2026-01,208.59879999999995
E02000731,Burglary,2026-01,211.35189999999997
E02000731,Criminal damage and arson,2026-01,214.8412
E02000731,Disruptive crimes,2026-01,232.8738
E02000731,Property theft,2026-01,296.53259999999995
E02000731,Vehicle crime,2026-01,303.01129999999995
E02000731,Violence,2026-01,354.0323
E02000731,Anti-social behaviour,2026-02,384.33349999999996
E02000731,Burglary,2026-02,387.03579999999994
E02000731,Criminal damage and arson,2026-02,390.33969999999994
E02000731,Disruptive crimes,2026-02,407.05029999999994
E02000731,Property theft,2026-02,462.4038999999999
E02000731,Vehicle crime,2026-02,468.4930999999999
E02000731,Violence,2026-02,516.8917999999999
E02000732,Anti-social behaviour,2025-12,12.4773
E02000732,Burglary,2025-12,13.418099999999999
E02000732,Criminal damage and arson,2025-12,14.5803
E02000732,Disruptive crimes,2025-12,20.7373
E02000732,Property theft,2025-12,29.1332
E02000732,Vehicle crime,2025-12,34.115399999999994
E02000732,Violence,2025-12,52.18079999999999
E02000732,Anti-social behaviour,2026-01,65.7601
E02000732,Burglary,2026-01,66.716
E02000732,Criminal damage and arson,2026-01,67.8851
E02000732,Disruptive crimes,2026-01,74.1873
E02000732,Property theft,2026-01,82.70530000000001
E02000732,Vehicle crime,2026-01,87.62370000000001
E02000732,Violence,2026-01,105.98040000000002
E02000732,Anti-social behaviour,2026-02,118.10340000000002
E02000732,Burglary,2026-02,119.04280000000001
E02000732,Criminal damage and arson,2026-02,120.1393
E02000732,Disruptive crimes,2026-02,125.9847
E02000732,Property theft,2026-02,133.8105
E02000732,Vehicle crime,2026-02,138.48999999999998
E02000732,Violence,2026-02,155.7506
E02000733,Anti-social behaviour,2025-12,11.1314
E02000733,Burglary,2025-12,11.480400000000001
E02000733,Criminal damage and arson,2025-12,12.6309
E02000733,Disruptive crimes,2025-12,20.4814
E02000733,Property theft,2025-12,26.494999999999997
E02000733,Vehicle crime,2025-12,31.092199999999995
E02000733,Violence,2025-12,53.76349999999999
E02000733,Anti-social behaviour,2026-01,66.45599999999999
E02000733,Burglary,2026-01,66.8258
E02000733,Criminal damage and arson,2026-01,67.9249
E02000733,Disruptive crimes,2026-01,75.78550000000001
E02000733,Property theft,2026-01,81.77900000000001
E02000733,Vehicle crime,2026-01,86.3659
E02000733,Violence,2026-01,109.18440000000001
E02000733,Anti-social behaviour,2026-02,120.52270000000001
E02000733,Burglary,2026-02,120.93230000000001
E02000733,Criminal damage and arson,2026-02,121.97670000000002
E02000733,Disruptive crimes,2026-02,129.21750000000003
E02000733,Property theft,2026-02,134.91840000000002
E02000733,Vehicle crime,2026-02,139.3024
E02000733,Violence,2026-02,160.7446
E02000734,Anti-social behaviour,2025-12,13.3579
E02000734,Burglary,2025-12,14.2684
E02000734,Criminal damage and arson,2025-12,15.6169
E02000734,Disruptive crimes,2025-12,19.1756
E02000734,Property theft,2025-12,30.5878
E02000734,Vehicle crime,2025-12,34.0039
E02000734,Violence,2025-12,50.7445
E02000734,Anti-social behaviour,2026-01,65.1771
E02000734,Burglary,2026-01,66.0902
E02000734,Criminal damage and arson,2026-01,67.46470000000001
E02000734,Disruptive crimes,2026-01,71.08500000000001
E02000734,Property theft,2026-01,83.85600000000001
E02000734,Vehicle crime,2026-01,87.2086
E02000734,Violence,2026-01,103.96560000000001
E02000734,Anti-social behaviour,2026-02,117.27990000000001
E02000734,Burglary,2026-02,118.2608
E02000734,Criminal damage and arson,2026-02,119.5741
E02000734,Disruptive crimes,2026-02,122.9129
E02000734,Property theft,2026-02,133.9103
E02000734,Vehicle crime,2026-02,137.12369999999999
E02000734,Violence,2026-02,152.9624
E02000735,Anti-social behaviour,2025-12,15.3341
E02000735,Burglary,2025-12,16.1083
E02000735,Criminal damage and arson,2025-12,18.2307
E02000735,Disruptive crimes,2025-12,24.441
E02000735,Property theft,2025-12,34.8379
E02000735,Vehicle crime,2025-12,40.495099999999994
E02000735,Violence,2025-12,64.8677
E02000735,Anti-social behaviour,2026-01,82.0103
E02000735,Burglary,2026-01,82.82220000000001
E02000735,Criminal damage and arson,2026-01,84.9551
E02000735,Disruptive crimes,2026-01,91.1508
E02000735,Property theft,2026-01,101.84380000000002
E02000735,Vehicle crime,2026-01,107.49120000000002
E02000735,Violence,2026-01,132.40600000000003
E02000735,Anti-social behaviour,2026-02,148.56720000000004
E02000735,Burglary,2026-02,149.41150000000005
E02000735,Criminal damage and arson,2026-02,151.58370000000008
E02000735,Disruptive crimes,2026-02,157.46480000000008
E02000735,Property theft,2026-02,167.34150000000005
E02000735,Vehicle crime,2026-02,172.86460000000002
E02000735,Violence,2026-02,196.97830000000005
E02000736,Anti-social behaviour,2025-12,9.2224
E02000736,Burglary,2025-12,9.828399999999998
E02000736,Criminal damage and arson,2025-12,10.915699999999998
E02000736,Disruptive crimes,2025-12,18.834199999999996
E02000736,Property theft,2025-12,26.14279999999999
E02000736,Vehicle crime,2025-12,32.38499999999999
E02000736,Violence,2025-12,55.735899999999994
E02000736,Anti-social behaviour,2026-01,65.98779999999998
E02000736,Burglary,2026-01,66.60629999999998
E02000736,Criminal damage and arson,2026-01,67.69429999999997
E02000736,Disruptive crimes,2026-01,75.79559999999996
E02000736,Property theft,2026-01,83.31249999999996
E02000736,Vehicle crime,2026-01,89.53299999999994
E02000736,Violence,2026-01,113.02389999999995
E02000736,Anti-social behaviour,2026-02,122.39129999999996
E02000736,Burglary,2026-02,123.06869999999996
E02000736,Criminal damage and arson,2026-02,124.09469999999996
E02000736,Disruptive crimes,2026-02,131.54329999999996
E02000736,Property theft,2026-02,138.51079999999993
E02000736,Vehicle crime,2026-02,144.4772999999999
E02000736,Violence,2026-02,166.54999999999993
E02000737,Anti-social behaviour,2025-12,8.7863
E02000737,Burglary,2025-12,9.9386
E02000737,Criminal damage and arson,2025-12,12.1067
E02000737,Disruptive crimes,2025-12,17.936899999999998
E02000737,Property theft,2025-12,25.9928
E02000737,Vehicle crime,2025-12,32.8318
E02000737,Violence,2025-12,54.561800000000005
E02000737,Anti-social behaviour,2026-01,65.2836
E02000737,Burglary,2026-01,66.4414
E02000737,Criminal damage and arson,2026-01,68.6825
E02000737,Disruptive crimes,2026-01,74.65070000000001
E02000737,Property theft,2026-01,82.78740000000003
E02000737,Vehicle crime,2026-01,89.51690000000004
E02000737,Violence,2026-01,111.41980000000004
E02000737,Anti-social behaviour,2026-02,120.40180000000004
E02000737,Burglary,2026-02,121.58520000000003
E02000737,Criminal damage and arson,2026-02,123.70010000000003
E02000737,Disruptive crimes,2026-02,129.21770000000004
E02000737,Property theft,2026-02,136.8667
E02000737,Vehicle crime,2026-02,143.21080000000003
E02000737,Violence,2026-02,163.82730000000006
E02000738,Anti-social behaviour,2025-12,5.4437999999999995
E02000738,Burglary,2025-12,5.697999999999999
E02000738,Criminal damage and arson,2025-12,5.7726
E02000738,Disruptive crimes,2025-12,7.1471
E02000738,Property theft,2025-12,14.499600000000001
E02000738,Vehicle crime,2025-12,20.6891
E02000738,Violence,2025-12,34.8694
E02000738,Anti-social behaviour,2026-01,41.0659
E02000738,Burglary,2026-01,41.554700000000004
E02000738,Criminal damage and arson,2026-01,41.6645
E02000738,Disruptive crimes,2026-01,43.246
E02000738,Property theft,2026-01,50.8791
E02000738,Vehicle crime,2026-01,57.08500000000001
E02000738,Violence,2026-01,71.566
E02000738,Anti-social behaviour,2026-02,77.6875
E02000738,Burglary,2026-02,78.33579999999999
E02000738,Criminal damage and arson,2026-02,78.45759999999999
E02000738,Disruptive crimes,2026-02,80.0811
E02000738,Property theft,2026-02,88.143
E02000738,Vehicle crime,2026-02,94.2249
E02000738,Violence,2026-02,108.47890000000001
E02000739,Anti-social behaviour,2025-12,5.341799999999999
E02000739,Burglary,2025-12,5.355899999999999
E02000739,Criminal damage and arson,2025-12,6.305699999999999
E02000739,Disruptive crimes,2025-12,10.459399999999999
E02000739,Property theft,2025-12,14.723299999999998
E02000739,Vehicle crime,2025-12,18.7347
E02000739,Violence,2025-12,34.930600000000005
E02000739,Anti-social behaviour,2026-01,41.44480000000001
E02000739,Burglary,2026-01,41.4579
E02000739,Criminal damage and arson,2026-01,42.458400000000005
E02000739,Disruptive crimes,2026-01,46.705000000000005
E02000739,Property theft,2026-01,50.9597
E02000739,Vehicle crime,2026-01,54.953199999999995
E02000739,Violence,2026-01,71.41969999999999
E02000739,Anti-social behaviour,2026-02,76.97829999999999
E02000739,Burglary,2026-02,76.99279999999999
E02000739,Criminal damage and arson,2026-02,77.94689999999999
E02000739,Disruptive crimes,2026-02,81.84599999999998
E02000739,Property theft,2026-02,85.90759999999997
E02000739,Vehicle crime,2026-02,89.71349999999998
E02000739,Violence,2026-02,105.07549999999998
E02000740,Anti-social behaviour,2025-12,7.910400000000001
E02000740,Burglary,2025-12,8.83
E02000740,Criminal damage and arson,2025-12,10.389400000000002
E02000740,Disruptive crimes,2025-12,15.905000000000003
E02000740,Property theft,2025-12,37.46340000000001
E02000740,Vehicle crime,2025-12,43.093500000000006
E02000740,Violence,2025-12,63.93
E02000740,Anti-social behaviour,2026-01,73.15449999999998
E02000740,Burglary,2026-01,74.07799999999999
E02000740,Criminal damage and arson,2026-01,75.69179999999997
E02000740,Disruptive crimes,2026-01,81.25349999999999
E02000740,Property theft,2026-01,103.87769999999999
E02000740,Vehicle crime,2026-01,109.492
E02000740,Violence,2026-01,130.5528
E02000740,Anti-social behaviour,2026-02,138.57109999999997
E02000740,Burglary,2026-02,139.49879999999996
E02000740,Criminal damage and arson,2026-02,141.02759999999995
E02000740,Disruptive crimes,2026-02,145.99209999999994
E02000740,Property theft,2026-02,166.78159999999994
E02000740,Vehicle crime,2026-02,171.97359999999998
E02000740,Violence,2026-02,191.81829999999994
E02000741,Anti-social behaviour,2025-12,6.7548
E02000741,Burglary,2025-12,8.0936
E02000741,Criminal damage and arson,2025-12,11.6891
E02000741,Disruptive crimes,2025-12,21.253800000000002
E02000741,Property theft,2025-12,34.1103
E02000741,Vehicle crime,2025-12,40.976
E02000741,Violence,2025-12,87.2766
E02000741,Anti-social behaviour,2026-01,95.0224
E02000741,Burglary,2026-01,96.30420000000001
E02000741,Criminal damage and arson,2026-01,99.95210000000002
E02000741,Disruptive crimes,2026-01,109.79560000000001
E02000741,Property theft,2026-01,122.85799999999999
E02000741,Vehicle crime,2026-01,129.6248
E02000741,Violence,2026-01,175.74939999999995
E02000741,Anti-social behaviour,2026-02,182.07699999999994
E02000741,Burglary,2026-02,183.37659999999994
E02000741,Criminal damage and arson,2026-02,186.76619999999994
E02000741,Disruptive crimes,2026-02,195.90099999999993
E02000741,Property theft,2026-02,208.13249999999994
E02000741,Vehicle crime,2026-02,214.53509999999994
E02000741,Violence,2026-02,257.29189999999994
E02000742,Anti-social behaviour,2025-12,6.5975
E02000742,Burglary,2025-12,6.9738
E02000742,Criminal damage and arson,2025-12,9.1959
E02000742,Disruptive crimes,2025-12,13.7823
E02000742,Property theft,2025-12,26.3787
E02000742,Vehicle crime,2025-12,31.8142
E02000742,Violence,2025-12,49.6316
E02000742,Anti-social behaviour,2026-01,57.3934
E02000742,Burglary,2026-01,57.7473
E02000742,Criminal damage and arson,2026-01,60.066399999999994
E02000742,Disruptive crimes,2026-01,64.74239999999999
E02000742,Property theft,2026-01,77.6957
E02000742,Vehicle crime,2026-01,82.97640000000001
E02000742,Violence,2026-01,101.25880000000001
E02000742,Anti-social behaviour,2026-02,108.19030000000001
E02000742,Burglary,2026-02,108.5845
E02000742,Criminal damage and arson,2026-02,110.7241
E02000742,Disruptive crimes,2026-02,115.02920000000002
E02000742,Property theft,2026-02,126.7225
E02000742,Vehicle crime,2026-02,131.7261
E02000742,Violence,2026-02,149.0188
E02000743,Anti-social behaviour,2025-12,16.113599999999998
E02000743,Burglary,2025-12,20.809299999999997
E02000743,Criminal damage and arson,2025-12,25.589399999999998
E02000743,Disruptive crimes,2025-12,35.530300000000004
E02000743,Property theft,2025-12,59.273900000000005
E02000743,Vehicle crime,2025-12,67.4331
E02000743,Violence,2025-12,101.1189
E02000743,Anti-social behaviour,2026-01,119.47279999999999
E02000743,Burglary,2026-01,124.15179999999998
E02000743,Criminal damage and arson,2026-01,128.85369999999998
E02000743,Disruptive crimes,2026-01,139.00009999999995
E02000743,Property theft,2026-01,163.04379999999998
E02000743,Vehicle crime,2026-01,171.08819999999997
E02000743,Violence,2026-01,205.05939999999995
E02000743,Anti-social behaviour,2026-02,221.27429999999995
E02000743,Burglary,2026-02,225.802
E02000743,Criminal damage and arson,2026-02,230.289
E02000743,Disruptive crimes,2026-02,239.82649999999998
E02000743,Property theft,2026-02,262.1947
E02000743,Vehicle crime,2026-02,269.54820000000007
E02000743,Violence,2026-02,302.0468000000001
E02000744,Anti-social behaviour,2025-12,8.598500000000001
E02000744,Burglary,2025-12,9.996300000000002
E02000744,Criminal damage and arson,2025-12,13.0138
E02000744,Disruptive crimes,2025-12,17.836600000000004
E02000744,Property theft,2025-12,22.540300000000006
E02000744,Vehicle crime,2025-12,29.016700000000007
E02000744,Violence,2025-12,45.46750000000001
E02000744,Anti-social behaviour,2026-01,55.31210000000001
E02000744,Burglary,2026-01,56.73100000000001
E02000744,Criminal damage and arson,2026-01,59.792400000000015
E02000744,Disruptive crimes,2026-01,64.65840000000001
E02000744,Property theft,2026-01,69.36590000000001
E02000744,Vehicle crime,2026-01,75.70300000000002
E02000744,Violence,2026-01,92.29550000000002
E02000744,Anti-social behaviour,2026-02,101.06260000000002
E02000744,Burglary,2026-02,102.49630000000002
E02000744,Criminal damage and arson,2026-02,105.43680000000002
E02000744,Disruptive crimes,2026-02,109.95110000000001
E02000744,Property theft,2026-02,114.42450000000001
E02000744,Vehicle crime,2026-02,120.31160000000001
E02000744,Violence,2026-02,135.88150000000002
E02000745,Anti-social behaviour,2025-12,7.427099999999999
E02000745,Burglary,2025-12,7.429299999999999
E02000745,Criminal damage and arson,2025-12,9.159199999999998
E02000745,Disruptive crimes,2025-12,20.703
E02000745,Property theft,2025-12,23.8731
E02000745,Vehicle crime,2025-12,29.8447
E02000745,Violence,2025-12,46.6672
E02000745,Anti-social behaviour,2026-01,55.1677
E02000745,Burglary,2026-01,55.169900000000005
E02000745,Criminal damage and arson,2026-01,56.87190000000002
E02000745,Disruptive crimes,2026-01,70.80670000000002
E02000745,Property theft,2026-01,73.94510000000002
E02000745,Vehicle crime,2026-01,79.83740000000002
E02000745,Violence,2026-01,96.7283
E02000745,Anti-social behaviour,2026-02,104.2502
E02000745,Burglary,2026-02,104.25290000000001
E02000745,Criminal damage and arson,2026-02,105.87290000000002
E02000745,Disruptive crimes,2026-02,117.8651
E02000745,Property theft,2026-02,120.8143
E02000745,Vehicle crime,2026-02,126.4525
E02000745,Violence,2026-02,142.3916
E02000746,Anti-social behaviour,2025-12,21.5097
E02000746,Burglary,2025-12,23.3736
E02000746,Criminal damage and arson,2025-12,26.2322
E02000746,Disruptive crimes,2025-12,39.2056
E02000746,Property theft,2025-12,77.40369999999999
E02000746,Vehicle crime,2025-12,92.37699999999998
E02000746,Violence,2025-12,134.36929999999998
E02000746,Anti-social behaviour,2026-01,157.6606
E02000746,Burglary,2026-01,159.7803
E02000746,Criminal damage and arson,2026-01,162.62190000000004
E02000746,Disruptive crimes,2026-01,176.03540000000007
E02000746,Property theft,2026-01,213.9720000000001
E02000746,Vehicle crime,2026-01,229.56080000000009
E02000746,Violence,2026-01,272.1788000000001
E02000746,Anti-social behaviour,2026-02,294.66800000000006
E02000746,Burglary,2026-02,296.99350000000004
E02000746,Criminal damage and arson,2026-02,299.62350000000004
E02000746,Disruptive crimes,2026-02,312.2360000000001
E02000746,Property theft,2026-02,348.4607000000001
E02000746,Vehicle crime,2026-02,363.70220000000006
E02000746,Violence,2026-02,405.8082000000001
E02000747,Anti-social behaviour,2025-12,31.061999999999998
E02000747,Burglary,2025-12,37.021000000000015
E02000747,Criminal damage and arson,2025-12,41.41880000000002
E02000747,Disruptive crimes,2025-12,55.51180000000002
E02000747,Property theft,2025-12,101.34290000000001
E02000747,Vehicle crime,2025-12,121.84810000000002
E02000747,Violence,2025-12,169.8079
E02000747,Anti-social behaviour,2026-01,203.34159999999997
E02000747,Burglary,2026-01,209.45499999999996
E02000747,Criminal damage and arson,2026-01,214.03669999999997
E02000747,Disruptive crimes,2026-01,228.63979999999998
E02000747,Property theft,2026-01,276.63719999999995
E02000747,Vehicle crime,2026-01,298.0741
E02000747,Violence,2026-01,346.9373
E02000747,Anti-social behaviour,2026-02,378.84700000000004
E02000747,Burglary,2026-02,384.88390000000004
E02000747,Criminal damage and arson,2026-02,389.4642
E02000747,Disruptive crimes,2026-02,403.4132
E02000747,Property theft,2026-02,448.6113
E02000747,Vehicle crime,2026-02,469.76809999999995
E02000747,Violence,2026-02,517.5219
E02000748,Anti-social behaviour,2025-12,6.002700000000001
E02000748,Burglary,2025-12,6.7048000000000005
E02000748,Criminal damage and arson,2025-12,7.801300000000001
E02000748,Disruptive crimes,2025-12,12.5106
E02000748,Property theft,2025-12,20.195100000000004
E02000748,Vehicle crime,2025-12,28.074700000000007
E02000748,Violence,2025-12,42.9774
E02000748,Anti-social behaviour,2026-01,50.07240000000001
E02000748,Burglary,2026-01,50.77310000000001
E02000748,Criminal damage and arson,2026-01,51.89770000000001
E02000748,Disruptive crimes,2026-01,56.876200000000004
E02000748,Property theft,2026-01,64.6705
E02000748,Vehicle crime,2026-01,72.65750000000001
E02000748,Violence,2026-01,87.71460000000002
E02000748,Anti-social behaviour,2026-02,93.75980000000001
E02000748,Burglary,2026-02,94.47670000000001
E02000748,Criminal damage and arson,2026-02,95.501
E02000748,Disruptive crimes,2026-02,100.0783
E02000748,Property theft,2026-02,107.2918
E02000748,Vehicle crime,2026-02,114.71759999999999
E02000748,Violence,2026-02,128.92849999999999
E02000749,Anti-social behaviour,2025-12,7.7091
E02000749,Burglary,2025-12,8.9902
E02000749,Criminal damage and arson,2025-12,12.3496
E02000749,Disruptive crimes,2025-12,22.005000000000003
E02000749,Property theft,2025-12,65.9632
E02000749,Vehicle crime,2025-12,76.6765
E02000749,Violence,2025-12,103.24450000000002
E02000749,Anti-social behaviour,2026-01,112.18490000000003
E02000749,Burglary,2026-01,113.45880000000002
E02000749,Criminal damage and arson,2026-01,116.69680000000001
E02000749,Disruptive crimes,2026-01,126.6746
E02000749,Property theft,2026-01,172.6533
E02000749,Vehicle crime,2026-01,183.3727
E02000749,Violence,2026-01,210.2409
E02000749,Anti-social behaviour,2026-02,218.27930000000003
E02000749,Burglary,2026-02,219.54040000000003
E02000749,Criminal damage and arson,2026-02,222.75330000000005
E02000749,Disruptive crimes,2026-02,231.95690000000002
E02000749,Property theft,2026-02,275.6193
E02000749,Vehicle crime,2026-02,285.69370000000004
E02000749,Violence,2026-02,311.20950000000005
E02000751,Anti-social behaviour,2025-12,3.8167
E02000751,Burglary,2025-12,5.072900000000001
E02000751,Criminal damage and arson,2025-12,5.438100000000001
E02000751,Disruptive crimes,2025-12,7.4018000000000015
E02000751,Property theft,2025-12,10.2027
E02000751,Vehicle crime,2025-12,17.328200000000002
E02000751,Violence,2025-12,28.022800000000004
E02000751,Anti-social behaviour,2026-01,32.6721
E02000751,Burglary,2026-01,34.02140000000001
E02000751,Criminal damage and arson,2026-01,34.38110000000001
E02000751,Disruptive crimes,2026-01,36.38760000000001
E02000751,Property theft,2026-01,39.144300000000015
E02000751,Vehicle crime,2026-01,46.082400000000014
E02000751,Violence,2026-01,56.99720000000002
E02000751,Anti-social behaviour,2026-02,61.48860000000002
E02000751,Burglary,2026-02,62.88260000000002
E02000751,Criminal damage and arson,2026-02,63.227600000000024
E02000751,Disruptive crimes,2026-02,65.13840000000002
E02000751,Property theft,2026-02,67.75500000000002
E02000751,Vehicle crime,2026-02,74.37460000000002
E02000751,Violence,2026-02,84.74280000000002
E02000752,Anti-social behaviour,2025-12,8.8167
E02000752,Burglary,2025-12,10.1453
E02000752,Criminal damage and arson,2025-12,12.8607
E02000752,Disruptive crimes,2025-12,18.210400000000003
E02000752,Property theft,2025-12,22.451500000000003
E02000752,Vehicle crime,2025-12,26.525600000000004
E02000752,Violence,2025-12,45.241600000000005
E02000752,Anti-social behaviour,2026-01,55.5645
E02000752,Burglary,2026-01,56.88660000000001
E02000752,Criminal damage and arson,2026-01,59.667400000000015
E02000752,Disruptive crimes,2026-01,65.22810000000001
E02000752,Property theft,2026-01,69.48320000000001
E02000752,Vehicle crime,2026-01,73.45590000000001
E02000752,Violence,2026-01,92.45530000000002
E02000752,Anti-social behaviour,2026-02,101.68890000000003
E02000752,Burglary,2026-02,103.00510000000003
E02000752,Criminal damage and arson,2026-02,105.63980000000002
E02000752,Disruptive crimes,2026-02,110.75390000000002
E02000752,Property theft,2026-02,114.75650000000002
E02000752,Vehicle crime,2026-02,118.5361
E02000752,Violence,2026-02,136.54360000000003
E02000753,Anti-social behaviour,2025-12,3.3590999999999998
E02000753,Burglary,2025-12,3.4798
E02000753,Criminal damage and arson,2025-12,3.9737
E02000753,Disruptive crimes,2025-12,5.7814
E02000753,Property theft,2025-12,7.8075
E02000753,Vehicle crime,2025-12,10.6284
E02000753,Violence,2025-12,21.064200000000003
E02000753,Anti-social behaviour,2026-01,25.1212
E02000753,Burglary,2026-01,25.2222
E02000753,Criminal damage and arson,2026-01,25.749100000000002
E02000753,Disruptive crimes,2026-01,27.6993
E02000753,Property theft,2026-01,29.696099999999998
E02000753,Vehicle crime,2026-01,32.4936
E02000753,Violence,2026-01,43.0297
E02000753,Anti-social behaviour,2026-02,46.558899999999994
E02000753,Burglary,2026-02,46.66399999999999
E02000753,Criminal damage and arson,2026-02,47.13239999999999
E02000753,Disruptive crimes,2026-02,48.89369999999999
E02000753,Property theft,2026-02,50.85159999999998
E02000753,Vehicle crime,2026-02,53.57759999999998
E02000753,Violence,2026-02,63.55269999999999
E02000754,Anti-social behaviour,2025-12,2.4598999999999998
E02000754,Burglary,2025-12,2.9013
E02000754,Criminal damage and arson,2025-12,3.881
E02000754,Disruptive crimes,2025-12,5.0957
E02000754,Property theft,2025-12,6.3793999999999995
E02000754,Vehicle crime,2025-12,10.2662
E02000754,Violence,2025-12,18.263499999999997
E02000754,Anti-social behaviour,2026-01,21.224499999999995
E02000754,Burglary,2026-01,21.726899999999997
E02000754,Criminal damage and arson,2026-01,22.688999999999997
E02000754,Disruptive crimes,2026-01,23.933199999999996
E02000754,Property theft,2026-01,25.1842
E02000754,Vehicle crime,2026-01,28.985000000000003
E02000754,Violence,2026-01,37.051700000000004
E02000754,Anti-social behaviour,2026-02,40.0251
E02000754,Burglary,2026-02,40.546
E02000754,Criminal damage and arson,2026-02,41.482000000000006
E02000754,Disruptive crimes,2026-02,42.68210000000001
E02000754,Property theft,2026-02,43.899000000000015
E02000754,Vehicle crime,2026-02,47.490800000000014
E02000754,Violence,2026-02,55.17730000000002
E02000755,Anti-social behaviour,2025-12,3.0536000000000003
E02000755,Burglary,2025-12,3.8440000000000003
E02000755,Criminal damage and arson,2025-12,4.1902
E02000755,Disruptive crimes,2025-12,5.185300000000001
E02000755,Property theft,2025-12,7.7570000000000014
E02000755,Vehicle crime,2025-12,12.239600000000003
E02000755,Violence,2025-12,19.868500000000004
E02000755,Anti-social behaviour,2026-01,23.400200000000005
E02000755,Burglary,2026-01,24.234000000000005
E02000755,Criminal damage and arson,2026-01,24.596500000000006
E02000755,Disruptive crimes,2026-01,25.665000000000006
E02000755,Property theft,2026-01,28.196700000000007
E02000755,Vehicle crime,2026-01,32.579600000000006
E02000755,Violence,2026-01,40.267300000000006
E02000755,Anti-social behaviour,2026-02,43.6098
E02000755,Burglary,2026-02,44.494099999999996
E02000755,Criminal damage and arson,2026-02,44.834799999999994
E02000755,Disruptive crimes,2026-02,45.83899999999999
E02000755,Property theft,2026-02,48.25009999999999
E02000755,Vehicle crime,2026-02,52.43989999999999
E02000755,Violence,2026-02,59.78779999999999
E02000756,Anti-social behaviour,2025-12,10.139700000000001
E02000756,Burglary,2025-12,11.1476
E02000756,Criminal damage and arson,2025-12,13.418600000000003
E02000756,Disruptive crimes,2025-12,18.793800000000005
E02000756,Property theft,2025-12,34.001900000000006
E02000756,Vehicle crime,2025-12,40.168800000000005
E02000756,Violence,2025-12,66.2444
E02000756,Anti-social behaviour,2026-01,77.8119
E02000756,Burglary,2026-01,78.88170000000001
E02000756,Criminal damage and arson,2026-01,81.28990000000002
E02000756,Disruptive crimes,2026-01,86.81120000000004
E02000756,Property theft,2026-01,102.26970000000004
E02000756,Vehicle crime,2026-01,108.26570000000005
E02000756,Violence,2026-01,134.74080000000006
E02000756,Anti-social behaviour,2026-02,145.45090000000008
E02000756,Burglary,2026-02,146.5553000000001
E02000756,Criminal damage and arson,2026-02,148.81770000000012
E02000756,Disruptive crimes,2026-02,154.08210000000014
E02000756,Property theft,2026-02,168.58040000000014
E02000756,Vehicle crime,2026-02,174.34790000000015
E02000756,Violence,2026-02,199.38670000000013
E02000757,Anti-social behaviour,2025-12,8.4064
E02000757,Burglary,2025-12,10.4896
E02000757,Criminal damage and arson,2025-12,11.483
E02000757,Disruptive crimes,2025-12,16.1177
E02000757,Property theft,2025-12,34.808400000000006
E02000757,Vehicle crime,2025-12,44.65620000000001
E02000757,Violence,2025-12,59.981600000000014
E02000757,Anti-social behaviour,2026-01,69.59490000000001
E02000757,Burglary,2026-01,71.69330000000001
E02000757,Criminal damage and arson,2026-01,72.68910000000001
E02000757,Disruptive crimes,2026-01,77.61920000000002
E02000757,Property theft,2026-01,96.58290000000004
E02000757,Vehicle crime,2026-01,106.20450000000002
E02000757,Violence,2026-01,121.71460000000002
E02000757,Anti-social behaviour,2026-02,130.59170000000003
E02000757,Burglary,2026-02,132.69300000000004
E02000757,Criminal damage and arson,2026-02,133.63890000000004
E02000757,Disruptive crimes,2026-02,138.27520000000004
E02000757,Property theft,2026-02,156.09720000000004
E02000757,Vehicle crime,2026-02,165.27890000000005
E02000757,Violence,2026-02,179.92530000000005
E02000758,Anti-social behaviour,2025-12,3.3222
E02000758,Burglary,2025-12,3.4785000000000004
E02000758,Criminal damage and arson,2025-12,3.7076000000000002
E02000758,Disruptive crimes,2025-12,4.7281
E02000758,Property theft,2025-12,5.4983
E02000758,Vehicle crime,2025-12,9.5729
E02000758,Violence,2025-12,19.8607
E02000758,Anti-social behaviour,2026-01,23.7578
E02000758,Burglary,2026-01,23.922
E02000758,Criminal damage and arson,2026-01,24.1791
E02000758,Disruptive crimes,2026-01,25.2562
E02000758,Property theft,2026-01,26.032
E02000758,Vehicle crime,2026-01,30.0691
E02000758,Violence,2026-01,40.5097
E02000758,Anti-social behaviour,2026-02,44.213899999999995
E02000758,Burglary,2026-02,44.40859999999999
E02000758,Criminal damage and arson,2026-02,44.63759999999999
E02000758,Disruptive crimes,2026-02,45.66929999999999
E02000758,Property theft,2026-02,46.37879999999999
E02000758,Vehicle crime,2026-02,50.258599999999994
E02000758,Violence,2026-02,60.1303
E02000759,Anti-social behaviour,2025-12,5.7258
E02000759,Burglary,2025-12,7.552199999999999
E02000759,Criminal damage and arson,2025-12,8.017199999999999
E02000759,Disruptive crimes,2025-12,12.1123
E02000759,Property theft,2025-12,18.700699999999998
E02000759,Vehicle crime,2025-12,28.052999999999994
E02000759,Violence,2025-12,44.51479999999999
E02000759,Anti-social behaviour,2026-01,51.0196
E02000759,Burglary,2026-01,52.8956
E02000759,Criminal damage and arson,2026-01,53.426500000000004
E02000759,Disruptive crimes,2026-01,57.86420000000001
E02000759,Property theft,2026-01,64.61810000000003
E02000759,Vehicle crime,2026-01,73.73050000000002
E02000759,Violence,2026-01,90.49910000000001
E02000759,Anti-social behaviour,2026-02,96.67200000000003
E02000759,Burglary,2026-02,98.54940000000003
E02000759,Criminal damage and arson,2026-02,99.06030000000003
E02000759,Disruptive crimes,2026-02,103.13370000000005
E02000759,Property theft,2026-02,109.37740000000005
E02000759,Vehicle crime,2026-02,118.08580000000005
E02000759,Violence,2026-02,133.92180000000005
E02000760,Anti-social behaviour,2025-12,5.8537
E02000760,Burglary,2025-12,6.3610999999999995
E02000760,Criminal damage and arson,2025-12,7.348099999999999
E02000760,Disruptive crimes,2025-12,9.7792
E02000760,Property theft,2025-12,14.1449
E02000760,Vehicle crime,2025-12,18.064
E02000760,Violence,2025-12,31.593599999999995
E02000760,Anti-social behaviour,2026-01,38.431799999999996
E02000760,Burglary,2026-01,38.991600000000005
E02000760,Criminal damage and arson,2026-01,40.02440000000001
E02000760,Disruptive crimes,2026-01,42.46360000000001
E02000760,Property theft,2026-01,46.73170000000001
E02000760,Vehicle crime,2026-01,50.59550000000001
E02000760,Violence,2026-01,64.27300000000001
E02000760,Anti-social behaviour,2026-02,70.45970000000001
E02000760,Burglary,2026-02,71.07240000000002
E02000760,Criminal damage and arson,2026-02,72.10200000000002
E02000760,Disruptive crimes,2026-02,74.43220000000001
E02000760,Property theft,2026-02,78.39110000000001
E02000760,Vehicle crime,2026-02,82.1125
E02000760,Violence,2026-02,95.22389999999999
E02000762,Anti-social behaviour,2025-12,4.046200000000001
E02000762,Burglary,2025-12,4.5914
E02000762,Criminal damage and arson,2025-12,4.9312
E02000762,Disruptive crimes,2025-12,5.907699999999999
E02000762,Property theft,2025-12,7.4293
E02000762,Vehicle crime,2025-12,11.3838
E02000762,Violence,2025-12,17.2809
E02000762,Anti-social behaviour,2026-01,22.026699999999998
E02000762,Burglary,2026-01,22.631299999999996
E02000762,Criminal damage and arson,2026-01,22.986399999999996
E02000762,Disruptive crimes,2026-01,23.971499999999995
E02000762,Property theft,2026-01,25.505299999999995
E02000762,Vehicle crime,2026-01,29.3604
E02000762,Violence,2026-01,35.3664
E02000762,Anti-social behaviour,2026-02,39.8035
E02000762,Burglary,2026-02,40.4392
E02000762,Criminal damage and arson,2026-02,40.748900000000006
E02000762,Disruptive crimes,2026-02,41.6732
E02000762,Property theft,2026-02,43.16690000000001
E02000762,Vehicle crime,2026-02,46.860900000000015
E02000762,Violence,2026-02,52.54590000000002
E02000763,Anti-social behaviour,2025-12,4.094399999999999
E02000763,Burglary,2025-12,4.959199999999999
E02000763,Criminal damage and arson,2025-12,5.203499999999999
E02000763,Disruptive crimes,2025-12,9.6106
E02000763,Property theft,2025-12,14.7217
E02000763,Vehicle crime,2025-12,19.9604
E02000763,Violence,2025-12,34.5358
E02000763,Anti-social behaviour,2026-01,39.3882
E02000763,Burglary,2026-01,40.309000000000005
E02000763,Criminal damage and arson,2026-01,40.56830000000001
E02000763,Disruptive crimes,2026-01,44.969000000000015
E02000763,Property theft,2026-01,50.05170000000002
E02000763,Vehicle crime,2026-01,55.12460000000002
E02000763,Violence,2026-01,69.89630000000002
E02000763,Anti-social behaviour,2026-02,74.40450000000003
E02000763,Burglary,2026-02,75.35480000000003
E02000763,Criminal damage and arson,2026-02,75.60310000000004
E02000763,Disruptive crimes,2026-02,79.71260000000002
E02000763,Property theft,2026-02,84.53820000000002
E02000763,Vehicle crime,2026-02,89.30980000000001
E02000763,Violence,2026-02,103.366
E02000764,Anti-social behaviour,2025-12,8.5242
E02000764,Burglary,2025-12,10.840499999999999
E02000764,Criminal damage and arson,2025-12,11.7968
E02000764,Disruptive crimes,2025-12,14.2913
E02000764,Property theft,2025-12,28.137399999999996
E02000764,Vehicle crime,2025-12,37.306999999999995
E02000764,Violence,2025-12,51.754000000000005
E02000764,Anti-social behaviour,2026-01,61.168200000000006
E02000764,Burglary,2026-01,63.42980000000001
E02000764,Criminal damage and arson,2026-01,64.3868
E02000764,Disruptive crimes,2026-01,66.97179999999999
E02000764,Property theft,2026-01,81.26089999999998
E02000764,Vehicle crime,2026-01,90.19709999999998
E02000764,Violence,2026-01,104.92779999999998
E02000764,Anti-social behaviour,2026-02,113.64499999999998
E02000764,Burglary,2026-02,115.86929999999997
E02000764,Criminal damage and arson,2026-02,116.77969999999998
E02000764,Disruptive crimes,2026-02,119.21509999999998
E02000764,Property theft,2026-02,132.6855
E02000764,Vehicle crime,2026-02,141.1834
E02000764,Violence,2026-02,155.20340000000004
E02000765,Anti-social behaviour,2025-12,7.5609
E02000765,Burglary,2025-12,8.2312
E02000765,Criminal damage and arson,2025-12,9.115199999999998
E02000765,Disruptive crimes,2025-12,11.055699999999998
E02000765,Property theft,2025-12,14.938699999999997
E02000765,Vehicle crime,2025-12,18.588699999999996
E02000765,Violence,2025-12,29.872099999999993
E02000765,Anti-social behaviour,2026-01,38.32659999999999
E02000765,Burglary,2026-01,39.0338
E02000765,Criminal damage and arson,2026-01,39.9255
E02000765,Disruptive crimes,2026-01,41.7866
E02000765,Property theft,2026-01,45.6898
E02000765,Vehicle crime,2026-01,49.2956
E02000765,Violence,2026-01,60.655899999999995
E02000765,Anti-social behaviour,2026-02,68.81699999999998
E02000765,Burglary,2026-02,69.53689999999999
E02000765,Criminal damage and arson,2026-02,70.40139999999998
E02000765,Disruptive crimes,2026-02,72.16459999999998
E02000765,Property theft,2026-02,75.81469999999999
E02000765,Vehicle crime,2026-02,79.3795
E02000765,Violence,2026-02,90.18639999999999
E02000767,Anti-social behaviour,2025-12,7.3398
E02000767,Burglary,2025-12,8.2478
E02000767,Criminal damage and arson,2025-12,9.395599999999998
E02000767,Disruptive crimes,2025-12,11.989699999999997
E02000767,Property theft,2025-12,23.412299999999995
E02000767,Vehicle crime,2025-12,28.266099999999998
E02000767,Violence,2025-12,43.872699999999995
E02000767,Anti-social behaviour,2026-01,52.22059999999999
E02000767,Burglary,2026-01,53.1386
E02000767,Criminal damage and arson,2026-01,54.343300000000006
E02000767,Disruptive crimes,2026-01,56.97010000000001
E02000767,Property theft,2026-01,68.71220000000001
E02000767,Vehicle crime,2026-01,73.46540000000002
E02000767,Violence,2026-01,89.3211
E02000767,Anti-social behaviour,2026-02,97.1101
E02000767,Burglary,2026-02,98.0401
E02000767,Criminal damage and arson,2026-02,99.1504
E02000767,Disruptive crimes,2026-02,101.5704
E02000767,Property theft,2026-02,112.4342
E02000767,Vehicle crime,2026-02,116.96460000000002
E02000767,Violence,2026-02,131.97530000000003
E02000768,Anti-social behaviour,2025-12,2.8911
E02000768,Burglary,2025-12,3.7982
E02000768,Criminal damage and arson,2025-12,3.8284000000000002
E02000768,Disruptive crimes,2025-12,4.7896
E02000768,Property theft,2025-12,6.3514
E02000768,Vehicle crime,2025-12,11.9749
E02000768,Violence,2025-12,18.465
E02000768,Anti-social behaviour,2026-01,21.887700000000002
E02000768,Burglary,2026-01,22.8443
E02000768,Criminal damage and arson,2026-01,22.882199999999997
E02000768,Disruptive crimes,2026-01,23.869499999999995
E02000768,Property theft,2026-01,25.439999999999994
E02000768,Vehicle crime,2026-01,30.935099999999995
E02000768,Violence,2026-01,37.5246
E02000768,Anti-social behaviour,2026-02,40.8842
E02000768,Burglary,2026-02,41.8687
E02000768,Criminal damage and arson,2026-02,41.9103
E02000768,Disruptive crimes,2026-02,42.843900000000005
E02000768,Property theft,2026-02,44.33040000000001
E02000768,Vehicle crime,2026-02,49.59600000000001
E02000768,Violence,2026-02,55.73630000000001
E02000770,Anti-social behaviour,2025-12,4.8773
E02000770,Burglary,2025-12,5.128
E02000770,Criminal damage and arson,2025-12,5.2596
E02000770,Disruptive crimes,2025-12,7.4806
E02000770,Property theft,2025-12,9.0563
E02000770,Vehicle crime,2025-12,13.4814
E02000770,Violence,2025-12,26.825999999999997
E02000770,Anti-social behaviour,2026-01,32.4695
E02000770,Burglary,2026-01,32.7476
E02000770,Criminal damage and arson,2026-01,32.9069
E02000770,Disruptive crimes,2026-01,35.2352
E02000770,Property theft,2026-01,36.841300000000004
E02000770,Vehicle crime,2026-01,41.1778
E02000770,Violence,2026-01,54.6987
E02000770,Anti-social behaviour,2026-02,59.95739999999999
E02000770,Burglary,2026-02,60.239299999999986
E02000770,Criminal damage and arson,2026-02,60.40689999999999
E02000770,Disruptive crimes,2026-02,62.654199999999996
E02000770,Property theft,2026-02,64.126
E02000770,Vehicle crime,2026-02,68.32480000000001
E02000770,Violence,2026-02,81.0678
E02000772,Anti-social behaviour,2025-12,11.677
E02000772,Burglary,2025-12,12.758399999999998
E02000772,Criminal damage and arson,2025-12,18.856999999999996
E02000772,Disruptive crimes,2025-12,27.754399999999997
E02000772,Property theft,2025-12,55.3878
E02000772,Vehicle crime,2025-12,60.099000000000004
E02000772,Violence,2025-12,129.3676
E02000772,Anti-social behaviour,2026-01,142.3947
E02000772,Burglary,2026-01,143.4879
E02000772,Criminal damage and arson,2026-01,149.6205
E02000772,Disruptive crimes,2026-01,158.71589999999998
E02000772,Property theft,2026-01,186.66
E02000772,Vehicle crime,2026-01,191.2725
E02000772,Violence,2026-01,262.0516
E02000772,Anti-social behaviour,2026-02,274.012
E02000772,Burglary,2026-02,275.08450000000005
E02000772,Criminal damage and arson,2026-02,280.8244
E02000772,Disruptive crimes,2026-02,289.36039999999997
E02000772,Property theft,2026-02,316.0235
E02000772,Vehicle crime,2026-02,320.43929999999995
E02000772,Violence,2026-02,390.2862
E02000773,Anti-social behaviour,2025-12,6.558599999999999
E02000773,Burglary,2025-12,6.8873999999999995
E02000773,Criminal damage and arson,2025-12,8.114099999999999
E02000773,Disruptive crimes,2025-12,12.243699999999997
E02000773,Property theft,2025-12,17.803999999999995
E02000773,Vehicle crime,2025-12,22.74779999999999
E02000773,Violence,2025-12,40.82109999999999
E02000773,Anti-social behaviour,2026-01,48.500599999999984
E02000773,Burglary,2026-01,48.866799999999984
E02000773,Criminal damage and arson,2026-01,50.07929999999998
E02000773,Disruptive crimes,2026-01,54.26619999999998
E02000773,Property theft,2026-01,59.449799999999975
E02000773,Vehicle crime,2026-01,64.16299999999998
E02000773,Violence,2026-01,82.7455
E02000773,Anti-social behaviour,2026-02,89.79580000000001
E02000773,Burglary,2026-02,90.18640000000002
E02000773,Criminal damage and arson,2026-02,91.36400000000002
E02000773,Disruptive crimes,2026-02,95.31460000000003
E02000773,Property theft,2026-02,99.37080000000003
E02000773,Vehicle crime,2026-02,103.96090000000002
E02000773,Violence,2026-02,122.00570000000005
E02000774,Anti-social behaviour,2025-12,10.081399999999999
E02000774,Burglary,2025-12,10.862699999999998
E02000774,Criminal damage and arson,2025-12,12.4933
E02000774,Disruptive crimes,2025-12,17.1811
E02000774,Property theft,2025-12,24.406800000000004
E02000774,Vehicle crime,2025-12,29.0359
E02000774,Violence,2025-12,48.269200000000005
E02000774,Anti-social behaviour,2026-01,59.3769
E02000774,Burglary,2026-01,60.18770000000001
E02000774,Criminal damage and arson,2026-01,61.828100000000006
E02000774,Disruptive crimes,2026-01,66.61690000000002
E02000774,Property theft,2026-01,74.0476
E02000774,Vehicle crime,2026-01,78.6226
E02000774,Violence,2026-01,98.1044
E02000774,Anti-social behaviour,2026-02,108.0486
E02000774,Burglary,2026-02,108.8673
E02000774,Criminal damage and arson,2026-02,110.3851
E02000774,Disruptive crimes,2026-02,114.75209999999998
E02000774,Property theft,2026-02,121.72579999999999
E02000774,Vehicle crime,2026-02,126.0795
E02000774,Violence,2026-02,144.74190000000002
E02000776,Anti-social behaviour,2025-12,6.859100000000001
E02000776,Burglary,2025-12,7.772500000000001
E02000776,Criminal damage and arson,2025-12,8.7683
E02000776,Disruptive crimes,2025-12,14.217299999999998
E02000776,Property theft,2025-12,17.320299999999996
E02000776,Vehicle crime,2025-12,21.308899999999998
E02000776,Violence,2025-12,37.501
E02000776,Anti-social behaviour,2026-01,45.4063
E02000776,Burglary,2026-01,46.319700000000005
E02000776,Criminal damage and arson,2026-01,47.348000000000006
E02000776,Disruptive crimes,2026-01,53.001300000000015
E02000776,Property theft,2026-01,56.13750000000001
E02000776,Vehicle crime,2026-01,60.01960000000002
E02000776,Violence,2026-01,76.23030000000003
E02000776,Anti-social behaviour,2026-02,83.55610000000003
E02000776,Burglary,2026-02,84.47120000000002
E02000776,Criminal damage and arson,2026-02,85.43290000000003
E02000776,Disruptive crimes,2026-02,90.54760000000003
E02000776,Property theft,2026-02,93.51660000000003
E02000776,Vehicle crime,2026-02,97.2669
E02000776,Violence,2026-02,112.80620000000002
E02000777,Anti-social behaviour,2025-12,3.4966
E02000777,Burglary,2025-12,4.3424000000000005
E02000777,Criminal damage and arson,2025-12,4.3442
E02000777,Disruptive crimes,2025-12,5.372699999999999
E02000777,Property theft,2025-12,5.787499999999999
E02000777,Vehicle crime,2025-12,10.976799999999999
E02000777,Violence,2025-12,17.3299
E02000777,Anti-social behaviour,2026-01,21.4502
E02000777,Burglary,2026-01,22.3813
E02000777,Criminal damage and arson,2026-01,22.383799999999997
E02000777,Disruptive crimes,2026-01,23.496699999999997
E02000777,Property theft,2026-01,23.756299999999996
E02000777,Vehicle crime,2026-01,28.72
E02000777,Violence,2026-01,35.0095
E02000777,Anti-social behaviour,2026-02,38.969800000000006
E02000777,Burglary,2026-02,39.9315
E02000777,Criminal damage and arson,2026-02,39.9343
E02000777,Disruptive crimes,2026-02,40.89150000000001
E02000777,Property theft,2026-02,41.09880000000001
E02000777,Vehicle crime,2026-02,45.91060000000001
E02000777,Violence,2026-02,51.89350000000001
E02000779,Anti-social behaviour,2025-12,23.957
E02000779,Burglary,2025-12,26.6013
E02000779,Criminal damage and arson,2025-12,29.711
E02000779,Disruptive crimes,2025-12,43.071999999999996
E02000779,Property theft,2025-12,73.5464
E02000779,Vehicle crime,2025-12,80.8201
E02000779,Violence,2025-12,121.0564
E02000779,Anti-social behaviour,2026-01,147.0272
E02000779,Burglary,2026-01,149.6524
E02000779,Criminal damage and arson,2026-01,152.7122
E02000779,Disruptive crimes,2026-01,166.2526
E02000779,Property theft,2026-01,196.7051
E02000779,Vehicle crime,2026-01,203.95569999999998
E02000779,Violence,2026-01,244.46719999999996
E02000779,Anti-social behaviour,2026-02,267.66419999999994
E02000779,Burglary,2026-02,270.22979999999995
E02000779,Criminal damage and arson,2026-02,273.1568
E02000779,Disruptive crimes,2026-02,285.83389999999997
E02000779,Property theft,2026-02,312.56090000000006
E02000779,Vehicle crime,2026-02,319.4434000000001
E02000779,Violence,2026-02,358.07290000000006
E02000781,Anti-social behaviour,2025-12,9.5501
E02000781,Burglary,2025-12,10.1557
E02000781,Criminal damage and arson,2025-12,10.6568
E02000781,Disruptive crimes,2025-12,16.8075
E02000781,Property theft,2025-12,20.4648
E02000781,Vehicle crime,2025-12,30.4364
E02000781,Violence,2025-12,50.5703
E02000781,Anti-social behaviour,2026-01,61.857400000000005
E02000781,Burglary,2026-01,62.5136
E02000781,Criminal damage and arson,2026-01,63.02349999999999
E02000781,Disruptive crimes,2026-01,69.30969999999999
E02000781,Property theft,2026-01,73.07919999999997
E02000781,Vehicle crime,2026-01,82.77089999999998
E02000781,Violence,2026-01,103.14429999999996
E02000781,Anti-social behaviour,2026-02,113.44009999999996
E02000781,Burglary,2026-02,114.13399999999994
E02000781,Criminal damage and arson,2026-02,114.59069999999996
E02000781,Disruptive crimes,2026-02,120.37319999999995
E02000781,Property theft,2026-02,124.00509999999997
E02000781,Vehicle crime,2026-02,133.31209999999996
E02000781,Violence,2026-02,152.70609999999996
E02000782,Anti-social behaviour,2025-12,24.7019
E02000782,Burglary,2025-12,26.5507
E02000782,Criminal damage and arson,2025-12,28.781799999999997
E02000782,Disruptive crimes,2025-12,39.052
E02000782,Property theft,2025-12,57.959199999999996
E02000782,Vehicle crime,2025-12,64.335
E02000782,Violence,2025-12,100.40019999999997
E02000782,Anti-social behaviour,2026-01,128.05309999999997
E02000782,Burglary,2026-01,130.09389999999993
E02000782,Criminal damage and arson,2026-01,132.36079999999993
E02000782,Disruptive crimes,2026-01,143.06339999999992
E02000782,Property theft,2026-01,162.2461999999999
E02000782,Vehicle crime,2026-01,168.9209999999999
E02000782,Violence,2026-01,205.51229999999993
E02000782,Anti-social behaviour,2026-02,231.9249999999999
E02000782,Burglary,2026-02,234.1855999999999
E02000782,Criminal damage and arson,2026-02,236.48849999999993
E02000782,Disruptive crimes,2026-02,247.21419999999995
E02000782,Property theft,2026-02,266.08099999999996
E02000782,Vehicle crime,2026-02,272.85749999999996
E02000782,Violence,2026-02,308.69469999999995
E02000783,Anti-social behaviour,2025-12,6.468500000000001
E02000783,Burglary,2025-12,6.734800000000001
E02000783,Criminal damage and arson,2025-12,8.451500000000001
E02000783,Disruptive crimes,2025-12,12.0381
E02000783,Property theft,2025-12,16.873
E02000783,Vehicle crime,2025-12,21.1095
E02000783,Violence,2025-12,41.521300000000004
E02000783,Anti-social behaviour,2026-01,49.4487
E02000783,Burglary,2026-01,49.7248
E02000783,Criminal damage and arson,2026-01,51.4984
E02000783,Disruptive crimes,2026-01,55.162299999999995
E02000783,Property theft,2026-01,60.06599999999999
E02000783,Vehicle crime,2026-01,64.25979999999998
E02000783,Violence,2026-01,84.96199999999999
E02000783,Anti-social behaviour,2026-02,91.94149999999999
E02000783,Burglary,2026-02,92.26109999999998
E02000783,Criminal damage and arson,2026-02,93.90639999999998
E02000783,Disruptive crimes,2026-02,97.35679999999998
E02000783,Property theft,2026-02,101.95749999999998
E02000783,Vehicle crime,2026-02,105.9964
E02000783,Violence,2026-02,125.57089999999998
E02000784,Anti-social behaviour,2025-12,5.5831
E02000784,Burglary,2025-12,6.041799999999999
E02000784,Criminal damage and arson,2025-12,6.053899999999999
E02000784,Disruptive crimes,2025-12,7.168999999999998
E02000784,Property theft,2025-12,11.576099999999997
E02000784,Vehicle crime,2025-12,18.903199999999995
E02000784,Violence,2025-12,28.119799999999994
E02000784,Anti-social behaviour,2026-01,34.708099999999995
E02000784,Burglary,2026-01,35.20219999999999
E02000784,Criminal damage and arson,2026-01,35.21879999999999
E02000784,Disruptive crimes,2026-01,36.46739999999999
E02000784,Property theft,2026-01,40.71779999999999
E02000784,Vehicle crime,2026-01,47.922399999999996
E02000784,Violence,2026-01,57.26029999999999
E02000784,Anti-social behaviour,2026-02,63.387699999999995
E02000784,Burglary,2026-02,63.9476
E02000784,Criminal damage and arson,2026-02,63.9669
E02000784,Disruptive crimes,2026-02,65.1483
E02000784,Property theft,2026-02,69.2603
E02000784,Vehicle crime,2026-02,76.09669999999998
E02000784,Violence,2026-02,84.85339999999998
E02000785,Anti-social behaviour,2025-12,4.543
E02000785,Burglary,2025-12,6.8376
E02000785,Criminal damage and arson,2025-12,7.527200000000001
E02000785,Disruptive crimes,2025-12,8.6547
E02000785,Property theft,2025-12,15.242099999999999
E02000785,Vehicle crime,2025-12,23.414699999999993
E02000785,Violence,2025-12,31.971699999999995
E02000785,Anti-social behaviour,2026-01,37.7052
E02000785,Burglary,2026-01,40.0597
E02000785,Criminal damage and arson,2026-01,40.77340000000001
E02000785,Disruptive crimes,2026-01,41.9487
E02000785,Property theft,2026-01,48.359399999999994
E02000785,Vehicle crime,2026-01,56.355399999999996
E02000785,Violence,2026-01,64.9631
E02000785,Anti-social behaviour,2026-02,70.4562
E02000785,Burglary,2026-02,72.82520000000001
E02000785,Criminal damage and arson,2026-02,73.4723
E02000785,Disruptive crimes,2026-02,74.56730000000002
E02000785,Property theft,2026-02,80.62250000000003
E02000785,Vehicle crime,2026-02,88.16970000000003
E02000785,Violence,2026-02,96.32000000000005
E02000786,Anti-social behaviour,2025-12,5.8961
E02000786,Burglary,2025-12,8.1326
E02000786,Criminal damage and arson,2025-12,9.771099999999999
E02000786,Disruptive crimes,2025-12,12.730399999999996
E02000786,Property theft,2025-12,20.510099999999994
E02000786,Vehicle crime,2025-12,30.344799999999992
E02000786,Violence,2025-12,44.14559999999999
E02000786,Anti-social behaviour,2026-01,51.003499999999995
E02000786,Burglary,2026-01,53.37039999999999
E02000786,Criminal damage and arson,2026-01,55.01019999999999
E02000786,Disruptive crimes,2026-01,58.02319999999999
E02000786,Property theft,2026-01,65.71609999999998
E02000786,Vehicle crime,2026-01,75.40039999999996
E02000786,Violence,2026-01,89.34349999999996
E02000786,Anti-social behaviour,2026-02,95.94239999999996
E02000786,Burglary,2026-02,98.34129999999996
E02000786,Criminal damage and arson,2026-02,99.95039999999997
E02000786,Disruptive crimes,2026-02,102.79059999999998
E02000786,Property theft,2026-02,110.19539999999998
E02000786,Vehicle crime,2026-02,119.42869999999998
E02000786,Violence,2026-02,132.6229
E02000787,Anti-social behaviour,2025-12,8.7278
E02000787,Burglary,2025-12,10.065000000000001
E02000787,Criminal damage and arson,2025-12,11.597900000000001
E02000787,Disruptive crimes,2025-12,14.036500000000004
E02000787,Property theft,2025-12,25.466400000000004
E02000787,Vehicle crime,2025-12,32.807100000000005
E02000787,Violence,2025-12,46.88269999999999
E02000787,Anti-social behaviour,2026-01,56.921099999999996
E02000787,Burglary,2026-01,58.3033
E02000787,Criminal damage and arson,2026-01,59.9626
E02000787,Disruptive crimes,2026-01,62.618199999999995
E02000787,Property theft,2026-01,74.12569999999998
E02000787,Vehicle crime,2026-01,81.37819999999999
E02000787,Violence,2026-01,95.5374
E02000787,Anti-social behaviour,2026-02,104.9998
E02000787,Burglary,2026-02,106.4157
E02000787,Criminal damage and arson,2026-02,107.9743
E02000787,Disruptive crimes,2026-02,110.527
E02000787,Property theft,2026-02,121.41370000000002
E02000787,Vehicle crime,2026-02,128.294
E02000787,Violence,2026-02,141.7607
E02000788,Anti-social behaviour,2025-12,4.4191
E02000788,Burglary,2025-12,5.3959
E02000788,Criminal damage and arson,2025-12,5.8156
E02000788,Disruptive crimes,2025-12,7.499899999999999
E02000788,Property theft,2025-12,16.744600000000002
E02000788,Vehicle crime,2025-12,22.541200000000003
E02000788,Violence,2025-12,30.154900000000005
E02000788,Anti-social behaviour,2026-01,35.176500000000004
E02000788,Burglary,2026-01,36.124
E02000788,Criminal damage and arson,2026-01,36.596900000000005
E02000788,Disruptive crimes,2026-01,38.3741
E02000788,Property theft,2026-01,47.944199999999995
E02000788,Vehicle crime,2026-01,53.6361
E02000788,Violence,2026-01,61.4245
E02000788,Anti-social behaviour,2026-02,66.32620000000001
E02000788,Burglary,2026-02,67.2908
E02000788,Criminal damage and arson,2026-02,67.72280000000002
E02000788,Disruptive crimes,2026-02,69.33890000000002
E02000788,Property theft,2026-02,78.30710000000002
E02000788,Vehicle crime,2026-02,83.74360000000001
E02000788,Violence,2026-02,91.02160000000002
E02000789,Anti-social behaviour,2025-12,6.481599999999999
E02000789,Burglary,2025-12,7.084099999999999
E02000789,Criminal damage and arson,2025-12,8.6477
E02000789,Disruptive crimes,2025-12,10.548900000000001
E02000789,Property theft,2025-12,15.153100000000002
E02000789,Vehicle crime,2025-12,17.4261
E02000789,Violence,2025-12,27.1243
E02000789,Anti-social behaviour,2026-01,34.6647
E02000789,Burglary,2026-01,35.26320000000001
E02000789,Criminal damage and arson,2026-01,36.84430000000001
E02000789,Disruptive crimes,2026-01,38.80060000000002
E02000789,Property theft,2026-01,43.56740000000002
E02000789,Vehicle crime,2026-01,45.825200000000024
E02000789,Violence,2026-01,55.63240000000002
E02000789,Anti-social behaviour,2026-02,62.68000000000001
E02000789,Burglary,2026-02,63.32310000000001
E02000789,Criminal damage and arson,2026-02,64.78090000000002
E02000789,Disruptive crimes,2026-02,66.68790000000001
E02000789,Property theft,2026-02,70.83380000000001
E02000789,Vehicle crime,2026-02,72.9712
E02000789,Violence,2026-02,82.28739999999999
E02000790,Anti-social behaviour,2025-12,1.4522
E02000790,Burglary,2025-12,2.1683
E02000790,Criminal damage and arson,2025-12,3.2579999999999996
E02000790,Disruptive crimes,2025-12,3.3293999999999997
E02000790,Property theft,2025-12,5.3088999999999995
E02000790,Vehicle crime,2025-12,8.6282
E02000790,Violence,2025-12,12.5968
E02000790,Anti-social behaviour,2026-01,14.432300000000001
E02000790,Burglary,2026-01,15.212100000000001
E02000790,Criminal damage and arson,2026-01,16.3374
E02000790,Disruptive crimes,2026-01,16.420299999999997
E02000790,Property theft,2026-01,18.3797
E02000790,Vehicle crime,2026-01,21.705699999999997
E02000790,Violence,2026-01,25.699399999999997
E02000790,Anti-social behaviour,2026-02,27.541899999999995
E02000790,Burglary,2026-02,28.357899999999994
E02000790,Criminal damage and arson,2026-02,29.436099999999993
E02000790,Disruptive crimes,2026-02,29.50759999999999
E02000790,Property theft,2026-02,31.41239999999999
E02000790,Vehicle crime,2026-02,34.56649999999999
E02000790,Violence,2026-02,38.33059999999999
E02000791,Anti-social behaviour,2025-12,14.7191
E02000791,Burglary,2025-12,17.605800000000002
E02000791,Criminal damage and arson,2025-12,20.195400000000003
E02000791,Disruptive crimes,2025-12,24.0833
E02000791,Property theft,2025-12,51.8711
E02000791,Vehicle crime,2025-12,55.1173
E02000791,Violence,2025-12,70.7372
E02000791,Anti-social behaviour,2026-01,86.45689999999999
E02000791,Burglary,2026-01,89.3682
E02000791,Criminal damage and arson,2026-01,91.91860000000001
E02000791,Disruptive crimes,2026-01,95.96960000000001
E02000791,Property theft,2026-01,123.81100000000002
E02000791,Vehicle crime,2026-01,127.02040000000002
E02000791,Violence,2026-01,142.73740000000004
E02000791,Anti-social behaviour,2026-02,157.32360000000003
E02000791,Burglary,2026-02,160.09980000000002
E02000791,Criminal damage and arson,2026-02,162.4985
E02000791,Disruptive crimes,2026-02,166.2504
E02000791,Property theft,2026-02,191.0107
E02000791,Vehicle crime,2026-02,193.66170000000002
E02000791,Violence,2026-02,208.65290000000005
E02000792,Anti-social behaviour,2025-12,2.5411
E02000792,Burglary,2025-12,2.6483000000000003
E02000792,Criminal damage and arson,2025-12,2.6748000000000007
E02000792,Disruptive crimes,2025-12,2.6802000000000015
E02000792,Property theft,2025-12,4.774800000000001
E02000792,Vehicle crime,2025-12,6.0203000000000015
E02000792,Violence,2025-12,10.8808
E02000792,Anti-social behaviour,2026-01,13.686200000000001
E02000792,Burglary,2026-01,13.7843
E02000792,Criminal damage and arson,2026-01,13.8132
E02000792,Disruptive crimes,2026-01,13.820699999999999
E02000792,Property theft,2026-01,15.856399999999999
E02000792,Vehicle crime,2026-01,17.133100000000002
E02000792,Violence,2026-01,22.018200000000004
E02000792,Anti-social behaviour,2026-02,24.753400000000003
E02000792,Burglary,2026-02,24.87
E02000792,Criminal damage and arson,2026-02,24.897100000000002
E02000792,Disruptive crimes,2026-02,24.9059
E02000792,Property theft,2026-02,26.8744
E02000792,Vehicle crime,2026-02,28.0613
E02000792,Violence,2026-02,32.5792
E02000793,Anti-social behaviour,2025-12,4.7326
E02000793,Burglary,2025-12,5.3942000000000005
E02000793,Criminal damage and arson,2025-12,5.6808000000000005
E02000793,Disruptive crimes,2025-12,8.2654
E02000793,Property theft,2025-12,15.930399999999999
E02000793,Vehicle crime,2025-12,19.6467
E02000793,Violence,2025-12,29.7793
E02000793,Anti-social behaviour,2026-01,35.3591
E02000793,Burglary,2026-01,36.0747
E02000793,Criminal damage and arson,2026-01,36.363899999999994
E02000793,Disruptive crimes,2026-01,39.01659999999999
E02000793,Property theft,2026-01,46.79359999999999
E02000793,Vehicle crime,2026-01,50.478699999999996
E02000793,Violence,2026-01,60.612700000000004
E02000793,Anti-social behaviour,2026-02,65.9365
E02000793,Burglary,2026-02,66.728
E02000793,Criminal damage and arson,2026-02,67.0077
E02000793,Disruptive crimes,2026-02,69.49289999999999
E02000793,Property theft,2026-02,76.76459999999999
E02000793,Vehicle crime,2026-02,80.27159999999998
E02000793,Violence,2026-02,89.97519999999999
E02000794,Anti-social behaviour,2025-12,5.5178
E02000794,Burglary,2025-12,5.8633
E02000794,Criminal damage and arson,2025-12,8.2907
E02000794,Disruptive crimes,2025-12,11.425199999999998
E02000794,Property theft,2025-12,16.433199999999996
E02000794,Vehicle crime,2025-12,19.991899999999994
E02000794,Violence,2025-12,30.51589999999999
E02000794,Anti-social behaviour,2026-01,36.799199999999985
E02000794,Burglary,2026-01,37.139099999999985
E02000794,Criminal damage and arson,2026-01,39.65229999999998
E02000794,Disruptive crimes,2026-01,42.88149999999998
E02000794,Property theft,2026-01,47.79429999999998
E02000794,Vehicle crime,2026-01,51.37999999999999
E02000794,Violence,2026-01,61.927599999999984
E02000794,Anti-social behaviour,2026-02,67.84119999999999
E02000794,Burglary,2026-02,68.2426
E02000794,Criminal damage and arson,2026-02,70.644
E02000794,Disruptive crimes,2026-02,73.63940000000001
E02000794,Property theft,2026-02,78.1628
E02000794,Vehicle crime,2026-02,81.56580000000001
E02000794,Violence,2026-02,91.51540000000001
E02000795,Anti-social behaviour,2025-12,2.8478999999999997
E02000795,Burglary,2025-12,4.2136000000000005
E02000795,Criminal damage and arson,2025-12,5.3626000000000005
E02000795,Disruptive crimes,2025-12,6.964600000000001
E02000795,Property theft,2025-12,10.0254
E02000795,Vehicle crime,2025-12,14.582
E02000795,Violence,2025-12,20.878
E02000795,Anti-social behaviour,2026-01,24.6485
E02000795,Burglary,2026-01,26.1037
E02000795,Criminal damage and arson,2026-01,27.2568
E02000795,Disruptive crimes,2026-01,28.833299999999998
E02000795,Property theft,2026-01,31.890399999999996
E02000795,Vehicle crime,2026-01,36.3649
E02000795,Violence,2026-01,42.863
E02000795,Anti-social behaviour,2026-02,46.49609999999999
E02000795,Burglary,2026-02,48.023199999999996
E02000795,Criminal damage and arson,2026-02,49.211
E02000795,Disruptive crimes,2026-02,50.7089
E02000795,Property theft,2026-02,53.671600000000005
E02000795,Vehicle crime,2026-02,57.98680000000001
E02000795,Violence,2026-02,64.2646
E02000796,Anti-social behaviour,2025-12,7.109500000000001
E02000796,Burglary,2025-12,8.1576
E02000796,Criminal damage and arson,2025-12,10.5265
E02000796,Disruptive crimes,2025-12,13.9617
E02000796,Property theft,2025-12,19.268700000000003
E02000796,Vehicle crime,2025-12,25.662000000000003
E02000796,Violence,2025-12,43.6225
E02000796,Anti-social behaviour,2026-01,51.8648
E02000796,Burglary,2026-01,52.95270000000001
E02000796,Criminal damage and arson,2026-01,55.40240000000001
E02000796,Disruptive crimes,2026-01,58.9667
E02000796,Property theft,2026-01,64.4975
E02000796,Vehicle crime,2026-01,70.84360000000001
E02000796,Violence,2026-01,88.96710000000003
E02000796,Anti-social behaviour,2026-02,96.71260000000004
E02000796,Burglary,2026-02,97.82690000000004
E02000796,Criminal damage and arson,2026-02,100.20390000000003
E02000796,Disruptive crimes,2026-02,103.57700000000003
E02000796,Property theft,2026-02,108.75200000000004
E02000796,Vehicle crime,2026-02,114.75110000000004
E02000796,Violence,2026-02,131.99630000000002
E02000797,Anti-social behaviour,2025-12,13.455200000000001
E02000797,Burglary,2025-12,14.6575
E02000797,Criminal damage and arson,2025-12,17.110899999999997
E02000797,Disruptive crimes,2025-12,24.178299999999997
E02000797,Property theft,2025-12,41.65539999999999
E02000797,Vehicle crime,2025-12,44.0374
E02000797,Violence,2025-12,62.2255
E02000797,Anti-social behaviour,2026-01,76.8323
E02000797,Burglary,2026-01,78.07310000000001
E02000797,Criminal damage and arson,2026-01,80.4592
E02000797,Disruptive crimes,2026-01,87.5924
E02000797,Property theft,2026-01,105.19600000000001
E02000797,Vehicle crime,2026-01,107.5703
E02000797,Violence,2026-01,125.9976
E02000797,Anti-social behaviour,2026-02,139.71509999999998
E02000797,Burglary,2026-02,140.9496
E02000797,Criminal damage and arson,2026-02,143.2544
E02000797,Disruptive crimes,2026-02,150.0226
E02000797,Property theft,2026-02,166.16490000000002
E02000797,Vehicle crime,2026-02,168.39330000000004
E02000797,Violence,2026-02,186.09330000000006
E02000798,Anti-social behaviour,2025-12,4.6398
E02000798,Burglary,2025-12,5.354800000000001
E02000798,Criminal damage and arson,2025-12,5.6369
E02000798,Disruptive crimes,2025-12,7.039899999999999
E02000798,Property theft,2025-12,12.164299999999999
E02000798,Vehicle crime,2025-12,14.2297
E02000798,Violence,2025-12,24.822000000000003
E02000798,Anti-social behaviour,2026-01,30.4154
E02000798,Burglary,2026-01,31.1299
E02000798,Criminal damage and arson,2026-01,31.4588
E02000798,Disruptive crimes,2026-01,32.96720000000001
E02000798,Property theft,2026-01,38.01380000000001
E02000798,Vehicle crime,2026-01,40.09190000000002
E02000798,Violence,2026-01,50.659300000000016
E02000798,Anti-social behaviour,2026-02,56.12870000000002
E02000798,Burglary,2026-02,56.89270000000002
E02000798,Criminal damage and arson,2026-02,57.21740000000002
E02000798,Disruptive crimes,2026-02,58.60890000000003
E02000798,Property theft,2026-02,63.46940000000003
E02000798,Vehicle crime,2026-02,65.4522
E02000798,Violence,2026-02,75.58090000000001
E02000799,Anti-social behaviour,2025-12,3.3122999999999996
E02000799,Burglary,2025-12,3.706
E02000799,Criminal damage and arson,2025-12,3.7214
E02000799,Disruptive crimes,2025-12,3.7434
E02000799,Property theft,2025-12,6.384799999999999
E02000799,Vehicle crime,2025-12,6.4986
E02000799,Violence,2025-12,11.676499999999999
E02000799,Anti-social behaviour,2026-01,15.618699999999997
E02000799,Burglary,2026-01,15.996099999999998
E02000799,Criminal damage and arson,2026-01,16.0168
E02000799,Disruptive crimes,2026-01,16.0463
E02000799,Property theft,2026-01,18.652699999999996
E02000799,Vehicle crime,2026-01,18.789799999999996
E02000799,Violence,2026-01,24.069099999999995
E02000799,Anti-social behaviour,2026-02,27.862599999999993
E02000799,Burglary,2026-02,28.201199999999993
E02000799,Criminal damage and arson,2026-02,28.223299999999995
E02000799,Disruptive crimes,2026-02,28.257999999999996
E02000799,Property theft,2026-02,30.711799999999997
E02000799,Vehicle crime,2026-02,30.844399999999997
E02000799,Violence,2026-02,35.8611
E02000800,Anti-social behaviour,2025-12,3.4280999999999997
E02000800,Burglary,2025-12,3.4391999999999996
E02000800,Criminal damage and arson,2025-12,3.6856999999999998
E02000800,Disruptive crimes,2025-12,4.9346
E02000800,Property theft,2025-12,5.3998
E02000800,Vehicle crime,2025-12,5.5046
E02000800,Violence,2025-12,11.8106
E02000800,Anti-social behaviour,2026-01,15.7154
E02000800,Burglary,2026-01,15.7284
E02000800,Criminal damage and arson,2026-01,15.9725
E02000800,Disruptive crimes,2026-01,17.3206
E02000800,Property theft,2026-01,17.8313
E02000800,Vehicle crime,2026-01,17.947799999999997
E02000800,Violence,2026-01,24.335499999999996
E02000800,Anti-social behaviour,2026-02,28.045899999999996
E02000800,Burglary,2026-02,28.058899999999994
E02000800,Criminal damage and arson,2026-02,28.275299999999994
E02000800,Disruptive crimes,2026-02,29.516099999999994
E02000800,Property theft,2026-02,30.041699999999995
E02000800,Vehicle crime,2026-02,30.152599999999993
E02000800,Violence,2026-02,36.289399999999986
E02000801,Anti-social behaviour,2025-12,3.8606
E02000801,Burglary,2025-12,3.9951
E02000801,Criminal damage and arson,2025-12,4.126399999999999
E02000801,Disruptive crimes,2025-12,5.039299999999999
E02000801,Property theft,2025-12,7.898499999999999
E02000801,Vehicle crime,2025-12,8.6836
E02000801,Violence,2025-12,14.8436
E02000801,Anti-social behaviour,2026-01,19.4326
E02000801,Burglary,2026-01,19.554300000000005
E02000801,Criminal damage and arson,2026-01,19.708100000000005
E02000801,Disruptive crimes,2026-01,20.710200000000004
E02000801,Property theft,2026-01,23.566100000000006
E02000801,Vehicle crime,2026-01,24.359400000000008
E02000801,Violence,2026-01,30.60740000000001
E02000801,Anti-social behaviour,2026-02,34.98630000000001
E02000801,Burglary,2026-02,35.11910000000001
E02000801,Criminal damage and arson,2026-02,35.27070000000001
E02000801,Disruptive crimes,2026-02,36.19490000000001
E02000801,Property theft,2026-02,38.91470000000001
E02000801,Vehicle crime,2026-02,39.64990000000002
E02000801,Violence,2026-02,45.562500000000014
E02000802,Anti-social behaviour,2025-12,3.8823000000000003
E02000802,Burglary,2025-12,4.707000000000001
E02000802,Criminal damage and arson,2025-12,5.4213000000000005
E02000802,Disruptive crimes,2025-12,7.545
E02000802,Property theft,2025-12,13.5565
E02000802,Vehicle crime,2025-12,15.8602
E02000802,Violence,2025-12,22.002
E02000802,Anti-social behaviour,2026-01,26.506199999999996
E02000802,Burglary,2026-01,27.336199999999995
E02000802,Criminal damage and arson,2026-01,28.109499999999993
E02000802,Disruptive crimes,2026-01,30.337799999999994
E02000802,Property theft,2026-01,36.55179999999999
E02000802,Vehicle crime,2026-01,38.834199999999996
E02000802,Violence,2026-01,45.070899999999995
E02000802,Anti-social behaviour,2026-02,49.492799999999995
E02000802,Burglary,2026-02,50.3238
E02000802,Criminal damage and arson,2026-02,51.0353
E02000802,Disruptive crimes,2026-02,53.14950000000001
E02000802,Property theft,2026-02,58.99240000000002
E02000802,Vehicle crime,2026-02,61.22760000000002
E02000802,Violence,2026-02,67.16080000000002
E02000803,Anti-social behaviour,2025-12,8.129499999999998
E02000803,Burglary,2025-12,9.015499999999998
E02000803,Criminal damage and arson,2025-12,10.472399999999999
E02000803,Disruptive crimes,2025-12,12.435199999999998
E02000803,Property theft,2025-12,17.921
E02000803,Vehicle crime,2025-12,19.379699999999996
E02000803,Violence,2025-12,33.94039999999999
E02000803,Anti-social behaviour,2026-01,43.231599999999986
E02000803,Burglary,2026-01,44.066099999999985
E02000803,Criminal damage and arson,2026-01,45.50509999999999
E02000803,Disruptive crimes,2026-01,47.52669999999999
E02000803,Property theft,2026-01,53.17419999999999
E02000803,Vehicle crime,2026-01,54.63739999999999
E02000803,Violence,2026-01,69.3072
E02000803,Anti-social behaviour,2026-02,78.16929999999998
E02000803,Burglary,2026-02,79.01869999999998
E02000803,Criminal damage and arson,2026-02,80.38119999999996
E02000803,Disruptive crimes,2026-02,82.26919999999996
E02000803,Property theft,2026-02,87.62129999999993
E02000803,Vehicle crime,2026-02,88.99039999999994
E02000803,Violence,2026-02,103.06259999999995
E02000804,Anti-social behaviour,2025-12,4.9564
E02000804,Burglary,2025-12,5.857100000000001
E02000804,Criminal damage and arson,2025-12,6.8271999999999995
E02000804,Disruptive crimes,2025-12,9.7292
E02000804,Property theft,2025-12,21.290600000000005
E02000804,Vehicle crime,2025-12,22.791
E02000804,Violence,2025-12,30.6814
E02000804,Anti-social behaviour,2026-01,36.50789999999999
E02000804,Burglary,2026-01,37.41789999999999
E02000804,Criminal damage and arson,2026-01,38.436199999999985
E02000804,Disruptive crimes,2026-01,41.45229999999999
E02000804,Property theft,2026-01,53.030799999999985
E02000804,Vehicle crime,2026-01,54.519099999999995
E02000804,Violence,2026-01,62.4734
E02000804,Anti-social behaviour,2026-02,67.9099
E02000804,Burglary,2026-02,68.83219999999999
E02000804,Criminal damage and arson,2026-02,69.755
E02000804,Disruptive crimes,2026-02,72.53269999999999
E02000804,Property theft,2026-02,83.44609999999999
E02000804,Vehicle crime,2026-02,84.92099999999999
E02000804,Violence,2026-02,92.4157
E02000805,Anti-social behaviour,2025-12,5.371099999999999
E02000805,Burglary,2025-12,6.302
E02000805,Criminal damage and arson,2025-12,7.3805999999999985
E02000805,Disruptive crimes,2025-12,10.295699999999998
E02000805,Property theft,2025-12,15.995300000000002
E02000805,Vehicle crime,2025-12,16.811500000000002
E02000805,Violence,2025-12,27.067100000000003
E02000805,Anti-social behaviour,2026-01,33.4684
E02000805,Burglary,2026-01,34.4583
E02000805,Criminal damage and arson,2026-01,35.55800000000001
E02000805,Disruptive crimes,2026-01,38.541900000000005
E02000805,Property theft,2026-01,44.13430000000001
E02000805,Vehicle crime,2026-01,44.92640000000001
E02000805,Violence,2026-01,55.3063
E02000805,Anti-social behaviour,2026-02,61.36710000000001
E02000805,Burglary,2026-02,62.43410000000001
E02000805,Criminal damage and arson,2026-02,63.43640000000001
E02000805,Disruptive crimes,2026-02,66.21280000000003
E02000805,Property theft,2026-02,71.55980000000002
E02000805,Vehicle crime,2026-02,72.35870000000001
E02000805,Violence,2026-02,82.19530000000002
E02000806,Anti-social behaviour,2025-12,5.1171
E02000806,Burglary,2025-12,5.744599999999999
E02000806,Criminal damage and arson,2025-12,8.1123
E02000806,Disruptive crimes,2025-12,11.2081
E02000806,Property theft,2025-12,15.6
E02000806,Vehicle crime,2025-12,17.0145
E02000806,Violence,2025-12,26.7378
E02000806,Anti-social behaviour,2026-01,32.6548
E02000806,Burglary,2026-01,33.3349
E02000806,Criminal damage and arson,2026-01,35.671299999999995
E02000806,Disruptive crimes,2026-01,38.823299999999996
E02000806,Property theft,2026-01,43.1091
E02000806,Vehicle crime,2026-01,44.511500000000005
E02000806,Violence,2026-01,54.33680000000001
E02000806,Anti-social behaviour,2026-02,59.86880000000001
E02000806,Burglary,2026-02,60.64280000000001
E02000806,Criminal damage and arson,2026-02,62.891100000000016
E02000806,Disruptive crimes,2026-02,65.85270000000003
E02000806,Property theft,2026-02,69.88070000000002
E02000806,Vehicle crime,2026-02,71.24390000000001
E02000806,Violence,2026-02,80.593
E02000807,Anti-social behaviour,2025-12,5.7665999999999995
E02000807,Burglary,2025-12,6.005999999999999
E02000807,Criminal damage and arson,2025-12,6.0267
E02000807,Disruptive crimes,2025-12,8.33
E02000807,Property theft,2025-12,18.1206
E02000807,Vehicle crime,2025-12,19.1709
E02000807,Violence,2025-12,29.453699999999998
E02000807,Anti-social behaviour,2026-01,35.798300000000005
E02000807,Burglary,2026-01,36.0358
E02000807,Criminal damage and arson,2026-01,36.0605
E02000807,Disruptive crimes,2026-01,38.5614
E02000807,Property theft,2026-01,48.4893
E02000807,Vehicle crime,2026-01,49.532500000000006
E02000807,Violence,2026-01,59.842200000000005
E02000807,Anti-social behaviour,2026-02,65.535
E02000807,Burglary,2026-02,65.7878
E02000807,Criminal damage and arson,2026-02,65.8119
E02000807,Disruptive crimes,2026-02,68.05149999999999
E02000807,Property theft,2026-02,77.25339999999998
E02000807,Vehicle crime,2026-02,78.36739999999999
E02000807,Violence,2026-02,88.12009999999998
E02000808,Anti-social behaviour,2025-12,43.056700000000006
E02000808,Burglary,2025-12,59.5202
E02000808,Criminal damage and arson,2025-12,65.32870000000001
E02000808,Disruptive crimes,2025-12,85.4911
E02000808,Property theft,2025-12,318.3057
E02000808,Vehicle crime,2025-12,322.5132
E02000808,Violence,2025-12,385.7444
E02000808,Anti-social behaviour,2026-01,430.88289999999995
E02000808,Burglary,2026-01,447.74209999999994
E02000808,Criminal damage and arson,2026-01,453.50849999999986
E02000808,Disruptive crimes,2026-01,473.9797999999999
E02000808,Property theft,2026-01,704.7394999999999
E02000808,Vehicle crime,2026-01,708.7658999999999
E02000808,Violence,2026-01,772.1126999999998
E02000808,Anti-social behaviour,2026-02,814.4861999999997
E02000808,Burglary,2026-02,831.0160999999998
E02000808,Criminal damage and arson,2026-02,836.5168
E02000808,Disruptive crimes,2026-02,855.9921
E02000808,Property theft,2026-02,1072.0586
E02000808,Vehicle crime,2026-02,1076.0311000000002
E02000808,Violence,2026-02,1136.6227000000001
E02000810,Anti-social behaviour,2025-12,24.6274
E02000810,Burglary,2025-12,27.1212
E02000810,Criminal damage and arson,2025-12,29.4627
E02000810,Disruptive crimes,2025-12,39.334399999999995
E02000810,Property theft,2025-12,65.1223
E02000810,Vehicle crime,2025-12,69.7787
E02000810,Violence,2025-12,107.4299
E02000810,Anti-social behaviour,2026-01,134.38690000000003
E02000810,Burglary,2026-01,136.86500000000004
E02000810,Criminal damage and arson,2026-01,139.38190000000006
E02000810,Disruptive crimes,2026-01,149.69130000000007
E02000810,Property theft,2026-01,176.43390000000005
E02000810,Vehicle crime,2026-01,181.14500000000007
E02000810,Violence,2026-01,219.56420000000008
E02000810,Anti-social behaviour,2026-02,244.8881000000001
E02000810,Burglary,2026-02,247.5080000000001
E02000810,Criminal damage and arson,2026-02,250.08360000000013
E02000810,Disruptive crimes,2026-02,260.4763000000001
E02000810,Property theft,2026-02,286.3513000000001
E02000810,Vehicle crime,2026-02,290.9732000000001
E02000810,Violence,2026-02,328.7943
E02000812,Anti-social behaviour,2025-12,24.0843
E02000812,Burglary,2025-12,29.207699999999996
E02000812,Criminal damage and arson,2025-12,32.12329999999999
E02000812,Disruptive crimes,2025-12,47.46799999999999
E02000812,Property theft,2025-12,118.21839999999997
E02000812,Vehicle crime,2025-12,122.83429999999998
E02000812,Violence,2025-12,161.14199999999997
E02000812,Anti-social behaviour,2026-01,186.87869999999995
E02000812,Burglary,2026-01,191.99109999999996
E02000812,Criminal damage and arson,2026-01,194.8738
E02000812,Disruptive crimes,2026-01,210.4169
E02000812,Property theft,2026-01,281.0584
E02000812,Vehicle crime,2026-01,285.62120000000004
E02000812,Violence,2026-01,324.0502
E02000812,Anti-social behaviour,2026-02,347.8244000000001
E02000812,Burglary,2026-02,352.73750000000007
E02000812,Criminal damage and arson,2026-02,355.4771000000002
E02000812,Disruptive crimes,2026-02,369.8892000000002
E02000812,Property theft,2026-02,434.7613000000002
E02000812,Vehicle crime,2026-02,439.0567000000002
E02000812,Violence,2026-02,475.50510000000025
E02000813,Anti-social behaviour,2025-12,16.9297
E02000813,Burglary,2025-12,18.5907
E02000813,Criminal damage and arson,2025-12,21.467600000000004
E02000813,Disruptive crimes,2025-12,31.118800000000004
E02000813,Property theft,2025-12,65.1941
E02000813,Vehicle crime,2025-12,70.6891
E02000813,Violence,2025-12,103.291
E02000813,Anti-social behaviour,2026-01,121.37660000000001
E02000813,Burglary,2026-01,123.02810000000002
E02000813,Criminal damage and arson,2026-01,125.79260000000002
E02000813,Disruptive crimes,2026-01,135.30420000000004
E02000813,Property theft,2026-01,169.3634
E02000813,Vehicle crime,2026-01,174.80180000000001
E02000813,Violence,2026-01,207.30200000000002
E02000813,Anti-social behaviour,2026-02,223.68300000000002
E02000813,Burglary,2026-02,225.4472
E02000813,Criminal damage and arson,2026-02,228.1152
E02000813,Disruptive crimes,2026-02,236.90089999999995
E02000813,Property theft,2026-02,267.4830999999999
E02000813,Vehicle crime,2026-02,272.6792999999999
E02000813,Violence,2026-02,303.1239
E02000814,Anti-social behaviour,2025-12,10.9818
E02000814,Burglary,2025-12,13.2455
E02000814,Criminal damage and arson,2025-12,14.3825
E02000814,Disruptive crimes,2025-12,19.520899999999997
E02000814,Property theft,2025-12,27.9296
E02000814,Vehicle crime,2025-12,31.7371
E02000814,Violence,2025-12,47.3137
E02000814,Anti-social behaviour,2026-01,59.579899999999995
E02000814,Burglary,2026-01,61.83229999999999
E02000814,Criminal damage and arson,2026-01,62.99829999999999
E02000814,Disruptive crimes,2026-01,68.27659999999999
E02000814,Property theft,2026-01,76.38079999999998
E02000814,Vehicle crime,2026-01,80.12609999999998
E02000814,Violence,2026-01,95.86249999999997
E02000814,Anti-social behaviour,2026-02,106.68799999999997
E02000814,Burglary,2026-02,108.99609999999998
E02000814,Criminal damage and arson,2026-02,110.0533
E02000814,Disruptive crimes,2026-02,114.81989999999999
E02000814,Property theft,2026-02,122.2547
E02000814,Vehicle crime,2026-02,126.0025
E02000814,Violence,2026-02,140.9267
E02000815,Anti-social behaviour,2025-12,23.6061
E02000815,Burglary,2025-12,27.0401
E02000815,Criminal damage and arson,2025-12,29.236699999999995
E02000815,Disruptive crimes,2025-12,43.6696
E02000815,Property theft,2025-12,124.09049999999999
E02000815,Vehicle crime,2025-12,125.2156
E02000815,Violence,2025-12,173.1439
E02000815,Anti-social behaviour,2026-01,198.38189999999997
E02000815,Burglary,2026-01,202.1156
E02000815,Criminal damage and arson,2026-01,204.2979
E02000815,Disruptive crimes,2026-01,218.8159
E02000815,Property theft,2026-01,299.5805
E02000815,Vehicle crime,2026-01,300.7140999999999
E02000815,Violence,2026-01,348.98419999999993
E02000815,Anti-social behaviour,2026-02,373.16179999999997
E02000815,Burglary,2026-02,377.0977
E02000815,Criminal damage and arson,2026-02,379.2665
E02000815,Disruptive crimes,2026-02,393.05
E02000815,Property theft,2026-02,469.76070000000004
E02000815,Vehicle crime,2026-02,470.9529
E02000815,Violence,2026-02,518.0616
E02000816,Anti-social behaviour,2025-12,9.263100000000001
E02000816,Burglary,2025-12,12.405300000000002
E02000816,Criminal damage and arson,2025-12,15.081100000000003
E02000816,Disruptive crimes,2025-12,21.7081
E02000816,Property theft,2025-12,33.776199999999996
E02000816,Vehicle crime,2025-12,39.876
E02000816,Violence,2025-12,64.52929999999999
E02000816,Anti-social behaviour,2026-01,74.89739999999999
E02000816,Burglary,2026-01,78.175
E02000816,Criminal damage and arson,2026-01,80.7941
E02000816,Disruptive crimes,2026-01,87.2792
E02000816,Property theft,2026-01,99.279
E02000816,Vehicle crime,2026-01,105.2037
E02000816,Violence,2026-01,130.1056
E02000816,Anti-social behaviour,2026-02,138.82809999999998
E02000816,Burglary,2026-02,142.16159999999994
E02000816,Criminal damage and arson,2026-02,144.7237999999999
E02000816,Disruptive crimes,2026-02,150.79259999999988
E02000816,Property theft,2026-02,161.79919999999987
E02000816,Vehicle crime,2026-02,167.51099999999988
E02000816,Violence,2026-02,191.1200999999999
E02000817,Anti-social behaviour,2025-12,5.8686
E02000817,Burglary,2025-12,7.515
E02000817,Criminal damage and arson,2025-12,10.0424
E02000817,Disruptive crimes,2025-12,15.7125
E02000817,Property theft,2025-12,22.372899999999998
E02000817,Vehicle crime,2025-12,26.1194
E02000817,Violence,2025-12,42.0707
E02000817,Anti-social behaviour,2026-01,48.6425
E02000817,Burglary,2026-01,50.3335
E02000817,Criminal damage and arson,2026-01,52.85860000000001
E02000817,Disruptive crimes,2026-01,58.54560000000001
E02000817,Property theft,2026-01,65.11940000000001
E02000817,Vehicle crime,2026-01,68.81490000000001
E02000817,Violence,2026-01,85.11240000000002
E02000817,Anti-social behaviour,2026-02,90.98790000000001
E02000817,Burglary,2026-02,92.68810000000002
E02000817,Criminal damage and arson,2026-02,95.04530000000001
E02000817,Disruptive crimes,2026-02,100.43070000000002
E02000817,Property theft,2026-02,106.36080000000001
E02000817,Vehicle crime,2026-02,109.8512
E02000817,Violence,2026-02,125.29469999999999
E02000818,Anti-social behaviour,2025-12,35.4522
E02000818,Burglary,2025-12,40.48800000000001
E02000818,Criminal damage and arson,2025-12,44.98800000000001
E02000818,Disruptive crimes,2025-12,61.38730000000001
E02000818,Property theft,2025-12,105.95160000000001
E02000818,Vehicle crime,2025-12,109.34100000000002
E02000818,Violence,2025-12,152.74800000000005
E02000818,Anti-social behaviour,2026-01,190.77450000000007
E02000818,Burglary,2026-01,195.99790000000007
E02000818,Criminal damage and arson,2026-01,200.60250000000008
E02000818,Disruptive crimes,2026-01,217.56590000000008
E02000818,Property theft,2026-01,262.7064000000001
E02000818,Vehicle crime,2026-01,266.0271000000001
E02000818,Violence,2026-01,309.8561000000001
E02000818,Anti-social behaviour,2026-02,346.41190000000006
E02000818,Burglary,2026-02,351.7753
E02000818,Criminal damage and arson,2026-02,356.3447000000001
E02000818,Disruptive crimes,2026-02,373.24700000000007
E02000818,Property theft,2026-02,417.48620000000005
E02000818,Vehicle crime,2026-02,420.73500000000007
E02000818,Violence,2026-02,464.0034000000001
E02000819,Anti-social behaviour,2025-12,10.516
E02000819,Burglary,2025-12,12.8346
E02000819,Criminal damage and arson,2025-12,15.5787
E02000819,Disruptive crimes,2025-12,22.727099999999993
E02000819,Property theft,2025-12,39.606199999999994
E02000819,Vehicle crime,2025-12,43.61439999999999
E02000819,Violence,2025-12,64.55639999999998
E02000819,Anti-social behaviour,2026-01,76.39839999999998
E02000819,Burglary,2026-01,78.68269999999998
E02000819,Criminal damage and arson,2026-01,81.3926
E02000819,Disruptive crimes,2026-01,88.6442
E02000819,Property theft,2026-01,105.60559999999998
E02000819,Vehicle crime,2026-01,109.53989999999997
E02000819,Violence,2026-01,130.87019999999998
E02000819,Anti-social behaviour,2026-02,140.9707
E02000819,Burglary,2026-02,143.2293
E02000819,Criminal damage and arson,2026-02,145.88880000000003
E02000819,Disruptive crimes,2026-02,152.70600000000002
E02000819,Property theft,2026-02,167.88290000000003
E02000819,Vehicle crime,2026-02,171.71380000000008
E02000819,Violence,2026-02,191.7621000000001
E02000820,Anti-social behaviour,2025-12,13.197
E02000820,Burglary,2025-12,13.872200000000001
E02000820,Criminal damage and arson,2025-12,17.301300000000005
E02000820,Disruptive crimes,2025-12,30.42010000000001
E02000820,Property theft,2025-12,43.74920000000001
E02000820,Vehicle crime,2025-12,44.73290000000001
E02000820,Violence,2025-12,71.79930000000002
E02000820,Anti-social behaviour,2026-01,86.55320000000002
E02000820,Burglary,2026-01,87.22550000000003
E02000820,Criminal damage and arson,2026-01,90.60650000000005
E02000820,Disruptive crimes,2026-01,103.71600000000007
E02000820,Property theft,2026-01,117.21180000000007
E02000820,Vehicle crime,2026-01,118.14160000000008
E02000820,Violence,2026-01,145.50540000000012
E02000820,Anti-social behaviour,2026-02,158.4215000000001
E02000820,Burglary,2026-02,159.16510000000008
E02000820,Criminal damage and arson,2026-02,162.3651000000001
E02000820,Disruptive crimes,2026-02,174.6506000000001
E02000820,Property theft,2026-02,187.19500000000014
E02000820,Vehicle crime,2026-02,188.12700000000012
E02000820,Violence,2026-02,214.07240000000013
E02000821,Anti-social behaviour,2025-12,12.2839
E02000821,Burglary,2025-12,14.938499999999998
E02000821,Criminal damage and arson,2025-12,18.461199999999998
E02000821,Disruptive crimes,2025-12,27.771099999999997
E02000821,Property theft,2025-12,41.8896
E02000821,Vehicle crime,2025-12,45.6679
E02000821,Violence,2025-12,75.1158
E02000821,Anti-social behaviour,2026-01,88.9167
E02000821,Burglary,2026-01,91.59300000000002
E02000821,Criminal damage and arson,2026-01,95.09880000000001
E02000821,Disruptive crimes,2026-01,104.592
E02000821,Property theft,2026-01,118.84990000000002
E02000821,Vehicle crime,2026-01,122.5961
E02000821,Violence,2026-01,152.71540000000005
E02000821,Anti-social behaviour,2026-02,165.57470000000006
E02000821,Burglary,2026-02,168.23040000000006
E02000821,Criminal damage and arson,2026-02,171.62250000000006
E02000821,Disruptive crimes,2026-02,180.5848000000001
E02000821,Property theft,2026-02,193.92910000000012
E02000821,Vehicle crime,2026-02,197.46950000000012
E02000821,Violence,2026-02,226.63460000000015
E02000822,Anti-social behaviour,2025-12,21.569200000000002
E02000822,Burglary,2025-12,24.341100000000004
E02000822,Criminal damage and arson,2025-12,27.281600000000005
E02000822,Disruptive crimes,2025-12,37.28770000000001
E02000822,Property theft,2025-12,62.7561
E02000822,Vehicle crime,2025-12,65.0336
E02000822,Violence,2025-12,88.9675
E02000822,Anti-social behaviour,2026-01,111.444
E02000822,Burglary,2026-01,114.1894
E02000822,Criminal damage and arson,2026-01,117.12540000000001
E02000822,Disruptive crimes,2026-01,127.307
E02000822,Property theft,2026-01,153.0195
E02000822,Vehicle crime,2026-01,155.2249
E02000822,Violence,2026-01,179.40540000000001
E02000822,Anti-social behaviour,2026-02,200.06700000000004
E02000822,Burglary,2026-02,202.69320000000005
E02000822,Criminal damage and arson,2026-02,205.46980000000005
E02000822,Disruptive crimes,2026-02,215.02470000000002
E02000822,Property theft,2026-02,239.44350000000006
E02000822,Vehicle crime,2026-02,241.53680000000008
E02000822,Violence,2026-02,264.54420000000005
E02000823,Anti-social behaviour,2025-12,7.4089
E02000823,Burglary,2025-12,9.5732
E02000823,Criminal damage and arson,2025-12,11.125499999999999
E02000823,Disruptive crimes,2025-12,19.909899999999997
E02000823,Property theft,2025-12,35.135400000000004
E02000823,Vehicle crime,2025-12,37.366600000000005
E02000823,Violence,2025-12,57.87490000000001
E02000823,Anti-social behaviour,2026-01,66.2453
E02000823,Burglary,2026-01,68.4034
E02000823,Criminal damage and arson,2026-01,69.8719
E02000823,Disruptive crimes,2026-01,78.81349999999999
E02000823,Property theft,2026-01,94.01789999999997
E02000823,Vehicle crime,2026-01,96.19299999999998
E02000823,Violence,2026-01,116.74739999999998
E02000823,Anti-social behaviour,2026-02,124.28969999999998
E02000823,Burglary,2026-02,126.28629999999998
E02000823,Criminal damage and arson,2026-02,127.67609999999999
E02000823,Disruptive crimes,2026-02,136.0327
E02000823,Property theft,2026-02,150.23450000000003
E02000823,Vehicle crime,2026-02,152.32100000000003
E02000823,Violence,2026-02,171.68510000000003
E02000824,Anti-social behaviour,2025-12,17.8828
E02000824,Burglary,2025-12,21.323900000000002
E02000824,Criminal damage and arson,2025-12,24.442600000000002
E02000824,Disruptive crimes,2025-12,33.9713
E02000824,Property theft,2025-12,46.0834
E02000824,Vehicle crime,2025-12,52.0538
E02000824,Violence,2025-12,82.8546
E02000824,Anti-social behaviour,2026-01,102.65459999999999
E02000824,Burglary,2026-01,106.0847
E02000824,Criminal damage and arson,2026-01,109.19279999999998
E02000824,Disruptive crimes,2026-01,118.73099999999998
E02000824,Property theft,2026-01,130.8953
E02000824,Vehicle crime,2026-01,136.7715
E02000824,Violence,2026-01,167.72820000000002
E02000824,Anti-social behaviour,2026-02,185.79919999999998
E02000824,Burglary,2026-02,189.1053
E02000824,Criminal damage and arson,2026-02,192.0815
E02000824,Disruptive crimes,2026-02,201.03859999999997
E02000824,Property theft,2026-02,212.26489999999998
E02000824,Vehicle crime,2026-02,217.8108
E02000824,Violence,2026-02,247.242
E02000825,Anti-social behaviour,2025-12,9.0864
E02000825,Burglary,2025-12,9.9751
E02000825,Criminal damage and arson,2025-12,11.6258
E02000825,Disruptive crimes,2025-12,16.1815
E02000825,Property theft,2025-12,21.8324
E02000825,Vehicle crime,2025-12,25.9052
E02000825,Violence,2025-12,45.060700000000004
E02000825,Anti-social behaviour,2026-01,54.948600000000006
E02000825,Burglary,2026-01,55.85390000000001
E02000825,Criminal damage and arson,2026-01,57.57330000000002
E02000825,Disruptive crimes,2026-01,62.15490000000002
E02000825,Property theft,2026-01,67.82090000000002
E02000825,Vehicle crime,2026-01,71.83420000000001
E02000825,Violence,2026-01,91.33500000000001
E02000825,Anti-social behaviour,2026-02,100.46910000000001
E02000825,Burglary,2026-02,101.3681
E02000825,Criminal damage and arson,2026-02,102.9384
E02000825,Disruptive crimes,2026-02,107.2342
E02000825,Property theft,2026-02,112.605
E02000825,Vehicle crime,2026-02,116.3799
E02000825,Violence,2026-02,134.8581
E02000826,Anti-social behaviour,2025-12,8.0502
E02000826,Burglary,2025-12,10.2946
E02000826,Criminal damage and arson,2025-12,11.942400000000001
E02000826,Disruptive crimes,2025-12,18.4728
E02000826,Property theft,2025-12,28.7086
E02000826,Vehicle crime,2025-12,31.1705
E02000826,Violence,2025-12,50.817299999999996
E02000826,Anti-social behaviour,2026-01,59.96439999999999
E02000826,Burglary,2026-01,62.21559999999999
E02000826,Criminal damage and arson,2026-01,63.91189999999999
E02000826,Disruptive crimes,2026-01,70.40319999999998
E02000826,Property theft,2026-01,80.67849999999999
E02000826,Vehicle crime,2026-01,83.14069999999998
E02000826,Violence,2026-01,102.92949999999998
E02000826,Anti-social behaviour,2026-02,111.12529999999997
E02000826,Burglary,2026-02,113.40769999999996
E02000826,Criminal damage and arson,2026-02,114.99199999999996
E02000826,Disruptive crimes,2026-02,120.99129999999997
E02000826,Property theft,2026-02,130.6154
E02000826,Vehicle crime,2026-02,132.985
E02000826,Violence,2026-02,151.65490000000003
E02000827,Anti-social behaviour,2025-12,25.456999999999997
E02000827,Burglary,2025-12,28.851200000000002
E02000827,Criminal damage and arson,2025-12,33.545899999999996
E02000827,Disruptive crimes,2025-12,45.67609999999999
E02000827,Property theft,2025-12,81.26879999999998
E02000827,Vehicle crime,2025-12,85.7841
E02000827,Violence,2025-12,129.2782
E02000827,Anti-social behaviour,2026-01,157.10860000000002
E02000827,Burglary,2026-01,160.50320000000002
E02000827,Criminal damage and arson,2026-01,165.2324
E02000827,Disruptive crimes,2026-01,177.47240000000002
E02000827,Property theft,2026-01,213.2387
E02000827,Vehicle crime,2026-01,217.75969999999998
E02000827,Violence,2026-01,261.5473
E02000827,Anti-social behaviour,2026-02,286.8542
E02000827,Burglary,2026-02,290.1713
E02000827,Criminal damage and arson,2026-02,294.6232
E02000827,Disruptive crimes,2026-02,306.1053
E02000827,Property theft,2026-02,338.9582
E02000827,Vehicle crime,2026-02,343.2441999999999
E02000827,Violence,2026-02,384.8674
E02000828,Anti-social behaviour,2025-12,37.237700000000004
E02000828,Burglary,2025-12,41.6214
E02000828,Criminal damage and arson,2025-12,46.9069
E02000828,Disruptive crimes,2025-12,65.62440000000001
E02000828,Property theft,2025-12,91.459
E02000828,Vehicle crime,2025-12,96.69709999999999
E02000828,Violence,2025-12,149.22969999999998
E02000828,Anti-social behaviour,2026-01,188.1734
E02000828,Burglary,2026-01,192.55540000000002
E02000828,Criminal damage and arson,2026-01,197.86300000000003
E02000828,Disruptive crimes,2026-01,216.8008
E02000828,Property theft,2026-01,242.71280000000004
E02000828,Vehicle crime,2026-01,247.97250000000003
E02000828,Violence,2026-01,300.9253
E02000828,Anti-social behaviour,2026-02,337.14329999999995
E02000828,Burglary,2026-02,341.3479
E02000828,Criminal damage and arson,2026-02,346.3512
E02000828,Disruptive crimes,2026-02,364.05289999999997
E02000828,Property theft,2026-02,384.01980000000003
E02000828,Vehicle crime,2026-02,389.014
E02000828,Violence,2026-02,440.19650000000007
E02000829,Anti-social behaviour,2025-12,9.9408
E02000829,Burglary,2025-12,12.812
E02000829,Criminal damage and arson,2025-12,15.7421
E02000829,Disruptive crimes,2025-12,24.357300000000002
E02000829,Property theft,2025-12,37.053000000000004
E02000829,Vehicle crime,2025-12,43.33980000000001
E02000829,Violence,2025-12,71.93610000000001
E02000829,Anti-social behaviour,2026-01,83.6139
E02000829,Burglary,2026-01,86.4365
E02000829,Criminal damage and arson,2026-01,89.4215
E02000829,Disruptive crimes,2026-01,97.8895
E02000829,Property theft,2026-01,110.72399999999999
E02000829,Vehicle crime,2026-01,116.87369999999999
E02000829,Violence,2026-01,145.6906
E02000829,Anti-social behaviour,2026-02,155.617
E02000829,Burglary,2026-02,158.3626
E02000829,Criminal damage and arson,2026-02,161.14889999999997
E02000829,Disruptive crimes,2026-02,169.05659999999997
E02000829,Property theft,2026-02,181.08909999999997
E02000829,Vehicle crime,2026-02,186.97479999999996
E02000829,Violence,2026-02,214.29509999999993
E02000830,Anti-social behaviour,2025-12,11.5222
E02000830,Burglary,2025-12,15.7844
E02000830,Criminal damage and arson,2025-12,18.824199999999998
E02000830,Disruptive crimes,2025-12,24.153599999999994
E02000830,Property theft,2025-12,36.65859999999999
E02000830,Vehicle crime,2025-12,43.7846
E02000830,Violence,2025-12,67.4979
E02000830,Anti-social behaviour,2026-01,80.3242
E02000830,Burglary,2026-01,84.46340000000002
E02000830,Criminal damage and arson,2026-01,87.53510000000004
E02000830,Disruptive crimes,2026-01,92.88080000000006
E02000830,Property theft,2026-01,105.48250000000007
E02000830,Vehicle crime,2026-01,112.51850000000007
E02000830,Violence,2026-01,136.37990000000008
E02000830,Anti-social behaviour,2026-02,147.87480000000005
E02000830,Burglary,2026-02,151.88380000000004
E02000830,Criminal damage and arson,2026-02,154.8425
E02000830,Disruptive crimes,2026-02,159.9114
E02000830,Property theft,2026-02,171.62499999999997
E02000830,Vehicle crime,2026-02,178.31939999999997
E02000830,Violence,2026-02,201.05129999999997
E02000831,Anti-social behaviour,2025-12,12.4365
E02000831,Burglary,2025-12,17.3349
E02000831,Criminal damage and arson,2025-12,20.6358
E02000831,Disruptive crimes,2025-12,28.899800000000003
E02000831,Property theft,2025-12,51.433
E02000831,Vehicle crime,2025-12,58.4559
E02000831,Violence,2025-12,85.9206
E02000831,Anti-social behaviour,2026-01,100.25579999999998
E02000831,Burglary,2026-01,105.01599999999999
E02000831,Criminal damage and arson,2026-01,108.234
E02000831,Disruptive crimes,2026-01,116.33689999999999
E02000831,Property theft,2026-01,138.59419999999997
E02000831,Vehicle crime,2026-01,145.49679999999995
E02000831,Violence,2026-01,173.18229999999997
E02000831,Anti-social behaviour,2026-02,185.64219999999997
E02000831,Burglary,2026-02,190.2352
E02000831,Criminal damage and arson,2026-02,193.371
E02000831,Disruptive crimes,2026-02,200.99070000000003
E02000831,Property theft,2026-02,221.06590000000008
E02000831,Vehicle crime,2026-02,227.6007000000001
E02000831,Violence,2026-02,253.6193000000001
E02000832,Anti-social behaviour,2025-12,9.8722
E02000832,Burglary,2025-12,11.8791
E02000832,Criminal damage and arson,2025-12,15.178600000000001
E02000832,Disruptive crimes,2025-12,20.382900000000003
E02000832,Property theft,2025-12,29.765000000000008
E02000832,Vehicle crime,2025-12,34.821200000000005
E02000832,Violence,2025-12,53.9029
E02000832,Anti-social behaviour,2026-01,64.99980000000001
E02000832,Burglary,2026-01,67.01400000000001
E02000832,Criminal damage and arson,2026-01,70.34640000000002
E02000832,Disruptive crimes,2026-01,75.56290000000001
E02000832,Property theft,2026-01,85.02690000000003
E02000832,Vehicle crime,2026-01,90.05950000000003
E02000832,Violence,2026-01,109.28950000000003
E02000832,Anti-social behaviour,2026-02,119.27750000000003
E02000832,Burglary,2026-02,121.33690000000004
E02000832,Criminal damage and arson,2026-02,124.45770000000006
E02000832,Disruptive crimes,2026-02,129.39360000000005
E02000832,Property theft,2026-02,138.35310000000004
E02000832,Vehicle crime,2026-02,143.14480000000006
E02000832,Violence,2026-02,161.34020000000004
E02000833,Anti-social behaviour,2025-12,2.7624999999999997
E02000833,Burglary,2025-12,2.8472999999999997
E02000833,Criminal damage and arson,2025-12,3.1141
E02000833,Disruptive crimes,2025-12,5.636299999999999
E02000833,Property theft,2025-12,13.2474
E02000833,Vehicle crime,2025-12,14.438400000000003
E02000833,Violence,2025-12,28.654000000000003
E02000833,Anti-social behaviour,2026-01,31.9444
E02000833,Burglary,2026-01,32.0264
E02000833,Criminal damage and arson,2026-01,32.266000000000005
E02000833,Disruptive crimes,2026-01,34.89460000000001
E02000833,Property theft,2026-01,42.58460000000001
E02000833,Vehicle crime,2026-01,43.749800000000015
E02000833,Violence,2026-01,58.22910000000002
E02000833,Anti-social behaviour,2026-02,61.109200000000016
E02000833,Burglary,2026-02,61.186900000000016
E02000833,Criminal damage and arson,2026-02,61.40780000000002
E02000833,Disruptive crimes,2026-02,63.80160000000002
E02000833,Property theft,2026-02,71.00910000000002
E02000833,Vehicle crime,2026-02,72.10110000000003
E02000833,Violence,2026-02,85.52810000000002
E02000834,Anti-social behaviour,2025-12,7.1097
E02000834,Burglary,2025-12,9.7096
E02000834,Criminal damage and arson,2025-12,10.287999999999998
E02000834,Disruptive crimes,2025-12,13.418099999999999
E02000834,Property theft,2025-12,26.230300000000003
E02000834,Vehicle crime,2025-12,32.6528
E02000834,Violence,2025-12,46.548
E02000834,Anti-social behaviour,2026-01,54.482800000000005
E02000834,Burglary,2026-01,57.099000000000004
E02000834,Criminal damage and arson,2026-01,57.634100000000004
E02000834,Disruptive crimes,2026-01,60.7772
E02000834,Property theft,2026-01,73.65159999999999
E02000834,Vehicle crime,2026-01,79.95689999999998
E02000834,Violence,2026-01,94.08199999999998
E02000834,Anti-social behaviour,2026-02,101.18919999999999
E02000834,Burglary,2026-02,103.79239999999999
E02000834,Criminal damage and arson,2026-02,104.2996
E02000834,Disruptive crimes,2026-02,107.27600000000001
E02000834,Property theft,2026-02,119.2849
E02000834,Vehicle crime,2026-02,125.281
E02000834,Violence,2026-02,138.65939999999998
E02000835,Anti-social behaviour,2025-12,2.8096
E02000835,Burglary,2025-12,3.4787000000000003
E02000835,Criminal damage and arson,2025-12,4.068499999999999
E02000835,Disruptive crimes,2025-12,4.930499999999999
E02000835,Property theft,2025-12,7.1720999999999995
E02000835,Vehicle crime,2025-12,10.879700000000001
E02000835,Violence,2025-12,20.878899999999998
E02000835,Anti-social behaviour,2026-01,24.035599999999995
E02000835,Burglary,2026-01,24.75059999999999
E02000835,Criminal damage and arson,2026-01,25.34359999999999
E02000835,Disruptive crimes,2026-01,26.303999999999988
E02000835,Property theft,2026-01,28.56039999999999
E02000835,Vehicle crime,2026-01,32.21669999999999
E02000835,Violence,2026-01,42.296399999999984
E02000835,Anti-social behaviour,2026-02,45.37739999999998
E02000835,Burglary,2026-02,46.093699999999984
E02000835,Criminal damage and arson,2026-02,46.70729999999998
E02000835,Disruptive crimes,2026-02,47.52679999999998
E02000835,Property theft,2026-02,49.670899999999975
E02000835,Vehicle crime,2026-02,53.138199999999976
E02000835,Violence,2026-02,62.72819999999997
E02000836,Anti-social behaviour,2025-12,3.0945
E02000836,Burglary,2025-12,3.8401000000000005
E02000836,Criminal damage and arson,2025-12,3.893700000000001
E02000836,Disruptive crimes,2025-12,5.309000000000001
E02000836,Property theft,2025-12,17.818600000000004
E02000836,Vehicle crime,2025-12,23.241600000000002
E02000836,Violence,2025-12,33.4738
E02000836,Anti-social behaviour,2026-01,37.0526
E02000836,Burglary,2026-01,37.8302
E02000836,Criminal damage and arson,2026-01,37.8935
E02000836,Disruptive crimes,2026-01,39.41210000000001
E02000836,Property theft,2026-01,52.071700000000014
E02000836,Vehicle crime,2026-01,57.442000000000014
E02000836,Violence,2026-01,67.71140000000003
E02000836,Anti-social behaviour,2026-02,71.12910000000001
E02000836,Burglary,2026-02,71.92650000000002
E02000836,Criminal damage and arson,2026-02,71.99220000000003
E02000836,Disruptive crimes,2026-02,73.37720000000002
E02000836,Property theft,2026-02,85.30200000000002
E02000836,Vehicle crime,2026-02,90.42620000000002
E02000836,Violence,2026-02,100.15930000000002
E02000837,Anti-social behaviour,2025-12,2.527
E02000837,Burglary,2025-12,5.59
E02000837,Criminal damage and arson,2025-12,6.6418
E02000837,Disruptive crimes,2025-12,7.8835999999999995
E02000837,Property theft,2025-12,18.1624
E02000837,Vehicle crime,2025-12,26.9186
E02000837,Violence,2025-12,37.3983
E02000837,Anti-social behaviour,2026-01,40.2438
E02000837,Burglary,2026-01,43.247800000000005
E02000837,Criminal damage and arson,2026-01,44.315400000000004
E02000837,Disruptive crimes,2026-01,45.579800000000006
E02000837,Property theft,2026-01,55.92380000000001
E02000837,Vehicle crime,2026-01,64.6851
E02000837,Violence,2026-01,75.2577
E02000837,Anti-social behaviour,2026-02,77.88300000000001
E02000837,Burglary,2026-02,80.89110000000002
E02000837,Criminal damage and arson,2026-02,81.91090000000001
E02000837,Disruptive crimes,2026-02,83.08080000000001
E02000837,Property theft,2026-02,92.8579
E02000837,Vehicle crime,2026-02,101.19780000000002
E02000837,Violence,2026-02,111.2532
E02000838,Anti-social behaviour,2025-12,5.7003
E02000838,Burglary,2025-12,7.03
E02000838,Criminal damage and arson,2025-12,7.176200000000001
E02000838,Disruptive crimes,2025-12,9.6583
E02000838,Property theft,2025-12,17.858
E02000838,Vehicle crime,2025-12,23.296300000000002
E02000838,Violence,2025-12,36.3325
E02000838,Anti-social behaviour,2026-01,42.8559
E02000838,Burglary,2026-01,44.2456
E02000838,Criminal damage and arson,2026-01,44.42070000000001
E02000838,Disruptive crimes,2026-01,47.089100000000016
E02000838,Property theft,2026-01,55.43610000000002
E02000838,Vehicle crime,2026-01,60.781900000000014
E02000838,Violence,2026-01,73.9167
E02000838,Anti-social behaviour,2026-02,79.9358
E02000838,Burglary,2026-02,81.34500000000001
E02000838,Criminal damage and arson,2026-02,81.50870000000002
E02000838,Disruptive crimes,2026-02,83.92310000000002
E02000838,Property theft,2026-02,91.81000000000003
E02000838,Vehicle crime,2026-02,96.90870000000001
E02000838,Violence,2026-02,109.391
E02000839,Anti-social behaviour,2025-12,4.2495
E02000839,Burglary,2025-12,8.1159
E02000839,Criminal damage and arson,2025-12,8.687100000000001
E02000839,Disruptive crimes,2025-12,11.146700000000001
E02000839,Property theft,2025-12,15.905000000000001
E02000839,Vehicle crime,2025-12,22.2301
E02000839,Violence,2025-12,37.943400000000004
E02000839,Anti-social behaviour,2026-01,42.77450000000001
E02000839,Burglary,2026-01,46.63690000000001
E02000839,Criminal damage and arson,2026-01,47.221800000000016
E02000839,Disruptive crimes,2026-01,49.76680000000002
E02000839,Property theft,2026-01,54.389200000000024
E02000839,Vehicle crime,2026-01,60.530500000000025
E02000839,Violence,2026-01,76.3221
E02000839,Anti-social behaviour,2026-02,80.9597
E02000839,Burglary,2026-02,84.7159
E02000839,Criminal damage and arson,2026-02,85.30530000000002
E02000839,Disruptive crimes,2026-02,87.73590000000002
E02000839,Property theft,2026-02,92.16280000000002
E02000839,Vehicle crime,2026-02,98.02000000000002
E02000839,Violence,2026-02,113.08060000000003
E02000840,Anti-social behaviour,2025-12,6.9253
E02000840,Burglary,2025-12,6.9824
E02000840,Criminal damage and arson,2025-12,10.9589
E02000840,Disruptive crimes,2025-12,15.3761
E02000840,Property theft,2025-12,18.317800000000002
E02000840,Vehicle crime,2025-12,22.429900000000004
E02000840,Violence,2025-12,42.47870000000001
E02000840,Anti-social behaviour,2026-01,50.43590000000002
E02000840,Burglary,2026-01,50.49330000000002
E02000840,Criminal damage and arson,2026-01,54.41890000000002
E02000840,Disruptive crimes,2026-01,58.971000000000025
E02000840,Property theft,2026-01,61.96880000000002
E02000840,Vehicle crime,2026-01,65.97900000000003
E02000840,Violence,2026-01,86.28100000000002
E02000840,Anti-social behaviour,2026-02,93.38550000000002
E02000840,Burglary,2026-02,93.4436
E02000840,Criminal damage and arson,2026-02,97.2251
E02000840,Disruptive crimes,2026-02,101.42569999999999
E02000840,Property theft,2026-02,104.3219
E02000840,Vehicle crime,2026-02,108.2124
E02000840,Violence,2026-02,127.4078
E02000841,Anti-social behaviour,2025-12,8.6907
E02000841,Burglary,2025-12,9.402099999999999
E02000841,Criminal damage and arson,2025-12,12.9896
E02000841,Disruptive crimes,2025-12,20.053699999999996
E02000841,Property theft,2025-12,24.7293
E02000841,Vehicle crime,2025-12,27.502099999999995
E02000841,Violence,2025-12,58.071299999999994
E02000841,Anti-social behaviour,2026-01,67.915
E02000841,Burglary,2026-01,68.66640000000001
E02000841,Criminal damage and arson,2026-01,72.23240000000001
E02000841,Disruptive crimes,2026-01,79.5014
E02000841,Property theft,2026-01,84.17970000000001
E02000841,Vehicle crime,2026-01,86.95570000000001
E02000841,Violence,2026-01,117.95830000000001
E02000841,Anti-social behaviour,2026-02,126.95020000000002
E02000841,Burglary,2026-02,127.71310000000004
E02000841,Criminal damage and arson,2026-02,131.18480000000002
E02000841,Disruptive crimes,2026-02,138.01020000000003
E02000841,Property theft,2026-02,142.45680000000002
E02000841,Vehicle crime,2026-02,145.10600000000002
E02000841,Violence,2026-02,174.6474
E02000842,Anti-social behaviour,2025-12,3.9267000000000003
E02000842,Burglary,2025-12,4.2833000000000006
E02000842,Criminal damage and arson,2025-12,5.2139999999999995
E02000842,Disruptive crimes,2025-12,8.0168
E02000842,Property theft,2025-12,12.723799999999999
E02000842,Vehicle crime,2025-12,16.2392
E02000842,Violence,2025-12,27.0623
E02000842,Anti-social behaviour,2026-01,31.7114
E02000842,Burglary,2026-01,32.102500000000006
E02000842,Criminal damage and arson,2026-01,33.02610000000001
E02000842,Disruptive crimes,2026-01,35.862700000000004
E02000842,Property theft,2026-01,40.632600000000004
E02000842,Vehicle crime,2026-01,44.0503
E02000842,Violence,2026-01,55.083000000000006
E02000842,Anti-social behaviour,2026-02,59.695600000000006
E02000842,Burglary,2026-02,60.08490000000002
E02000842,Criminal damage and arson,2026-02,60.95290000000002
E02000842,Disruptive crimes,2026-02,63.618900000000025
E02000842,Property theft,2026-02,68.11230000000003
E02000842,Vehicle crime,2026-02,71.48220000000002
E02000842,Violence,2026-02,81.97030000000001
E02000843,Anti-social behaviour,2025-12,4.2382
E02000843,Burglary,2025-12,4.284000000000001
E02000843,Criminal damage and arson,2025-12,5.0266
E02000843,Disruptive crimes,2025-12,8.2705
E02000843,Property theft,2025-12,17.0328
E02000843,Vehicle crime,2025-12,20.1236
E02000843,Violence,2025-12,37.2996
E02000843,Anti-social behaviour,2026-01,42.17099999999999
E02000843,Burglary,2026-01,42.215399999999995
E02000843,Criminal damage and arson,2026-01,42.959199999999996
E02000843,Disruptive crimes,2026-01,46.3954
E02000843,Property theft,2026-01,55.7606
E02000843,Vehicle crime,2026-01,58.78679999999999
E02000843,Violence,2026-01,76.4653
E02000843,Anti-social behaviour,2026-02,81.3361
E02000843,Burglary,2026-02,81.3845
E02000843,Criminal damage and arson,2026-02,82.1253
E02000843,Disruptive crimes,2026-02,85.28289999999998
E02000843,Property theft,2026-02,94.79849999999998
E02000843,Vehicle crime,2026-02,97.77119999999995
E02000843,Violence,2026-02,115.07569999999996
E02000844,Anti-social behaviour,2025-12,4.074
E02000844,Burglary,2025-12,4.0746
E02000844,Criminal damage and arson,2025-12,5.502699999999999
E02000844,Disruptive crimes,2025-12,10.456299999999999
E02000844,Property theft,2025-12,15.611499999999998
E02000844,Vehicle crime,2025-12,18.069399999999998
E02000844,Violence,2025-12,32.1377
E02000844,Anti-social behaviour,2026-01,36.7437
E02000844,Burglary,2026-01,36.744400000000006
E02000844,Criminal damage and arson,2026-01,38.1612
E02000844,Disruptive crimes,2026-01,43.2711
E02000844,Property theft,2026-01,48.5756
E02000844,Vehicle crime,2026-01,50.9976
E02000844,Violence,2026-01,65.3669
E02000844,Anti-social behaviour,2026-02,69.7771
E02000844,Burglary,2026-02,69.778
E02000844,Criminal damage and arson,2026-02,71.0934
E02000844,Disruptive crimes,2026-02,75.82200000000002
E02000844,Property theft,2026-02,80.5651
E02000844,Vehicle crime,2026-02,82.83099999999999
E02000844,Violence,2026-02,96.56889999999999
E02000845,Anti-social behaviour,2025-12,5.0796
E02000845,Burglary,2025-12,5.255999999999999
E02000845,Criminal damage and arson,2025-12,6.5954999999999995
E02000845,Disruptive crimes,2025-12,8.228
E02000845,Property theft,2025-12,14.0916
E02000845,Vehicle crime,2025-12,15.1009
E02000845,Violence,2025-12,26.5442
E02000845,Anti-social behaviour,2026-01,32.2173
E02000845,Burglary,2026-01,32.385400000000004
E02000845,Criminal damage and arson,2026-01,33.770900000000005
E02000845,Disruptive crimes,2026-01,35.5217
E02000845,Property theft,2026-01,41.447700000000005
E02000845,Vehicle crime,2026-01,42.4154
E02000845,Violence,2026-01,53.8941
E02000845,Anti-social behaviour,2026-02,59.262800000000006
E02000845,Burglary,2026-02,59.45870000000001
E02000845,Criminal damage and arson,2026-02,60.728300000000004
E02000845,Disruptive crimes,2026-02,62.333200000000005
E02000845,Property theft,2026-02,67.9501
E02000845,Vehicle crime,2026-02,68.76610000000001
E02000845,Violence,2026-02,79.69040000000001
E02000846,Anti-social behaviour,2025-12,3.0891
E02000846,Burglary,2025-12,3.1715999999999998
E02000846,Criminal damage and arson,2025-12,4.0417
E02000846,Disruptive crimes,2025-12,6.7008
E02000846,Property theft,2025-12,8.4319
E02000846,Vehicle crime,2025-12,11.4626
E02000846,Violence,2025-12,21.2299
E02000846,Anti-social behaviour,2026-01,24.842100000000002
E02000846,Burglary,2026-01,24.9181
E02000846,Criminal damage and arson,2026-01,25.8355
E02000846,Disruptive crimes,2026-01,28.575
E02000846,Property theft,2026-01,30.336999999999996
E02000846,Vehicle crime,2026-01,33.3166
E02000846,Violence,2026-01,43.1422
E02000846,Anti-social behaviour,2026-02,46.49000000000001
E02000846,Burglary,2026-02,46.578600000000016
E02000846,Criminal damage and arson,2026-02,47.420000000000016
E02000846,Disruptive crimes,2026-02,49.93030000000002
E02000846,Property theft,2026-02,51.50830000000002
E02000846,Vehicle crime,2026-02,54.38410000000002
E02000846,Violence,2026-02,63.763900000000014
E02000847,Anti-social behaviour,2025-12,2.0728
E02000847,Burglary,2025-12,2.0751
E02000847,Criminal damage and arson,2025-12,2.0769
E02000847,Disruptive crimes,2025-12,2.1181
E02000847,Property theft,2025-12,2.1312
E02000847,Vehicle crime,2025-12,2.791000000000001
E02000847,Violence,2025-12,10.2592
E02000847,Anti-social behaviour,2026-01,12.767200000000003
E02000847,Burglary,2026-01,12.770200000000003
E02000847,Criminal damage and arson,2026-01,12.773000000000001
E02000847,Disruptive crimes,2026-01,12.833900000000002
E02000847,Property theft,2026-01,12.848600000000003
E02000847,Vehicle crime,2026-01,13.460500000000001
E02000847,Violence,2026-01,21.096400000000003
E02000847,Anti-social behaviour,2026-02,23.667900000000003
E02000847,Burglary,2026-02,23.6711
E02000847,Criminal damage and arson,2026-02,23.674599999999998
E02000847,Disruptive crimes,2026-02,23.749299999999998
E02000847,Property theft,2026-02,23.7668
E02000847,Vehicle crime,2026-02,24.3639
E02000847,Violence,2026-02,31.3825
E02000848,Anti-social behaviour,2025-12,4.7668
E02000848,Burglary,2025-12,4.7959
E02000848,Criminal damage and arson,2025-12,5.503299999999999
E02000848,Disruptive crimes,2025-12,7.263299999999999
E02000848,Property theft,2025-12,10.915999999999999
E02000848,Vehicle crime,2025-12,12.930299999999999
E02000848,Violence,2025-12,20.4943
E02000848,Anti-social behaviour,2026-01,25.7305
E02000848,Burglary,2026-01,25.757199999999997
E02000848,Criminal damage and arson,2026-01,26.440499999999997
E02000848,Disruptive crimes,2026-01,28.239899999999995
E02000848,Property theft,2026-01,31.795599999999997
E02000848,Vehicle crime,2026-01,33.8284
E02000848,Violence,2026-01,41.4729
E02000848,Anti-social behaviour,2026-02,46.4213
E02000848,Burglary,2026-02,46.4533
E02000848,Criminal damage and arson,2026-02,47.107
E02000848,Disruptive crimes,2026-02,48.7554
E02000848,Property theft,2026-02,52.04930000000001
E02000848,Vehicle crime,2026-02,54.132400000000004
E02000848,Violence,2026-02,61.4486
E02000849,Anti-social behaviour,2025-12,3.6354
E02000849,Burglary,2025-12,3.766200000000001
E02000849,Criminal damage and arson,2025-12,4.046400000000001
E02000849,Disruptive crimes,2025-12,5.261900000000002
E02000849,Property theft,2025-12,6.676000000000001
E02000849,Vehicle crime,2025-12,8.776900000000001
E02000849,Violence,2025-12,19.265900000000002
E02000849,Anti-social behaviour,2026-01,23.611800000000006
E02000849,Burglary,2026-01,23.751400000000004
E02000849,Criminal damage and arson,2026-01,24.0697
E02000849,Disruptive crimes,2026-01,25.3741
E02000849,Property theft,2026-01,26.830399999999997
E02000849,Vehicle crime,2026-01,28.864299999999997
E02000849,Violence,2026-01,39.5536
E02000849,Anti-social behaviour,2026-02,43.68390000000001
E02000849,Burglary,2026-02,43.83590000000001
E02000849,Criminal damage and arson,2026-02,44.14260000000001
E02000849,Disruptive crimes,2026-02,45.39160000000001
E02000849,Property theft,2026-02,46.71100000000001
E02000849,Vehicle crime,2026-02,48.71990000000001
E02000849,Violence,2026-02,58.76570000000002
E02000850,Anti-social behaviour,2025-12,6.0608
E02000850,Burglary,2025-12,7.114199999999999
E02000850,Criminal damage and arson,2025-12,8.702999999999998
E02000850,Disruptive crimes,2025-12,14.093899999999998
E02000850,Property theft,2025-12,18.6691
E02000850,Vehicle crime,2025-12,25.3777
E02000850,Violence,2025-12,46.1242
E02000850,Anti-social behaviour,2026-01,52.9681
E02000850,Burglary,2026-01,53.9767
E02000850,Criminal damage and arson,2026-01,55.55760000000001
E02000850,Disruptive crimes,2026-01,61.0366
E02000850,Property theft,2026-01,65.6046
E02000850,Vehicle crime,2026-01,72.3014
E02000850,Violence,2026-01,93.44999999999999
E02000850,Anti-social behaviour,2026-02,99.89229999999999
E02000850,Burglary,2026-02,100.88170000000001
E02000850,Criminal damage and arson,2026-02,102.41180000000001
E02000850,Disruptive crimes,2026-02,107.48370000000001
E02000850,Property theft,2026-02,111.72900000000003
E02000850,Vehicle crime,2026-02,118.13750000000003
E02000850,Violence,2026-02,138.0872
E02000851,Anti-social behaviour,2025-12,24.6096
E02000851,Burglary,2025-12,26.6324
E02000851,Criminal damage and arson,2025-12,33.2024
E02000851,Disruptive crimes,2025-12,52.525499999999994
E02000851,Property theft,2025-12,88.85869999999998
E02000851,Vehicle crime,2025-12,92.5174
E02000851,Violence,2025-12,149.3148
E02000851,Anti-social behaviour,2026-01,176.3697
E02000851,Burglary,2026-01,178.343
E02000851,Criminal damage and arson,2026-01,185.35150000000002
E02000851,Disruptive crimes,2026-01,205.16330000000005
E02000851,Property theft,2026-01,241.90940000000006
E02000851,Vehicle crime,2026-01,245.56300000000005
E02000851,Violence,2026-01,302.6838000000001
E02000851,Anti-social behaviour,2026-02,328.7999000000001
E02000851,Burglary,2026-02,330.6012000000001
E02000851,Criminal damage and arson,2026-02,337.60160000000013
E02000851,Disruptive crimes,2026-02,356.6439000000002
E02000851,Property theft,2026-02,391.21320000000026
E02000851,Vehicle crime,2026-02,394.78710000000024
E02000851,Violence,2026-02,450.1724000000002
E02000852,Anti-social behaviour,2025-12,4.087599999999999
E02000852,Burglary,2025-12,4.088999999999999
E02000852,Criminal damage and arson,2025-12,4.118699999999998
E02000852,Disruptive crimes,2025-12,5.5993999999999975
E02000852,Property theft,2025-12,6.598399999999997
E02000852,Vehicle crime,2025-12,9.084699999999998
E02000852,Violence,2025-12,20.721799999999998
E02000852,Anti-social behaviour,2026-01,25.516199999999998
E02000852,Burglary,2026-01,25.517699999999998
E02000852,Criminal damage and arson,2026-01,25.553899999999995
E02000852,Disruptive crimes,2026-01,27.173599999999993
E02000852,Property theft,2026-01,28.187799999999992
E02000852,Vehicle crime,2026-01,30.65949999999999
E02000852,Violence,2026-01,42.40289999999999
E02000852,Anti-social behaviour,2026-02,46.92149999999999
E02000852,Burglary,2026-02,46.922999999999995
E02000852,Criminal damage and arson,2026-02,46.9593
E02000852,Disruptive crimes,2026-02,48.4546
E02000852,Property theft,2026-02,49.436099999999996
E02000852,Vehicle crime,2026-02,51.83520000000001
E02000852,Violence,2026-02,62.90670000000001
E02000853,Anti-social behaviour,2025-12,5.4236
E02000853,Burglary,2025-12,5.4266000000000005
E02000853,Criminal damage and arson,2025-12,6.242
E02000853,Disruptive crimes,2025-12,7.588799999999999
E02000853,Property theft,2025-12,9.060799999999999
E02000853,Vehicle crime,2025-12,10.910599999999999
E02000853,Violence,2025-12,23.011
E02000853,Anti-social behaviour,2026-01,29.146
E02000853,Burglary,2026-01,29.1493
E02000853,Criminal damage and arson,2026-01,30.036099999999998
E02000853,Disruptive crimes,2026-01,31.460199999999997
E02000853,Property theft,2026-01,33.031099999999995
E02000853,Vehicle crime,2026-01,34.909800000000004
E02000853,Violence,2026-01,47.14000000000001
E02000853,Anti-social behaviour,2026-02,53.04770000000001
E02000853,Burglary,2026-02,53.05090000000001
E02000853,Criminal damage and arson,2026-02,53.88110000000002
E02000853,Disruptive crimes,2026-02,55.21550000000003
E02000853,Property theft,2026-02,56.68750000000003
E02000853,Vehicle crime,2026-02,58.49280000000003
E02000853,Violence,2026-02,70.15190000000003
E02000854,Anti-social behaviour,2025-12,4.765899999999999
E02000854,Burglary,2025-12,5.7341999999999995
E02000854,Criminal damage and arson,2025-12,6.726399999999999
E02000854,Disruptive crimes,2025-12,9.660999999999998
E02000854,Property theft,2025-12,19.3634
E02000854,Vehicle crime,2025-12,21.210499999999993
E02000854,Violence,2025-12,33.5072
E02000854,Anti-social behaviour,2026-01,38.903200000000005
E02000854,Burglary,2026-01,39.87490000000001
E02000854,Criminal damage and arson,2026-01,40.86240000000001
E02000854,Disruptive crimes,2026-01,43.89050000000002
E02000854,Property theft,2026-01,53.93040000000003
E02000854,Vehicle crime,2026-01,55.72050000000003
E02000854,Violence,2026-01,68.18780000000004
E02000854,Anti-social behaviour,2026-02,73.42940000000006
E02000854,Burglary,2026-02,74.39780000000006
E02000854,Criminal damage and arson,2026-02,75.34720000000007
E02000854,Disruptive crimes,2026-02,78.14700000000008
E02000854,Property theft,2026-02,87.09000000000009
E02000854,Vehicle crime,2026-02,88.88060000000007
E02000854,Violence,2026-02,100.6638000000001
E02000855,Anti-social behaviour,2025-12,3.4782
E02000855,Burglary,2025-12,4.0737000000000005
E02000855,Criminal damage and arson,2025-12,4.6633000000000004
E02000855,Disruptive crimes,2025-12,6.9505
E02000855,Property theft,2025-12,9.674199999999999
E02000855,Vehicle crime,2025-12,11.297999999999998
E02000855,Violence,2025-12,19.5625
E02000855,Anti-social behaviour,2026-01,23.711199999999998
E02000855,Burglary,2026-01,24.276799999999998
E02000855,Criminal damage and arson,2026-01,24.872199999999996
E02000855,Disruptive crimes,2026-01,27.247499999999995
E02000855,Property theft,2026-01,29.863899999999994
E02000855,Vehicle crime,2026-01,31.454599999999992
E02000855,Violence,2026-01,39.84679999999999
E02000855,Anti-social behaviour,2026-02,43.793599999999984
E02000855,Burglary,2026-02,44.37509999999999
E02000855,Criminal damage and arson,2026-02,44.92229999999999
E02000855,Disruptive crimes,2026-02,47.166
E02000855,Property theft,2026-02,49.68249999999999
E02000855,Vehicle crime,2026-02,51.277799999999985
E02000855,Violence,2026-02,59.24769999999998
E02000856,Anti-social behaviour,2025-12,8.4854
E02000856,Burglary,2025-12,9.954899999999999
E02000856,Criminal damage and arson,2025-12,12.087299999999997
E02000856,Disruptive crimes,2025-12,18.0464
E02000856,Property theft,2025-12,26.080799999999993
E02000856,Vehicle crime,2025-12,30.83769999999999
E02000856,Violence,2025-12,48.059
E02000856,Anti-social behaviour,2026-01,57.686699999999995
E02000856,Burglary,2026-01,59.1567
E02000856,Criminal damage and arson,2026-01,61.244200000000006
E02000856,Disruptive crimes,2026-01,67.37010000000001
E02000856,Property theft,2026-01,75.87960000000001
E02000856,Vehicle crime,2026-01,80.56770000000002
E02000856,Violence,2026-01,98.2069
E02000856,Anti-social behaviour,2026-02,107.2685
E02000856,Burglary,2026-02,108.749
E02000856,Criminal damage and arson,2026-02,110.78500000000001
E02000856,Disruptive crimes,2026-02,116.462
E02000856,Property theft,2026-02,124.09440000000001
E02000856,Vehicle crime,2026-02,128.5389
E02000856,Violence,2026-02,145.4001
E02000857,Anti-social behaviour,2025-12,8.3869
E02000857,Burglary,2025-12,9.3947
E02000857,Criminal damage and arson,2025-12,10.1283
E02000857,Disruptive crimes,2025-12,15.586899999999998
E02000857,Property theft,2025-12,22.162099999999995
E02000857,Vehicle crime,2025-12,22.622499999999995
E02000857,Violence,2025-12,38.5263
E02000857,Anti-social behaviour,2026-01,47.9698
E02000857,Burglary,2026-01,48.970800000000004
E02000857,Criminal damage and arson,2026-01,49.710800000000006
E02000857,Disruptive crimes,2026-01,55.4575
E02000857,Property theft,2026-01,61.9294
E02000857,Vehicle crime,2026-01,62.380300000000005
E02000857,Violence,2026-01,78.49099999999999
E02000857,Anti-social behaviour,2026-02,87.36989999999997
E02000857,Burglary,2026-02,88.35079999999999
E02000857,Criminal damage and arson,2026-02,89.05139999999999
E02000857,Disruptive crimes,2026-02,94.36529999999999
E02000857,Property theft,2026-02,100.09719999999999
E02000857,Vehicle crime,2026-02,100.50469999999999
E02000857,Violence,2026-02,115.87179999999998
E02000858,Anti-social behaviour,2025-12,7.0531
E02000858,Burglary,2025-12,7.5937
E02000858,Criminal damage and arson,2025-12,9.743400000000001
E02000858,Disruptive crimes,2025-12,16.681300000000004
E02000858,Property theft,2025-12,23.330600000000008
E02000858,Vehicle crime,2025-12,26.85080000000001
E02000858,Violence,2025-12,50.27240000000002
E02000858,Anti-social behaviour,2026-01,58.477400000000024
E02000858,Burglary,2026-01,59.062200000000026
E02000858,Criminal damage and arson,2026-01,61.22780000000003
E02000858,Disruptive crimes,2026-01,68.46190000000004
E02000858,Property theft,2026-01,75.63380000000005
E02000858,Vehicle crime,2026-01,79.09260000000005
E02000858,Violence,2026-01,102.79190000000006
E02000858,Anti-social behaviour,2026-02,110.13200000000006
E02000858,Burglary,2026-02,110.73540000000007
E02000858,Criminal damage and arson,2026-02,112.70700000000006
E02000858,Disruptive crimes,2026-02,119.43100000000005
E02000858,Property theft,2026-02,125.00350000000005
E02000858,Vehicle crime,2026-02,128.28320000000005
E02000858,Violence,2026-02,150.84450000000004
E02000859,Anti-social behaviour,2025-12,3.8337000000000003
E02000859,Burglary,2025-12,4.0092
E02000859,Criminal damage and arson,2025-12,4.3193
E02000859,Disruptive crimes,2025-12,5.2921000000000005
E02000859,Property theft,2025-12,7.3458000000000006
E02000859,Vehicle crime,2025-12,8.3262
E02000859,Violence,2025-12,19.3595
E02000859,Anti-social behaviour,2026-01,23.7072
E02000859,Burglary,2026-01,23.8753
E02000859,Criminal damage and arson,2026-01,24.2285
E02000859,Disruptive crimes,2026-01,25.242700000000003
E02000859,Property theft,2026-01,27.3549
E02000859,Vehicle crime,2026-01,28.329800000000002
E02000859,Violence,2026-01,39.53360000000001
E02000859,Anti-social behaviour,2026-02,43.833400000000005
E02000859,Burglary,2026-02,44.018600000000006
E02000859,Criminal damage and arson,2026-02,44.354900000000015
E02000859,Disruptive crimes,2026-02,45.282300000000006
E02000859,Property theft,2026-02,47.2901
E02000859,Vehicle crime,2026-02,48.2201
E02000859,Violence,2026-02,58.80709999999999
E02000860,Anti-social behaviour,2025-12,4.1559
E02000860,Burglary,2025-12,4.1741
E02000860,Criminal damage and arson,2025-12,4.5726
E02000860,Disruptive crimes,2025-12,6.6623
E02000860,Property theft,2025-12,7.2258000000000004
E02000860,Vehicle crime,2025-12,7.700200000000001
E02000860,Violence,2025-12,22.846899999999998
E02000860,Anti-social behaviour,2026-01,27.764799999999997
E02000860,Burglary,2026-01,27.7842
E02000860,Criminal damage and arson,2026-01,28.226299999999995
E02000860,Disruptive crimes,2026-01,30.445999999999998
E02000860,Property theft,2026-01,31.027999999999995
E02000860,Vehicle crime,2026-01,31.4732
E02000860,Violence,2026-01,46.8654
E02000860,Anti-social behaviour,2026-02,51.6503
E02000860,Burglary,2026-02,51.66850000000001
E02000860,Criminal damage and arson,2026-02,52.05530000000002
E02000860,Disruptive crimes,2026-02,54.074500000000015
E02000860,Property theft,2026-02,54.585200000000015
E02000860,Vehicle crime,2026-02,55.056100000000015
E02000860,Violence,2026-02,69.59620000000002
E02000861,Anti-social behaviour,2025-12,0.5205000000000001
E02000861,Burglary,2025-12,0.6483
E02000861,Criminal damage and arson,2025-12,0.6486
E02000861,Disruptive crimes,2025-12,0.6486999999999999
E02000861,Property theft,2025-12,0.9912999999999998
E02000861,Vehicle crime,2025-12,1.7333999999999998
E02000861,Violence,2025-12,5.6219
E02000861,Anti-social behaviour,2026-01,6.2487
E02000861,Burglary,2026-01,6.376
E02000861,Criminal damage and arson,2026-01,6.3764
E02000861,Disruptive crimes,2026-01,6.376600000000001
E02000861,Property theft,2026-01,6.7483
E02000861,Vehicle crime,2026-01,7.567500000000001
E02000861,Violence,2026-01,11.6071
E02000861,Anti-social behaviour,2026-02,12.329400000000001
E02000861,Burglary,2026-02,12.4326
E02000861,Criminal damage and arson,2026-02,12.433
E02000861,Disruptive crimes,2026-02,12.4332
E02000861,Property theft,2026-02,12.7631
E02000861,Vehicle crime,2026-02,13.5014
E02000861,Violence,2026-02,17.2179
E02000863,Anti-social behaviour,2025-12,2.3770000000000002
E02000863,Burglary,2025-12,3.0876000000000006
E02000863,Criminal damage and arson,2025-12,3.425700000000001
E02000863,Disruptive crimes,2025-12,4.421300000000001
E02000863,Property theft,2025-12,4.424600000000001
E02000863,Vehicle crime,2025-12,6.667200000000001
E02000863,Violence,2025-12,13.971200000000001
E02000863,Anti-social behaviour,2026-01,16.6337
E02000863,Burglary,2026-01,17.305200000000003
E02000863,Criminal damage and arson,2026-01,17.6704
E02000863,Disruptive crimes,2026-01,18.715
E02000863,Property theft,2026-01,18.7186
E02000863,Vehicle crime,2026-01,20.9004
E02000863,Violence,2026-01,28.3685
E02000863,Anti-social behaviour,2026-02,31.014899999999997
E02000863,Burglary,2026-02,31.612399999999997
E02000863,Criminal damage and arson,2026-02,31.955499999999997
E02000863,Disruptive crimes,2026-02,32.926199999999994
E02000863,Property theft,2026-02,32.93
E02000863,Vehicle crime,2026-02,35.003
E02000863,Violence,2026-02,42.0856
E02000864,Anti-social behaviour,2025-12,18.7357
E02000864,Burglary,2025-12,22.032100000000003
E02000864,Criminal damage and arson,2025-12,25.9479
E02000864,Disruptive crimes,2025-12,35.6341
E02000864,Property theft,2025-12,55.333299999999994
E02000864,Vehicle crime,2025-12,60.3045
E02000864,Violence,2025-12,95.69449999999999
E02000864,Anti-social behaviour,2026-01,116.21359999999999
E02000864,Burglary,2026-01,119.4498
E02000864,Criminal damage and arson,2026-01,123.3705
E02000864,Disruptive crimes,2026-01,133.14820000000003
E02000864,Property theft,2026-01,152.88870000000006
E02000864,Vehicle crime,2026-01,157.79850000000005
E02000864,Violence,2026-01,194.11100000000005
E02000864,Anti-social behaviour,2026-02,213.2298
E02000864,Burglary,2026-02,216.44070000000002
E02000864,Criminal damage and arson,2026-02,220.24020000000004
E02000864,Disruptive crimes,2026-02,228.88430000000005
E02000864,Property theft,2026-02,247.60030000000006
E02000864,Vehicle crime,2026-02,252.19570000000004
E02000864,Violence,2026-02,287.85060000000004
E02000865,Anti-social behaviour,2025-12,14.3008
E02000865,Burglary,2025-12,15.890000000000002
E02000865,Criminal damage and arson,2025-12,17.062800000000003
E02000865,Disruptive crimes,2025-12,25.857200000000002
E02000865,Property theft,2025-12,49.4857
E02000865,Vehicle crime,2025-12,52.931599999999996
E02000865,Violence,2025-12,77.4707
E02000865,Anti-social behaviour,2026-01,94.12799999999999
E02000865,Burglary,2026-01,95.65559999999999
E02000865,Criminal damage and arson,2026-01,96.80479999999999
E02000865,Disruptive crimes,2026-01,105.66639999999997
E02000865,Property theft,2026-01,129.77669999999995
E02000865,Vehicle crime,2026-01,133.14029999999994
E02000865,Violence,2026-01,157.98729999999995
E02000865,Anti-social behaviour,2026-02,172.91319999999996
E02000865,Burglary,2026-02,174.29249999999996
E02000865,Criminal damage and arson,2026-02,175.41069999999996
E02000865,Disruptive crimes,2026-02,184.15959999999995
E02000865,Property theft,2026-02,207.57519999999994
E02000865,Vehicle crime,2026-02,210.89729999999994
E02000865,Violence,2026-02,235.21579999999992
E02000866,Anti-social behaviour,2025-12,11.466
E02000866,Burglary,2025-12,15.306999999999999
E02000866,Criminal damage and arson,2025-12,19.1173
E02000866,Disruptive crimes,2025-12,26.7165
E02000866,Property theft,2025-12,47.0334
E02000866,Vehicle crime,2025-12,51.899899999999995
E02000866,Violence,2025-12,76.78939999999999
E02000866,Anti-social behaviour,2026-01,90.47839999999998
E02000866,Burglary,2026-01,94.23069999999998
E02000866,Criminal damage and arson,2026-01,98.06029999999998
E02000866,Disruptive crimes,2026-01,105.63429999999998
E02000866,Property theft,2026-01,125.53219999999997
E02000866,Vehicle crime,2026-01,130.18699999999998
E02000866,Violence,2026-01,155.4191
E02000866,Anti-social behaviour,2026-02,166.8997
E02000866,Burglary,2026-02,170.5093
E02000866,Criminal damage and arson,2026-02,174.23059999999998
E02000866,Disruptive crimes,2026-02,181.2482
E02000866,Property theft,2026-02,198.3745
E02000866,Vehicle crime,2026-02,202.90980000000005
E02000866,Violence,2026-02,226.7624
E02000867,Anti-social behaviour,2025-12,12.8333
E02000867,Burglary,2025-12,17.409499999999998
E02000867,Criminal damage and arson,2025-12,20.760199999999994
E02000867,Disruptive crimes,2025-12,33.34769999999999
E02000867,Property theft,2025-12,51.67069999999999
E02000867,Vehicle crime,2025-12,57.69679999999998
E02000867,Violence,2025-12,89.13539999999998
E02000867,Anti-social behaviour,2026-01,103.35189999999999
E02000867,Burglary,2026-01,107.92169999999999
E02000867,Criminal damage and arson,2026-01,111.2945
E02000867,Disruptive crimes,2026-01,124.23599999999999
E02000867,Property theft,2026-01,142.5484
E02000867,Vehicle crime,2026-01,148.4948
E02000867,Violence,2026-01,180.3529
E02000867,Anti-social behaviour,2026-02,192.682
E02000867,Burglary,2026-02,197.179
E02000867,Criminal damage and arson,2026-02,200.3726
E02000867,Disruptive crimes,2026-02,212.46149999999997
E02000867,Property theft,2026-02,229.08769999999996
E02000867,Vehicle crime,2026-02,234.78649999999996
E02000867,Violence,2026-02,264.9715
E02000868,Anti-social behaviour,2025-12,9.5709
E02000868,Burglary,2025-12,12.4229
E02000868,Criminal damage and arson,2025-12,15.070200000000002
E02000868,Disruptive crimes,2025-12,20.893500000000003
E02000868,Property theft,2025-12,34.819300000000005
E02000868,Vehicle crime,2025-12,38.6683
E02000868,Violence,2025-12,61.712999999999994
E02000868,Anti-social behaviour,2026-01,73.0448
E02000868,Burglary,2026-01,75.76129999999998
E02000868,Criminal damage and arson,2026-01,78.41669999999998
E02000868,Disruptive crimes,2026-01,84.15239999999997
E02000868,Property theft,2026-01,98.14609999999996
E02000868,Vehicle crime,2026-01,101.83499999999997
E02000868,Violence,2026-01,124.97059999999996
E02000868,Anti-social behaviour,2026-02,134.12149999999994
E02000868,Burglary,2026-02,136.80599999999993
E02000868,Criminal damage and arson,2026-02,139.36299999999994
E02000868,Disruptive crimes,2026-02,144.67949999999996
E02000868,Property theft,2026-02,156.94419999999997
E02000868,Vehicle crime,2026-02,160.57759999999996
E02000868,Violence,2026-02,182.34449999999995
E02000869,Anti-social behaviour,2025-12,14.986
E02000869,Burglary,2025-12,18.1222
E02000869,Criminal damage and arson,2025-12,21.1997
E02000869,Disruptive crimes,2025-12,27.691300000000002
E02000869,Property theft,2025-12,46.6688
E02000869,Vehicle crime,2025-12,50.1361
E02000869,Violence,2025-12,68.23179999999999
E02000869,Anti-social behaviour,2026-01,85.18759999999999
E02000869,Burglary,2026-01,88.25659999999999
E02000869,Criminal damage and arson,2026-01,91.3072
E02000869,Disruptive crimes,2026-01,97.6159
E02000869,Property theft,2026-01,116.588
E02000869,Vehicle crime,2026-01,119.88439999999999
E02000869,Violence,2026-01,138.19459999999998
E02000869,Anti-social behaviour,2026-02,152.9529
E02000869,Burglary,2026-02,155.9485
E02000869,Criminal damage and arson,2026-02,158.8772
E02000869,Disruptive crimes,2026-02,164.6966
E02000869,Property theft,2026-02,180.23729999999998
E02000869,Vehicle crime,2026-02,183.4092
E02000869,Violence,2026-02,200.6697
E02000870,Anti-social behaviour,2025-12,7.3627
E02000870,Burglary,2025-12,8.9893
E02000870,Criminal damage and arson,2025-12,11.5933
E02000870,Disruptive crimes,2025-12,24.974299999999996
E02000870,Property theft,2025-12,33.47339999999999
E02000870,Vehicle crime,2025-12,37.32359999999999
E02000870,Violence,2025-12,61.6883
E02000870,Anti-social behaviour,2026-01,70.35329999999999
E02000870,Burglary,2026-01,72.02329999999999
E02000870,Criminal damage and arson,2026-01,74.5255
E02000870,Disruptive crimes,2026-01,88.0629
E02000870,Property theft,2026-01,96.5286
E02000870,Vehicle crime,2026-01,100.29530000000001
E02000870,Violence,2026-01,124.81320000000001
E02000870,Anti-social behaviour,2026-02,131.16370000000003
E02000870,Burglary,2026-02,132.84550000000002
E02000870,Criminal damage and arson,2026-02,135.23170000000002
E02000870,Disruptive crimes,2026-02,147.85030000000003
E02000870,Property theft,2026-02,155.5154
E02000870,Vehicle crime,2026-02,159.24349999999998
E02000870,Violence,2026-02,182.3979
E02000871,Anti-social behaviour,2025-12,19.129
E02000871,Burglary,2025-12,22.026900000000005
E02000871,Criminal damage and arson,2025-12,24.54820000000001
E02000871,Disruptive crimes,2025-12,37.841
E02000871,Property theft,2025-12,62.9826
E02000871,Vehicle crime,2025-12,69.5373
E02000871,Violence,2025-12,106.99390000000001
E02000871,Anti-social behaviour,2026-01,128.81480000000002
E02000871,Burglary,2026-01,131.7683
E02000871,Criminal damage and arson,2026-01,134.30060000000003
E02000871,Disruptive crimes,2026-01,147.9342
E02000871,Property theft,2026-01,173.72050000000002
E02000871,Vehicle crime,2026-01,180.50670000000002
E02000871,Violence,2026-01,218.67810000000003
E02000871,Anti-social behaviour,2026-02,239.07860000000002
E02000871,Burglary,2026-02,242.23210000000006
E02000871,Criminal damage and arson,2026-02,244.76870000000005
E02000871,Disruptive crimes,2026-02,258.63840000000005
E02000871,Property theft,2026-02,284.5631
E02000871,Vehicle crime,2026-02,291.3665
E02000871,Violence,2026-02,328.92459999999994
E02000872,Anti-social behaviour,2025-12,24.4289
E02000872,Burglary,2025-12,29.725299999999997
E02000872,Criminal damage and arson,2025-12,33.162
E02000872,Disruptive crimes,2025-12,45.3311
E02000872,Property theft,2025-12,74.0222
E02000872,Vehicle crime,2025-12,77.28999999999999
E02000872,Violence,2025-12,105.7242
E02000872,Anti-social behaviour,2026-01,132.23489999999998
E02000872,Burglary,2026-01,137.71599999999998
E02000872,Criminal damage and arson,2026-01,141.19129999999998
E02000872,Disruptive crimes,2026-01,152.94749999999996
E02000872,Property theft,2026-01,181.42669999999998
E02000872,Vehicle crime,2026-01,184.6075
E02000872,Violence,2026-01,213.3231
E02000872,Anti-social behaviour,2026-02,237.66930000000002
E02000872,Burglary,2026-02,243.08630000000002
E02000872,Criminal damage and arson,2026-02,246.36610000000002
E02000872,Disruptive crimes,2026-02,256.992
E02000872,Property theft,2026-02,283.80370000000005
E02000872,Vehicle crime,2026-02,286.86980000000005
E02000872,Violence,2026-02,314.6178000000001
E02000873,Anti-social behaviour,2025-12,12.7956
E02000873,Burglary,2025-12,16.0959
E02000873,Criminal damage and arson,2025-12,18.784500000000005
E02000873,Disruptive crimes,2025-12,27.581500000000005
E02000873,Property theft,2025-12,50.16160000000001
E02000873,Vehicle crime,2025-12,51.91410000000001
E02000873,Violence,2025-12,88.51030000000002
E02000873,Anti-social behaviour,2026-01,102.93990000000002
E02000873,Burglary,2026-01,106.18320000000003
E02000873,Criminal damage and arson,2026-01,108.91210000000002
E02000873,Disruptive crimes,2026-01,118.15110000000001
E02000873,Property theft,2026-01,140.5008
E02000873,Vehicle crime,2026-01,142.22270000000003
E02000873,Violence,2026-01,178.96560000000002
E02000873,Anti-social behaviour,2026-02,191.53030000000004
E02000873,Burglary,2026-02,194.55370000000002
E02000873,Criminal damage and arson,2026-02,197.15820000000002
E02000873,Disruptive crimes,2026-02,205.8817
E02000873,Property theft,2026-02,226.5801
E02000873,Vehicle crime,2026-02,228.21809999999996
E02000873,Violence,2026-02,262.55519999999996
E02000874,Anti-social behaviour,2025-12,13.1515
E02000874,Burglary,2025-12,15.285500000000003
E02000874,Criminal damage and arson,2025-12,17.728100000000005
E02000874,Disruptive crimes,2025-12,27.0436
E02000874,Property theft,2025-12,49.3775
E02000874,Vehicle crime,2025-12,52.2005
E02000874,Violence,2025-12,74.2635
E02000874,Anti-social behaviour,2026-01,89.73079999999999
E02000874,Burglary,2026-01,91.80049999999999
E02000874,Criminal damage and arson,2026-01,94.26699999999998
E02000874,Disruptive crimes,2026-01,103.53719999999998
E02000874,Property theft,2026-01,126.76159999999999
E02000874,Vehicle crime,2026-01,129.52659999999997
E02000874,Violence,2026-01,151.88819999999996
E02000874,Anti-social behaviour,2026-02,164.92369999999994
E02000874,Burglary,2026-02,166.97899999999996
E02000874,Criminal damage and arson,2026-02,169.30999999999997
E02000874,Disruptive crimes,2026-02,177.9581
E02000874,Property theft,2026-02,199.2436
E02000874,Vehicle crime,2026-02,201.9861
E02000874,Violence,2026-02,223.0626
