MSOA21CD,pop,working_pop,elderly_pop,child_pop,econ_score,infrastructure_score,health_score
E02000001,11457,9498.999999999998,1784.9999999999998,750.9999999999993,0.05841666666666667,22.496222222222233,-0.5576666666666666
E02000002,8386,4936.999999999998,1332.0000000000002,2267.0,0.27325,24.86791666666665,0.4297499999999999
E02000003,11812,7484.000000000004,1944.999999999999,2833.0000000000005,0.21250000000000002,28.299944444444435,-0.14033333333333334
E02000004,6873,4273.0,1493.0,1428.0000000000007,0.199,19.719916666666673,-0.0040000000000000105
E02000005,11032,6901.000000000002,1300.9999999999998,3014.000000000001,0.24675,24.307666666666663,0.1625
E02000007,10161,6328.000000000003,1471.000000000001,2603.999999999999,0.32999999999999996,27.171066666666682,0.6155999999999999
E02000008,13275,8415.0,1857.9999999999998,3405.999999999999,0.29228571428571426,27.751047619047597,0.417
E02000009,12848,8154.999999999998,1349.999999999998,3535.0000000000005,0.28385714285714286,28.355142857142855,0.2494285714285714
E02000010,9451,6058.0,1279.0000000000007,2368.9999999999986,0.2808,25.20606666666668,0.4652
E02000011,7048,4421.999999999999,1233.0000000000014,1611.9999999999995,0.2405,26.78333333333335,0.1355
E02000012,11672,7467.000000000002,1761.000000000001,2716.9999999999964,0.1803,27.02746666666668,-0.3128
E02000013,9446,5888.999999999998,1344.0000000000005,2440.000000000002,0.2657,28.19586666666668,0.2592
E02000014,9820,6209.000000000001,1484.0000000000007,2416.999999999999,0.28250000000000003,28.249777777777766,0.421
E02000015,8193,5205.000000000002,1079.9999999999993,2134.0000000000005,0.3385,24.674666666666674,0.57875
E02000016,10673,7149.0,598.0,2978.0000000000005,0.327,31.81206666666668,0.06300000000000001
E02000017,9148,6317.000000000002,1165.0000000000014,1962.0,0.2536,36.236399999999996,0.014399999999999991
E02000018,9446,5965.000000000002,1222.0000000000014,2479.9999999999995,0.3029,28.4274,0.3266
E02000019,9623,6005.999999999998,1158.9999999999995,2649.999999999999,0.30569999999999997,24.95113333333332,0.4022
E02000020,14197,9207.000000000002,1407.000000000002,3769.0000000000014,0.26368749999999996,28.41499999999999,0.16212500000000002
E02000021,8826,5415.999999999998,1251.0000000000002,2396.0,0.293,26.662133333333315,0.33819999999999995
E02000022,7926,5171.000000000001,387.99999999999983,2332.0,0.313125,29.23058333333333,0.5385
E02000023,8136,5136.0,660.0000000000003,2381.999999999999,0.32,26.51108333333335,0.56175
E02000024,10861,6637.000000000002,3008.9999999999973,1927.9999999999995,0.09599999999999999,18.733666666666682,-1.3541666666666667
E02000025,8507,5441.0,1948.9999999999989,1631.9999999999998,0.17159999999999997,21.13453333333334,-0.5234
E02000026,6337,3800.999999999999,1703.9999999999986,1271.0000000000007,0.12425000000000001,18.037666666666677,-1.107
E02000027,9505,5908.999999999999,2134.0000000000005,1859.000000000002,0.20425000000000001,19.83161111111112,-0.21583333333333332
E02000028,6391,4058.0,1453.999999999999,1226.999999999998,0.1575,21.611083333333326,-0.8825000000000001
E02000029,9493,5987.999999999999,1617.0000000000002,2196.9999999999986,0.18800000000000003,24.422800000000002,-0.8253999999999999
E02000030,9482,5625.999999999998,2739.0,1760.9999999999995,0.11258333333333333,16.969388888888904,-1.1806666666666668
E02000031,8436,5149.000000000001,2072.9999999999986,1668.0000000000018,0.1268,15.102066666666662,-1.1166
E02000032,7802,4670.000000000002,2066.0000000000023,1474.9999999999986,0.0935,14.972399999999999,-1.3138
E02000033,8846,5657.000000000002,1899.0000000000011,1763.0000000000018,0.18309999999999998,20.45966666666666,-0.607
E02000034,9070,5747.000000000002,1937.999999999999,1819.000000000001,0.16760000000000003,17.56493333333334,-0.8135999999999999
E02000035,8665,5574.0,1991.9999999999986,1525.9999999999993,0.14830000000000002,15.684400000000014,-0.9136000000000001
E02000036,11137,6807.999999999999,2281.0,2556.9999999999995,0.20483333333333334,26.367166666666662,-0.5441666666666667
E02000037,10927,6316.0,2405.0,2648.9999999999995,0.16241666666666665,20.88705555555553,-0.9366666666666666
E02000038,10688,6852.000000000001,2340.9999999999995,2025.9999999999993,0.16699999999999995,22.278777777777787,-0.6443333333333333
E02000039,7232,4465.999999999998,1631.0000000000014,1513.999999999999,0.11875,20.772083333333324,-1.32675
E02000040,9664,6115.000000000002,1789.0,2028.9999999999998,0.1518,18.624600000000022,-0.9318000000000002
E02000041,9518,5933.000000000001,1982.0000000000014,2009.0000000000011,0.2366,28.98646666666666,-0.6407999999999999
E02000042,11524,7528.0,2315.0000000000005,2189.0000000000005,0.17658333333333334,22.27088888888888,-0.6295
E02000043,7469,4482.0,1673.0000000000018,1654.9999999999993,0.0796,11.873800000000006,-1.3976000000000002
E02000044,8676,5706.999999999999,1300.0,1960.0000000000002,0.24259999999999998,27.309733333333337,-0.201
E02000045,10335,6746.000000000001,1794.000000000001,2263.999999999999,0.23775,24.006333333333348,-0.4363333333333334
E02000046,6989,4746.0,1266.000000000002,1287.9999999999993,0.142625,24.594250000000002,-0.992
E02000047,12224,7917.999999999999,1856.9999999999998,2832.0000000000023,0.2858571428571429,30.571428571428573,-0.21999999999999997
E02000048,10328,6232.000000000002,2374.000000000002,2195.9999999999995,0.14980000000000002,23.13553333333334,-1.1726
E02000049,10262,6860.999999999998,1127.000000000001,2445.000000000002,0.32380000000000003,26.6478,0.005999999999999983
E02000050,10131,6608.999999999997,1885.9999999999998,2028.9999999999995,0.18825,25.148722222222194,-0.6458333333333334
E02000051,9240,5660.000000000001,2303.0000000000005,1684.9999999999984,0.1508,22.38839999999998,-1.3576
E02000052,9913,6486.999999999998,1935.9999999999993,1938.000000000001,0.15508333333333335,23.761333333333337,-1.0973333333333333
E02000054,7805,5231.999999999999,1457.9999999999993,1491.0000000000007,0.199,27.262249999999998,-0.7364999999999999
E02000055,11864,8026.0,1907.0000000000002,2300.0,0.19925,28.217944444444452,-0.7395
E02000056,9165,5215.999999999999,2453.0,1884.0000000000023,0.06183333333333333,24.325888888888898,-1.7803333333333333
E02000057,7945,4848.999999999998,1234.999999999999,2112.000000000002,0.21687499999999998,29.129833333333327,-0.5665
E02000058,10350,6043.0,2436.9999999999995,2321.000000000002,0.15675,25.1933888888889,-1.2548333333333332
E02000059,11529,8160.000000000001,2055.9999999999995,2005.000000000001,0.22875,31.42794444444445,-0.5045000000000001
E02000060,11568,6277.000000000001,2070.0,3494.000000000001,0.2745,27.0698888888889,-0.5426666666666666
E02000061,8401,5568.999999999999,1695.0,1500.0000000000014,0.1365,23.60866666666666,-1.1876000000000002
E02000062,6988,4643.999999999998,996.0000000000016,1540.000000000001,0.31725,34.896583333333325,-0.0945
E02000063,7515,4948.0,1343.9999999999982,1501.000000000001,0.29474999999999996,26.0923333333333,-0.40475
E02000064,6780,4573.0,1078.999999999999,1364.0,0.2435,24.2645,-0.5900000000000001
E02000065,8125,5263.999999999999,1058.0,2116.0000000000014,0.24300000000000002,18.977083333333347,0.18274999999999997
E02000066,9364,6165.999999999998,1556.9999999999998,2078.999999999999,0.2621666666666666,24.74327777777778,0.1545
E02000067,10267,6721.000000000002,1592.9999999999993,2346.000000000001,0.22149999999999997,24.955333333333364,0.18719999999999998
E02000068,8096,5090.000000000001,1118.0,2125.0,0.27349999999999997,27.148333333333326,0.34275
E02000069,7318,4533.0,1580.9999999999982,1564.9999999999993,0.16424999999999998,18.5745,-0.0625
E02000070,8120,4913.999999999999,2208.9999999999986,1535.0000000000005,0.1149,17.083999999999982,-0.5534
E02000071,7594,4683.000000000002,1634.000000000001,1628.0000000000014,0.16690000000000002,22.024333333333338,-0.1666
E02000072,13215,8545.0,1555.999999999999,3463.999999999999,0.279375,22.99987500000001,0.57425
E02000073,10742,6559.999999999998,2776.000000000002,2021.9999999999998,0.08192857142857143,10.916857142857143,-0.7865714285714286
E02000074,8882,5552.0,1865.9999999999973,1931.0000000000018,0.2472,24.205133333333343,0.3024
E02000075,7992,4721.999999999999,2429.999999999999,1406.9999999999995,0.0827,10.69926666666666,-0.8308
E02000077,8119,5163.0,1844.0000000000002,1537.0,0.1234,14.746533333333332,-0.501
E02000078,8043,4932.000000000001,1958.9999999999998,1584.999999999999,0.08639999999999999,15.413933333333322,-0.5488000000000001
E02000079,8993,5530.0,2189.0000000000005,1698.9999999999995,0.1216,15.635933333333337,-0.24459999999999998
E02000080,10224,6373.000000000002,2427.999999999998,2013.9999999999977,0.10974999999999997,15.225888888888894,-0.6779999999999999
E02000081,8300,4903.000000000001,2106.0,1698.999999999999,0.1414,14.87100000000002,-0.2998
E02000082,9416,5842.999999999999,2145.000000000001,1964.0000000000014,0.07691666666666667,15.946888888888866,-0.9551666666666666
E02000083,11378,7370.000000000003,2045.0000000000011,2419.0,0.18192857142857144,20.572142857142858,0.060000000000000005
E02000084,11226,6834.000000000002,2824.9999999999977,2259.000000000001,0.07692857142857143,12.690857142857142,-0.9111428571428571
E02000085,7906,4910.999999999999,1825.999999999999,1575.999999999998,0.1008,15.97493333333334,-0.6053999999999999
E02000086,7025,4329.000000000002,1941.0,1251.9999999999995,0.06949999999999999,14.403,-0.8203999999999999
E02000087,8180,4943.000000000002,2228.0000000000005,1464.0,0.0618,11.185333333333322,-1.1654
E02000088,7789,4718.999999999999,1971.9999999999998,1527.9999999999995,0.0779,13.703133333333358,-0.8746
E02000089,8014,4755.999999999999,2080.999999999999,1582.0,0.07559999999999999,11.921333333333314,-0.7802
E02000090,9689,6176.000000000001,2394.0000000000005,1559.9999999999977,0.101,17.785000000000004,-0.2922
E02000091,10157,6042.000000000001,2946.0000000000005,1760.9999999999998,0.12016666666666666,14.958722222222233,-0.432
E02000092,6828,4133.0,1540.9999999999995,1492.0000000000011,0.23975000000000002,24.661416666666675,0.36575
E02000093,12006,8054.0,2363.9999999999995,2198.0,0.18266666666666664,26.436388888888914,-0.4721666666666666
E02000094,10189,6840.999999999999,1714.9999999999993,1955.0,0.21808333333333332,26.97355555555555,-0.61
E02000095,10385,6878.999999999996,2194.9999999999995,1906.0000000000023,0.1809,29.478733333333345,-0.8956
E02000096,7699,4649.999999999998,2149.9999999999995,1393.9999999999993,0.119,22.3364,-1.0816000000000001
E02000097,9406,6184.999999999998,1937.0000000000005,1782.9999999999986,0.20550000000000002,28.03093333333332,-0.5804
E02000098,8574,5488.0,1929.0000000000005,1527.9999999999993,0.22680000000000003,25.292133333333318,-0.51
E02000099,9447,6367.0,1453.0000000000007,1973.9999999999986,0.2015,28.763800000000003,-0.8390000000000001
E02000100,8280,5531.0,2057.0,1181.0000000000011,0.1049,21.274333333333338,-1.035
E02000101,9806,6412.999999999998,1870.9999999999993,1958.0000000000005,0.2856666666666667,30.354000000000003,-0.19016666666666668
E02000102,8174,5071.000000000001,1347.000000000001,2081.000000000001,0.4104000000000001,40.149666666666654,0.09079999999999999
E02000103,9909,6450.000000000001,1701.9999999999995,2114.0000000000005,0.3504,32.20106666666666,0.0818
E02000104,7481,5056.999999999999,1639.0,1236.9999999999995,0.2315,28.979333333333347,-0.28425000000000006
E02000105,9818,6658.999999999999,1646.9999999999995,1913.9999999999998,0.21989999999999998,32.551066666666685,-0.3936
E02000106,10384,6908.0,1705.0000000000032,2140.0000000000005,0.39799999999999996,40.619499999999995,0.16149999999999998
E02000107,10831,7672.0,1760.0000000000011,1900.0,0.2568333333333333,32.72066666666665,-0.008999999999999989
E02000108,7337,4960.0,1237.0,1421.999999999999,0.2015,30.399166666666673,-0.40449999999999997
E02000110,8084,5536.999999999999,1525.0000000000016,1371.9999999999993,0.2172,27.77813333333332,-0.3076
E02000111,11155,7600.000000000001,1803.0,2223.0000000000014,0.2387,35.90213333333334,-0.5696
E02000112,12294,8792.0,1989.0000000000014,2071.9999999999995,0.20750000000000002,37.154833333333336,-0.5228333333333334
E02000113,9458,6092.999999999999,1605.9999999999993,2117.000000000001,0.4515833333333334,38.24333333333335,0.572
E02000114,8908,6572.999999999999,1268.9999999999998,1449.9999999999986,0.2611,31.649066666666663,-0.19940000000000002
E02000115,8377,6042.999999999999,1391.9999999999986,1333.000000000001,0.2265,26.971533333333362,-0.08480000000000001
E02000116,8563,5830.000000000001,1179.9999999999986,1863.000000000002,0.39275000000000004,37.31008333333335,0.45625
E02000117,12708,8216.0,1969.0,2989.9999999999986,0.42416666666666664,36.82138888888887,0.4875
E02000118,11140,7840.0,1785.9999999999984,2037.0,0.2286,38.4418,-0.5975999999999999
E02000119,11240,7497.999999999997,1415.9999999999973,2664.0000000000005,0.36341666666666667,32.28394444444445,0.26583333333333337
E02000120,8708,6465.0,1316.0000000000005,1357.0000000000007,0.25220000000000004,26.242399999999982,0.1416
E02000121,12363,8474.0,1820.9999999999998,2430.9999999999995,0.2189,38.0906,-0.7798
E02000122,7995,5300.999999999998,1716.999999999999,1439.0000000000005,0.1472,26.526066666666658,-0.6557999999999999
E02000123,13693,9361.000000000002,1936.9999999999995,2880.999999999999,0.4142857142857142,40.613619047619046,0.21314285714285713
E02000124,9665,6704.0,1546.0,1812.0000000000005,0.1733,27.24959999999998,-0.4322000000000001
E02000125,9738,6659.000000000002,1741.0,1851.0000000000016,0.17725,27.432000000000002,-0.41983333333333334
E02000126,7968,5551.000000000002,1167.9999999999995,1552.000000000002,0.302375,24.746250000000025,0.266
E02000127,9301,5999.0,1657.0000000000014,2059.000000000001,0.25266666666666665,24.763499999999997,0.02166666666666665
E02000128,7637,4641.999999999999,1806.9999999999986,1633.0000000000002,0.11939999999999999,15.259866666666682,-0.6782
E02000130,8393,5602.0,1552.9999999999986,1617.0000000000007,0.1587,21.3626,-0.48840000000000006
E02000131,10432,7804.999999999999,1045.9999999999982,1861.0000000000023,0.17441666666666666,23.215666666666667,-0.4255
E02000132,9887,6763.000000000003,1936.0000000000011,1614.9999999999998,0.13999999999999999,15.15413333333334,-0.6092000000000001
E02000133,10728,6373.0,2845.0000000000005,2063.999999999998,0.04958333333333334,12.855277777777788,-1.6689999999999998
E02000134,11800,7862.0,2189.999999999999,2307.000000000002,0.15692857142857145,20.977952380952356,-0.4135714285714286
E02000135,9731,6752.0,1478.9999999999995,1889.0000000000014,0.3129166666666667,28.69172222222223,0.6471666666666668
E02000136,5695,3324.0000000000014,1642.0000000000002,1097.0000000000005,0.141875,16.688166666666657,-0.52
E02000137,8334,5113.0,2076.9999999999986,1558.9999999999989,0.0853,14.722933333333321,-0.8417999999999999
E02000138,8477,5261.000000000001,2484.0,1282.9999999999993,0.06649999999999999,12.060599999999981,-1.4538
E02000139,7737,5203.000000000002,1366.9999999999995,1628.0000000000018,0.1169,18.38786666666666,-0.5187999999999999
E02000140,8690,5476.000000000002,1473.000000000001,2056.0000000000005,0.2752,22.73733333333334,0.4595999999999999
E02000141,7256,4888.0,1253.0,1438.9999999999995,0.15350000000000003,20.3044,-0.5015999999999999
E02000142,8756,5439.000000000002,1970.0,1793.0,0.0774,14.63133333333334,-1.0006
E02000144,10178,6775.0,1896.0000000000002,1954.0000000000007,0.09983333333333333,15.26744444444443,-1.1271666666666669
E02000145,8786,5468.0,1562.0000000000016,2107.000000000001,0.2902,24.759999999999998,0.28400000000000003
E02000146,9780,6245.000000000001,2019.0000000000014,1960.0,0.0988,17.681666666666644,-0.563
E02000147,8275,4839.000000000002,2334.0,1629.9999999999975,0.049800000000000004,10.102533333333326,-1.7683999999999997
E02000148,6716,3873.0000000000005,1920.000000000001,1334.000000000001,0.06862499999999999,10.786416666666668,-1.314
E02000149,8193,5229.0,1758.999999999999,1674.0000000000005,0.1992,19.83333333333334,-0.1
E02000150,8634,5314.0,2019.999999999999,1785.0000000000005,0.1014,12.708133333333318,-0.8959999999999999
E02000151,7614,4310.999999999998,2194.0,1572.0000000000007,0.0411,7.358000000000001,-1.7129999999999999
E02000152,8038,4962.000000000002,1543.0000000000005,1815.9999999999989,0.18362499999999998,16.653,-0.04424999999999999
E02000153,8031,4750.000000000002,2005.9999999999977,1671.000000000001,0.05450000000000001,9.434933333333333,-1.5422
E02000154,8658,5330.0,2120.000000000001,1664.0000000000002,0.1041,13.14346666666668,-1.0219999999999998
E02000155,7107,4196.000000000001,2242.0000000000005,1192.9999999999993,0.1361,15.72353333333334,-0.5027999999999999
E02000156,12171,7096.000000000001,3813.0,2141.999999999998,0.063875,12.98529166666667,-1.2647499999999998
E02000157,8365,4764.000000000001,2437.000000000002,1620.999999999999,0.0463,9.2578,-1.5696
E02000158,7751,4411.999999999999,2018.0000000000016,1645.9999999999986,0.1832,13.233133333333353,-0.49460000000000004
E02000159,7172,4240.000000000002,2193.0,1191.0000000000011,0.066625,13.122000000000025,-1.49025
E02000160,8212,4816.0,2306.000000000001,1563.0000000000002,0.0673,14.0512,-1.3596
E02000161,8698,5169.0,2240.0,1758.9999999999986,0.05499999999999999,8.739800000000006,-1.3998000000000002
E02000162,7115,3980.0,2151.0000000000014,1333.9999999999995,0.131,16.649166666666684,-0.7110000000000001
E02000163,7686,4507.999999999998,2281.999999999999,1399.0000000000005,0.08030000000000001,12.829266666666687,-1.0542
E02000165,7047,4299.000000000001,1766.0000000000007,1363.0000000000007,0.099,16.40733333333334,-0.7744000000000001
E02000166,7678,4947.0,2030.0000000000007,1198.000000000001,0.2112,21.42506666666666,-0.23079999999999998
E02000167,7255,4702.0,1783.0000000000005,1207.000000000002,0.056499999999999995,18.7734,-1.3245999999999998
E02000168,7882,5613.0,1429.9999999999993,1234.9999999999986,0.1562,21.20553333333334,-0.014199999999999968
E02000169,7263,4656.0,1492.0000000000002,1389.000000000001,0.0776,18.27953333333334,-1.1966
E02000170,8083,5649.0,1307.9999999999998,1358.9999999999986,0.15130000000000002,23.012466666666683,-0.3306
E02000171,7451,5199.0,1492.0000000000005,1175.0000000000007,0.1534,19.27186666666666,-0.1652
E02000172,9711,6852.999999999999,1535.0000000000005,1693.0000000000016,0.32608333333333334,25.83072222222222,0.8489999999999999
E02000173,7812,5448.0,1225.999999999999,1385.9999999999998,0.08700000000000001,19.563333333333343,-0.7714
E02000174,8392,6123.999999999999,1231.9999999999998,1332.0000000000005,0.2395,24.2624,0.3592
E02000175,9328,7184.999999999998,1198.9999999999993,1208.0000000000016,0.14889999999999998,24.45886666666666,-0.15240000000000004
E02000176,6017,4299.0,1020.9999999999995,958.0000000000005,0.075125,18.37033333333335,-0.63225
E02000177,8505,5957.0,1481.0000000000007,1380.0,0.2795,24.54580000000002,0.633
E02000178,9078,6835.0,1221.9999999999986,1334.0000000000014,0.2799,27.32106666666666,0.6296
E02000179,5939,4051.000000000001,1113.9999999999998,1034.9999999999998,0.20237499999999997,21.432166666666674,-0.225
E02000180,8051,6069.0,1170.0,1151.9999999999993,0.24075000000000002,26.22375,0.38375000000000004
E02000181,8245,6207.999999999998,1163.9999999999995,1203.0000000000011,0.11059999999999999,19.212133333333345,-0.5838
E02000182,7418,5107.999999999998,1226.9999999999995,1360.0000000000016,0.1495,22.65916666666665,-0.5335
E02000183,7665,5309.000000000002,1716.9999999999977,1077.9999999999977,0.1682,22.2868,-0.24500000000000005
E02000184,9459,7471.0,1087.000000000001,1204.0000000000007,0.25070000000000003,29.61446666666668,0.5936
E02000185,8977,6117.000000000002,1506.0000000000018,1666.0,0.3327,28.61353333333334,0.492
E02000186,6497,5002.0,885.9999999999993,844.0,0.217125,29.5765,0.46799999999999997
E02000187,10371,7624.0,1239.0000000000005,1767.9999999999986,0.3096666666666667,35.8283888888889,0.6551666666666666
E02000188,7474,5555.999999999998,938.9999999999994,1158.999999999999,0.28700000000000003,31.339583333333326,0.526
E02000191,6153,5461.000000000001,588.9999999999994,316.0,0.09750000000000002,32.893444444444434,-0.0010000000000000009
E02000192,6962,5226.0,1151.9999999999984,912.0,0.27549999999999997,31.34775,0.34675
E02000193,7243,5703.0,1041.9999999999993,757.0000000000002,0.15862500000000002,30.861,0.012000000000000009
E02000194,9663,6652.000000000001,1561.000000000001,1856.0,0.1982,22.00313333333332,-0.046799999999999994
E02000195,9681,6034.000000000001,2312.0000000000023,1914.999999999998,0.1558,20.20866666666668,-0.8808
E02000196,8103,5228.999999999999,1858.9999999999984,1461.9999999999986,0.23975000000000002,21.594166666666677,-0.20725
E02000197,9081,6021.0,1741.0000000000005,1697.0000000000016,0.2091,23.120866666666657,-0.32
E02000198,8870,6073.999999999998,1302.0000000000002,1860.9999999999995,0.2682,29.554533333333335,0.29059999999999997
E02000199,8369,5696.0,1492.0000000000016,1640.9999999999998,0.2024,25.78506666666666,-0.1406
E02000200,9042,6209.0,1597.0,1677.9999999999995,0.18980000000000002,27.35873333333334,-0.06240000000000001
E02000201,8423,5810.999999999999,1281.9999999999986,1732.000000000001,0.28559999999999997,29.04673333333334,0.345
E02000202,9004,5892.999999999999,1771.0,1786.0000000000005,0.21533333333333335,25.029111111111103,-0.11683333333333333
E02000203,8005,5300.999999999999,1421.0000000000002,1630.9999999999986,0.2922,31.221600000000002,0.18200000000000002
E02000204,9820,6362.000000000001,1795.000000000001,2136.000000000002,0.2454166666666667,25.644888888888882,-0.14
E02000206,10828,7232.000000000002,1570.9999999999998,2396.9999999999986,0.28958333333333336,29.944166666666664,0.35916666666666663
E02000207,8725,6165.000000000002,1321.9999999999995,1705.0000000000014,0.267,25.967333333333357,0.303
E02000208,11105,7392.0,1245.9999999999982,2800.9999999999995,0.35041666666666665,28.855111111111082,0.6306666666666666
E02000209,9024,6037.000000000001,1271.9999999999986,2038.9999999999986,0.24820000000000003,28.430133333333345,-0.05700000000000001
E02000210,8753,6011.000000000002,1392.0000000000016,1728.999999999999,0.19149999999999998,26.83826666666668,-0.1106
E02000211,8304,5011.000000000001,2370.9999999999986,1454.9999999999989,0.1106,14.5428,-0.7498
E02000212,9607,6404.999999999998,1196.9999999999984,2288.9999999999986,0.29860000000000003,30.610533333333343,0.040400000000000005
E02000213,12974,9026.999999999998,1298.9999999999989,3045.000000000001,0.29335714285714287,28.328571428571415,0.30242857142857144
E02000214,6198,3832.000000000001,1646.0000000000005,1165.9999999999998,0.11149999999999999,18.66883333333335,-0.6347499999999999
E02000215,11788,8163.0,1905.9999999999989,2172.999999999997,0.231,26.51155555555555,0.208
E02000216,7146,4349.0,1662.0000000000005,1448.0000000000005,0.128375,16.6725833333333,-0.8005
E02000217,12009,8435.0,1330.0000000000007,2600.9999999999973,0.25064285714285717,27.56890476190477,0.012285714285714313
E02000218,6537,3904.999999999999,1449.000000000001,1463.9999999999989,0.240125,18.432,-0.38975
E02000219,7711,4464.999999999999,2754.0000000000005,1115.0000000000014,0.09040000000000001,14.806933333333324,-0.9373999999999999
E02000221,10969,7067.0,1739.0000000000011,2497.0,0.25470000000000004,21.0726,0.37479999999999997
E02000222,8380,5661.000000000002,1488.0000000000016,1625.0,0.154,19.56593333333334,-0.4586
E02000223,8363,4970.0,1059.0000000000007,2344.0000000000005,0.3886,29.418866666666656,0.6242
E02000224,8078,5395.999999999998,1346.9999999999998,1635.0000000000007,0.16550000000000004,23.35713333333334,-0.4786
E02000225,7449,4633.0,1527.0000000000002,1651.9999999999995,0.2854,28.16113333333334,0.4356
E02000226,7663,4508.0,2364.0,1329.9999999999995,0.0813,9.807600000000015,-0.9244
E02000227,11576,7119.999999999998,2884.9999999999995,2271.000000000001,0.178375,17.890625000000007,-0.236375
E02000228,8010,4448.000000000001,2593.9999999999986,1529.999999999999,0.055299999999999995,9.426600000000004,-1.1594000000000002
E02000229,6274,3870.9999999999986,1160.0,1452.999999999999,0.376,29.660250000000026,0.848
E02000230,10760,6740.000000000001,2660.0000000000005,1974.0000000000011,0.14316666666666666,15.957833333333332,-0.6046666666666667
E02000231,7961,4885.000000000002,2361.0000000000005,1327.000000000001,0.08049999999999999,11.861666666666665,-0.8413999999999999
E02000232,6169,3518.0,1882.0000000000002,1128.999999999999,0.10012499999999999,11.755666666666649,-0.511
E02000233,6309,3920.999999999998,1303.0000000000002,1362.0000000000005,0.145625,17.38775,-0.34275
E02000234,9591,5911.000000000003,2010.0000000000002,2101.000000000001,0.1612,16.22826666666666,-0.3832
E02000235,6943,4251.0,1856.0000000000023,1288.9999999999995,0.097875,14.894500000000006,-0.8085
E02000236,9256,5587.999999999997,1861.9999999999989,2147.9999999999973,0.0897,12.691466666666665,-0.8172
E02000237,7574,4234.0,2345.999999999999,1474.0000000000007,0.1204,14.250933333333359,-0.5062
E02000238,10910,7512.000000000001,1746.0000000000025,2098.0000000000014,0.21500000000000002,29.10206666666668,-0.5146
E02000239,9254,6085.000000000003,2056.0,1634.9999999999995,0.18039999999999998,24.7106,-0.8335999999999999
E02000240,11172,7288.999999999996,1911.9999999999984,2420.9999999999986,0.2940833333333333,31.430944444444435,-0.0046666666666666705
E02000241,7488,4970.0,1343.000000000001,1487.0,0.21387499999999998,31.115000000000002,-0.67625
E02000242,6993,4659.0,1432.9999999999982,1251.999999999999,0.220375,28.171999999999997,-0.5902499999999999
E02000243,8770,5788.999999999999,1784.9999999999995,1622.9999999999989,0.2383,30.410200000000003,-0.08559999999999998
E02000244,7791,5261.0,1426.0000000000005,1480.0000000000014,0.28625,29.22033333333335,-0.34775
E02000245,9383,6090.000000000001,1275.0000000000014,2336.0000000000027,0.34720000000000006,32.08533333333334,0.3622
E02000246,9672,6192.000000000002,1552.0000000000014,2270.9999999999995,0.2873,33.6488,0.0804
E02000247,11069,7114.000000000002,1897.0000000000014,2437.0000000000005,0.2936666666666667,29.01677777777778,0.06033333333333335
E02000248,8017,5300.0,1413.0000000000002,1617.0000000000005,0.243875,29.236333333333327,-0.746
E02000249,8568,5600.999999999999,1626.0000000000007,1704.0000000000007,0.236875,30.426250000000024,-0.0835
E02000250,6342,3865.000000000001,1636.0000000000005,1214.9999999999998,0.08475,20.244583333333324,-1.246
E02000251,8360,5418.0,1755.000000000001,1676.0000000000014,0.20529999999999998,29.4024,-0.526
E02000252,12895,9727.000000000002,1538.9999999999982,1909.0000000000005,0.27575,32.166333333333334,0.06466666666666668
E02000253,10257,6471.999999999998,1913.000000000001,2172.000000000001,0.3005833333333333,29.83516666666667,0.13716666666666666
E02000254,9284,6181.999999999997,1931.0000000000002,1716.9999999999989,0.22269999999999998,36.774933333333344,0.09499999999999999
E02000255,9753,6308.000000000002,1952.000000000001,1893.9999999999986,0.22816666666666666,24.911555555555584,-0.4483333333333333
E02000256,9267,6627.000000000001,1581.0,1514.0000000000002,0.16275,23.661666666666665,-0.6216666666666667
E02000258,7016,4734.0,1160.0,1453.9999999999998,0.17962500000000003,26.755666666666674,-0.47324999999999995
E02000259,6568,4210.999999999999,1253.000000000001,1404.000000000001,0.175375,27.090249999999997,-0.6185
E02000260,9871,6357.999999999999,1992.0000000000007,1918.0000000000027,0.2646,38.454266666666676,-0.043800000000000006
E02000261,12673,9039.000000000002,1708.9999999999989,2288.9999999999986,0.22641666666666668,26.743277777777752,-0.297
E02000262,9284,6621.000000000002,1328.9999999999993,1687.000000000001,0.24010000000000004,25.193200000000022,-0.028000000000000014
E02000263,14170,9459.0,2357.000000000002,2867.000000000002,0.2668333333333333,38.958722222222214,-0.06383333333333334
E02000264,8498,6013.000000000002,1736.000000000001,1212.0000000000018,0.15030000000000002,24.42253333333336,-0.4152
E02000265,11353,7872.0,1799.999999999999,2131.9999999999986,0.24958333333333338,28.255499999999984,0.06633333333333331
E02000266,13376,9046.0,2049.000000000003,2787.9999999999995,0.3132857142857143,31.960476190476186,0.3165714285714286
E02000267,8120,5448.0,1252.0000000000005,1745.0000000000023,0.187125,27.869416666666673,-0.40775
E02000268,9132,6308.000000000002,1895.0000000000014,1429.9999999999977,0.17250000000000001,23.732833333333318,-0.3265
E02000269,8304,5635.999999999999,1515.0000000000011,1628.0,0.1109,23.99353333333332,-1.1106
E02000270,9652,6977.999999999997,1097.999999999998,1855.999999999998,0.2699,21.745399999999997,0.11359999999999999
E02000271,6861,4620.0,1353.9999999999998,1274.0000000000007,0.093875,24.26275,-1.501
E02000272,6630,4140.999999999998,1509.0,1321.9999999999993,0.11024999999999999,22.863499999999974,-0.974
E02000275,8531,5595.999999999999,1645.000000000002,1673.000000000001,0.26475,37.2055,0.016
E02000276,6671,4504.000000000001,1077.9999999999998,1330.9999999999998,0.11925000000000002,23.597333333333353,-0.66025
E02000277,7592,4709.000000000001,1362.9999999999989,1782.9999999999993,0.31925000000000003,33.018333333333324,-0.11300000000000002
E02000278,9321,5857.0,1496.0000000000005,2210.999999999998,0.38880000000000003,37.21479999999998,0.32859999999999995
E02000279,12197,7885.999999999998,1418.9999999999993,3197.999999999999,0.3618333333333333,27.709777777777784,0.20600000000000004
E02000280,8680,5210.000000000002,1939.0000000000032,1901.0000000000007,0.20329999999999998,25.600733333333334,-0.2852
E02000281,9622,6114.0,1619.9999999999977,2225.0000000000014,0.2838,25.099,-0.0116
E02000282,9939,6084.000000000001,1322.0000000000007,2763.000000000001,0.4112,36.24059999999999,0.25260000000000005
E02000283,8435,5305.000000000002,1436.9999999999986,1954.9999999999989,0.3359,33.18993333333332,-0.043
E02000284,8640,5475.999999999999,1724.0000000000002,1767.000000000001,0.1796,21.657,-0.5584
E02000285,6615,4054.000000000002,1769.000000000001,1253.9999999999993,0.116125,17.010916666666674,-0.92625
E02000286,8668,5166.000000000001,2378.9999999999986,1646.0000000000007,0.1669,16.75606666666668,-0.5746
E02000287,7428,4292.999999999998,2235.000000000002,1343.9999999999995,0.11474999999999999,18.216333333333324,-1.14375
E02000288,12807,8055.000000000003,1761.9999999999977,3259.000000000002,0.3456666666666666,36.29894444444445,0.0725
E02000289,6765,4061.999999999999,1871.9999999999989,1256.0,0.100625,14.097749999999975,-1.2777500000000002
E02000290,6769,4209.999999999998,900.0000000000005,1847.0000000000027,0.40650000000000003,32.624,0.3453333333333333
E02000291,10028,6349.0,2029.9999999999984,2073.9999999999973,0.2524,26.76006666666666,-0.28700000000000003
E02000292,9785,6116.0,1850.0000000000016,2219.999999999999,0.23241666666666663,28.032277777777782,-0.41916666666666663
E02000293,6305,3614.0,1927.0000000000011,1142.9999999999984,0.0925,17.01525,-1.103
E02000294,9394,5838.999999999999,1730.9999999999986,2131.999999999998,0.3459,33.93339999999999,-0.0878
E02000295,8528,5281.000000000001,1951.9999999999995,1740.9999999999998,0.1598,19.89986666666666,-0.6748000000000001
E02000296,10359,6569.999999999998,2100.999999999999,2089.000000000001,0.21675,23.907833333333333,-0.5951666666666666
E02000297,9273,5630.0,2689.9999999999995,1624.9999999999982,0.12508333333333332,18.72966666666667,-0.9316666666666668
E02000298,8173,4985.0,2133.9999999999977,1588.999999999999,0.08679999999999999,17.55393333333332,-1.2818
E02000299,9583,5952.0,1661.9999999999986,2343.000000000002,0.40809999999999996,40.419466666666686,0.0846
E02000300,8766,5601.999999999999,1422.9999999999995,2054.0,0.358,39.76633333333334,-0.07300000000000001
E02000301,10012,6486.0,1469.0000000000018,2339.999999999999,0.43116666666666664,37.591722222222224,0.32733333333333337
E02000302,8657,5397.999999999997,2034.0,1711.0000000000005,0.19539999999999996,24.147000000000002,-0.5274
E02000303,8221,5334.0,1284.9999999999993,1856.9999999999973,0.4117,38.80980000000002,0.4624
E02000304,7916,4758.000000000001,2178.9999999999986,1448.000000000001,0.0836,18.259599999999978,-1.2558
E02000305,8687,5852.999999999999,1851.000000000001,1510.0000000000002,0.1787,24.97733333333334,-0.6302
E02000306,8849,5705.999999999998,1291.9999999999995,2150.0,0.4405,38.16813333333334,0.5591999999999999
E02000307,9900,6216.999999999999,1903.0000000000018,2245.000000000001,0.2796666666666667,34.63044444444445,-0.31449999999999995
E02000308,8756,5844.000000000001,1524.0000000000011,1713.0000000000002,0.219,27.200599999999973,-0.44079999999999997
E02000309,11580,7329.999999999999,1608.9999999999989,2945.0,0.3784166666666667,42.42083333333332,0.07416666666666666
E02000311,10434,6936.0,2074.999999999999,1918.9999999999993,0.2645,32.40211111111112,-0.23116666666666666
E02000312,11246,7618.999999999997,2131.9999999999973,2041.0000000000018,0.21041666666666667,30.745222222222214,-0.48983333333333334
E02000313,6346,4133.999999999999,928.0000000000002,1532.0000000000005,0.316625,25.949,0.52125
E02000314,13552,9466.999999999996,1183.0,3206.0,0.23178571428571432,21.82371428571429,0.5714285714285714
E02000315,9924,6370.999999999998,1311.0000000000018,2538.0,0.28040000000000004,24.032466666666682,0.5786
E02000317,7436,4940.000000000001,1066.9999999999989,1674.000000000001,0.29462499999999997,25.327666666666673,0.48324999999999996
E02000318,11313,7628.000000000001,1798.0000000000039,2340.000000000002,0.24240000000000003,36.065533333333335,-0.00019999999999999462
E02000319,10606,7435.000000000001,1369.9999999999993,2249.0,0.24533333333333332,28.966166666666663,0.21750000000000003
E02000320,7009,4684.0,1105.0000000000007,1533.9999999999995,0.21125,26.831333333333298,0.046499999999999986
E02000321,7698,5174.0,1186.0000000000007,1681.0,0.281,29.12058333333335,0.49
E02000323,13044,8985.0,1506.9999999999982,2909.0,0.25725000000000003,26.321944444444416,0.44333333333333336
E02000324,7868,5095.000000000002,1409.0000000000005,1711.0000000000002,0.257,23.6345,0.50725
E02000326,7750,5416.000000000001,1212.0000000000005,1480.000000000001,0.168875,20.10125,-0.029000000000000012
E02000327,6894,4851.999999999998,732.0000000000007,1526.0000000000005,0.269,22.174416666666673,0.651
E02000328,6543,4403.000000000001,1372.9999999999993,1109.000000000002,0.15075000000000002,19.807833333333328,-0.11500000000000002
E02000329,6319,4042.0,1381.9999999999993,1273.9999999999995,0.2125,23.54541666666667,0.0795
E02000331,8342,5652.999999999998,1276.0,1744.9999999999995,0.24737499999999998,22.911666666666676,0.4385
E02000332,7339,4763.000000000002,1532.9999999999995,1461.9999999999998,0.16099999999999998,19.0558666666667,-0.0974
E02000333,6223,4106.0,1300.9999999999995,1095.9999999999993,0.114875,21.019333333333325,-0.5277500000000002
E02000334,6611,4341.999999999999,1273.0000000000007,1290.0000000000011,0.20425000000000001,18.7735,0.14350000000000002
E02000335,6727,4148.000000000001,1572.000000000001,1409.9999999999998,0.09699999999999999,17.056,-0.5562499999999999
E02000337,8515,5445.000000000001,1641.0000000000016,1846.9999999999984,0.2613,26.95413333333334,0.4368
E02000339,6434,3906.999999999998,1712.999999999998,1184.999999999999,0.12987500000000002,21.91491666666665,-0.3315
E02000340,7173,4408.999999999998,1851.9999999999993,1322.000000000001,0.1325,20.75558333333335,-0.594
E02000341,7937,5039.0,1290.0000000000002,1850.9999999999995,0.31090000000000007,27.080533333333317,0.8082
E02000342,6496,4280.000000000002,1067.0000000000011,1325.9999999999998,0.18899999999999997,21.5211111111111,-0.014666666666666656
E02000343,7099,4401.000000000001,1582.999999999998,1445.0,0.22300000000000003,21.637166666666676,0.23374999999999996
E02000344,6410,3955.0,1599.0000000000014,1229.9999999999995,0.12399999999999999,19.108916666666676,-0.27525
E02000345,8316,4584.0,988.9999999999985,2843.999999999999,0.487,41.69526666666668,0.5992
E02000346,9759,7143.000000000001,1027.9999999999998,1918.0000000000007,0.2952,24.7518,0.6272
E02000347,8134,4654.000000000002,933.0000000000003,2641.0000000000014,0.45169999999999993,35.727999999999994,0.484
E02000348,8214,4688.999999999999,915.9999999999997,2738.000000000002,0.5490999999999999,36.87520000000001,1.048
E02000350,10259,7381.0,1086.0000000000018,2077.999999999999,0.2611,25.99260000000002,0.2112
E02000351,9283,7223.999999999999,965.9999999999993,1354.000000000001,0.20633333333333334,23.460055555555545,0.52
E02000352,6793,4506.000000000002,1104.0,1465.0,0.2555,19.604833333333325,0.5830000000000001
E02000353,7831,5713.000000000002,1137.0000000000005,1292.9999999999998,0.17529999999999998,22.771666666666682,0.0776
E02000354,9600,7080.999999999997,1145.9999999999993,1607.9999999999995,0.2803333333333333,25.226833333333357,0.8605
E02000355,8247,5933.999999999999,1250.999999999998,1363.0000000000005,0.21669999999999998,25.45639999999998,0.3562
E02000356,6907,5119.000000000001,914.0,1126.9999999999995,0.17662499999999998,17.53883333333335,0.28325
E02000357,6801,4486.999999999998,1206.9999999999993,1341.9999999999982,0.360375,25.24841666666667,0.8477500000000001
E02000358,11017,8416.0,1399.9999999999989,1636.0000000000007,0.25383333333333336,22.513777777777765,0.6861666666666667
E02000359,6730,4790.999999999999,901.9999999999995,1298.0000000000014,0.21699999999999997,23.130083333333324,0.38975
E02000360,11528,8169.999999999999,1511.0000000000002,2295.9999999999977,0.32141666666666663,25.923777777777783,0.8556666666666667
E02000361,8249,6470.000000000001,832.0,1163.0,0.32987500000000003,27.82791666666665,0.83375
E02000362,7293,5497.999999999999,885.0000000000005,1138.0000000000011,0.3085,28.548333333333325,1.01725
E02000363,11987,8267.000000000002,1471.0000000000005,2621.9999999999995,0.3468333333333333,29.24788888888888,0.9778333333333333
E02000364,9204,6753.0,1367.9999999999989,1415.0000000000002,0.21483333333333332,23.149888888888867,0.42483333333333334
E02000366,8437,5891.999999999998,1429.9999999999995,1449.0000000000016,0.2865,26.414200000000022,0.7984
E02000367,10622,8365.0,1010.0000000000003,1509.9999999999993,0.21608333333333332,22.509944444444432,0.8586666666666667
E02000368,10019,7285.0,1466.9999999999995,1695.9999999999993,0.30291666666666667,22.660277777777782,0.7738333333333333
E02000369,13317,10179.999999999998,1457.0000000000002,2083.000000000002,0.2519375,22.348416666666665,0.43537499999999996
E02000370,8920,6966.000000000002,864.9999999999984,1390.0,0.24375,19.823444444444455,0.4051666666666667
E02000372,10673,8173.999999999998,1353.999999999998,1578.0000000000005,0.27958333333333335,30.219611111111096,0.7263333333333334
E02000373,7080,4714.0,974.9999999999998,1573.9999999999982,0.35062499999999996,28.58491666666665,0.3645
E02000374,6979,4893.000000000001,999.0000000000007,1297.9999999999982,0.228375,26.604416666666676,0.22475
E02000375,7577,5669.000000000002,1031.999999999999,1170.0000000000014,0.254625,24.29475,0.33025
E02000376,6806,5313.999999999999,861.9999999999989,881.9999999999984,0.230875,25.099916666666676,0.3205
E02000377,7839,5876.999999999998,1123.9999999999986,1180.0000000000005,0.22110000000000002,22.342399999999998,0.2894
E02000378,6414,4940.999999999998,869.9999999999993,856.9999999999998,0.192375,23.899666666666672,0.19099999999999998
E02000379,7372,4913.000000000001,1304.9999999999993,1392.999999999999,0.14975,18.94925,-0.35175
E02000380,5504,3865.0000000000014,964.0000000000005,942.9999999999998,0.147,20.460083333333326,-0.0905
E02000381,7725,5546.999999999998,1217.999999999999,1307.0000000000007,0.1669,21.549666666666678,-0.1564
E02000382,6259,4620.0,1052.0000000000014,884.9999999999999,0.131125,24.166333333333323,-0.40925
E02000383,8657,6548.999999999998,1557.0000000000018,975.0000000000005,0.15591666666666668,25.508944444444452,-0.12916666666666665
E02000384,8439,6302.000000000001,1283.9999999999995,1174.0000000000007,0.2243,25.603199999999998,0.5836
E02000385,5543,4635.000000000001,608.0000000000007,480.00000000000045,0.121875,26.50691666666665,0.0315
E02000386,7579,5602.999999999999,1097.0000000000002,1127.9999999999995,0.2731,27.429466666666663,0.4598
E02000387,6186,4744.0,928.0000000000009,827.9999999999991,0.187875,25.829083333333323,0.219
E02000388,8916,6817.0,1307.0000000000002,1155.9999999999993,0.14579999999999999,25.4508,0.07300000000000002
E02000389,8830,6344.000000000001,1572.9999999999984,1330.0,0.0946,20.90846666666668,-0.7888
E02000390,6130,4637.000000000001,776.9999999999999,906.0000000000007,0.153375,28.076833333333326,-0.007999999999999993
E02000391,7599,5369.000000000001,1268.000000000002,1324.0,0.12090000000000001,26.15906666666666,-0.24880000000000005
E02000392,9194,6898.0,1094.9999999999989,1480.9999999999998,0.13716666666666666,27.300166666666666,-0.2568333333333333
E02000393,5969,4411.0,745.9999999999991,989.9999999999994,0.072125,24.237416666666675,-0.57025
E02000394,9543,7082.999999999999,1114.9999999999993,1597.9999999999989,0.1698333333333333,18.362722222222217,0.06916666666666667
E02000395,5808,3982.0000000000005,1235.999999999999,837.0000000000003,0.071625,25.089166666666678,-0.95675
E02000396,6885,4654.999999999999,1057.0,1390.9999999999995,0.1605,23.8855,-0.37625
E02000397,7988,5706.000000000001,1191.0000000000011,1419.0000000000011,0.277125,36.423583333333326,-0.114
E02000398,7497,5106.999999999999,1098.0,1561.0000000000005,0.46287500000000004,41.07533333333335,0.7430000000000001
E02000400,7847,5225.000000000002,1306.9999999999984,1595.0000000000002,0.23350000000000004,28.4495,-0.30400000000000005
E02000401,6827,4803.0,1157.9999999999986,1210.000000000002,0.34975,36.5925,0.35550000000000004
E02000402,6518,4457.0,1109.9999999999986,1258.9999999999998,0.3915,37.780333333333346,0.515
E02000403,7375,5325.999999999999,1047.0000000000032,1300.0000000000005,0.24525000000000002,36.13116666666667,0.09
E02000404,6955,4917.0,1206.0000000000011,1140.0000000000005,0.308875,39.45925,0.09425000000000001
E02000405,6375,3982.999999999999,1262.0,1461.0000000000007,0.09075,19.67316666666665,-0.986
E02000406,6628,4889.0,972.9999999999999,1004.0000000000002,0.291125,38.52083333333333,0.2505
E02000407,7507,5317.000000000002,1102.9999999999977,1424.000000000001,0.35425,40.5565,0.2795
E02000408,8134,5477.000000000001,1235.999999999998,1689.0000000000005,0.344125,37.321749999999994,0.16749999999999998
E02000409,6024,4197.0,1082.9999999999986,1034.9999999999989,0.3495,31.55475,0.233
E02000410,6202,4098.0,1162.0,1163.0000000000007,0.09375,18.38275,-1.2025000000000001
E02000411,12087,8964.0,1208.9999999999993,2120.9999999999964,0.2711,32.007333333333314,-0.0686
E02000412,7451,5606.999999999999,1071.0000000000011,1069.0,0.323625,34.83475,0.14125000000000001
E02000413,7629,4766.0,1536.0000000000007,1670.9999999999998,0.1095,18.69283333333335,-0.9757500000000001
E02000414,7037,5025.0,1066.0000000000011,1284.0000000000002,0.277375,35.84458333333335,0.06975
E02000415,7194,5189.000000000001,1024.000000000001,1197.9999999999998,0.23287500000000003,32.157083333333325,-0.13275
E02000416,8312,6106.0,1140.0000000000007,1360.0000000000005,0.24183333333333334,23.82194444444443,0.22966666666666669
E02000417,6499,4274.0,1514.9999999999998,1098.9999999999984,0.08662500000000001,17.81075,-1.16475
E02000418,5266,3332.0000000000005,1345.0000000000011,952.0000000000014,0.0925,20.413833333333326,-0.812
E02000419,8720,6570.000000000001,1163.9999999999989,1329.0000000000005,0.2165,31.207250000000002,-0.22299999999999998
E02000420,8027,5854.999999999999,1324.9999999999982,1225.000000000001,0.31737499999999996,35.234083333333324,0.05575000000000001
E02000421,8638,6324.999999999999,1077.9999999999995,1463.9999999999998,0.330625,38.59208333333333,0.4045
E02000422,7343,5162.999999999998,1048.9999999999993,1427.0000000000011,0.3135,34.979749999999996,0.318
E02000423,6824,5215.0,898.0000000000011,980.9999999999993,0.196625,32.87075,-0.136
E02000424,6630,4744.999999999999,1138.999999999998,1101.9999999999995,0.178,21.278833333333353,-0.43025
E02000425,8146,4332.0,775.0000000000007,3064.0000000000014,0.468375,42.72958333333335,0.291
E02000426,6532,4174.000000000002,1476.999999999999,1161.0,0.10925000000000001,21.046416666666676,-1.1045
E02000427,6565,5144.000000000001,897.0000000000016,828.9999999999975,0.20149999999999998,28.33816666666665,-0.038250000000000006
E02000428,8438,6061.0,984.9999999999999,1604.0000000000005,0.352375,33.657250000000005,0.32025000000000003
E02000429,6521,4386.0,1375.9999999999998,1085.9999999999982,0.0935,19.206250000000026,-1.032
E02000430,6769,4925.000000000002,1120.9999999999995,1049.0,0.121,22.55283333333332,-0.9009999999999999
E02000431,5795,4302.0,968.9999999999993,768.0000000000008,0.0875,22.237333333333325,-0.7659999999999999
E02000432,5976,4640.0,901.0000000000009,771.9999999999995,0.176375,27.337666666666674,-0.094
E02000433,8716,4968.000000000001,2802.999999999998,1468.000000000002,0.143375,20.987500000000004,-1.049
E02000434,9853,6189.000000000002,2339.9999999999986,1797.0000000000002,0.17241666666666666,23.580333333333353,-0.8785000000000002
E02000435,8220,4920.999999999999,2069.0000000000005,1651.0000000000002,0.19037500000000002,25.41950000000002,-0.57325
E02000436,5605,3250.0000000000014,1898.0,866.0000000000013,0.079875,10.836416666666675,-1.5085
E02000437,8788,5355.0,2196.999999999999,1723.9999999999989,0.1971,20.895,-0.2898
E02000438,8446,5103.999999999998,2010.9999999999998,1760.000000000002,0.19219999999999998,18.9404,-0.5948
E02000439,9351,6081.999999999999,1664.0000000000016,1965.0,0.22969999999999996,26.53080000000002,-0.7223999999999999
E02000440,9475,5894.000000000002,2233.9999999999995,1931.0000000000011,0.1385,19.9572,-1.2071999999999998
E02000441,7253,4366.0,1783.0,1457.000000000001,0.175,17.205166666666685,-0.80825
E02000442,9608,6503.0,1566.9999999999993,1954.000000000001,0.1758,29.62753333333334,-0.9617999999999999
E02000443,10778,6963.999999999998,1733.0,2372.999999999999,0.2669,26.950666666666677,-0.21060000000000004
E02000444,8793,5494.999999999998,1902.0000000000016,1841.0000000000016,0.1688,23.03473333333332,-1.2394
E02000445,11925,7596.999999999997,2092.999999999999,2726.9999999999995,0.24950000000000003,30.93905555555555,-0.41733333333333333
E02000447,8340,5226.000000000003,1762.9999999999998,1816.0000000000005,0.1248,15.90100000000002,-1.0486
E02000448,6982,4028.000000000002,1896.0000000000014,1419.0000000000011,0.08887500000000001,15.28383333333335,-1.37375
E02000449,8339,5533.0,1820.0,1514.0000000000002,0.194,26.451933333333322,-0.746
E02000451,6665,4104.0,1725.000000000001,1267.0000000000018,0.0905,13.92225,-1.3459999999999999
E02000452,10115,7007.000000000001,1301.9999999999982,2101.0,0.21887500000000001,25.030833333333323,-0.5115000000000001
E02000453,8299,5476.0,1522.9999999999984,1663.9999999999984,0.169,20.18841666666665,-0.77275
E02000454,7305,4271.999999999998,1814.9999999999984,1606.000000000001,0.074625,9.257583333333336,-1.6950000000000003
E02000455,12241,8641.999999999998,1672.9999999999989,2314.9999999999986,0.18007142857142858,20.43514285714287,-0.4025714285714286
E02000456,7847,5284.999999999999,1442.0000000000023,1462.0000000000007,0.14875,21.893333333333324,-0.7767499999999999
E02000457,7034,4468.999999999997,1666.0000000000002,1287.999999999999,0.13524999999999998,16.243749999999974,-0.98075
E02000459,9134,6072.0,1587.0000000000002,1880.9999999999995,0.24,24.036466666666662,-0.446
E02000460,7237,4772.0,1121.0000000000007,1605.0,0.24725000000000003,20.57075,-0.23299999999999998
E02000461,7409,4596.000000000002,1247.0,1545.0,0.116625,22.808,-0.9359999999999999
E02000462,6980,4602.000000000001,1365.9999999999993,1336.9999999999989,0.21425,26.144166666666678,-0.67275
E02000463,8653,5622.999999999999,1678.9999999999986,1740.9999999999986,0.2307,24.0608,-0.3764
E02000464,7745,4781.000000000001,1626.000000000001,1663.0,0.237625,26.639666666666677,0.29925
E02000465,9366,5981.0,1532.0000000000016,2245.000000000001,0.23149999999999998,26.299666666666656,0.2786
E02000466,9072,5530.000000000001,2046.9999999999973,1957.0000000000002,0.1966,24.012799999999977,0.13620000000000002
E02000467,11685,7224.999999999999,1640.9999999999982,3177.0,0.3263333333333333,32.17672222222222,0.5508333333333333
E02000468,8748,5318.0,1917.0000000000005,1904.0,0.1708,21.04893333333334,-0.28559999999999997
E02000469,7331,4459.000000000002,1469.0000000000014,1686.0000000000005,0.235875,26.51508333333335,0.26925
E02000470,9917,6220.0,2372.9999999999977,1832.999999999999,0.11625,18.795277777777766,-0.5028333333333334
E02000471,7803,4650.000000000001,2408.0,1332.0000000000007,0.084,14.329066666666666,-1.0102
E02000472,9533,5776.000000000001,2337.0,1951.0,0.13566666666666666,16.479999999999986,-0.5036666666666666
E02000473,10590,6548.000000000002,2455.0000000000005,2160.0000000000023,0.10999999999999999,17.48716666666665,-0.6881666666666667
E02000474,9407,5859.0,1910.9999999999977,2041.0000000000005,0.183,21.40613333333334,-0.2526
E02000475,9729,5868.000000000001,2673.0,1777.999999999999,0.11575,15.890500000000001,-0.6958333333333333
E02000476,9560,6461.0,1653.9999999999986,1848.0,0.23979999999999996,22.16546666666666,0.11620000000000001
E02000477,9432,5847.999999999998,2511.000000000001,1663.0000000000018,0.07983333333333333,12.411388888888888,-0.9680000000000001
E02000478,6017,3443.9999999999995,2157.999999999999,882.0,0.06175,12.8235833333333,-1.03875
E02000479,9593,6388.000000000001,1540.9999999999995,2029.0000000000014,0.1857,24.10613333333334,-0.06180000000000001
E02000480,14204,9169.0,2090.0000000000014,3355.000000000002,0.2038125,22.027291666666674,-0.0875
E02000481,8145,4718.999999999999,2258.0,1627.9999999999995,0.09340000000000001,16.66800000000002,-0.9404
E02000482,6587,3687.0000000000023,1996.0,1237.9999999999998,0.04,11.155916666666657,-1.47425
E02000483,7787,4788.999999999999,2204.9999999999986,1342.0000000000014,0.13870000000000002,19.97013333333334,-0.41859999999999997
E02000484,8527,5331.999999999999,2257.999999999999,1531.9999999999989,0.1096,13.216933333333339,-0.7894
E02000485,8587,5338.999999999999,2098.0000000000014,1628.9999999999984,0.10379999999999998,19.07066666666666,-0.8596
E02000486,7332,4532.0,2149.0,1212.9999999999989,0.10529999999999999,17.413400000000017,-0.7097999999999999
E02000487,7885,4524.000000000002,2611.000000000002,1325.999999999999,0.038900000000000004,9.082066666666659,-1.5383999999999998
E02000488,7895,4702.999999999999,2359.999999999998,1335.0,0.0703,10.90946666666668,-0.8854000000000001
E02000489,8717,5359.999999999998,2096.0000000000014,1803.0000000000014,0.16019999999999998,18.56353333333334,-0.31779999999999997
E02000490,8537,5267.999999999999,1950.0000000000005,1765.000000000001,0.1544,19.012199999999996,-0.3046
E02000491,11414,7209.000000000001,1957.0000000000023,2616.000000000002,0.22469999999999998,23.570533333333337,0.04179999999999998
E02000492,6774,4078.9999999999995,1938.0,1199.0,0.137625,20.43391666666665,-0.6060000000000001
E02000493,6756,4272.0,1242.0000000000002,1531.999999999998,0.215,24.820916666666673,-0.26799999999999996
E02000494,7777,4444.0,2545.0,1321.9999999999998,0.0975,13.198000000000013,-0.7752000000000001
E02000495,10534,6426.0,2488.000000000001,2040.0,0.15275000000000002,19.917499999999986,-0.5256666666666666
E02000496,7672,4849.999999999999,1970.999999999998,1340.0000000000016,0.1637,30.0644,-0.037599999999999995
E02000497,9345,5725.000000000001,2246.000000000001,1911.9999999999998,0.14679999999999999,16.30513333333336,-0.5119999999999999
E02000498,6287,3682.0000000000014,1803.0000000000005,1199.0000000000005,0.12175000000000001,16.9405,-0.57325
E02000499,7883,4709.0,2347.999999999999,1389.9999999999995,0.076,13.760266666666666,-1.1252
E02000500,8415,5184.0,2445.0000000000005,1376.9999999999995,0.0712,14.641866666666667,-1.1916
E02000501,8402,5120.999999999999,2041.0000000000016,1682.9999999999993,0.09890000000000002,13.416933333333342,-0.8390000000000001
E02000502,8925,5646.000000000004,1831.000000000001,1887.9999999999982,0.10370000000000001,17.28926666666668,-0.6559999999999999
E02000503,8646,5720.999999999998,1762.0,1682.0000000000005,0.08220000000000001,14.262200000000018,-0.9206
E02000504,7688,4564.0,2076.9999999999995,1510.9999999999993,0.060999999999999985,12.80946666666666,-1.232
E02000506,8015,4851.000000000001,2313.0,1382.0000000000007,0.092,14.89540000000002,-0.8191999999999998
E02000507,8182,5207.999999999998,1505.0000000000005,1809.9999999999995,0.1443,18.86113333333334,-0.3942
E02000508,12588,8952.0,1399.9999999999995,2422.9999999999986,0.14357142857142854,19.177142857142854,-0.26342857142857146
E02000509,10946,8017.0,1301.9999999999975,1823.0000000000016,0.1983,25.41233333333334,-0.04159999999999999
E02000510,9175,5904.000000000001,1921.0000000000011,1853.0000000000014,0.16319999999999998,20.72133333333336,-0.45280000000000004
E02000511,10111,6493.000000000001,1859.9999999999998,2157.000000000002,0.1965,24.983666666666682,-0.30516666666666664
E02000512,8874,5739.0,1393.0,2020.0000000000002,0.2674,28.11126666666666,0.097
E02000513,9899,6326.999999999999,1271.0000000000002,2548.999999999998,0.3001,28.200666666666685,0.08379999999999999
E02000514,10786,7037.0,1737.9999999999995,2407.999999999999,0.22683333333333333,27.0533888888889,-0.25716666666666665
E02000515,13987,9547.000000000002,1786.9999999999995,3121.999999999999,0.21735714285714286,26.00576190476192,0.08700000000000004
E02000516,8643,5741.000000000001,1314.0,1926.0000000000014,0.2338,24.95346666666664,-0.10180000000000003
E02000517,10417,6592.0,1702.0000000000007,2469.000000000001,0.2818,27.427733333333343,0.11059999999999999
E02000518,9640,6097.0,1549.9999999999989,2276.0000000000005,0.2404,29.617999999999995,0.2684
E02000519,9553,6121.999999999999,1683.0000000000007,2140.9999999999977,0.26559999999999995,28.124733333333317,0.05600000000000001
E02000520,14602,9797.0,1913.000000000001,3340.0000000000014,0.260375,28.256999999999998,-0.055374999999999994
E02000521,13248,8994.999999999998,1529.999999999999,3129.999999999998,0.24966666666666662,29.015555555555547,0.09783333333333333
E02000522,9688,6247.999999999999,1560.0000000000002,2195.000000000001,0.2331,31.702533333333314,0.28220000000000006
E02000523,11830,8223.000000000004,1554.999999999997,2434.9999999999973,0.20808333333333337,30.126611111111114,-0.2678333333333333
E02000524,8795,6269.999999999999,1278.000000000001,1605.999999999999,0.21837499999999999,40.075333333333326,-0.20325000000000001
E02000525,10413,6874.000000000002,1386.999999999997,2463.0,0.24930000000000002,37.1172,-0.2692
E02000526,8663,5947.000000000001,1669.000000000001,1431.999999999999,0.075,25.23226666666666,-1.2304
E02000529,9838,6449.000000000001,1626.000000000002,2150.0000000000014,0.2623,30.03513333333334,-0.37320000000000003
E02000530,8088,5213.0,1075.0,2004.9999999999973,0.326,35.66824999999997,0.09675
E02000531,11771,7951.0,2022.0,2336.9999999999995,0.2073333333333333,27.437444444444452,-0.3876666666666666
E02000532,9031,5760.0,2139.999999999999,1673.0,0.12566666666666668,23.377055555555533,-0.9765
E02000533,8286,5392.999999999999,1714.9999999999995,1567.9999999999984,0.1352,24.77006666666666,-0.851
E02000534,8588,5632.000000000002,1546.0000000000011,1670.9999999999982,0.126,24.495999999999974,-1.20025
E02000535,10223,6644.999999999999,2097.0000000000027,1969.9999999999986,0.1854,32.89553333333335,-0.6487999999999999
E02000536,11153,7347.0,2017.9999999999982,2251.0000000000005,0.20259999999999997,32.75113333333332,-0.4231999999999999
E02000537,9982,6826.999999999999,1841.9999999999993,1743.9999999999989,0.14750000000000002,29.96733333333332,-0.9561999999999999
E02000538,10265,7039.000000000001,1664.000000000001,1943.9999999999993,0.2258,36.34773333333332,-0.5324
E02000539,12110,8201.0,1776.9999999999986,2545.999999999999,0.18958333333333335,28.00822222222222,-0.33383333333333337
E02000540,12367,8366.0,1786.9999999999993,2633.9999999999995,0.19424999999999995,28.22133333333333,-0.43983333333333324
E02000541,10700,7045.999999999998,1931.0000000000018,2163.0,0.2556,38.06446666666668,-0.3128
E02000542,12338,8221.000000000002,1841.9999999999993,2656.0000000000005,0.2396666666666667,35.28027777777777,-0.2963333333333334
E02000543,14298,9837.0,1668.0000000000018,3192.000000000001,0.23100000000000004,33.73419047619048,-0.5067142857142858
E02000544,8453,5570.000000000002,1878.0000000000005,1535.0000000000005,0.14370000000000002,23.933600000000002,-0.7749999999999999
E02000545,9225,5907.999999999999,1565.0,2048.000000000001,0.2466,25.832066666666663,-0.17919999999999997
E02000546,10323,6755.000000000001,1645.9999999999986,2201.9999999999986,0.2291,33.59713333333334,-0.546
E02000547,11459,7462.999999999999,2056.000000000001,2359.0,0.21950000000000003,34.06466666666669,-0.265
E02000548,10592,6910.000000000001,1729.9999999999995,2392.000000000002,0.2584,31.7312,0.04
E02000549,13420,8963.0,2404.0000000000005,2565.000000000002,0.2095,31.31372222222222,-0.30033333333333334
E02000550,10672,7202.0,1289.000000000001,2492.0000000000014,0.2346666666666667,27.643111111111136,-0.04466666666666669
E02000551,9877,6403.0,1519.999999999999,2314.0000000000036,0.3068,32.92273333333332,0.24059999999999998
E02000552,9373,6265.000000000001,1269.0,2125.0000000000005,0.1895,24.533533333333338,-0.34199999999999997
E02000553,7022,4403.000000000001,1363.0000000000011,1557.9999999999977,0.22112500000000002,27.655833333333323,-0.1745
E02000554,9219,6642.000000000001,1295.0000000000005,1683.0000000000023,0.3349166666666667,27.859166666666667,0.7688333333333333
E02000555,9615,6867.999999999998,1569.9999999999995,1591.9999999999993,0.23508333333333334,23.639277777777767,0.3541666666666667
E02000556,11468,8896.000000000002,1487.0000000000005,1588.9999999999993,0.22083333333333333,28.168499999999984,0.49800000000000005
E02000557,8930,6619.0,1434.000000000001,1325.000000000001,0.2338,25.749599999999997,0.44720000000000004
E02000558,9412,6639.999999999999,1293.9999999999984,1780.0000000000016,0.3931,30.40106666666664,0.8113999999999999
E02000559,9599,7046.000000000003,1172.9999999999995,1657.0000000000005,0.14866666666666667,21.404333333333337,-0.18200000000000002
E02000560,7524,6056.0,782.0,921.0000000000005,0.2012,27.125533333333323,0.5240000000000001
E02000561,7337,5289.0,1251.9999999999993,1107.0,0.134125,22.317333333333327,-0.23325
E02000562,7728,5634.999999999999,1199.000000000001,1189.9999999999995,0.2272,21.82326666666666,0.26
E02000563,8794,6474.000000000001,1252.000000000001,1410.0000000000002,0.2934,26.13973333333332,0.711
E02000564,12612,10234.0,1149.0,1561.000000000002,0.18837500000000001,24.34291666666666,0.320125
E02000565,8527,6351.0,1055.0,1412.0,0.25630000000000003,24.29453333333334,0.49540000000000006
E02000566,8549,6326.999999999999,1277.0000000000011,1289.999999999999,0.1603,25.774933333333344,-0.057999999999999954
E02000567,10026,7587.0,1475.0000000000005,1431.999999999999,0.23608333333333334,25.75861111111112,0.4848333333333334
E02000568,11830,8996.000000000004,1406.0000000000005,1807.0000000000005,0.24559999999999998,24.613466666666678,0.8343999999999999
E02000569,9971,7115.000000000001,1602.0000000000007,1670.0000000000007,0.25866666666666666,27.216444444444434,0.3535000000000001
E02000570,8221,6206.0,1400.0,1047.9999999999998,0.14950000000000002,25.737000000000002,-0.1378
E02000571,8992,6652.999999999999,1230.9999999999986,1415.0000000000005,0.2493,23.14286666666668,0.6508
E02000572,8962,6711.0,1261.0,1366.0000000000014,0.29009999999999997,28.08546666666666,0.5770000000000001
E02000573,10544,8147.999999999999,1527.0000000000005,1375.999999999999,0.15766666666666668,23.332611111111117,0.15833333333333335
E02000574,8424,6741.999999999998,1175.9999999999993,855.0000000000003,0.2096,24.73486666666664,0.37779999999999997
E02000575,11817,9498.999999999998,1344.0000000000018,1421.9999999999993,0.1947142857142857,24.614,0.17642857142857143
E02000576,11493,8730.000000000002,1426.0000000000002,1740.0000000000007,0.28070000000000006,23.6446666666667,0.2556
E02000577,7745,5624.0,1402.0000000000005,1110.0000000000007,0.3371,30.910466666666657,0.6499999999999999
E02000578,5845,3895.0,1227.0000000000002,1074.9999999999998,0.354,30.07558333333335,0.7814999999999999
E02000579,8923,6182.999999999999,1796.000000000002,1500.0000000000007,0.203,27.34493333333334,-0.03540000000000001
E02000580,7740,5744.0,1667.000000000001,929.9999999999995,0.2642,29.972199999999997,0.457
E02000581,7237,4947.0,1600.9999999999998,1132.999999999999,0.32510000000000006,28.255066666666643,0.5227999999999999
E02000582,6705,4842.999999999999,1366.0000000000002,866.0000000000003,0.0978,28.412733333333318,-1.095
E02000583,6391,4603.000000000002,1431.9999999999986,886.0,0.1014,25.555,-0.9794
E02000584,7429,5080.0,1456.0000000000005,1239.0000000000005,0.057600000000000005,22.460933333333337,-1.6724
E02000585,8129,5613.0,1492.000000000001,1392.000000000001,0.1068,23.58539999999998,-1.4118
E02000586,6903,5070.000000000001,1293.9999999999998,1009.0000000000007,0.044800000000000006,26.5178,-1.7366
E02000587,6704,4737.000000000001,1306.9999999999998,1012.0000000000014,0.059899999999999995,23.685466666666677,-1.654
E02000588,6178,4471.0,1263.9999999999995,788.0000000000022,0.036,29.086466666666684,-2.0696000000000003
E02000589,7668,6117.999999999999,1021.0000000000003,835.0000000000007,0.09,26.473933333333342,-0.9165999999999999
E02000590,6333,4507.0,1534.0000000000016,789.9999999999999,0.1618,29.488799999999998,-0.44820000000000004
E02000591,6469,4933.000000000001,1092.0,769.9999999999989,0.21025,28.333750000000023,0.20024999999999998
E02000592,6140,4584.000000000001,1017.0,846.0000000000001,0.044625,28.04625,-1.86375
E02000593,7624,5780.0,1116.999999999999,1008.9999999999995,0.1275,27.372533333333344,-0.4568
E02000594,6690,4227.000000000001,2305.000000000001,703.9999999999999,0.0917,28.398666666666657,-1.5098
E02000595,6288,4284.000000000001,1569.9999999999989,837.0000000000011,0.1052,28.407866666666678,-1.0484
E02000596,6893,5136.0,1264.0000000000011,807.0000000000002,0.06812499999999999,26.87358333333335,-1.4614999999999998
E02000597,6358,4315.000000000001,1463.000000000001,988.0000000000007,0.3197,29.28953333333334,0.31820000000000004
E02000598,8144,4853.999999999997,1800.0,1881.9999999999982,0.0737,10.125599999999993,-1.2151999999999998
E02000599,7060,4217.000000000001,2051.9999999999995,1217.0000000000018,0.07150000000000001,13.447933333333348,-1.27
E02000600,8481,5496.0,1377.0,1851.9999999999995,0.1328,17.46113333333334,-0.8698
E02000601,12023,7940.999999999996,1751.9999999999998,2725.0,0.10557142857142857,14.717523809523799,-0.9501428571428571
E02000602,10438,7303.999999999999,1431.9999999999995,1961.0000000000023,0.1904,21.572866666666677,-0.2313999999999999
E02000603,8711,5824.0,1373.9999999999986,1752.0000000000018,0.19880000000000003,18.08926666666666,-0.3334
E02000604,9103,5823.0,1757.0000000000002,1945.0,0.13130000000000003,17.71913333333334,-1.1098000000000001
E02000605,8478,5210.999999999999,1991.9999999999977,1703.9999999999993,0.1186,14.778400000000019,-0.7068
E02000606,10873,8170.999999999998,1607.0000000000018,1524.9999999999977,0.0889,15.564533333333321,-1.052
E02000607,7070,4750.000000000001,1210.9999999999986,1330.9999999999998,0.083125,13.655833333333325,-1.06125
E02000608,6942,5173.0,1005.9999999999986,1000.0000000000002,0.1195,18.526749999999975,-0.67125
E02000609,7555,4667.0,1962.9999999999995,1376.0000000000014,0.1483,16.06006666666668,-0.629
E02000610,8032,5659.0,1436.9999999999998,1272.0,0.1404,15.84233333333332,-0.40359999999999996
E02000611,7450,4364.999999999998,2066.9999999999995,1465.0000000000011,0.06139999999999999,8.082999999999991,-1.3792
E02000612,8312,4933.999999999997,2333.0000000000005,1508.9999999999986,0.093,11.634266666666687,-1.1546
E02000613,8203,5204.000000000002,1521.0000000000023,1771.999999999999,0.11679999999999999,15.43933333333332,-0.7194
E02000614,9562,6266.000000000001,1736.0000000000018,1962.0000000000018,0.1742,17.43246666666668,-0.562
E02000615,7805,4933.999999999998,1755.0000000000005,1534.999999999999,0.11610000000000001,15.768866666666678,-0.7667999999999999
E02000616,6063,3912.0000000000005,1292.000000000001,1184.0000000000005,0.10137499999999999,12.546166666666675,-0.802
E02000617,8777,5639.000000000002,1873.999999999999,1750.9999999999995,0.159,16.282600000000002,-0.334
E02000619,9119,6555.999999999999,1517.0000000000011,1464.9999999999993,0.2488,27.39119999999998,0.2298
E02000620,10074,7824.0,1444.0000000000005,1232.0000000000005,0.21633333333333338,29.218055555555566,-0.01566666666666665
E02000621,13623,11391.0,1458.0000000000005,1225.0000000000007,0.15968749999999998,24.32791666666667,-0.16075
E02000622,8327,6565.000000000004,1114.9999999999998,1034.9999999999995,0.1956,29.1085333333333,0.08360000000000001
E02000623,7859,5751.0,1242.0000000000002,1224.9999999999993,0.2392,27.008200000000024,0.16119999999999998
E02000624,9457,7429.999999999999,1051.9999999999995,1324.0000000000014,0.21959999999999996,25.06633333333334,0.22960000000000003
E02000625,9189,7022.0,945.0000000000011,1551.0000000000011,0.23789999999999994,27.32093333333332,0.2894
E02000626,8059,5978.0,1026.0,1421.9999999999998,0.3125,31.326,0.441
E02000627,9521,7448.0,1185.9999999999993,1226.9999999999982,0.19729999999999998,27.28526666666668,0.155
E02000628,10745,8244.0,1457.9999999999989,1495.0,0.2578333333333333,27.484055555555567,0.35333333333333333
E02000629,9026,7369.999999999997,1082.0000000000005,963.9999999999989,0.1474,26.7588,0.11720000000000001
E02000630,7486,5900.999999999999,1051.9999999999986,870.9999999999987,0.14120000000000002,24.938333333333322,-0.1266
E02000631,9486,6991.000000000001,1267.0000000000011,1551.9999999999984,0.15820000000000004,28.03599999999998,-0.17920000000000003
E02000632,9443,8234.000000000002,808.0000000000006,705.0000000000006,0.1167,26.02053333333334,-0.0512
E02000633,8943,6991.0,1138.0000000000002,1211.0000000000002,0.2184,26.86193333333332,0.3444
E02000634,6811,5204.999999999999,1059.0000000000002,870.9999999999994,0.21475,26.46058333333332,0.38649999999999995
E02000635,9663,7620.999999999998,1118.9999999999986,1335.0000000000007,0.19519999999999998,23.710400000000018,0.19000000000000006
E02000636,7799,5926.0,943.9999999999989,1223.9999999999998,0.0902,22.23253333333332,-0.325
E02000637,8275,6613.999999999997,970.0,981.9999999999989,0.1451,26.949466666666684,-0.022199999999999998
E02000638,10244,7900.999999999997,1215.9999999999998,1479.999999999999,0.18860000000000002,25.792533333333317,0.2048
E02000639,8119,6301.0,1012.0000000000013,1141.0000000000018,0.2164,25.936200000000003,0.024599999999999997
E02000640,9012,6772.0,1053.0000000000005,1470.9999999999995,0.12208333333333334,19.092055555555564,-0.11233333333333333
E02000641,8418,5878.0,1121.0000000000002,1658.9999999999995,0.29619999999999996,25.098133333333337,0.4008
E02000642,9580,6683.000000000001,1665.000000000001,1652.9999999999993,0.1935,28.07319999999998,-0.1972
E02000643,9269,6986.0,1140.0000000000002,1441.0,0.16560000000000002,26.115666666666662,-0.08539999999999996
E02000644,8386,6002.999999999999,1140.9999999999995,1533.9999999999984,0.1774,26.829333333333317,-0.1718
E02000645,9410,6755.0,1308.000000000001,1774.9999999999995,0.181,27.224866666666664,-0.2052
E02000646,9721,7044.000000000001,1382.0000000000007,1613.9999999999998,0.15499999999999997,26.805333333333323,-0.3398
E02000647,8600,5724.000000000003,1560.9999999999993,1649.9999999999989,0.163,21.61246666666666,-0.2614
E02000648,7629,5050.0,1080.0000000000014,1714.0000000000005,0.31429999999999997,25.51926666666666,0.6300000000000001
E02000649,12255,9227.000000000002,1353.0000000000002,2035.0000000000007,0.21533333333333335,28.52472222222222,0.1703333333333333
E02000650,7452,5197.0,1126.0000000000016,1475.0,0.24860000000000002,24.60480000000002,0.1702
E02000651,8720,6116.999999999999,1485.9999999999989,1560.0000000000005,0.1863,28.0036,-0.24780000000000002
E02000652,7586,5068.999999999999,1465.0000000000002,1364.0000000000002,0.21550000000000002,26.17566666666668,-0.1718
E02000653,12599,9881.000000000002,983.000000000001,2023.0000000000002,0.18849999999999997,19.948380952380944,0.31199999999999994
E02000654,8648,6291.000000000002,952.9999999999991,1660.0,0.2915,29.382799999999996,0.5732
E02000655,10229,7697.000000000002,1011.9999999999995,1812.0,0.2037,27.874000000000002,0.2496
E02000657,9970,7593.0,1103.9999999999984,1550.0000000000018,0.18409999999999999,28.22446666666666,0.21600000000000003
E02000658,8587,6487.000000000001,1150.9999999999993,1355.999999999999,0.18449999999999997,25.48586666666666,-0.003600000000000014
E02000659,7962,5830.000000000001,1102.000000000002,1335.000000000001,0.1803,21.145733333333318,0.08800000000000001
E02000660,8130,6243.999999999999,810.9999999999999,1301.999999999999,0.16870000000000002,26.012266666666683,0.1494
E02000661,6634,4589.999999999999,1291.9999999999995,1065.9999999999984,0.14175000000000001,23.762666666666675,-0.5235000000000001
E02000662,7912,5701.0,947.9999999999986,1587.0,0.23640000000000003,24.041933333333322,0.3784
E02000663,6883,4977.000000000002,1084.0000000000007,1148.9999999999989,0.161,24.20383333333335,-0.1995
E02000665,8133,5578.0,1303.0000000000014,1564.9999999999986,0.184125,22.991333333333323,-0.22975
E02000666,7098,4905.0,1090.0000000000016,1343.0,0.17625000000000002,24.309833333333348,0.197
E02000667,6666,4491.999999999997,1049.9999999999993,1367.0000000000002,0.112375,22.203,-0.29000000000000004
E02000668,6789,4405.000000000001,1169.9999999999995,1498.9999999999998,0.153625,22.51816666666665,-0.2235
E02000669,7965,5674.0,1027.0,1579.000000000001,0.2081,23.62313333333334,0.32639999999999997
E02000670,6545,4580.999999999999,917.9999999999989,1271.0000000000005,0.27449999999999997,31.59925,0.368
E02000671,8557,5934.0,1260.9999999999993,1747.9999999999975,0.1659,21.556733333333337,-0.07340000000000005
E02000672,10047,7088.000000000002,1296.9999999999993,2021.999999999999,0.2520833333333333,31.406277777777785,0.34349999999999997
E02000673,8037,5723.000000000001,1239.0000000000005,1476.000000000001,0.1429,22.95073333333334,-0.379
E02000674,8467,5687.0,1561.999999999999,1667.0000000000005,0.1861,25.40919999999998,0.055200000000000006
E02000675,8422,5482.000000000001,1842.0000000000007,1630.0000000000014,0.174,23.6256,-0.192
E02000676,7643,5328.0,1088.9999999999995,1562.0,0.168,22.960399999999982,-0.017400000000000006
E02000677,7334,4832.999999999999,1622.999999999999,1348.9999999999986,0.20775,26.93,0.081
E02000678,6881,4541.000000000001,1122.9999999999989,1550.9999999999986,0.28825,29.70191666666665,0.42950000000000005
E02000679,7994,5404.0,1198.999999999998,1712.9999999999989,0.24010000000000004,23.484600000000004,0.2538
E02000680,7064,4796.000000000002,1104.000000000001,1436.0000000000005,0.250625,20.805416666666652,0.36975
E02000681,8377,5516.0,1592.0,1706.9999999999982,0.2971,25.21833333333334,0.4758
E02000682,8956,5778.999999999998,1501.9999999999973,2026.0000000000005,0.30579999999999996,26.74133333333334,0.3286
E02000683,6818,4540.000000000002,1284.0000000000011,1311.9999999999995,0.273625,23.960000000000026,0.31999999999999995
E02000685,8110,5403.000000000002,1431.9999999999995,1622.0000000000007,0.23900000000000002,20.81133333333334,0.28379999999999994
E02000686,7342,4904.999999999999,1098.9999999999998,1676.0000000000014,0.3485,27.596333333333323,0.7055
E02000687,8253,5541.0,1520.9999999999995,1600.9999999999986,0.21980000000000005,25.17386666666668,0.20279999999999995
E02000689,9143,6189.000000000001,1230.0,2025.0000000000005,0.08508333333333333,16.3286111111111,-1.3611666666666666
E02000690,5555,3135.0,1891.999999999999,942.0,0.046375000000000006,13.123083333333332,-1.8115
E02000691,7207,5004.0,1175.9999999999998,1358.000000000002,0.10959999999999999,17.916466666666658,-1.0086
E02000692,7610,4960.0,1848.9999999999993,1235.999999999999,0.057800000000000004,16.841866666666682,-1.6404
E02000693,9909,7565.999999999999,1181.0000000000007,1510.0000000000014,0.11574999999999998,16.821166666666667,-0.79
E02000694,9049,6401.000000000001,1213.0000000000011,1794.0000000000002,0.0993,15.411200000000019,-1.0054
E02000695,8687,5944.000000000001,1589.000000000001,1544.9999999999993,0.1658,22.94393333333334,-0.5607999999999999
E02000696,8485,6236.000000000001,1006.9999999999995,1564.0000000000014,0.191,21.45406666666668,-0.4936
E02000697,8554,6251.0,1013.9999999999985,1549.9999999999984,0.06770000000000001,15.21373333333334,-1.2888000000000002
E02000698,8301,4985.999999999999,1914.0000000000005,1743.999999999999,0.058600000000000006,14.49773333333332,-1.7698
E02000699,8234,5368.999999999999,1415.9999999999995,1766.0000000000014,0.06420000000000001,14.73793333333332,-1.4624000000000001
E02000700,8557,5957.0,1175.0000000000014,1764.000000000001,0.2673,21.88166666666666,-0.009000000000000013
E02000701,8900,5960.000000000002,1598.9999999999982,1722.9999999999998,0.21800000000000003,24.06180000000002,-0.4554
E02000702,9305,6088.999999999999,1363.0000000000002,2164.999999999998,0.23679999999999995,22.53406666666668,-0.10700000000000001
E02000703,7979,4844.999999999999,1949.9999999999989,1557.9999999999995,0.06659999999999999,10.217466666666667,-1.3983999999999999
E02000704,8790,6003.0,1522.0000000000005,1633.9999999999982,0.1437,17.99553333333332,-0.7504
E02000705,9365,6208.000000000001,1787.0000000000023,1780.000000000002,0.1826,17.010733333333338,-0.3818
E02000706,10012,6613.000000000001,1383.9999999999977,2335.9999999999995,0.2886,25.132866666666654,0.1402
E02000707,8345,5513.0,1392.999999999999,1826.0000000000005,0.2667,23.68793333333334,0.0118
E02000708,8902,5728.999999999997,1762.0000000000007,1813.9999999999984,0.10819999999999999,13.878133333333327,-1.0832000000000002
E02000709,7998,4908.0,1985.0000000000005,1554.9999999999998,0.0795,9.329733333333332,-1.3794
E02000710,9355,6006.000000000002,1960.0000000000036,1821.0000000000005,0.2223,23.755599999999998,-0.1926
E02000711,9361,6419.999999999998,1347.0000000000005,1915.0000000000014,0.2102,22.28913333333334,-0.47640000000000005
E02000712,9705,6374.000000000003,1771.0,1985.999999999999,0.2165,19.660199999999996,-0.21159999999999995
E02000713,7813,4850.999999999999,1848.9999999999989,1513.9999999999982,0.1008,14.4064,-1.0142
E02000714,7716,5342.0,1032.9999999999998,1604.0,0.25675,32.779333333333355,-0.04649999999999999
E02000715,7322,4622.000000000001,879.9999999999995,1946.000000000002,0.360625,36.24866666666665,0.241
E02000716,7320,4818.999999999999,951.0000000000005,1726.0000000000014,0.309875,37.07633333333335,0.26025
E02000717,8265,5424.999999999999,977.0000000000028,2032.0000000000005,0.32799999999999996,36.89616666666667,0.027499999999999997
E02000718,7274,4686.000000000001,786.0000000000007,1875.0,0.375625,33.71158333333335,0.48749999999999993
E02000719,8011,5766.0,977.0000000000014,1490.9999999999984,0.265375,31.39658333333335,0.14500000000000002
E02000720,7718,5207.999999999998,1127.0000000000005,1719.9999999999982,0.22974999999999998,35.740333333333325,-0.07024999999999998
E02000721,9701,6475.0,1118.0000000000016,2306.000000000001,0.3268,41.595533333333336,0.12279999999999998
E02000722,8273,6129.000000000001,1017.9999999999992,1414.9999999999984,0.26449999999999996,33.04266666666665,0.22199999999999998
E02000723,11383,7716.999999999998,1717.9999999999995,2402.000000000001,0.2374,39.09193333333332,-0.1836
E02000724,10130,6718.999999999999,1274.0000000000014,2421.999999999999,0.25749999999999995,38.60079999999998,-0.2854
E02000725,10009,7472.999999999997,1102.0000000000002,1773.0,0.24010000000000004,32.36653333333332,0.0316
E02000727,8690,5877.999999999998,1014.0000000000002,1985.0000000000016,0.28337500000000004,41.52683333333335,-0.09650000000000002
E02000728,8622,6008.000000000001,993.0000000000001,1826.000000000001,0.2822,38.7996,-0.0934
E02000729,7285,4919.0,1060.0,1549.0000000000007,0.24775,32.89291666666667,-0.10299999999999998
E02000730,10093,6860.999999999998,1441.9999999999975,2155.999999999997,0.23662500000000003,37.822166666666675,-0.27725
E02000731,10217,6811.999999999998,1360.9999999999995,2297.0,0.3085,41.37326666666666,-0.14040000000000002
E02000732,9187,6304.000000000001,997.9999999999989,2052.9999999999995,0.31775,36.4335,-0.024500000000000004
E02000733,10033,7131.999999999998,1281.9999999999984,1905.9999999999995,0.273,32.121200000000016,0.15460000000000002
E02000734,7279,5155.000000000002,943.0000000000001,1389.0000000000002,0.30012500000000003,31.766999999999975,0.27575
E02000735,8801,5874.999999999998,1133.0000000000011,1966.9999999999998,0.2837,35.01986666666666,0.029600000000000008
E02000736,9237,6019.000000000003,957.0000000000003,2393.000000000002,0.3316,37.46286666666668,0.3026
E02000737,10526,6996.000000000002,1239.0000000000002,2549.000000000002,0.2927,34.92953333333331,0.22539999999999996
E02000738,9769,6611.000000000001,979.9999999999989,2336.000000000001,0.24080000000000004,36.63926666666664,-0.27
E02000739,7786,5446.0,914.0000000000014,1629.0000000000023,0.26425,33.65474999999998,0.23625
E02000740,6777,4938.000000000001,822.0000000000006,1253.0000000000014,0.29874999999999996,28.81825,0.5505
E02000741,8405,5592.999999999999,1101.0000000000005,1956.0000000000007,0.29162499999999997,37.05083333333333,0.20525
E02000742,8632,5602.0,950.0000000000009,2191.000000000001,0.2955,33.81716666666668,0.31399999999999995
E02000743,10438,7457.0,1167.0000000000014,2033.9999999999977,0.312875,32.835750000000004,0.34325000000000006
E02000744,9309,6399.0,1040.0000000000007,2116.9999999999986,0.29925,35.788083333333326,0.3405
E02000745,8545,6036.999999999999,1018.0000000000005,1775.9999999999975,0.2732,27.747933333333343,0.2332
E02000746,9606,7103.000000000001,903.999999999999,1842.0000000000005,0.28875,24.621055555555547,0.40383333333333343
E02000747,13801,10703.999999999998,1191.9999999999993,2222.0,0.23243749999999996,27.055916666666672,0.05524999999999999
E02000748,6265,4371.0,768.9999999999989,1327.0000000000007,0.25512500000000005,24.055666666666678,0.30175
E02000749,9855,6805.999999999996,1200.999999999999,2102.000000000003,0.3179,31.968733333333347,0.46319999999999995
E02000751,11255,6647.0,3206.999999999999,2063.9999999999977,0.07335714285714286,15.764190476190487,-1.4134285714285713
E02000752,8965,5852.000000000002,1313.0000000000014,2074.000000000001,0.2345,22.451249999999973,0.215
E02000753,6955,4451.0,1174.0000000000014,1582.9999999999993,0.22087500000000002,24.770249999999997,0.020499999999999997
E02000754,6585,4342.999999999998,1297.9999999999995,1284.0000000000023,0.145,18.96375,-0.76675
E02000755,5473,3543.0,1184.9999999999993,1063.9999999999982,0.15983333333333336,20.7378888888889,-0.5926666666666668
E02000756,14771,9587.999999999996,2645.0000000000005,3179.999999999998,0.15492857142857144,21.62657142857143,-0.6281428571428572
E02000757,12110,7982.000000000003,2359.000000000002,2410.0000000000014,0.103,17.1138095238095,-1.0274285714285714
E02000758,6803,4317.0,1409.999999999999,1404.9999999999986,0.16825,15.106750000000002,-0.5192500000000001
E02000759,12945,8432.0,2095.9999999999986,2907.000000000001,0.15221428571428572,22.48633333333333,-0.8220000000000001
E02000760,7580,4787.000000000001,1471.9999999999995,1630.9999999999993,0.22925,20.239583333333325,-0.29274999999999995
E02000762,6738,4369.0,1563.0000000000011,1229.0000000000005,0.12675,16.277416666666674,-0.98975
E02000763,7913,5221.999999999999,1359.999999999999,1627.0,0.17975,21.573750000000025,-0.27725000000000005
E02000764,12219,7877.999999999997,3033.9999999999995,2101.9999999999995,0.1007857142857143,16.799000000000014,-0.747
E02000765,7722,5027.000000000002,1266.0,1733.0000000000007,0.16324999999999998,18.866083333333325,-0.7682499999999999
E02000767,8783,5557.999999999999,1542.0000000000016,1979.9999999999998,0.17025,18.602500000000003,-0.5812499999999999
E02000768,5780,3483.999999999999,1405.9999999999986,1190.999999999999,0.081,14.741166666666675,-1.1595
E02000770,8021,5271.000000000001,1380.9999999999982,1670.9999999999982,0.213375,24.39283333333335,-0.51325
E02000772,8455,5513.000000000002,1167.000000000001,1985.9999999999998,0.22712500000000002,29.194416666666648,-0.26049999999999995
E02000773,10789,7082.0,1477.9999999999998,2467.999999999999,0.21280000000000002,20.85106666666668,-0.7238
E02000774,8348,5373.0,1219.0,1991.9999999999993,0.2285,27.750750000000025,-0.5045
E02000776,7061,4616.999999999999,1063.9999999999977,1619.0000000000005,0.24550000000000002,23.220916666666675,-0.56275
E02000777,6112,3793.9999999999995,1400.9999999999993,1345.9999999999995,0.13,17.63683333333335,-0.747
E02000779,8723,5735.000000000002,1135.0,2057.9999999999986,0.32975,32.92541666666668,0.18374999999999997
E02000781,16307,10217.999999999998,2538.999999999999,3934.9999999999995,0.2045714285714286,23.854238095238088,-0.7437142857142858
E02000782,11825,7812.000000000002,1082.9999999999989,3064.9999999999977,0.30164285714285716,32.11842857142857,-0.03599999999999999
E02000783,7411,4838.000000000001,766.0000000000011,1933.9999999999984,0.33399999999999996,29.445333333333352,-0.13175
E02000784,9916,6048.000000000001,2566.000000000002,1881.0000000000005,0.09771428571428573,16.423238095238087,-1.5658571428571428
E02000785,9755,6195.0,2327.999999999999,1786.000000000002,0.05408333333333334,20.663111111111117,-2.0561666666666665
E02000786,11360,7172.000000000002,2185.0,2544.999999999999,0.107,18.0594761904762,-1.433
E02000787,12227,8053.999999999997,2253.0000000000027,2460.0,0.12592857142857145,18.754,-1.025
E02000788,8998,5524.0,1867.0000000000005,2044.999999999998,0.0639,20.61953333333334,-1.8504
E02000789,6387,4074.0,1511.9999999999989,1170.0000000000005,0.098375,18.91391666666665,-1.5117500000000001
E02000790,6562,4326.999999999999,1072.9999999999993,1427.0000000000005,0.048875,15.475083333333323,-1.847
E02000791,6545,4314.0,1399.9999999999995,1198.9999999999989,0.0485,18.730833333333347,-2.10375
E02000792,7109,4439.000000000003,1645.9999999999993,1344.0000000000005,0.051000000000000004,15.153166666666667,-1.88675
E02000793,8133,5127.0,1892.0000000000011,1560.0,0.1265,17.2404,-0.8987999999999999
E02000794,7048,4478.999999999998,1377.9999999999982,1496.0000000000011,0.06675,13.08825,-1.6655000000000002
E02000795,6910,3837.0,1740.0000000000007,1607.0000000000007,0.062125,16.731,-1.8749999999999998
E02000796,11101,6825.999999999999,2417.000000000001,2362.9999999999973,0.18100000000000002,19.430833333333336,-0.7126666666666667
E02000797,7942,5314.000000000001,1314.0000000000014,1612.9999999999973,0.07087500000000001,15.385999999999978,-1.4857500000000001
E02000798,11254,7013.0,2066.000000000001,2595.9999999999977,0.1062142857142857,15.3202380952381,-1.0357142857142858
E02000799,6660,4210.0,1442.9999999999989,1212.9999999999986,0.066,14.180833333333325,-1.7342499999999998
E02000800,5385,3199.999999999999,1253.0000000000005,1200.000000000001,0.16116666666666665,12.305777777777791,-0.8933333333333332
E02000801,7150,4517.000000000002,1492.0000000000005,1523.0000000000023,0.074625,12.745166666666657,-1.354
E02000802,7076,4357.999999999998,1751.0000000000014,1371.9999999999993,0.0795,13.172833333333326,-1.28025
E02000803,9788,5886.999999999997,2487.0000000000005,1950.0000000000014,0.17,12.96422222222222,-0.5671666666666667
E02000804,6995,4528.999999999999,1682.0000000000007,1225.0,0.07725,14.860999999999976,-1.44725
E02000805,10624,6709.000000000002,2610.999999999999,1935.9999999999977,0.10233333333333333,13.134277777777783,-1.1571666666666667
E02000806,10240,6207.999999999999,2678.0000000000005,1961.0,0.08891666666666666,12.684388888888895,-1.2808333333333333
E02000807,8294,6590.0,903.0000000000007,1119.0000000000005,0.1255,14.17686666666666,-0.1784
E02000808,11037,9284.0,1200.000000000001,905.9999999999998,0.1366666666666667,23.048277777777784,0.040999999999999995
E02000810,11699,8821.0,1316.0000000000016,1955.0000000000005,0.2287142857142857,22.723809523809514,0.26257142857142857
E02000812,11088,8429.0,1393.9999999999989,1673.000000000003,0.21141666666666667,24.904111111111117,0.4151666666666667
E02000813,10323,7802.0,1211.9999999999993,1680.999999999999,0.22799999999999998,23.1586,0.43439999999999995
E02000814,10449,8261.0,1122.0000000000005,1482.9999999999995,0.1437,14.738,-0.071
E02000815,8375,7069.999999999998,529.0000000000007,933.0000000000002,0.1446,26.03999999999998,0.06040000000000002
E02000816,9705,7263.0,1120.9999999999989,1632.0000000000023,0.24889999999999998,27.00899999999998,0.6365999999999999
E02000817,6958,4883.0,1158.0000000000016,1221.9999999999995,0.29675,26.288999999999998,0.71225
E02000818,10288,8127.0,1157.000000000001,1326.0000000000002,0.20533333333333334,24.467222222222233,0.30149999999999993
E02000819,8548,6308.0,1106.000000000001,1502.9999999999995,0.25989999999999996,28.6552,0.4194
E02000820,9402,7306.0,1072.000000000001,1324.9999999999998,0.22549999999999995,25.315555555555566,0.4438333333333333
E02000821,9142,6470.999999999998,1064.999999999998,1851.999999999999,0.24570000000000003,34.39966666666666,0.1728
E02000822,6673,4829.999999999998,833.9999999999993,1256.0000000000005,0.287,26.341749999999976,0.454
E02000823,8681,6552.000000000001,1194.9999999999986,1314.0000000000005,0.2386,27.14553333333334,0.2378
E02000824,10046,7043.999999999999,1374.0000000000002,1981.999999999999,0.29369999999999996,25.94866666666668,0.271
E02000825,10231,7331.000000000003,1377.0,1945.9999999999993,0.27349999999999997,23.54133333333332,0.3556
E02000826,9956,7289.999999999997,1374.0000000000005,1605.0,0.2238,23.5978,0.1416
E02000827,11452,8342.999999999996,1591.0000000000018,1937.9999999999984,0.242,29.142166666666668,0.2141666666666667
E02000828,9061,6762.000000000001,1106.0000000000007,1534.0,0.2721,29.80506666666664,0.3008
E02000829,10855,7914.999999999999,1675.9999999999995,1774.9999999999986,0.24770000000000003,27.104599999999998,0.5902000000000001
E02000830,9160,7001.0,1303.0000000000005,1268.000000000002,0.14179999999999998,26.750333333333323,-0.1398
E02000831,9490,6972.000000000004,1299.0000000000007,1610.999999999999,0.17560000000000003,26.3944,-0.007399999999999995
E02000832,9616,6844.000000000002,1600.0000000000018,1622.0000000000014,0.2569,24.54099999999998,0.41319999999999996
E02000833,7324,5192.999999999999,964.0000000000002,1433.9999999999998,0.19080000000000003,25.859933333333338,0.0258
E02000834,9275,6831.999999999998,1294.0,1592.999999999998,0.12450000000000001,25.20333333333336,-0.1276
E02000835,7632,5159.0,1119.0000000000011,1721.999999999998,0.15862500000000002,21.851583333333323,-0.17725
E02000836,8416,5782.0,1331.9999999999986,1685.9999999999998,0.1089,27.56846666666666,-0.47240000000000004
E02000837,8642,5207.999999999999,1992.9999999999989,1916.9999999999984,0.0651,25.47066666666666,-1.3794
E02000838,9565,6659.000000000002,1508.0,1826.0000000000014,0.13699999999999998,24.496933333333338,-0.35619999999999996
E02000839,8330,5233.000000000002,1568.0,1828.9999999999995,0.164,22.3512,-0.5207999999999999
E02000840,9250,6056.0,1249.0000000000007,2241.9999999999995,0.2687,25.15993333333334,0.45640000000000003
E02000841,9162,6084.000000000001,1399.0000000000018,2014.0000000000023,0.26660000000000006,24.28946666666664,0.1272
E02000842,8400,5155.0,1995.9999999999984,1701.999999999999,0.09869999999999998,16.85333333333334,-0.8958
E02000843,9638,6476.0,1276.9999999999993,2236.999999999999,0.14375,16.50522222222222,-0.266
E02000844,8757,5640.999999999998,1572.9999999999982,1891.0000000000007,0.1857,20.392599999999998,-0.017200000000000003
E02000845,9421,5987.999999999999,1646.000000000001,2164.000000000001,0.11789999999999998,13.652733333333321,-0.9212
E02000846,7669,4732.0,1703.9999999999998,1576.0000000000007,0.101125,16.92516666666665,-0.85825
E02000847,9477,5695.000000000003,2452.0000000000014,1850.999999999999,0.08833333333333333,12.04855555555556,-1.0246666666666668
E02000848,8180,5036.999999999999,1797.0000000000002,1725.9999999999995,0.07769999999999999,14.94213333333334,-1.2052
E02000849,8152,5129.000000000001,1614.0000000000011,1756.0,0.14300000000000002,17.83686666666666,-0.3976
E02000850,10884,6921.999999999999,2312.000000000001,2159.999999999999,0.122,16.397476190476187,-0.6255714285714287
E02000851,12051,8003.0,1681.0000000000014,2731.0,0.206,17.99711111111112,-0.07633333333333332
E02000852,8136,5164.999999999999,1530.9999999999989,1763.0000000000005,0.1119,16.606666666666662,-0.7552
E02000853,8043,5036.999999999998,1482.0000000000016,1856.999999999998,0.1397,18.15113333333332,-0.6368
E02000854,7507,4731.0,1659.0000000000014,1543.0,0.1048,18.40246666666668,-0.7974
E02000855,8167,4837.0,2228.9999999999986,1596.0000000000014,0.07169999999999999,12.945000000000007,-1.1465999999999998
E02000856,9356,5881.999999999998,2044.0000000000032,1935.999999999999,0.12149999999999998,16.781733333333335,-0.79
E02000857,9070,5947.999999999998,1776.0000000000011,1734.0000000000007,0.1264,15.87526666666668,-0.7274
E02000858,8599,5426.999999999999,1372.0,2039.0000000000011,0.30800000000000005,25.571733333333363,0.3898
E02000859,8536,4945.999999999997,2278.0000000000014,1717.9999999999998,0.13999999999999999,14.408333333333355,-0.4808
E02000860,8843,5827.0,1505.0000000000014,1851.0,0.20540000000000003,18.011133333333323,-0.1066
E02000861,7605,4445.0,2263.000000000002,1414.0000000000018,0.058699999999999995,9.898399999999999,-1.2171999999999996
E02000863,6759,4049.0000000000005,1879.0000000000002,1255.9999999999993,0.102375,12.193999999999999,-1.01675
E02000864,11531,8394.999999999998,1310.0000000000007,2094.000000000002,0.26091666666666663,23.341111111111115,0.41050000000000003
E02000865,8116,5959.0,894.0000000000002,1494.999999999999,0.3211,30.33566666666666,0.8206
E02000866,11036,8095.000000000001,1535.0000000000016,1800.9999999999977,0.20329999999999998,25.2668,-0.06639999999999999
E02000867,11776,9430.999999999998,836.0,1746.0000000000007,0.22014285714285714,24.967571428571414,0.43642857142857144
E02000868,7306,5661.999999999999,659.0,1122.9999999999989,0.24725000000000003,28.307916666666678,0.40275
E02000869,6040,4416.999999999999,789.9999999999984,1032.999999999999,0.28450000000000003,26.84500000000003,0.4713333333333333
E02000870,6352,4621.000000000002,756.9999999999995,1117.999999999998,0.31375,29.836833333333352,0.601
E02000871,11801,8469.999999999998,911.0,2598.0,0.35635714285714276,28.95366666666667,0.6322857142857143
E02000872,8205,6381.0,612.0000000000002,1278.9999999999984,0.2967000000000001,32.77546666666668,0.6639999999999999
E02000873,10614,8037.000000000002,671.0,1917.000000000001,0.28725,29.317833333333326,0.28900000000000003
E02000874,7805,5763.0,658.0000000000002,1529.0000000000007,0.35574999999999996,33.49225,0.56225
E02000875,13949,10156.999999999998,1050.0,2833.000000000001,0.3355714285714285,28.223809523809546,0.4769999999999999
E02000876,7450,5782.0,603.9999999999998,1291.0000000000005,0.32675,34.67291666666665,0.5935
E02000877,14057,10307.999999999998,966.9999999999994,2897.0,0.30014285714285716,27.04280952380953,0.4965714285714285
E02000878,10989,8777.999999999998,959.0000000000007,1479.0000000000018,0.2702,31.05993333333334,0.5940000000000001
E02000879,8707,6054.000000000001,1223.9999999999986,1607.9999999999986,0.34675,30.46783333333335,0.68725
E02000880,6866,5057.999999999999,527.9999999999999,1368.9999999999995,0.34225000000000005,33.97291666666667,0.68325
E02000881,10946,7800.999999999998,839.0000000000009,2447.9999999999977,0.3353,26.707466666666658,0.49219999999999997
E02000882,11683,8177.999999999997,1046.999999999999,2521.999999999998,0.335,30.040888888888883,0.7159999999999999
E02000883,9721,6523.999999999998,937.9999999999999,2319.9999999999977,0.3822,31.12506666666666,0.7638
E02000884,14587,11903.000000000002,734.0000000000014,1986.0000000000011,0.20864285714285716,27.741238095238106,0.03685714285714286
E02000885,7274,4911.0,966.9999999999991,1561.000000000001,0.40725,36.75758333333335,0.59775
E02000886,9905,7641.0,724.0000000000002,1686.0000000000005,0.2239,24.72806666666668,0.09739999999999999
E02000887,11075,7957.0,823.9999999999999,2417.0000000000005,0.35591666666666666,29.126722222222238,0.7255000000000001
E02000888,8686,6515.000000000002,700.0,1654.9999999999986,0.2651,29.2048,0.3454
E02000889,9392,7264.000000000002,791.9999999999992,1509.9999999999989,0.2117,21.700600000000016,0.04579999999999999
E02000890,5793,4658.000000000001,855.0000000000008,610.0,0.09566666666666668,17.36,-0.6773333333333333
E02000893,7689,5470.0,1060.000000000001,1415.9999999999982,0.272625,24.290499999999973,0.11475
E02000894,11125,8454.0,935.9999999999995,1981.9999999999995,0.17441666666666664,19.150888888888897,-0.12233333333333334
E02000895,8375,5023.000000000001,2295.9999999999995,1532.000000000002,0.18340000000000004,19.918,-0.32720000000000005
E02000896,9326,5737.999999999999,2466.0,1655.9999999999984,0.1365,18.570133333333338,-0.6118
E02000897,8438,5363.000000000001,1839.9999999999989,1627.9999999999998,0.227,22.747000000000003,0.028200000000000003
E02000898,7932,4854.000000000002,2060.0,1497.999999999999,0.1998,18.457666666666682,-0.20099999999999998
E02000899,8782,5566.0,2001.0000000000014,1682.999999999999,0.1655,23.644199999999977,-0.4264
E02000900,9006,5723.999999999996,1685.0000000000005,1964.0000000000002,0.2294,23.849133333333338,-0.04880000000000001
E02000901,10311,6779.000000000001,2019.0,2055.9999999999995,0.12583333333333332,18.289444444444452,-0.7163333333333334
E02000902,9740,6285.0,1495.9999999999984,2323.9999999999986,0.21369999999999995,21.29666666666668,-0.3316
E02000903,10152,6818.000000000002,1293.9999999999998,2304.0,0.2929,23.131333333333338,0.22400000000000003
E02000904,8396,5751.000000000003,1211.0,1734.9999999999995,0.1795,24.744999999999997,-0.399
E02000905,10307,6855.0,1304.0000000000036,2439.999999999999,0.19319999999999998,23.22,-0.2398
E02000906,9544,6675.0,1102.0000000000005,1995.9999999999984,0.2435,25.5964666666667,-0.14900000000000002
E02000907,10523,7168.999999999999,1276.0000000000014,2348.0000000000014,0.31916666666666665,28.035499999999985,0.4136666666666666
E02000908,13490,10071.999999999998,1283.0000000000016,2448.000000000001,0.2114166666666667,23.906222222222215,-0.16433333333333333
E02000909,9184,6295.0,1282.0000000000007,1999.0000000000025,0.1668,22.292599999999982,-0.3484
E02000910,11168,7965.000000000002,1459.0000000000005,2144.0000000000014,0.19816666666666669,25.157444444444433,-0.14366666666666664
E02000911,12842,9169.999999999998,1377.0000000000018,2578.9999999999995,0.23070000000000004,28.775066666666664,-0.0772
E02000912,9609,6611.0,1336.0000000000018,1971.0,0.22549999999999998,27.840600000000002,-0.23020000000000002
E02000913,9595,6268.000000000002,1469.9999999999998,2122.0,0.19140000000000001,26.43526666666666,-0.19820000000000002
E02000914,11715,8090.0,1425.999999999999,2557.9999999999986,0.3006666666666667,33.627444444444464,0.3056666666666667
E02000915,7863,5574.999999999999,1259.000000000001,1395.9999999999993,0.18670000000000003,25.7894,-0.11039999999999998
E02000916,10612,7627.000000000002,1209.9999999999998,2129.999999999999,0.22430000000000003,31.17693333333334,-0.1036
E02000917,9432,6925.000000000001,965.0000000000016,1837.999999999999,0.19419999999999998,24.93793333333334,-0.0782
E02000918,9128,6512.0,1205.0000000000005,1802.9999999999995,0.2178,25.599933333333336,0.06740000000000002
E02000919,9214,6689.000000000002,1135.9999999999986,1659.0000000000011,0.1708,27.858133333333342,-0.28200000000000003
E02000920,10293,7286.000000000001,1388.0000000000007,1976.9999999999995,0.2565,28.392000000000003,0.030600000000000006
E02000921,11057,7958.000000000002,1419.0000000000005,2060.000000000002,0.27391666666666664,30.012,0.22066666666666668
E02000922,10278,7237.0,1342.999999999999,2100.9999999999973,0.2195,30.526666666666667,0.12833333333333333
E02000923,7655,5302.999999999998,1720.999999999999,1002.0000000000002,0.097375,21.525083333333328,-1.0852499999999998
E02000925,7966,5753.999999999997,1188.9999999999995,1396.0000000000016,0.223,22.688583333333323,0.017000000000000008
E02000926,12201,9585.0,1398.999999999999,1649.9999999999977,0.11421428571428573,17.977761904761902,-0.5728571428571428
E02000927,7105,5338.0,1077.999999999999,966.0000000000005,0.206125,28.265583333333353,0.12975
E02000928,8271,5826.000000000001,1466.9999999999986,1352.0000000000007,0.0756,22.56473333333336,-1.3316
E02000929,8082,5722.999999999997,1089.0000000000011,1496.9999999999995,0.30474999999999997,25.048916666666674,0.4095
E02000930,10248,8385.000000000002,988.0000000000003,1215.0000000000007,0.0897,26.359266666666677,-0.7388
E02000931,8910,6554.0,895.9999999999989,1706.000000000001,0.041600000000000005,24.43533333333334,-1.1836
E02000932,13019,10221.0,1437.999999999999,1741.0000000000002,0.0734375,19.783458333333336,-1.141875
E02000933,8871,6235.0,1727.0000000000002,1332.000000000001,0.0843,19.60720000000002,-1.2406000000000001
E02000934,9069,7252.999999999996,1066.9999999999993,1047.9999999999993,0.1038,20.43433333333332,-0.5122000000000001
E02000935,7470,4993.0,1032.999999999999,1604.9999999999995,0.31475,24.000166666666676,0.16999999999999998
E02000936,9483,7212.000000000004,1405.9999999999995,1194.0000000000011,0.1173,18.95873333333332,-0.8666
E02000937,8028,5564.999999999998,1005.9999999999998,1740.9999999999993,0.060899999999999996,19.58606666666666,-1.0674
E02000938,10871,7190.999999999998,2020.0000000000018,2100.999999999999,0.2206,17.62660000000002,-0.292
E02000939,7700,4914.999999999998,1336.000000000001,1752.9999999999989,0.058899999999999994,19.144133333333322,-1.3138
E02000940,9359,7167.0,949.0,1449.9999999999998,0.20649999999999996,19.828200000000002,-0.3722
E02000941,10145,7366.0,1276.9999999999998,1866.9999999999977,0.10091666666666665,17.836555555555567,-0.6053333333333334
E02000942,9707,6648.000000000002,1682.999999999999,1810.000000000001,0.07283333333333332,17.768833333333333,-1.4011666666666667
E02000943,8726,6657.999999999997,1137.0,1224.0000000000011,0.08349999999999999,17.306800000000003,-0.8664
E02000944,7682,5360.0,1100.9999999999995,1484.000000000001,0.29962500000000003,18.951249999999998,0.23500000000000004
E02000945,8018,5542.999999999998,1156.0000000000018,1558.0000000000002,0.3155,25.149333333333328,0.32175000000000004
E02000946,8403,6419.0,948.9999999999995,1308.9999999999998,0.1438,19.22173333333334,-0.11760000000000001
E02000947,9330,6698.999999999996,1176.9999999999989,1826.9999999999989,0.0752,14.47453333333334,-1.2222000000000002
E02000948,9870,7683.0,1165.9999999999995,1317.9999999999995,0.09575,17.553944444444436,-0.5613333333333334
E02000949,9919,7342.000000000003,1542.0,1447.9999999999993,0.06891666666666667,16.17705555555555,-0.9649999999999999
E02000950,7572,5276.000000000001,1244.999999999999,1344.0,0.18109999999999998,16.813866666666637,-0.5676
E02000951,6423,4959.0,915.9999999999989,817.0000000000008,0.12687500000000002,18.759833333333326,-0.336
E02000952,6077,4572.000000000002,843.0000000000015,894.9999999999994,0.133875,17.739666666666675,-0.4375
E02000953,7459,5644.0,712.9999999999994,1275.999999999999,0.10125,18.283083333333323,-0.5780000000000001
E02000954,6124,4360.0,1008.9999999999986,956.9999999999995,0.135125,19.855916666666676,-0.74125
E02000955,6784,4922.0,995.0000000000006,1074.0000000000016,0.200125,23.71816666666665,-0.01299999999999999
E02000956,7382,5767.999999999998,794.0000000000007,1059.9999999999995,0.22437500000000002,22.954583333333325,0.11199999999999997
E02000957,10861,8122.0,1340.9999999999995,1756.9999999999989,0.1910833333333333,21.0158888888889,-0.07183333333333333
E02000958,8403,5488.000000000001,1627.9999999999989,1605.0000000000014,0.15360000000000001,20.46873333333332,-0.6148
E02000959,7812,5582.999999999997,1030.9999999999995,1492.9999999999989,0.24025000000000002,24.065916666666677,-0.09975000000000003
E02000960,6370,4338.0,1373.0000000000002,931.9999999999998,0.09799999999999999,23.209999999999997,-1.37975
E02000961,9996,7012.000000000002,1498.9999999999993,1813.9999999999995,0.1756,26.03966666666664,-1.0374
E02000962,7960,5616.000000000001,1641.9999999999989,1066.000000000002,0.1704,25.5768,-0.44539999999999996
E02000963,10393,7416.0,1793.999999999999,1719.9999999999986,0.3137,31.620333333333313,0.4298
E02000964,12131,8996.0,1972.9999999999989,1748.0000000000005,0.30675,30.232,0.5181666666666666
E02000965,7890,6183.999999999999,977.0000000000009,1082.9999999999993,0.1577,24.58806666666668,-0.205
E02000966,9400,6831.000000000002,1697.0000000000007,1304.0000000000014,0.1109,25.075133333333362,-1.0143999999999997
E02000967,6415,4947.000000000001,1076.0,641.0000000000007,0.073625,25.878666666666675,-1.2955
E02000968,14809,10430.0,2513.0000000000005,2410.999999999998,0.402375,34.302666666666674,0.7008749999999999
E02000969,9670,6878.000000000002,1474.0000000000014,1682.9999999999986,0.3779,32.509266666666655,0.6912
E02000970,7230,5485.999999999998,1506.0,739.000000000001,0.05720000000000001,24.035800000000023,-1.4949999999999999
E02000971,7808,6291.999999999998,1133.0000000000023,750.0000000000002,0.10700000000000001,30.43713333333332,-0.8713999999999998
E02000972,8369,6874.000000000001,1303.0000000000007,624.0,0.15325,27.987666666666648,-0.09849999999999998
E02000973,10028,7727.000000000002,1577.000000000002,1178.0000000000005,0.1386,26.753799999999995,-0.393
E02000974,9380,7236.999999999998,1389.0000000000005,1146.9999999999975,0.16091666666666668,30.14627777777777,-0.4796666666666667
E02000975,7866,6431.0,973.0,748.9999999999987,0.1095,28.630600000000022,-0.506
E02000976,8584,6789.000000000001,1166.000000000001,957.9999999999991,0.16174999999999998,27.312833333333334,-0.3086666666666667
E02000977,6933,5625.000000000001,1253.999999999999,459.00000000000017,0.11075000000000002,28.9500833333333,-0.3425
E02000978,7646,5592.999999999998,1703.9999999999995,860.9999999999998,0.0222,26.165399999999998,-2.163
E02000979,8390,6276.999999999998,1534.999999999998,965.9999999999994,0.19249999999999998,23.49840000000002,0.21620000000000011
E02000980,8918,6636.0,1703.9999999999989,1060.0,0.21775,24.58994444444443,0.20766666666666667
E02000981,8358,6627.000000000002,1444.0,805.9999999999985,0.15189999999999998,29.510866666666658,-0.18540000000000004
E02000982,7538,5399.999999999999,1514.0,1028.000000000001,0.2633,29.45906666666666,0.39740000000000003
E02000983,7784,5578.0,1490.000000000001,1066.0000000000005,0.2527,30.19326666666668,0.13420000000000004
E02000984,7680,4613.000000000001,2265.0000000000005,1307.9999999999998,0.051000000000000004,10.874399999999993,-0.5852
E02000985,7374,4121.0,2545.9999999999995,1191.9999999999986,0.08170000000000001,11.264533333333342,-0.46699999999999997
E02000986,8487,5127.999999999998,2285.9999999999995,1532.0000000000007,0.1222,15.175466666666665,-0.23600000000000004
E02000987,7435,4746.999999999999,2005.0000000000007,1186.0,0.23170000000000002,24.84593333333332,0.7986
E02000988,9118,5657.000000000001,1934.9999999999998,1908.0000000000005,0.2866,25.853866666666683,0.6355999999999999
E02000989,8375,4560.0,3109.999999999999,1287.9999999999986,0.09716666666666668,12.68422222222221,-0.22833333333333336
E02000990,8382,5312.0,2224.0,1440.9999999999993,0.1303,16.833999999999982,0.079
E02000991,7871,4852.999999999999,1906.0000000000005,1596.9999999999993,0.1963,25.68240000000002,0.127
E02000992,6316,3709.000000000001,1876.0000000000014,1104.9999999999984,0.12037500000000001,16.261333333333326,0.10850000000000001
E02000993,8476,5312.000000000002,1280.9999999999989,2158.000000000001,0.392625,24.462083333333325,1.266
E02000994,9155,5655.0,1357.9999999999984,2433.9999999999977,0.4234,34.520733333333325,1.1394
E02000995,8393,4758.999999999999,2352.9999999999986,1779.9999999999998,0.2185,22.23933333333334,0.18080000000000002
E02000996,8601,5049.0,1650.9999999999995,2200.9999999999986,0.4427,27.6108,1.5204
E02000997,6627,4011.000000000001,1849.0,1196.0000000000014,0.171625,16.2865,0.10224999999999995
E02000998,10729,6683.0,1539.0000000000011,2776.0000000000005,0.3696,42.95560000000002,0.8126
E02000999,8949,5855.0,1608.9999999999993,1850.9999999999995,0.4877999999999999,34.443266666666645,1.6565999999999999
E02001000,9487,5930.000000000001,2248.000000000001,1849.0000000000002,0.3020833333333333,29.000833333333336,0.9111666666666666
E02001001,8944,5364.0,1692.0000000000005,2228.999999999999,0.23500000000000001,28.935666666666663,0.1698
E02001002,9760,5704.0,2489.0,2120.9999999999986,0.23775,22.7401111111111,0.6090000000000001
E02001003,7442,4154.0,2428.0,1288.9999999999993,0.0927,13.346066666666683,-0.48579999999999995
E02001004,9377,5722.0,1313.9999999999989,2531.0000000000005,0.4288,43.338733333333316,0.8534
E02001005,10379,6288.0,1623.9999999999986,2696.000000000001,0.3559,37.13340000000002,0.7842
E02001006,8593,5350.0,1190.0,2312.999999999998,0.3378,41.34846666666665,0.5520000000000002
E02001007,10067,5812.000000000001,3161.0000000000014,1726.0000000000005,0.1649285714285714,17.39695238095239,0.3377142857142857
E02001008,9243,5372.0,1240.0000000000005,2776.0,0.4088,36.85359999999998,0.9116
E02001009,7633,4499.999999999998,1592.0000000000016,1849.9999999999973,0.29775,29.982166666666675,0.5437500000000001
E02001010,6589,4138.0,1019.9999999999987,1672.000000000001,0.35325,34.65191666666667,1.10175
E02001011,9854,5973.999999999999,2936.0000000000005,1724.000000000001,0.09466666666666666,12.008777777777775,-0.32899999999999996
E02001012,9968,5762.999999999999,1595.0000000000032,2842.9999999999973,0.24980000000000002,24.8298,0.5432
E02001013,6171,3608.000000000001,1788.0000000000005,1148.9999999999998,0.12375,15.160833333333326,-0.077
E02001014,8448,5289.999999999999,2051.0000000000005,1611.999999999998,0.26399999999999996,21.919866666666678,0.8719999999999999
E02001015,8220,5105.999999999999,2189.0000000000014,1475.0000000000014,0.32999999999999996,26.728866666666683,1.3302
E02001016,8757,5347.0,1396.0000000000002,2238.0,0.3923,26.96333333333334,1.4211999999999998
E02001017,10684,6705.999999999998,2523.999999999999,2051.999999999998,0.18657142857142855,19.618952380952386,0.5434285714285715
E02001018,7569,4885.0,1797.0000000000014,1381.000000000001,0.12210000000000001,13.56846666666668,0.09719999999999998
E02001019,8998,5550.999999999999,2357.000000000002,1577.000000000001,0.12858333333333333,22.77222222222225,-0.043000000000000003
E02001020,5943,3136.999999999999,2283.999999999998,936.0000000000018,0.08149999999999999,14.49825,-0.56225
E02001021,7524,4617.000000000001,2339.999999999998,1218.0000000000005,0.0713,17.840399999999992,-0.34219999999999995
E02001022,8038,4862.000000000001,2284.0,1415.0000000000005,0.18930000000000002,22.2486,0.5724
E02001023,5674,3331.999999999999,1559.000000000001,1112.000000000001,0.174375,16.294500000000006,0.14650000000000002
E02001024,7915,4875.999999999999,2183.999999999999,1354.9999999999993,0.10569999999999999,14.874066666666659,-0.01080000000000001
E02001025,8215,4989.0,1736.9999999999998,1904.000000000002,0.3449,29.409200000000006,1.1084
E02001026,11499,7486.999999999999,1597.0000000000005,2816.000000000001,0.36591666666666667,39.99177777777776,0.8411666666666666
E02001027,7264,4673.0,1439.9999999999993,1464.9999999999995,0.231125,26.350583333333326,0.85925
E02001028,7351,3888.0000000000005,2812.999999999999,1146.9999999999993,0.0693,8.325199999999995,-0.4484
E02001029,7867,4898.0,1461.999999999999,1825.0000000000014,0.3065,30.035333333333348,0.5825
E02001030,6125,3883.000000000001,1630.0,1060.9999999999998,0.0955,16.241166666666658,-0.20675
E02001031,6888,4247.0,1631.0000000000005,1359.0000000000018,0.23325,17.608833333333322,0.587
E02001032,7775,4694.0,2061.9999999999973,1484.999999999999,0.1814,19.961666666666662,0.42400000000000004
E02001033,6223,3962.000000000001,1176.0000000000005,1367.0000000000005,0.23625000000000002,23.0175,0.5405
E02001034,8802,5579.0,1794.0,1873.999999999999,0.3982,32.270200000000024,1.5308
E02001035,7227,4246.000000000002,2248.9999999999995,1202.999999999999,0.1024,11.074333333333325,-0.2552
E02001036,7389,4585.0,1528.9999999999989,1575.9999999999993,0.20775,19.67191666666665,0.4225
E02001037,7251,4115.000000000001,2436.0,1206.0000000000005,0.0789,13.799666666666647,-0.4574000000000001
E02001038,5699,3666.9999999999995,1397.0000000000014,997.0000000000014,0.22675,18.74858333333335,0.72525
E02001039,8610,5380.000000000003,1542.0000000000002,1987.9999999999982,0.2895,19.7892,0.6552
E02001040,6464,4054.0000000000005,1741.9999999999989,1105.9999999999986,0.141875,20.798083333333324,0.16275
E02001041,7783,5057.999999999999,1694.999999999999,1430.0000000000007,0.209,19.26313333333334,0.44719999999999993
E02001042,6600,4209.0,1588.999999999999,1214.999999999999,0.15175,15.379416666666675,0.07200000000000001
E02001043,5830,3702.000000000002,1343.0,1124.0000000000005,0.192,15.841666666666667,0.54575
E02001044,9636,5174.999999999999,1539.9999999999993,3119.9999999999973,0.2234,21.09913333333332,0.06280000000000001
E02001045,8583,5179.000000000001,1874.0000000000005,1974.9999999999984,0.37170000000000003,32.5952,1.4380000000000002
E02001046,11371,7204.0,1710.0,2834.0,0.3448333333333333,28.82166666666667,1.2988333333333333
E02001047,10497,6499.000000000001,2074.9999999999986,2368.0,0.3413333333333333,27.355388888888896,1.2963333333333333
E02001048,9583,5814.000000000002,1637.9999999999995,2508.000000000001,0.304,31.916800000000002,0.7710000000000001
E02001049,10580,6465.0,2396.0,2289.0000000000014,0.24075,23.093444444444433,0.8498333333333333
E02001050,8561,5172.000000000001,1265.0000000000007,2408.9999999999977,0.408875,37.68741666666665,1.4075
E02001051,9447,5696.999999999998,1553.0000000000005,2551.0000000000005,0.3509,33.828600000000016,1.0452
E02001052,15125,9171.000000000002,1786.0000000000023,4335.000000000002,0.37492857142857144,42.169428571428554,0.8772857142857141
E02001053,11836,7154.999999999999,1504.9999999999993,3492.999999999999,0.49008333333333337,36.99200000000002,1.9256666666666664
E02001055,9906,5920.999999999997,1874.0000000000007,2560.000000000001,0.3947,38.0206,1.6740000000000002
E02001056,9003,5402.999999999999,1447.0000000000005,2425.999999999999,0.45339999999999997,37.043466666666674,1.7256
E02001059,12093,7809.0,1504.0000000000007,3077.9999999999977,0.3770833333333334,31.262555555555565,1.4756666666666665
E02001061,11107,6963.999999999999,1664.0000000000023,2891.0,0.41375,35.93633333333333,1.4364999999999999
E02001062,10718,7687.000000000002,960.0000000000006,2239.0,0.32175,27.59205555555555,1.2798333333333334
E02001063,12098,9892.999999999998,551.9999999999995,1553.9999999999984,0.21559999999999996,24.772866666666662,0.9823999999999999
E02001064,11022,6854.999999999999,1521.9999999999993,2989.9999999999977,0.41509999999999997,33.02533333333332,1.4956
E02001065,9957,6174.999999999999,1572.9999999999995,2551.0000000000023,0.37570000000000003,43.38479999999997,1.0246
E02001066,12184,9521.0,922.9999999999997,1882.999999999999,0.2911,37.551066666666664,1.3228
E02001067,11574,7097.000000000001,1325.9999999999993,3305.000000000001,0.42849999999999994,35.82305555555556,1.3074999999999999
E02001068,12161,7509.999999999997,1212.0000000000014,3475.999999999999,0.41229999999999994,36.58926666666666,1.3164000000000002
E02001069,12846,9198.0,854.0,2859.000000000001,0.33235714285714285,37.53409523809524,1.0559999999999998
E02001070,12975,10452.0,1052.9999999999989,1591.0000000000007,0.22879999999999998,32.95893333333334,0.8656
E02001072,8902,6526.0,1130.999999999999,1550.0000000000002,0.255,27.281,0.9512
E02001073,9203,6663.0,1653.0000000000014,1383.0,0.12616666666666668,22.2728888888889,0.331
E02001074,11809,7768.0,1906.0000000000018,2591.000000000002,0.32591666666666663,26.056,1.1936666666666669
E02001075,9151,6167.000000000002,931.9999999999985,2205.9999999999964,0.32225000000000004,37.42458333333335,0.981
E02001076,11245,9867.999999999998,542.9999999999999,893.0000000000013,0.12125,28.910333333333327,1.01
E02001077,7368,4982.999999999999,1414.9999999999995,1312.0000000000007,0.1289,21.12686666666668,0.37820000000000004
E02001078,10668,6788.999999999998,2046.0000000000016,2245.9999999999986,0.23266666666666666,26.150111111111116,0.5313333333333333
E02001079,9663,6928.999999999999,1297.999999999999,1769.999999999999,0.2815,21.977533333333323,1.0866
E02001080,10088,8420.000000000002,919.0000000000015,970.9999999999995,0.1457,25.158666666666658,1.0917999999999999
E02001081,6288,4259.000000000001,1188.0,1188.0000000000014,0.128375,18.527916666666652,0.28475
E02001082,6787,5325.0,812.9999999999994,863.0000000000011,0.125,20.82441666666668,0.49224999999999997
E02001083,8284,6646.0,690.9999999999995,1170.999999999999,0.12350000000000001,16.182866666666666,0.7013999999999999
E02001084,8719,6330.999999999999,1290.0000000000002,1393.0000000000007,0.16970000000000002,19.1822,0.5801999999999999
E02001085,9033,5551.999999999999,1425.0000000000002,2293.999999999999,0.37909999999999994,25.923599999999983,1.2508
E02001086,7239,4914.000000000002,1230.999999999999,1348.9999999999982,0.230625,18.413,0.6977500000000001
E02001087,9311,6266.0,2004.0000000000018,1450.0000000000005,0.07416666666666666,15.175111111111134,-0.22316666666666665
E02001088,9254,5730.999999999998,1727.999999999999,2186.9999999999986,0.3132,20.43419999999998,1.2066
E02001089,8201,5240.0,1794.9999999999977,1599.0000000000002,0.1044,16.54399999999998,-0.07980000000000001
E02001090,6976,4491.000000000002,1797.0000000000018,1195.0000000000005,0.18,19.207666666666675,0.728
E02001091,8468,5254.000000000001,2099.999999999999,1630.0000000000005,0.23249999999999998,19.227866666666678,0.9966000000000002
E02001092,9364,5983.000000000001,1612.0000000000023,2187.9999999999995,0.2828,21.886666666666677,1.3686
E02001093,9928,6052.999999999998,1693.9999999999982,2536.000000000001,0.41180000000000005,28.528466666666656,1.7408000000000001
E02001094,10085,6075.0,1506.9999999999984,2845.9999999999995,0.46559999999999996,30.57766666666666,1.847
E02001095,9189,5916.000000000001,1714.0000000000002,2002.0000000000002,0.3395,24.172866666666682,1.6974
E02001096,8027,5119.000000000001,1778.9999999999995,1616.9999999999993,0.2878,23.522333333333343,1.2216
E02001097,9232,5757.0,1563.0000000000007,2280.9999999999977,0.3506,25.57960000000002,1.4986000000000002
E02001098,5937,3357.000000000001,2135.0000000000014,929.0000000000007,0.1795,18.528333333333343,0.44199999999999995
E02001099,5662,3496.9999999999995,1538.9999999999986,1043.9999999999995,0.21725,25.776000000000003,0.6647500000000001
E02001100,6071,3476.999999999999,1978.0,1056.0,0.17250000000000001,20.805916666666675,0.48425
E02001101,5619,3256.999999999999,1837.999999999999,938.0000000000009,0.120375,19.033666666666676,0.1365
E02001102,5935,3718.999999999999,1444.000000000001,1158.9999999999998,0.163625,19.964666666666652,0.33375
E02001103,5502,3187.9999999999986,1894.0,817.9999999999998,0.083125,28.886166666666675,-0.26249999999999996
E02001104,7386,4591.999999999999,1439.999999999999,1686.0000000000014,0.211375,23.511833333333353,0.4770000000000001
E02001105,6011,3541.000000000001,1890.9999999999993,1024.0,0.19575,20.66633333333335,0.47450000000000003
E02001106,6161,3724.9999999999977,1731.000000000001,1077.0000000000002,0.209125,26.478333333333325,0.6412500000000001
E02001107,6900,4084.000000000001,1366.9999999999995,1659.9999999999993,0.2425,25.1795,0.16699999999999998
E02001108,6011,3621.0,983.9999999999992,1603.0,0.39299999999999996,35.139222222222195,1.0383333333333333
E02001109,7905,4864.000000000002,1721.9999999999989,1755.9999999999995,0.3321,32.24973333333334,1.0681999999999998
E02001110,6549,3823.999999999998,2203.9999999999995,1055.9999999999984,0.06575,24.512833333333354,-0.5999999999999999
E02001111,9262,5499.000000000001,1142.9999999999986,2665.9999999999986,0.487625,40.19316666666665,1.4975
E02001112,6041,3667.000000000001,1839.0,998.9999999999984,0.08875,12.737416666666675,-0.245
E02001113,9352,5811.000000000001,840.9999999999993,2679.000000000001,0.43979999999999997,46.42153333333332,0.8498000000000001
E02001114,8934,5337.0,1926.0000000000005,1993.9999999999998,0.29800000000000004,24.46006666666668,0.733
E02001115,5890,3589.999999999999,1560.0000000000005,1112.000000000001,0.197875,23.65383333333335,0.48224999999999996
E02001116,8052,4646.999999999999,924.0000000000005,2515.000000000001,0.35250000000000004,46.46708333333335,0.6877500000000001
E02001117,6092,3460.999999999999,2048.0000000000005,998.9999999999995,0.09449999999999999,20.9832222222222,-0.6833333333333332
E02001118,6105,3605.999999999999,1952.0,989.9999999999993,0.107375,20.203416666666676,-0.10500000000000001
E02001119,12437,7578.999999999998,1376.0000000000007,3641.0000000000023,0.4006,54.61333333333332,1.0741999999999998
E02001121,8865,5293.999999999999,859.0000000000005,2691.0000000000014,0.45362500000000006,47.66133333333335,1.113
E02001123,7108,4199.0,1248.0000000000005,1881.0,0.39549999999999996,32.00158333333335,1.17875
E02001124,7054,4440.0,1204.999999999999,1644.0000000000002,0.34650000000000003,29.600999999999978,0.966
E02001125,8151,5220.999999999998,1916.9999999999986,1523.9999999999995,0.2063,22.312866666666658,0.5212
E02001126,9225,5616.999999999998,1354.000000000001,2563.999999999998,0.45220000000000005,33.58406666666666,1.512
E02001127,7804,4672.0,1351.0000000000023,2025.0,0.3889,30.07273333333334,1.1232
E02001128,7457,4585.000000000001,1827.0,1466.9999999999998,0.2758,29.40259999999998,0.7166
E02001129,6947,4355.999999999999,1436.0000000000011,1450.9999999999982,0.2945,29.988583333333327,1.079
E02001130,5740,3487.9999999999995,1844.9999999999995,865.0000000000017,0.18475,21.33108333333335,0.36824999999999997
E02001131,5393,3215.999999999998,1449.9999999999998,1019.9999999999993,0.1715,17.998833333333327,0.275
E02001132,6804,4168.999999999999,1864.0000000000002,1202.000000000001,0.183875,31.173333333333346,0.45100000000000007
E02001133,6681,4045.0,1742.0000000000007,1305.9999999999995,0.12675,20.816583333333348,0.06974999999999999
E02001134,6301,3800.0000000000014,1917.0000000000005,1073.0,0.110625,21.2055,0.17099999999999999
E02001135,8530,5190.999999999999,1328.000000000001,2227.0,0.4258,34.65706666666668,1.5156000000000003
E02001136,9573,5837.0,2456.0,1832.0000000000025,0.21358333333333335,18.69666666666667,0.5603333333333332
E02001137,6206,3822.9999999999995,1841.0,1015.0000000000007,0.098,21.06866666666665,-0.08075
E02001138,8737,5119.999999999999,2888.0000000000005,1423.0000000000018,0.11408333333333336,16.0471111111111,-0.020666666666666694
E02001139,10596,6578.000000000002,1309.999999999999,2872.0,0.4048333333333334,41.17416666666668,1.2241666666666666
E02001140,8224,4918.0,1476.0000000000007,2076.0000000000014,0.31789999999999996,32.19680000000002,0.9106
E02001141,12140,7690.999999999999,1761.0000000000005,3026.9999999999995,0.4566428571428572,41.75690476190475,1.278142857142857
E02001142,6075,3380.0,2158.0000000000005,964.0000000000011,0.10175000000000001,16.181750000000022,-0.11025000000000001
E02001143,11811,7194.999999999995,1670.999999999999,3146.0000000000005,0.3839166666666667,31.50022222222222,0.9858333333333333
E02001144,6315,3946.9999999999995,1660.0,1143.0000000000007,0.225,23.56841666666665,0.9395
E02001145,7195,4378.999999999999,1993.9999999999995,1286.9999999999995,0.1525,21.786066666666663,0.4662
E02001146,10383,6492.000000000002,1534.9999999999998,2665.9999999999995,0.387,42.84080000000002,0.8795999999999999
E02001147,10886,6651.0,1911.0000000000002,2700.0000000000023,0.3162,24.49453333333332,0.9578
E02001148,10497,6198.000000000001,2733.0000000000027,2138.0,0.26508333333333334,22.757499999999997,0.8756666666666666
E02001149,10387,6408.999999999997,2377.0000000000005,2207.9999999999995,0.3491666666666667,25.68883333333335,1.2981666666666665
E02001150,8925,5446.000000000002,1956.9999999999993,2034.0000000000007,0.30375,21.65483333333333,1.1685
E02001151,10166,6279.999999999998,2429.000000000001,2049.999999999999,0.17658333333333331,19.07833333333333,0.32633333333333336
E02001152,10034,6193.0,2117.000000000002,2221.999999999999,0.265,22.0107222222222,0.914
E02001153,12839,7653.0,2215.0000000000036,3463.0,0.3766666666666667,22.92866666666667,1.2636666666666667
E02001154,10366,6564.999999999998,2242.999999999999,2190.0,0.2427857142857143,22.84819047619047,0.7598571428571429
E02001155,7257,4551.999999999999,1861.0,1339.0000000000014,0.2834,23.84426666666666,1.1196
E02001156,10022,5908.000000000002,2940.9999999999977,1877.9999999999986,0.13657142857142857,12.78780952380952,0.12185714285714284
E02001157,8906,5206.0,1503.9999999999998,2432.000000000002,0.43979999999999997,31.610333333333358,1.6064
E02001158,6159,3772.000000000001,1386.9999999999986,1354.9999999999995,0.37812500000000004,31.530166666666652,1.508
E02001159,7734,5119.0,1218.0000000000007,1685.9999999999995,0.2595,19.75733333333335,0.8344999999999999
E02001160,7510,4471.0,1336.0000000000011,1976.0,0.405625,25.16433333333335,1.28275
E02001161,5838,3708.0,1654.9999999999993,941.0000000000007,0.2095,23.359833333333327,0.5945
E02001162,5970,3677.0,1593.0000000000014,1040.999999999999,0.2405,25.696999999999974,0.7745
E02001163,9965,6207.0,2551.999999999998,1819.9999999999984,0.16233333333333336,17.56305555555555,0.26733333333333337
E02001164,7426,5030.0,1038.999999999999,1623.9999999999989,0.26389999999999997,27.23720000000002,1.1784000000000001
E02001165,6323,4024.0000000000005,1322.999999999998,1321.0000000000014,0.236375,24.3915,0.73375
E02001166,8478,4386.0,1299.0000000000007,2959.0000000000023,0.28825,34.53241666666668,0.63525
E02001167,7092,4434.000000000001,1299.999999999999,1637.0000000000018,0.29575,31.563583333333327,0.6665000000000001
E02001168,10095,6309.000000000002,2192.000000000002,2116.0000000000005,0.2474166666666667,23.767166666666668,0.9373333333333335
E02001169,10985,6709.0,3079.9999999999995,1961.0,0.07628571428571429,10.573285714285722,-0.33271428571428574
E02001170,9820,5768.000000000002,2791.0000000000005,1864.0000000000005,0.05958333333333333,14.261888888888883,-0.5263333333333333
E02001171,6213,3864.999999999998,1648.0,1086.9999999999993,0.097,16.20466666666665,0.056999999999999995
E02001173,10013,7124.999999999997,1114.000000000001,1974.000000000001,0.3508,37.10813333333334,1.5104000000000002
E02001174,5760,3854.9999999999986,1346.9999999999995,874.0000000000009,0.12787500000000002,24.8255,0.41325
E02001175,7549,4938.0,1372.0000000000011,1574.999999999999,0.2716,27.435266666666685,0.9037999999999998
E02001176,11987,7786.0,2984.000000000001,1957.0000000000002,0.204,19.061952380952388,0.7634285714285715
E02001177,13461,9109.0,2432.0000000000023,2451.0000000000023,0.24674999999999997,25.781583333333337,1.10175
E02001179,7399,5256.000000000001,1224.9999999999984,1221.9999999999998,0.2505,31.86975,1.12875
E02001180,5746,3956.0,856.0000000000003,1092.0000000000016,0.45249999999999996,38.38822222222223,1.8303333333333331
E02001181,6055,3955.0,1055.0,1321.0000000000018,0.362125,27.626249999999974,1.5130000000000001
E02001182,7647,5108.000000000002,1223.0,1645.9999999999989,0.344375,27.293749999999974,1.322
E02001183,7357,5118.999999999998,1087.9999999999986,1435.9999999999998,0.262,30.45391666666667,0.9467500000000001
E02001185,9669,5819.000000000002,2489.0,1901.9999999999995,0.23792857142857143,24.33633333333334,0.7505714285714287
E02001186,10642,6660.999999999997,2195.0000000000005,2296.0,0.22541666666666668,24.59883333333333,0.7858333333333333
E02001187,6979,4411.0,1742.999999999999,1306.0000000000002,0.19729999999999998,21.729333333333322,0.5730000000000001
E02001188,8713,5800.000000000001,1426.9999999999998,1856.0000000000002,0.2709,24.88413333333336,0.8225999999999999
E02001189,8410,5332.0,2069.000000000001,1593.0000000000014,0.16158333333333333,18.311944444444453,0.2778333333333333
E02001190,8096,5112.000000000002,1230.9999999999998,2019.0000000000005,0.45725,31.05216666666665,1.9307499999999997
E02001191,5773,3401.999999999999,1909.0000000000005,903.9999999999993,0.15775,17.820666666666668,0.16125
E02001192,6503,4217.0,1563.9999999999995,1065.9999999999995,0.09562499999999999,17.880666666666652,-0.08524999999999999
E02001193,6364,4299.000000000002,1233.9999999999995,1182.0000000000002,0.2455,25.07291666666667,0.8622500000000001
E02001194,6365,3833.0,1682.9999999999993,1233.9999999999989,0.08125,12.475333333333332,-0.4935
E02001195,7678,4706.000000000001,1989.9999999999995,1441.0000000000014,0.14750000000000002,19.56266666666666,0.31239999999999996
E02001196,7832,4400.000000000002,2603.0000000000005,1341.999999999999,0.13620000000000002,14.37173333333332,-0.1136
E02001197,6264,3883.0,1549.9999999999998,1253.0,0.12187499999999998,13.657333333333344,-0.23124999999999996
E02001198,7509,4265.000000000001,2221.9999999999986,1448.000000000001,0.23620000000000002,19.805533333333337,0.7556
E02001199,7983,4922.000000000001,2106.999999999999,1474.999999999998,0.0884,13.029933333333322,-0.43599999999999994
E02001200,8030,5471.999999999999,1369.9999999999998,1574.0000000000014,0.43019999999999997,35.666066666666644,1.9464
E02001201,5814,3737.0,1251.9999999999998,1160.9999999999998,0.150375,18.902500000000025,0.3675
E02001202,6425,4575.0,984.9999999999987,1167.0000000000007,0.252,33.234083333333324,0.7242500000000001
E02001203,5914,3228.9999999999995,2174.0000000000005,1007.0000000000007,0.047,13.825583333333348,-1.1345
E02001204,8921,5745.999999999999,1853.000000000001,1786.0000000000002,0.17416666666666666,24.723722222222218,0.3508333333333333
E02001205,8453,5613.0,1803.0,1563.0000000000014,0.2125,21.517666666666663,0.6452
E02001206,7364,4184.000000000001,2311.0000000000005,1363.0,0.1214,11.893466666666665,0.07079999999999999
E02001207,6863,4102.000000000001,2156.0000000000005,1213.999999999999,0.11059999999999999,13.257866666666681,0.056799999999999976
E02001208,7668,4907.999999999999,1840.0000000000011,1411.0000000000002,0.1571,18.18286666666668,0.4508
E02001209,7881,5193.0,1532.9999999999984,1542.9999999999993,0.178,21.526400000000002,0.43439999999999995
E02001210,7843,4649.000000000001,1770.0000000000011,1737.0000000000016,0.2793,21.069866666666666,1.012
E02001211,6768,3943.0000000000005,1749.9999999999986,1438.0,0.0795,10.980833333333326,-0.477
E02001212,7021,4353.999999999999,1110.9999999999989,1747.000000000001,0.351875,24.243666666666652,1.3725
E02001213,10018,6352.0,2461.0,1826.9999999999977,0.1075,13.335222222222205,0.08366666666666665
E02001214,8075,4594.0,2380.000000000001,1543.0000000000005,0.13279999999999997,11.834333333333339,-0.058999999999999976
E02001215,5971,3284.0,2147.000000000001,1010.9999999999992,0.10362500000000001,14.328583333333333,-0.13800000000000004
E02001216,7846,4473.0,2292.000000000001,1528.9999999999995,0.0859,9.522666666666668,-0.4948
E02001217,6943,4173.000000000001,1833.0000000000005,1303.0000000000002,0.165125,19.821083333333327,0.4215
E02001218,5986,3310.0000000000005,1878.9999999999986,1159.0000000000005,0.08325,8.84275,-0.58475
E02001219,5376,2986.9999999999995,1859.0000000000007,911.9999999999992,0.05525000000000001,7.5703333333333305,-0.6159999999999999
E02001220,5816,3433.0,1596.999999999999,1161.9999999999984,0.10725,8.183500000000008,-0.461
E02001221,5949,3347.0,1991.9999999999993,1002.0,0.062125,8.498416666666664,-0.46525000000000005
E02001222,6568,3659.0000000000005,1966.0000000000007,1261.9999999999998,0.11449999999999999,12.734416666666677,-0.16725
E02001223,6553,3663.9999999999995,2284.0000000000005,1115.999999999999,0.0666,8.257600000000007,-0.7704000000000001
E02001224,5790,3103.0000000000014,2521.000000000001,702.0000000000018,0.07162500000000001,12.585416666666674,-0.253
E02001225,7498,4311.999999999999,2135.0000000000023,1481.0000000000005,0.0664,7.200800000000001,-0.737
E02001226,7210,4311.0,1801.0000000000002,1514.0000000000002,0.147,11.577,-0.08824999999999998
E02001227,5719,3052.999999999999,1937.9999999999982,1124.9999999999995,0.04325,4.991916666666665,-1.0635000000000001
E02001228,6439,3644.9999999999986,2031.0,1164.9999999999986,0.053,8.2615,-0.81525
E02001229,10216,6547.0,2517.0,1832.0000000000005,0.1416666666666667,24.63661111111112,0.13766666666666666
E02001230,5884,3472.000000000001,1800.9999999999993,1038.0000000000016,0.17512499999999998,16.405583333333343,0.35575
E02001231,6993,4359.999999999999,1551.000000000001,1473.0000000000014,0.22525,16.653749999999974,0.3085
E02001232,8776,5439.0,1774.0,1982.0,0.2861,26.99140000000002,0.7038
E02001233,8074,4787.999999999998,2130.0,1665.0000000000002,0.27699999999999997,23.75106666666666,0.8858
E02001234,7892,4875.999999999998,1580.0000000000007,1827.0000000000007,0.3529,30.186933333333336,1.3084000000000002
E02001235,7185,4608.000000000002,1511.0000000000018,1446.0,0.216125,25.759499999999974,0.6014999999999999
E02001236,6150,3743.0,1253.0000000000007,1431.999999999999,0.344875,28.1155,1.2297500000000001
E02001237,7299,4699.000000000002,1441.0,1519.9999999999986,0.22775,21.353666666666676,0.68625
E02001238,8118,5035.999999999999,2168.999999999998,1491.9999999999986,0.1894,19.39153333333332,0.48599999999999993
E02001239,9614,6114.999999999998,2064.999999999999,1995.0,0.24941666666666665,22.824666666666648,0.6825000000000001
E02001240,6528,4177.999999999999,1498.9999999999993,1229.000000000001,0.201125,24.73825,0.48675
E02001241,11374,7270.999999999997,1633.9999999999993,2802.0,0.4519166666666667,38.75094444444443,1.5883333333333332
E02001242,7155,4423.999999999998,1777.9999999999998,1365.9999999999993,0.10725000000000001,17.546999999999997,-0.013500000000000012
E02001243,8284,5085.000000000001,2431.0000000000005,1327.9999999999998,0.1465,18.343133333333363,0.12079999999999998
E02001244,5442,3271.0000000000005,1629.9999999999993,926.9999999999997,0.13425,16.56724999999998,0.2155
E02001245,8063,5243.999999999998,1781.0000000000005,1580.0000000000018,0.2572,23.606466666666662,0.866
E02001246,7423,4526.000000000001,1880.9999999999995,1436.9999999999982,0.2817,22.1914,1.1338000000000001
E02001247,7574,4841.999999999999,1728.0000000000011,1457.0000000000007,0.2395,24.47626666666668,0.7716000000000001
E02001248,12217,7898.999999999999,2204.9999999999986,2693.0000000000014,0.2703333333333333,22.201888888888902,1.056
E02001249,6475,4145.000000000002,1563.9999999999986,1196.0,0.22412499999999996,24.315333333333324,0.67875
E02001250,6542,4086.999999999999,1924.0000000000014,1023.9999999999987,0.12175,16.67183333333335,0.14175000000000001
E02001251,6139,3707.0,1962.9999999999986,971.0000000000005,0.152125,25.874000000000027,0.34049999999999997
E02001252,7642,4669.999999999999,2309.0000000000005,1237.0,0.09940000000000002,18.568133333333318,-0.05499999999999999
E02001253,5047,3223.9999999999986,1349.0000000000002,822.9999999999998,0.16949999999999998,24.05425,0.5425
E02001254,5634,3455.0000000000014,1568.0000000000002,1011.0000000000017,0.21825,21.467249999999975,0.5625
E02001255,7824,4788.0,1342.9999999999995,2048.999999999998,0.39675,32.86341666666667,1.39375
E02001256,10684,6711.999999999999,2042.9999999999989,2349.000000000001,0.33041666666666664,31.821777777777783,1.1713333333333333
E02001257,9101,5322.999999999998,2751.000000000001,1624.9999999999995,0.2679166666666667,23.76416666666665,0.8568333333333332
E02001258,7457,4406.000000000002,2174.999999999999,1298.9999999999998,0.11440000000000002,16.56753333333334,0.11339999999999999
E02001259,12107,8477.000000000002,1332.0000000000007,2555.0000000000005,0.3199285714285714,27.283857142857137,0.9284285714285714
E02001260,7677,4629.999999999998,2104.9999999999986,1455.0,0.1123,13.65413333333333,-0.23159999999999997
E02001261,9081,6147.999999999999,1292.9999999999998,1980.9999999999982,0.22187500000000002,21.642833333333325,0.3075
E02001262,8834,5638.999999999999,1704.999999999999,1886.9999999999993,0.2186,19.57933333333334,0.16699999999999995
E02001263,8392,4884.000000000002,2508.000000000001,1555.9999999999975,0.07590000000000001,10.715533333333326,-0.43420000000000003
E02001264,8890,5652.0,1686.0,1987.0000000000007,0.15719999999999998,17.982133333333337,-0.201
E02001265,8268,5027.000000000001,2190.0000000000005,1562.0000000000023,0.14550000000000002,15.019599999999997,0.11299999999999999
E02001266,6841,4314.0,1571.0,1353.0000000000014,0.21925,21.08925,0.412
E02001267,7156,4486.0,1946.0000000000007,1163.0000000000007,0.1396,17.36966666666666,0.3952
E02001268,7096,4129.000000000001,2157.0000000000014,1277.0000000000005,0.0843,11.858466666666676,-0.3526
E02001269,8281,5363.0,1712.9999999999989,1602.0000000000005,0.1999,21.667666666666683,0.37020000000000003
E02001270,8643,5384.000000000002,1861.999999999999,1841.000000000001,0.10619999999999999,15.946733333333338,-0.11659999999999995
E02001271,6739,4030.0000000000014,1622.0000000000007,1468.0000000000016,0.16275,12.322333333333344,-0.005500000000000005
E02001272,8142,4785.0,2040.9999999999982,1743.000000000001,0.0689,13.044,-0.9161999999999999
E02001273,9527,5817.0,2156.0000000000014,2008.9999999999989,0.08120000000000001,14.494200000000001,-0.7984
E02001274,7996,4376.000000000002,2646.0000000000014,1492.0000000000002,0.0669,7.5394000000000005,-0.8006
E02001275,8166,4841.999999999999,1750.000000000001,1989.9999999999982,0.37839999999999996,23.576466666666658,1.1219999999999999
E02001276,8088,4822.000000000002,1730.0000000000014,1903.0000000000007,0.18969999999999998,11.922466666666669,0.14199999999999996
E02001277,9309,5869.000000000001,1515.000000000001,2281.9999999999995,0.2753,15.187866666666668,0.2588
E02001278,8845,5261.000000000001,2084.9999999999995,1949.9999999999995,0.059699999999999996,8.110800000000008,-0.9396000000000001
E02001279,8241,4828.000000000001,2094.0,1784.0,0.0494,6.2330666666666685,-1.2568
E02001280,8502,4952.0,2137.0,1812.0000000000005,0.21259999999999998,13.476600000000019,0.24719999999999995
E02001281,7793,4341.0,2288.9999999999995,1568.0,0.0511,9.410333333333327,-1.1978
E02001282,10208,6359.999999999998,1755.9999999999977,2396.999999999999,0.0776,14.55373333333334,-0.6053999999999999
E02001283,9650,5786.0,2541.0000000000005,1884.9999999999977,0.0789,13.488999999999987,-0.921
E02001284,8034,4840.0,1790.9999999999998,1812.9999999999986,0.0403,12.973800000000006,-1.4175999999999997
E02001285,7792,4367.999999999999,2460.0000000000014,1423.9999999999993,0.07039999999999999,12.777200000000013,-0.9780000000000001
E02001286,8353,4472.999999999998,2511.999999999999,1789.9999999999998,0.06050000000000001,10.65893333333334,-1.435
E02001287,7029,4524.000000000002,1638.9999999999993,1267.0000000000005,0.08425,9.982916666666657,0.0025000000000000022
E02001288,8685,5347.0,2542.999999999998,1443.9999999999984,0.11240000000000001,10.582533333333327,-0.0566
E02001289,10066,5855.0,3430.9999999999986,1573.0,0.0992857142857143,12.435809523809525,0.01228571428571428
E02001290,6216,3732.0000000000005,1946.0000000000014,981.9999999999989,0.146,17.87666666666665,0.246
E02001291,7815,4816.999999999998,1984.9999999999995,1508.0000000000007,0.23829999999999996,21.439999999999998,0.7888000000000001
E02001292,8150,5027.000000000001,2400.999999999999,1309.9999999999995,0.11949999999999998,16.054733333333324,0.16440000000000002
E02001293,6318,3892.0000000000005,1781.000000000001,1098.0000000000002,0.14300000000000002,16.033916666666677,0.32175
E02001294,7989,5389.000000000001,1741.0,1354.0000000000007,0.1795,24.988066666666683,0.8426
E02001295,7243,4685.0,1682.9999999999989,1344.999999999999,0.3827,33.083599999999976,1.7678
E02001296,9169,5450.999999999999,1533.0000000000005,2486.999999999999,0.4628,32.874000000000024,1.6881999999999997
E02001297,6622,4120.0,1712.0,1213.0000000000014,0.26890000000000003,23.372999999999998,1.0246
E02001298,8235,5228.999999999999,1561.0000000000005,1823.9999999999973,0.3433,32.35939999999998,1.4003999999999999
E02001299,8790,5665.000000000001,2160.000000000001,1509.0000000000005,0.196,20.666466666666683,0.7959999999999999
E02001300,7968,4917.999999999999,2083.0,1424.9999999999998,0.24749999999999997,24.20446666666666,1.036
E02001301,9173,5870.000000000001,1926.9999999999995,1829.000000000001,0.2921,23.33406666666666,1.1956
E02001302,8033,4807.0,2155.999999999998,1546.9999999999998,0.27769999999999995,20.425533333333334,1.0878
E02001303,9279,5844.999999999998,1775.9999999999982,2060.9999999999995,0.33709999999999996,22.84953333333332,1.2046000000000001
E02001304,12863,7620.0,3826.0000000000005,2163.0,0.1090714285714286,14.62195238095237,-0.026999999999999993
E02001305,8523,5149.999999999998,2573.9999999999977,1379.999999999999,0.13879999999999998,18.29306666666666,0.3342
E02001306,7138,4285.000000000001,2250.000000000002,1143.0000000000002,0.1412,13.159333333333345,0.23659999999999998
E02001307,11681,7043.0,3191.9999999999995,2120.9999999999995,0.0697857142857143,10.049047619047608,-0.26257142857142857
E02001308,6076,3681.000000000001,1860.0,978.0000000000007,0.1735,20.650166666666674,0.5465
E02001309,8351,5244.000000000002,2192.999999999998,1420.0000000000027,0.16199999999999998,21.006666666666675,0.41625
E02001310,9337,5869.0,1864.999999999999,1992.0000000000002,0.297,27.67493333333336,1.2528
E02001311,8276,5180.999999999999,2210.9999999999986,1457.9999999999977,0.19469999999999998,19.959666666666656,0.45500000000000007
E02001312,8618,5680.0,1675.0,1640.9999999999993,0.19870000000000002,25.88186666666666,0.6654
E02001313,8287,5116.000000000001,1944.0000000000005,1661.999999999999,0.32330000000000003,26.22413333333332,1.1580000000000001
E02001314,8003,4991.000000000002,2015.0,1601.0000000000014,0.1173,11.893266666666666,0.10879999999999998
E02001315,10064,6236.000000000001,2405.0000000000027,1960.9999999999989,0.0965,13.197599999999985,-0.2112
E02001316,7525,5102.999999999999,1262.0000000000011,1491.999999999999,0.29125,36.89333333333335,1.1099999999999999
E02001317,9280,5807.000000000002,2285.0000000000014,1709.000000000001,0.2076,18.094533333333338,0.683
E02001318,8023,4818.000000000001,2241.999999999998,1403.0000000000014,0.18359999999999999,17.191666666666663,0.599
E02001319,8390,5415.0,1873.000000000001,1601.9999999999977,0.2649,30.823799999999977,1.1752
E02001320,7497,4714.999999999998,2009.9999999999998,1272.0,0.2193,24.258,0.7375999999999999
E02001321,8035,4877.999999999999,2240.0,1357.0,0.12940000000000002,15.790533333333332,0.21939999999999998
E02001322,7180,4216.999999999998,2362.0,1137.0000000000014,0.15689999999999998,19.3314,0.42960000000000004
E02001323,7810,4730.999999999998,2140.000000000002,1410.0000000000002,0.1968,17.7504,0.3482
E02001324,8353,5124.000000000001,2055.999999999998,1611.0000000000007,0.22409999999999997,23.6658,0.5959999999999999
E02001325,9575,5975.000000000001,2587.999999999999,1636.0000000000002,0.1004,11.344866666666672,0.00419999999999999
E02001326,8349,5008.000000000001,2344.000000000001,1484.9999999999995,0.14310000000000003,15.520466666666682,0.20700000000000002
E02001327,9728,5936.0,1636.999999999997,2566.9999999999995,0.3968,31.79320000000002,1.6138
E02001328,10772,6795.000000000002,2622.999999999999,2067.000000000001,0.17766666666666664,18.105166666666666,0.7085
E02001329,7539,4899.0,1694.0000000000014,1517.0000000000002,0.4121,30.309000000000026,1.9334
E02001330,9177,5881.999999999998,2062.0000000000014,1853.0000000000005,0.34558333333333335,28.447444444444415,1.6209999999999998
E02001331,10377,6562.000000000002,2513.9999999999986,2028.9999999999989,0.34228571428571425,29.78538095238094,1.5464285714285713
E02001332,7606,4850.000000000001,1649.0000000000005,1605.0000000000018,0.4325,28.53660000000002,1.8190000000000002
E02001333,9807,6394.000000000002,2070.999999999999,1901.0000000000011,0.3378333333333334,26.7765,1.6833333333333336
E02001334,6902,4384.999999999998,1223.0000000000005,1632.0000000000011,0.47775,29.377583333333348,1.9177500000000003
E02001335,8321,5429.999999999997,1952.9999999999993,1489.0000000000007,0.15739999999999998,15.789466666666675,0.7646
E02001336,7169,4457.0,1519.0,1599.9999999999982,0.47450000000000003,31.27686666666666,2.0342
E02001337,5781,3665.000000000001,1429.9999999999998,1077.9999999999998,0.278375,21.82291666666665,1.1865
E02001338,6270,3952.0000000000005,1487.9999999999984,1242.9999999999998,0.27575,21.568666666666676,1.19725
E02001339,6403,3967.999999999999,1450.0000000000011,1357.9999999999995,0.30910000000000004,28.3342,1.3546
E02001340,9849,6124.999999999999,2613.0,1833.0000000000002,0.11975000000000001,14.829111111111118,0.3566666666666667
E02001341,7605,4765.0,1800.999999999999,1538.0000000000005,0.3595999999999999,26.165666666666663,1.6014
E02001342,8133,4898.999999999997,2661.0000000000005,1289.0000000000005,0.09420000000000002,11.610066666666668,0.28179999999999994
E02001343,7300,4559.999999999998,2244.000000000001,1145.0000000000032,0.11137499999999999,17.575249999999976,0.12175
E02001344,5445,3564.0000000000005,1585.0000000000002,850.0000000000007,0.21962500000000001,16.14358333333335,0.86425
E02001345,5321,3340.0000000000014,1664.9999999999998,828.9999999999995,0.12375,12.959750000000001,0.5217499999999999
E02001346,7602,4751.0,1779.9999999999989,1593.0000000000025,0.3509,27.89813333333334,1.5134000000000003
E02001347,8100,5258.0,1849.0000000000005,1567.9999999999993,0.29560000000000003,23.09246666666668,1.4864000000000002
E02001348,6672,4393.999999999999,1624.9999999999998,1149.0,0.2503,33.03853333333335,1.2342
E02001349,7772,5328.000000000001,1871.0,1188.999999999999,0.20600000000000002,28.387999999999998,1.0648
E02001350,8123,4986.0,2044.9999999999998,1678.9999999999995,0.3764,24.029200000000003,1.768
E02001351,8492,5519.000000000003,1845.0000000000011,1723.9999999999989,0.40391666666666665,28.21466666666665,1.9563333333333333
E02001352,6574,4267.999999999999,1389.0000000000005,1305.9999999999989,0.41225,32.10224999999997,1.85675
E02001353,7101,4716.999999999999,1841.0,1217.999999999998,0.164,12.808133333333345,0.608
E02001354,7949,5026.999999999999,1829.9999999999982,1618.000000000001,0.3685999999999999,25.5322,1.6134
E02001355,6439,4149.0,1539.9999999999989,1186.0000000000018,0.38849999999999996,37.66273333333334,1.8034
E02001356,9403,5758.999999999998,1189.0,2712.999999999999,0.36679999999999996,23.59546666666668,1.5222
E02001357,7288,4514.0,1580.9999999999982,1641.0000000000005,0.3944,27.835266666666662,1.7713999999999999
E02001358,7153,4695.0,1398.0000000000011,1473.9999999999986,0.4426,46.12133333333334,1.9962
E02001359,5441,3353.999999999998,1766.9999999999989,866.0000000000011,0.20937499999999998,14.209416666666675,0.9107500000000001
E02001360,8899,5722.000000000001,1929.000000000001,1773.0000000000002,0.481,35.501266666666666,2.1542000000000003
E02001361,7219,4618.999999999999,1914.0000000000002,1261.0000000000018,0.35090000000000005,28.51853333333334,1.4756
E02001362,7620,4680.0,2239.000000000002,1324.9999999999995,0.2598,20.46026666666668,1.141
E02001363,7922,5022.0,1615.000000000001,1736.999999999999,0.43199999999999994,23.497400000000003,1.8259999999999998
E02001364,6469,4178.000000000002,1204.9999999999982,1424.0,0.41637500000000005,39.10608333333332,2.12825
E02001365,9628,6499.999999999999,1621.0000000000007,2016.0000000000005,0.40599999999999997,46.53483333333333,1.7045000000000001
E02001366,9021,5969.0,1996.9999999999975,1654.0000000000005,0.33975,30.897833333333352,1.4688333333333334
E02001367,9762,5957.0,2859.999999999998,1671.9999999999984,0.13525,13.79394444444443,0.46033333333333326
E02001368,7354,4769.0,1803.0000000000005,1322.0000000000002,0.4237,27.27660000000002,2.013
E02001369,8418,5741.000000000001,1815.9999999999989,1326.9999999999982,0.41374999999999995,25.809333333333328,1.951
E02001370,7315,4652.999999999999,1463.9999999999977,1534.0000000000014,0.51825,31.903833333333353,2.36175
E02001371,7720,4889.0,1593.0000000000018,1672.9999999999998,0.371,24.237133333333297,1.7772
E02001372,6204,3745.999999999999,1945.999999999999,1020.0000000000009,0.26475000000000004,19.012166666666676,1.38075
E02001373,8992,5965.999999999999,1980.9999999999977,1617.9999999999995,0.3259166666666667,30.54538888888888,1.4208333333333334
E02001374,8970,6380.000000000001,1364.9999999999982,1596.9999999999975,0.4378,36.7548,2.0956
E02001375,6906,4334.0,1854.0000000000014,1195.9999999999995,0.3024,27.83179999999998,1.3076
E02001376,9775,7194.000000000001,1181.9999999999993,1657.0,0.35150000000000003,39.7162,1.5406
E02001377,13435,11252.0,1240.0000000000014,1139.9999999999986,0.1733,30.294333333333338,1.316
E02001378,7517,4930.000000000001,1984.000000000001,1174.9999999999998,0.29690000000000005,21.1038,1.3084
E02001380,7840,4804.0,2178.9999999999995,1439.0000000000007,0.1192,13.805199999999985,0.26159999999999994
E02001381,10087,7063.000000000001,1339.0000000000016,2025.000000000002,0.34809999999999997,37.058999999999976,1.3012000000000001
E02001382,7001,4331.999999999999,1936.9999999999986,1310.999999999999,0.0962,10.71086666666668,0.157
E02001383,10318,8614.000000000004,982.0000000000013,943.9999999999993,0.24341666666666664,27.662555555555553,1.7828333333333328
E02001384,11033,9185.0,1007.9999999999994,1096.999999999999,0.18866666666666665,34.34883333333335,1.0096666666666667
E02001385,9320,5999.000000000002,1083.0000000000016,2375.000000000002,0.535125,35.579499999999996,1.54325
E02001386,8271,4970.0,2371.999999999999,1519.0000000000005,0.3730833333333334,21.827166666666667,1.8281666666666665
E02001387,8041,4888.000000000003,2337.0,1393.9999999999989,0.0661,14.365466666666673,-0.2386
E02001388,8385,6296.0,1167.9999999999993,1120.0000000000002,0.12630000000000002,22.39713333333334,0.5324
E02001389,6788,5266.000000000001,987.0000000000008,857.9999999999992,0.344125,27.39858333333335,1.7327499999999998
E02001390,9879,6480.999999999998,1832.0000000000002,2070.0000000000005,0.43920000000000003,31.70526666666666,1.741
E02001391,5976,3615.0000000000005,1486.0000000000007,1228.0000000000007,0.398875,28.713083333333326,1.84475
E02001392,6431,3637.0,2287.9999999999995,1049.0000000000002,0.0925,9.735916666666665,0.10575
E02001393,7511,4325.000000000001,2633.0000000000005,1217.000000000002,0.043800000000000006,7.200466666666666,-0.36699999999999994
E02001394,8856,6191.000000000002,2290.0000000000005,1000.9999999999994,0.17091666666666663,20.996888888888908,0.7999999999999999
E02001395,5942,3632.000000000001,1660.9999999999995,1063.9999999999998,0.09412499999999999,14.796833333333325,0.02474999999999999
E02001396,7663,5422.0,1648.9999999999995,1076.9999999999993,0.25658333333333333,29.739166666666673,1.2745
E02001397,7227,4303.000000000001,2589.0,1050.0000000000016,0.2049,14.7138,0.9490000000000001
E02001398,7497,5110.0,1822.0000000000005,992.0000000000001,0.18250000000000002,20.843066666666658,0.8234
E02001399,6929,4085.0,2055.9999999999995,1342.0000000000014,0.0887,11.61226666666668,0.0986
E02001400,7031,4400.999999999998,1973.0000000000014,1287.9999999999986,0.22474999999999998,15.42816666666667,0.89675
E02001401,8105,4826.999999999998,2510.0,1411.9999999999989,0.1281,12.069266666666667,0.29480000000000006
E02001402,9085,5477.0,2588.0000000000005,1637.0,0.1072,11.54,0.1998
E02001403,6527,4291.000000000003,1225.9999999999986,1357.0,0.29275,27.553500000000003,1.294
E02001404,8124,5311.999999999999,1522.0000000000005,1731.9999999999998,0.34775,24.98141666666665,1.456
E02001405,9940,6050.000000000002,1956.9999999999986,2458.000000000003,0.46416666666666667,28.823722222222198,1.8781666666666668
E02001406,7878,4339.0,3082.0,1112.0000000000007,0.10616666666666667,14.54133333333335,0.08516666666666667
E02001407,5911,3202.0,2410.0000000000005,741.9999999999986,0.109875,14.4815,0.1265
E02001408,5428,3153.0,1935.000000000001,807.9999999999999,0.126875,16.977749999999997,0.37175
E02001409,10370,6392.999999999999,2960.999999999999,1783.9999999999982,0.23757142857142854,20.444523809523815,1.004
E02001410,5828,3579.0000000000005,1578.9999999999993,1060.9999999999984,0.257875,22.03858333333335,1.16925
E02001411,5862,3529.999999999999,1781.0,942.0000000000011,0.204125,17.51758333333334,0.7695000000000001
E02001412,9096,5575.000000000001,2478.0000000000005,1678.9999999999995,0.17074999999999999,17.967722222222225,0.6114999999999999
E02001413,9170,5491.999999999998,2824.999999999998,1491.9999999999993,0.21249999999999997,19.606523809523814,0.9451428571428574
E02001414,5630,3101.999999999999,2033.0000000000002,938.0000000000003,0.07150000000000001,9.69441666666666,-0.18375000000000002
E02001415,6952,4470.999999999999,1443.0000000000002,1374.0000000000002,0.2515,17.10333333333335,0.921
E02001416,6431,4023.0000000000014,1329.000000000001,1409.9999999999989,0.401375,29.837249999999997,1.67325
E02001417,7303,4962.999999999999,1608.9999999999998,1169.9999999999995,0.3989,32.309800000000024,1.8694000000000002
E02001418,6710,4392.999999999998,1357.0,1314.9999999999984,0.253125,24.793166666666675,0.8142499999999999
E02001419,7949,5217.000000000002,1467.0000000000011,1615.9999999999995,0.4229,34.64126666666668,2.1442
E02001420,12097,7730.0,2625.000000000002,2442.999999999998,0.1935,17.980428571428572,0.5662857142857143
E02001421,10543,6980.0,2658.0000000000005,1687.0000000000002,0.22964285714285718,24.660904761904757,1.0105714285714285
E02001422,6745,4283.0,1326.9999999999984,1502.9999999999995,0.404,32.3455,1.796
E02001423,6729,4013.999999999998,2164.9999999999986,1064.0000000000014,0.13525,12.149166666666675,0.16800000000000004
E02001425,10633,6619.000000000002,3042.000000000001,1717.0000000000011,0.21699999999999994,18.411761904761914,0.8520000000000001
E02001426,5437,3230.9999999999995,1813.0000000000005,835.0000000000007,0.164375,14.866,0.7065000000000001
E02001427,10806,6807.0,2428.0000000000014,2150.0000000000005,0.2899285714285714,23.71019047619048,1.0657142857142856
E02001428,5629,3139.0000000000005,2123.000000000001,781.0000000000016,0.085875,10.212333333333333,0.10425000000000001
E02001429,6672,3670.000000000001,2606.000000000001,962.999999999999,0.14689999999999998,16.743000000000002,0.3346
E02001430,6873,3894.0,2623.000000000001,1003.0000000000014,0.1109,13.451533333333341,0.136
E02001431,7598,3745.0000000000005,3764.999999999998,851.9999999999995,0.1886,15.73673333333332,0.9155999999999999
E02001432,9506,6313.999999999999,2969.999999999999,997.0000000000014,0.30214285714285716,37.61733333333335,1.378
E02001433,7388,4578.000000000003,1680.9999999999986,1586.9999999999998,0.23679999999999998,22.93326666666666,0.6204
E02001434,7404,4634.999999999999,1882.0000000000002,1466.0000000000014,0.1815,23.125400000000003,0.534
E02001435,8883,5756.999999999999,2101.0,1620.0000000000005,0.2219,29.506333333333316,0.7327999999999999
E02001436,10114,6106.0,2608.0,2032.999999999999,0.19891666666666666,20.16566666666665,0.5718333333333333
E02001437,9321,4862.000000000001,4371.0,1027.0000000000002,0.11125000000000002,13.57205555555556,0.2253333333333333
E02001438,7104,4431.000000000001,1975.0000000000007,1239.9999999999998,0.1496,15.719266666666675,0.121
E02001439,6587,3878.999999999998,1948.0000000000016,1207.0,0.235125,17.36283333333335,0.65275
E02001440,6097,3150.000000000001,2723.0,774.0,0.072875,9.064499999999992,-0.26975
E02001441,6333,3218.000000000001,2762.0000000000005,880.9999999999993,0.0749,8.1014,-0.20739999999999997
E02001442,6101,3111.999999999999,2419.999999999999,977.0000000000001,0.106875,11.460583333333332,-0.1845
E02001443,5542,2944.0000000000005,2091.0000000000005,868.0000000000005,0.0825,7.859250000000001,-0.364
E02001444,5782,3293.0,1923.9999999999993,966.9999999999999,0.12762500000000002,11.433666666666674,0.039
E02001445,6762,3912.999999999999,2446.9999999999995,959.0000000000011,0.09730000000000001,12.981933333333341,0.029600000000000005
E02001446,7486,4390.000000000001,2371.0,1259.9999999999989,0.11879999999999999,13.22793333333334,0.08479999999999999
E02001447,6284,3561.0000000000005,2260.999999999999,955.9999999999995,0.124,11.988583333333324,0.2675
E02001448,6766,4026.9999999999995,2273.999999999999,1060.0000000000016,0.0996,12.860600000000023,-0.04
E02001449,9462,5613.000000000001,3345.9999999999977,1479.000000000001,0.17016666666666666,15.879277777777778,0.30950000000000005
E02001450,8400,4793.0,3090.0,1243.000000000001,0.07433333333333332,11.642999999999986,-0.24933333333333332
E02001451,5870,3528.0000000000005,1619.9999999999995,1145.0,0.36920000000000003,26.705399999999997,1.5024
E02001452,6359,4049.0,1605.9999999999984,1220.0,0.41180000000000005,23.48759999999998,1.7814
E02001453,8840,5359.0,2685.9999999999995,1518.9999999999998,0.09116666666666666,13.355722222222239,-0.06616666666666668
E02001454,7364,4411.000000000002,2265.000000000002,1252.0000000000014,0.13169999999999998,17.2828,0.36260000000000003
E02001455,7182,4540.0,2151.0,1173.9999999999984,0.13299999999999998,15.81733333333336,0.28579999999999994
E02001456,7497,4546.0,2380.9999999999995,1205.9999999999982,0.1371,19.51853333333332,0.1492
E02001457,6688,4371.000000000001,1550.0000000000007,1293.9999999999998,0.37839999999999996,21.738266666666657,1.5677999999999999
E02001458,7707,5116.0,1787.0000000000007,1361.0000000000016,0.17650000000000002,23.925466666666658,0.506
E02001459,6831,4301.999999999998,1736.9999999999998,1284.0000000000002,0.27549999999999997,19.84746666666668,0.9404
E02001460,8022,5167.000000000002,2280.999999999998,1262.0000000000011,0.31260000000000004,24.90826666666666,1.4304000000000001
E02001461,6941,4329.999999999999,1895.0000000000007,1249.0000000000014,0.18500000000000003,16.785749999999993,0.586
E02001462,7749,4978.0,1542.9999999999982,1721.9999999999993,0.4368,35.9218,1.8565999999999998
E02001463,7435,4714.000000000002,1602.9999999999986,1586.0000000000007,0.3379,24.75866666666666,1.2954
E02001464,7017,4508.999999999999,1337.9999999999986,1521.0000000000016,0.4497,40.835800000000006,1.8712
E02001465,7922,5382.000000000002,1699.9999999999998,1344.0000000000002,0.4856,34.346800000000016,2.3016
E02001466,9150,5793.000000000002,2101.000000000001,1846.0000000000014,0.3168333333333333,33.09755555555555,1.4775000000000003
E02001467,7544,4712.0,2620.0,982.0000000000002,0.2325,26.29233333333334,1.0466
E02001468,7554,4825.999999999999,2133.999999999999,1215.000000000002,0.22200000000000003,26.6824,1.1058
E02001469,7563,4452.000000000002,2627.0,1165.9999999999995,0.1402,17.8182,0.30179999999999996
E02001470,8312,5046.999999999999,2493.0000000000005,1433.9999999999995,0.12575,19.721777777777785,0.3391666666666666
E02001471,7449,4615.999999999998,1717.0000000000014,1523.9999999999998,0.3751,33.50866666666669,1.7778000000000003
E02001472,7142,4431.0,1808.999999999999,1407.0000000000005,0.22162500000000002,16.71566666666665,0.8144999999999999
E02001473,7662,4764.999999999999,2059.0,1363.999999999999,0.21740000000000004,27.10419999999998,0.9776
E02001474,7081,4288.999999999999,1367.0000000000018,1782.9999999999993,0.5242,38.38206666666666,2.2394
E02001475,6313,3733.999999999999,1419.0000000000014,1448.0000000000007,0.43387499999999996,25.009749999999976,1.893
E02001476,7987,5087.999999999998,1458.0000000000011,1811.999999999999,0.41430000000000006,32.84126666666666,1.9782
E02001477,7995,4825.000000000002,1423.0000000000007,2120.0000000000005,0.5141,31.05886666666668,2.2148000000000003
E02001478,8149,4743.0,2531.000000000002,1423.0,0.25270000000000004,18.41733333333334,1.1976
E02001479,6133,3663.0000000000005,1950.0000000000014,1061.0000000000007,0.112375,11.720083333333326,0.157
E02001480,7535,4368.999999999999,2644.000000000001,1136.9999999999995,0.12069999999999999,16.648066666666672,0.25139999999999996
E02001481,8194,5010.999999999999,2421.000000000002,1355.0000000000005,0.1869,18.7584,0.7654
E02001482,8106,5596.0,1681.0000000000016,1404.0000000000014,0.55625,36.44861111111111,2.947333333333333
E02001483,7335,4331.0,2481.0000000000005,1160.9999999999984,0.11699999999999999,11.01473333333332,0.22440000000000002
E02001484,8204,4661.0,2710.0,1410.9999999999995,0.149,10.255933333333326,0.40120000000000006
E02001485,6963,4159.0,1514.9999999999982,1580.999999999999,0.331875,20.423833333333327,1.6155
E02001486,7977,4824.000000000001,3033.0,878.9999999999991,0.18729999999999997,13.674200000000013,0.96
E02001487,9452,6098.000000000001,1625.0000000000002,2213.0,0.4464166666666667,35.70066666666667,1.99
E02001488,8396,5404.000000000001,1943.0000000000016,1557.9999999999993,0.25389999999999996,25.8214,1.1512
E02001489,8075,4400.0,3266.999999999998,1165.9999999999982,0.0795,7.303277777777773,-0.07616666666666667
E02001490,8204,4882.0,2509.999999999999,1414.9999999999986,0.1152,10.24506666666667,0.324
E02001491,6876,4103.999999999999,1726.0000000000025,1458.0000000000005,0.35910000000000003,20.739533333333338,1.7564
E02001492,7638,4251.0,2677.999999999999,1257.0000000000005,0.1326,14.558133333333336,0.13720000000000002
E02001493,8967,5783.999999999999,1655.9999999999982,1918.9999999999993,0.43310000000000004,31.774466666666683,2.1362
E02001494,6969,3732.9999999999995,2709.0,1162.0000000000005,0.0586,7.7692,-0.37140000000000006
E02001495,8072,4934.999999999999,1998.9999999999995,1558.0000000000007,0.24779999999999996,21.927533333333336,1.2032
E02001496,6066,3587.0,1907.0000000000011,1015.9999999999989,0.133625,10.010166666666665,0.45375
E02001497,8215,5075.000000000001,1921.9999999999995,1689.9999999999998,0.33399999999999996,27.746000000000002,1.494
E02001498,7252,4425.000000000001,1954.0000000000002,1339.0000000000002,0.1289,12.912133333333344,0.301
E02001499,6555,3588.999999999999,2530.000000000001,1007.0000000000002,0.085375,10.521083333333317,-0.053750000000000006
E02001500,7323,4142.0,2604.0,1178.0000000000002,0.10169999999999998,10.64259999999998,0.08559999999999998
E02001501,7785,4719.0,2309.0,1324.0000000000014,0.11600000000000002,9.953933333333339,0.22419999999999995
E02001502,9779,6021.0,2529.0,1833.0000000000002,0.16391666666666665,14.343166666666667,0.7001666666666666
E02001503,7633,4235.000000000002,2887.9999999999977,1135.0,0.13079999999999997,10.66866666666666,0.18119999999999997
E02001504,7053,3694.000000000001,2952.0000000000005,1021.9999999999999,0.0593,8.967266666666674,-0.099
E02001505,6704,4054.9999999999995,1890.0,1164.9999999999984,0.184375,14.473666666666675,0.645
E02001506,8924,4679.0,3815.0,1265.9999999999995,0.04133333333333333,7.870555555555555,-0.7768333333333333
E02001507,7015,3778.0,2543.0000000000005,1171.9999999999989,0.0696,8.263200000000008,-0.22920000000000001
E02001508,8288,5035.999999999999,2216.0,1590.0000000000002,0.1863,14.839599999999999,0.708
E02001509,7093,4297.999999999999,1920.0000000000014,1340.0000000000018,0.1985,15.616000000000001,0.8495
E02001510,5900,3696.0,1543.0000000000005,1064.9999999999986,0.259375,24.4145,1.1584999999999999
E02001511,6026,3632.0000000000014,1922.000000000001,1012.9999999999998,0.21237499999999998,25.269583333333326,1.1135
E02001512,8557,5251.000000000002,2419.999999999998,1469.9999999999995,0.15760000000000002,16.211733333333328,0.7138000000000001
E02001513,7659,4618.000000000001,2352.0,1214.9999999999986,0.1424,15.544866666666682,0.48
E02001514,7937,4924.000000000001,1765.9999999999995,1738.999999999999,0.28775,28.639416666666648,1.4477499999999999
E02001515,9882,5974.0,2156.0000000000005,2223.0,0.38291666666666674,25.95683333333332,1.7216666666666665
E02001516,6330,4008.000000000001,1363.9999999999982,1307.9999999999986,0.272875,26.485749999999978,1.0782500000000002
E02001517,7957,4764.999999999999,2591.0,1302.9999999999993,0.1829,15.57926666666666,0.8158
E02001518,10300,6666.000000000001,2497.0,1796.000000000001,0.21666666666666667,16.9668888888889,1.0128333333333333
E02001519,8062,5019.000000000001,1745.000000000001,1746.0000000000011,0.32375,27.358250000000023,1.4155
E02001520,11765,6997.999999999998,3828.9999999999986,1820.0000000000005,0.12450000000000001,11.442619047619042,0.3464285714285715
E02001521,12130,8453.999999999998,2213.0,2105.9999999999977,0.23564285714285718,28.071333333333346,0.9840000000000001
E02001522,9686,5962.0,2300.0000000000023,2022.0000000000025,0.33908333333333335,31.392222222222234,1.4911666666666665
E02001523,6847,4391.999999999999,1811.9999999999995,1080.9999999999986,0.17175,19.26716666666665,0.64075
E02001524,6164,3473.000000000001,2420.0000000000014,863.9999999999992,0.075875,15.00275,-0.1415
E02001525,6858,4566.000000000002,1435.9999999999998,1260.000000000001,0.358375,31.108833333333294,1.767
E02001526,6289,3774.000000000001,1306.000000000001,1490.9999999999998,0.380625,23.688166666666675,1.68525
E02001527,5999,3617.0,1914.0000000000007,932.999999999999,0.168875,16.50541666666667,0.68525
E02001528,10786,6391.000000000003,3142.0,2015.9999999999993,0.27135714285714285,27.415095238095244,1.1741428571428572
E02001529,9462,5791.0,2689.0000000000005,1654.0000000000018,0.2975833333333333,23.0251111111111,1.4498333333333333
E02001530,7399,4741.0,1564.0,1519.000000000002,0.3235,30.825083333333325,1.4215
E02001531,7737,4981.000000000001,1904.0000000000002,1373.9999999999966,0.273625,26.218999999999998,1.2125
E02001532,10629,6366.999999999999,2858.999999999998,2075.0000000000005,0.13033333333333333,13.334999999999985,0.16316666666666668
E02001533,7714,4898.000000000001,1814.0000000000007,1509.999999999998,0.28779999999999994,25.291800000000002,1.2878
E02001534,9637,6226.000000000002,2056.9999999999995,1853.000000000001,0.23850000000000002,21.635166666666663,1.033
E02001535,6522,3844.0,2173.000000000001,1071.0000000000016,0.102375,21.874583333333327,0.0010000000000000044
E02001536,8679,5234.000000000001,2646.0,1382.9999999999986,0.173,19.131733333333358,0.7068
E02001537,8476,5503.0,2084.000000000001,1511.0,0.20869999999999997,18.88926666666668,0.8792
E02001538,7966,4820.999999999999,2336.0,1416.999999999999,0.25420000000000004,20.025199999999998,0.9879999999999999
E02001539,6756,4149.999999999999,1408.9999999999995,1562.0000000000005,0.3035,34.418916666666675,0.8652499999999999
E02001540,12090,7384.000000000001,3235.000000000001,2245.999999999999,0.23942857142857146,31.471714285714288,0.4987142857142857
E02001541,11438,6912.0,3388.000000000001,1950.0000000000005,0.23864285714285716,28.20138095238094,0.6657142857142856
E02001542,7657,4559.999999999999,1921.0000000000005,1628.9999999999998,0.3555,41.817933333333336,0.9597999999999999
E02001543,7911,4629.000000000001,2325.9999999999995,1536.0000000000007,0.28891666666666665,30.82166666666667,0.9535
E02001544,8366,5083.0,2182.0,1643.0,0.25666666666666665,24.0373888888889,0.6070000000000001
E02001545,8555,4913.999999999999,2961.999999999999,1321.0000000000002,0.12166666666666666,15.015777777777766,-0.08116666666666668
E02001546,8485,5617.0,2351.999999999999,1083.0000000000007,0.1295,22.221133333333338,0.27840000000000004
E02001547,11017,6957.000000000001,2305.000000000002,2336.000000000001,0.2895,28.65838095238094,0.8395714285714284
E02001548,7959,5001.000000000001,1609.000000000001,1791.9999999999986,0.37870000000000004,32.655466666666655,1.2246
E02001549,6236,3752.999999999999,1817.9999999999995,1157.9999999999995,0.14375,14.673916666666674,0.15800000000000003
E02001550,7718,4824.999999999999,1972.999999999999,1453.0000000000005,0.19390000000000002,16.62540000000002,0.47059999999999996
E02001551,6001,3870.9999999999995,1474.0000000000007,1045.9999999999995,0.22575,29.56233333333335,0.51625
E02001552,7656,4805.0,1709.9999999999993,1583.0000000000011,0.2274,21.568933333333337,0.7826000000000001
E02001553,10479,6499.999999999998,2461.999999999998,2198.0,0.2625,21.0028888888889,0.5563333333333333
E02001554,6002,3647.0,1892.0000000000005,923.9999999999983,0.114,11.31200000000001,-0.037
E02001555,5263,3032.0,2071.0000000000005,711.0000000000005,0.138375,15.9315,0.3465
E02001556,9294,5825.0,1972.9999999999993,1981.9999999999995,0.2984166666666667,24.29544444444443,0.5615
E02001557,10050,6879.0,2132.999999999999,1586.9999999999993,0.22264285714285714,32.9362380952381,0.4252857142857143
E02001558,6021,3453.9999999999995,2362.000000000001,802.0000000000006,0.132625,24.093749999999996,-0.02924999999999999
E02001559,7552,4534.000000000001,2353.9999999999995,1219.0000000000005,0.1014,13.548933333333341,-0.29500000000000004
E02001560,12115,8698.999999999998,1497.0,2308.9999999999986,0.44742857142857145,49.73804761904763,1.3191428571428574
E02001561,6438,4309.000000000001,1213.0000000000002,1322.999999999999,0.370625,39.002750000000006,1.0997499999999998
E02001562,5940,3498.999999999999,1742.9999999999989,1117.000000000001,0.252,21.604,0.7232500000000001
E02001563,8155,4587.0,2711.0000000000005,1411.0,0.137,12.70206666666666,-0.23220000000000002
E02001564,8342,4841.999999999999,2832.000000000001,1352.0,0.0815,14.945666666666659,-0.4109999999999999
E02001565,7992,4849.0,2473.0000000000023,1276.0,0.0915,10.027866666666664,-0.43760000000000004
E02001566,8897,6046.0,1293.0,1916.9999999999993,0.2691,26.231466666666677,0.7576
E02001567,8642,5161.999999999999,2224.9999999999995,1742.0000000000014,0.2843333333333333,28.168388888888884,0.7198333333333333
E02001568,6972,4230.0,1640.0000000000014,1503.0000000000007,0.319875,29.088250000000002,0.8772499999999999
E02001569,8826,5570.000000000001,2053.9999999999986,1744.0000000000011,0.34850000000000003,31.990722222222217,1.1070000000000002
E02001570,6937,4237.000000000002,1860.0000000000007,1302.0000000000014,0.396625,35.332499999999996,1.3247499999999999
E02001571,5979,3604.000000000001,1914.9999999999995,918.9999999999991,0.146,23.002250000000025,0.04475000000000001
E02001572,7816,4958.000000000001,1829.9999999999998,1570.999999999999,0.2855,27.92066666666666,1.0
E02001573,7651,4658.0,1843.0000000000014,1609.0,0.27690000000000003,23.81346666666666,0.8574000000000002
E02001574,6020,3606.0000000000014,1932.0,1005.000000000001,0.13874999999999998,14.276333333333325,0.1815
E02001575,8152,5122.000000000002,1665.9999999999977,1839.9999999999986,0.3014,28.10813333333332,1.1016
E02001576,7089,4407.000000000001,1678.0000000000005,1419.0000000000014,0.1365,16.023749999999975,-0.0015000000000000013
E02001577,6495,3541.0,2751.999999999999,823.9999999999993,0.1159,14.99099999999998,-0.037
E02001578,11808,7518.999999999999,2381.9999999999977,2485.000000000002,0.21483333333333335,19.170000000000012,0.9253333333333332
E02001579,10047,6005.999999999998,2711.9999999999995,1886.0000000000014,0.265,21.2015,1.0573333333333332
E02001580,8536,5120.0,2635.9999999999995,1407.0000000000007,0.22791666666666668,20.920388888888883,0.7905000000000001
E02001581,6290,3829.0,1714.0000000000007,1200.9999999999995,0.237125,21.096083333333326,0.75025
E02001582,7771,4828.000000000001,2024.9999999999998,1436.9999999999993,0.22640000000000002,18.118199999999998,0.8712
E02001583,5620,3554.9999999999995,1294.9999999999993,1116.9999999999989,0.26275000000000004,26.049666666666674,0.885
E02001584,6716,4180.000000000001,2256.0,898.0000000000015,0.09430000000000001,19.83966666666666,0.0864
E02001585,6262,3892.000000000001,1489.999999999999,1275.0000000000002,0.367,28.507749999999998,1.5125
E02001586,7817,4907.0,2424.999999999999,1150.9999999999986,0.3139166666666667,23.349055555555566,1.5598333333333334
E02001587,5885,3730.0,1519.0,1075.9999999999998,0.39287500000000003,30.418833333333325,1.665
E02001588,7164,4348.0,1647.000000000001,1568.0000000000018,0.3202,21.18873333333332,1.263
E02001589,8112,4928.000000000002,2213.9999999999977,1478.0,0.1172,13.016933333333341,0.3108
E02001590,7540,4669.000000000001,1321.000000000001,1836.9999999999998,0.47680000000000006,35.70613333333332,1.7530000000000001
E02001591,8395,5189.000000000001,1562.999999999998,1987.9999999999993,0.4223,34.25046666666666,1.2918
E02001592,8471,5215.0,2510.9999999999986,1379.0000000000018,0.18766666666666668,17.31433333333335,0.5535
E02001593,7399,4857.0,1128.9999999999993,1684.0000000000014,0.474375,39.929250000000025,1.66175
E02001594,7597,4972.0,1194.999999999999,1689.0000000000011,0.514625,44.581083333333325,1.8905
E02001595,8395,5249.0,2524.999999999999,1314.9999999999998,0.132,16.9198888888889,0.3826666666666667
E02001596,8262,4703.0,2866.9999999999995,1325.0,0.1715833333333333,14.017166666666668,0.6041666666666666
E02001597,9528,5754.999999999999,2266.0000000000005,2077.9999999999986,0.33616666666666667,34.91811111111111,1.2046666666666668
E02001598,9728,5773.000000000001,2796.000000000003,1817.9999999999984,0.19366666666666665,15.905500000000002,0.48700000000000004
E02001600,11383,6782.0,2823.000000000002,2237.0000000000005,0.21741666666666667,17.34711111111112,0.3471666666666666
E02001602,9089,5514.0,2550.0000000000005,1625.9999999999977,0.1739166666666667,18.669777777777785,0.38966666666666666
E02001603,7607,4605.999999999999,1881.0000000000014,1592.9999999999982,0.26225,24.041999999999973,1.0285
E02001604,12340,8095.0,2078.999999999998,2684.000000000001,0.14671428571428574,17.184809523809523,0.45442857142857146
E02001605,7562,4747.0,2045.0000000000011,1314.0000000000005,0.16309999999999997,20.454866666666657,0.5038
E02001606,8012,4780.000000000001,2240.0,1468.0,0.22724999999999998,23.103666666666683,0.7848333333333334
E02001607,8825,5179.999999999998,2607.0000000000005,1660.9999999999989,0.2173333333333333,19.87944444444445,0.6983333333333333
E02001608,7241,4384.0,1910.0,1346.0000000000005,0.144875,15.712833333333325,0.33924999999999994
E02001609,8537,4808.000000000001,3021.000000000002,1329.000000000002,0.14700000000000002,17.276166666666686,0.18033333333333335
E02001610,8750,5072.999999999997,2640.0000000000005,1528.999999999999,0.1292,15.769400000000001,0.1898
E02001611,7665,4528.999999999999,2364.999999999999,1249.9999999999989,0.18880000000000002,18.439799999999984,0.457
E02001612,5625,3475.0,1726.9999999999989,842.9999999999999,0.128,16.57408333333335,0.0915
E02001613,10304,6050.0,3308.9999999999986,1788.0000000000011,0.20635714285714288,19.548190476190456,0.4774285714285714
E02001614,11087,6601.0,3662.000000000001,1591.0000000000005,0.10878571428571428,13.446761904761896,0.08885714285714284
E02001615,7123,4035.9999999999995,2741.000000000001,935.0000000000008,0.0845,14.979533333333341,-0.1742
E02001616,7432,4539.999999999998,2049.000000000002,1302.9999999999989,0.2486,20.826933333333365,0.9471999999999999
E02001617,5925,3563.999999999998,998.0000000000008,1578.0,0.378875,29.19033333333335,1.096
E02001618,9931,6052.000000000002,2779.9999999999995,1807.000000000001,0.10958333333333335,16.2085,-0.09133333333333334
E02001619,10266,6313.999999999999,2099.0,2284.000000000001,0.3615,29.896523809523813,1.3149999999999997
E02001620,7302,4411.000000000001,1401.000000000001,1841.0000000000002,0.369875,24.990916666666674,1.099
E02001621,6218,3812.0,1121.0000000000011,1518.9999999999984,0.3581666666666667,26.1378888888889,1.1106666666666667
E02001622,8939,5462.000000000002,1998.9999999999989,1922.0000000000027,0.35866666666666663,29.03544444444445,1.1403333333333334
E02001623,8155,4958.0,1622.0000000000011,1902.0000000000014,0.48930000000000007,28.463600000000003,1.7079999999999997
E02001624,9513,6122.000000000001,2107.0,1760.0000000000005,0.26058333333333333,24.326777777777767,0.7806666666666665
E02001625,8031,4833.999999999999,1702.0000000000005,1890.0,0.40020000000000006,27.645399999999995,1.3564
E02001626,5862,3669.9999999999995,1573.9999999999995,1038.000000000001,0.14049999999999999,18.61241666666665,-0.08100000000000002
E02001627,6036,4260.0,1242.999999999998,937.999999999998,0.195625,27.224999999999973,0.6545
E02001628,6624,3973.9999999999995,1015.9999999999987,1687.0000000000005,0.469,42.726833333333325,1.221
E02001629,6726,4189.000000000001,1315.9999999999998,1497.0000000000005,0.408625,30.3028333333333,1.4755
E02001630,9367,5792.999999999999,1395.0000000000018,2375.999999999999,0.44000000000000006,43.80273333333332,1.2555999999999998
E02001631,7541,4869.0,1934.0,1211.0000000000014,0.1412,16.36093333333332,0.27219999999999994
E02001632,12629,7924.999999999998,1356.9999999999984,3431.0,0.5099166666666667,42.59172222222222,1.4364999999999999
E02001633,7779,4457.999999999999,2752.0000000000005,1250.000000000001,0.09409999999999999,12.07726666666667,-0.2198
E02001634,9106,6381.0,1912.0000000000007,1332.999999999999,0.11525,17.5631111111111,0.06449999999999999
E02001635,6099,3663.999999999999,1802.0000000000002,1054.0000000000005,0.23075,18.275750000000002,0.499
E02001636,9744,6787.999999999998,1622.0000000000011,1693.0000000000005,0.3105,27.75120000000002,1.1562
E02001637,8728,5296.0,1011.0000000000018,2516.9999999999995,0.49775,35.78858333333331,1.1515
E02001638,5727,4792.000000000001,583.0,537.9999999999993,0.05374999999999999,24.472,0.074
E02001639,6011,4110.0,1250.9999999999995,886.9999999999991,0.08,16.301250000000003,-0.07525
E02001640,8278,6713.0,966.9999999999995,796.0,0.0782,21.5012,0.3726
E02001642,10457,6711.000000000001,2305.999999999998,1949.0,0.225,23.10383333333333,0.40116666666666667
E02001643,6378,3584.0,2116.9999999999995,1157.9999999999989,0.07825,8.236,-0.7035000000000001
E02001646,7601,6096.000000000002,1072.0000000000007,661.0,0.059375,23.04475,-0.28900000000000003
E02001647,6338,3730.000000000001,1778.000000000001,1212.0,0.19937500000000002,17.697333333333326,0.49875
E02001648,8543,6246.000000000001,1694.0000000000016,980.0000000000009,0.042375,15.97333333333335,-1.18325
E02001649,11118,7125.000000000003,1862.9999999999998,2614.0000000000014,0.3994166666666667,26.92344444444443,1.5168333333333333
E02001650,9430,7597.000000000001,750.9999999999998,1182.0000000000011,0.21280000000000002,28.98066666666668,0.8695999999999999
E02001651,8100,4418.0,2770.0000000000014,1544.0000000000007,0.0433,9.698199999999986,-1.0592
E02001652,14217,11823.0,838.9999999999998,1499.0000000000025,0.16241666666666665,33.20766666666668,0.742
E02001653,7657,5148.999999999998,1187.0000000000005,1589.0,0.32425000000000004,23.271833333333348,1.2647499999999998
E02001654,6270,3760.0000000000005,1831.000000000001,1112.9999999999998,0.1975,17.58183333333335,0.6637500000000001
E02001655,7742,4686.0,1917.0000000000011,1592.9999999999998,0.2976,20.32353333333332,1.0308
E02001656,7828,5448.0,1454.0000000000005,1291.999999999999,0.0723,19.017066666666665,-0.43920000000000003
E02001657,9045,5539.999999999998,2014.9999999999998,1970.0000000000018,0.046000000000000006,12.773500000000013,-0.6606666666666666
E02001658,5349,3341.000000000001,946.9999999999999,1297.0,0.4775,32.585499999999996,1.68875
E02001659,5955,3770.9999999999995,1638.9999999999989,997.9999999999991,0.358125,25.9225,1.4289999999999998
E02001660,9812,6533.000000000002,2031.9999999999995,1780.000000000001,0.15916666666666668,24.40905555555555,0.09783333333333333
E02001661,7644,4826.0,1673.0,1504.9999999999977,0.3507,26.1342,1.1342
E02001662,7546,4566.0,2310.999999999998,1193.0000000000014,0.21960000000000002,21.471600000000002,0.8244
E02001663,7391,5192.999999999999,1281.000000000001,1337.0,0.1176,22.9526,0.1258
E02001664,6282,3679.999999999999,1986.0000000000011,1110.0000000000005,0.18125000000000002,17.290916666666675,0.22325
E02001665,9868,5419.999999999999,3215.0,1923.0000000000007,0.04083333333333333,8.745777777777777,-0.888
E02001666,5950,3940.0000000000005,1401.0000000000007,1057.9999999999989,0.23912499999999998,22.971583333333328,0.9889999999999999
E02001669,7965,5352.999999999999,1778.9999999999993,1313.000000000001,0.10919999999999999,20.75266666666668,-0.031799999999999995
E02001670,6063,3717.999999999999,1230.9999999999998,1362.0000000000014,0.42537499999999995,32.85391666666665,1.3832499999999999
E02001671,5589,3403.0000000000014,2121.0,681.0000000000007,0.1385,12.039,0.3195
E02001672,6072,3680.000000000001,1842.9999999999993,967.9999999999995,0.159875,15.242833333333326,0.16674999999999998
E02001673,5200,3402.0,1442.9999999999986,855.0,0.08875,10.5725,-0.196
E02001674,9255,5284.000000000002,3167.000000000002,1523.9999999999993,0.10441666666666667,9.909055555555568,-0.1613333333333333
E02001675,8410,5039.0,2798.9999999999995,1232.0000000000007,0.2510833333333333,21.09122222222222,0.9165000000000001
E02001676,6009,3474.000000000001,2062.0,946.9999999999998,0.0675,9.706916666666658,-0.45475
E02001678,10639,5620.000000000002,3811.0000000000005,1977.0000000000005,0.059750000000000004,11.680444444444463,-0.8661666666666665
E02001679,6418,3886.9999999999995,1469.0,1388.0,0.31949999999999995,23.2785,1.15025
E02001680,6408,4021.0000000000005,1292.0000000000002,1423.000000000001,0.462625,30.983916666666676,1.74025
E02001681,7793,4343.999999999999,2478.0000000000005,1435.0000000000002,0.09559999999999999,15.300933333333361,-0.4598000000000001
E02001682,8575,5175.999999999998,2464.0,1489.0000000000007,0.1628,15.367866666666675,0.15239999999999995
E02001683,9438,5794.999999999998,2845.0000000000005,1578.0000000000007,0.12616666666666665,18.174388888888885,0.11216666666666665
E02001684,6846,4321.0,1666.0000000000016,1312.9999999999977,0.315625,26.762916666666676,1.0214999999999999
E02001685,8024,5004.000000000002,1857.0000000000016,1614.9999999999995,0.2934,20.84346666666668,1.076
E02001686,6831,4146.000000000002,2236.0000000000014,988.9999999999994,0.15050000000000002,15.494333333333339,0.3268
E02001688,7649,5249.999999999999,1442.0000000000025,1346.0000000000007,0.287375,20.08241666666665,1.217
E02001689,7629,4755.999999999998,1580.0000000000023,1685.000000000001,0.368625,36.49125,1.35025
E02001690,7091,4403.0,2011.9999999999995,1196.9999999999984,0.1903,15.319799999999997,0.4448
E02001691,8596,5759.000000000001,1295.9999999999993,1845.9999999999982,0.2889,29.2728,1.0238
E02001692,6212,3950.000000000001,1183.0000000000005,1397.0000000000018,0.40525,26.35691666666665,1.4729999999999999
E02001693,5237,3252.000000000001,1513.9999999999995,867.0000000000013,0.35087499999999994,26.80766666666665,1.425
E02001694,6169,3834.9999999999995,1846.0000000000002,988.0000000000001,0.17775,16.434333333333324,0.46725
E02001695,5769,3516.0,1924.0000000000002,877.9999999999991,0.16062500000000002,12.659500000000001,0.34525
E02001696,9250,5639.999999999997,2428.999999999998,1764.0000000000005,0.29741666666666666,20.016111111111098,0.9901666666666666
E02001697,7536,4723.0,2234.0,1186.9999999999986,0.1081,14.06486666666668,0.20099999999999998
E02001698,6892,3544.999999999999,2963.9999999999986,946.9999999999992,0.06689999999999999,6.994266666666659,-0.153
E02001699,6501,3987.0,1959.0000000000005,1128.9999999999989,0.2576,19.471,1.0550000000000002
E02001700,10466,6313.0,3008.9999999999986,1846.9999999999998,0.16564285714285715,16.812523809523817,0.33814285714285713
E02001701,6209,3646.0,2094.000000000001,959.0000000000016,0.075625,11.659666666666666,0.012
E02001702,7916,4933.0,1842.9999999999995,1625.000000000001,0.40709999999999996,27.0286,1.5062000000000002
E02001703,5618,3143.0,2024.0000000000002,877.0000000000006,0.1595,19.231666666666648,0.11825
E02001704,6807,4246.999999999999,1918.9999999999995,1079.9999999999995,0.28759999999999997,21.0268,1.1162
E02001706,8056,4879.999999999997,1943.0000000000005,1721.9999999999998,0.24862499999999998,20.056166666666673,0.70925
E02001707,8367,5039.000000000001,2527.000000000001,1362.0000000000018,0.2263,20.21046666666666,0.8698
E02001709,10477,6194.999999999998,3093.999999999997,1880.9999999999989,0.07216666666666667,8.27444444444444,-0.6363333333333333
E02001710,10017,6327.999999999999,2560.0000000000005,1861.9999999999989,0.30092857142857143,25.834809523809515,1.1745714285714286
E02001711,10430,6492.999999999999,2589.9999999999977,2153.000000000001,0.3199166666666667,27.676722222222224,0.9903333333333334
E02001712,9491,6023.999999999999,2460.0000000000005,1537.0000000000005,0.075,12.944333333333335,-0.44483333333333336
E02001713,10065,6163.0,2771.999999999999,1786.0000000000014,0.09064285714285715,11.15076190476191,-0.3901428571428571
E02001714,9817,6173.999999999998,2547.000000000002,1816.0000000000002,0.06616666666666667,6.418499999999999,-0.3926666666666667
E02001715,11936,7350.0,2454.0,2740.0,0.29150000000000004,21.503333333333327,0.9152857142857143
E02001718,6647,4170.0,1552.0000000000002,1352.9999999999993,0.3165,26.7265,1.23475
E02001719,8511,5578.999999999998,2215.000000000001,1301.9999999999998,0.12058333333333333,14.492277777777785,0.08483333333333332
E02001720,9815,8503.0,1200.0000000000005,454.0000000000001,0.0263,17.69446666666666,-0.2976
E02001721,11057,6752.999999999999,3164.999999999999,1959.0000000000002,0.23135714285714284,19.609619047619045,0.6834285714285713
E02001722,9567,5611.0,2578.999999999999,1989.0000000000018,0.2857142857142857,21.433666666666653,0.8392857142857143
E02001723,7392,4663.999999999999,1297.0000000000005,1709.0000000000011,0.259,24.42133333333335,0.611
E02001724,9266,7778.999999999998,1227.0000000000005,485.0000000000002,0.0507,19.49806666666666,-0.010400000000000003
E02001725,9326,7729.999999999998,1000.0,896.9999999999982,0.1725833333333333,24.486111111111118,1.1181666666666668
E02001726,11887,7528.0,2543.0,2464.9999999999995,0.274375,23.557916666666674,0.7705
E02001727,8799,5520.000000000001,2568.999999999999,1490.9999999999989,0.23933333333333331,24.47516666666665,0.7841666666666667
E02001728,9502,5817.0,2608.0,1738.0,0.2456428571428571,22.12790476190477,0.7432857142857143
E02001729,12620,9002.999999999998,1154.9999999999993,2631.000000000001,0.2794166666666667,36.60672222222222,0.8271666666666667
E02001732,5872,3646.0000000000005,1337.0,1265.0,0.29516666666666663,25.743222222222233,0.9066666666666666
E02001734,8232,5044.0,1761.0000000000005,1848.9999999999995,0.35629999999999995,26.6988,1.1052
E02001735,6663,4016.000000000001,1437.9999999999995,1551.0000000000011,0.486625,32.4825,1.65325
E02001737,6229,3828.999999999999,1386.000000000001,1410.9999999999982,0.480625,33.02075000000003,1.9667500000000002
E02001738,6149,3170.9999999999995,2330.000000000001,1054.0000000000007,0.040124999999999994,6.556833333333333,-0.915
E02001739,7350,4563.000000000001,2303.999999999999,1088.9999999999989,0.2184,19.62720000000002,0.7390000000000001
E02001740,5949,3296.000000000001,1738.0000000000002,1252.0000000000002,0.043375000000000004,10.053833333333325,-0.7925
E02001741,7881,4569.000000000001,2703.0,1208.9999999999986,0.12040000000000002,12.856,0.06899999999999999
E02001742,5828,3343.0,1998.0000000000002,935.9999999999998,0.07162500000000001,7.283249999999997,-0.51325
E02001743,7641,4830.000000000001,1885.9999999999993,1408.9999999999986,0.12630000000000002,17.56746666666666,0.36539999999999995
E02001744,8276,5277.000000000002,1921.0000000000002,1568.0,0.1372,12.110533333333334,0.15319999999999998
E02001745,6737,4188.000000000001,1751.0000000000016,1249.0000000000011,0.170375,14.523083333333325,0.30925
E02001746,8154,4923.000000000002,2269.0000000000014,1437.0000000000005,0.1528,11.33440000000002,0.13079999999999997
E02001747,6270,3428.9999999999986,2355.0000000000005,992.9999999999992,0.08024999999999999,9.04325000000001,-0.47500000000000003
E02001748,8679,5522.999999999999,1739.0000000000023,1833.9999999999984,0.20529999999999998,15.051666666666668,0.5016
E02001749,6394,3753.0000000000005,2042.0000000000014,1069.9999999999998,0.148,12.343583333333324,0.20299999999999996
E02001750,6834,3876.0000000000005,2264.9999999999986,1172.0000000000007,0.09237500000000001,8.116249999999999,-0.1965
E02001751,6790,4240.000000000001,1787.999999999999,1234.9999999999998,0.17850000000000002,14.052249999999999,0.39949999999999997
E02001752,6504,3950.999999999999,1466.9999999999993,1365.9999999999989,0.27774999999999994,17.06225,0.9532499999999999
E02001753,6240,3783.0,2062.0000000000005,924.0000000000009,0.13375,14.17258333333335,0.053000000000000005
E02001754,5795,3544.000000000001,1896.9999999999989,858.9999999999982,0.082875,12.210083333333325,-0.07200000000000002
E02001755,10057,6308.999999999999,2489.0000000000005,1873.0000000000018,0.11758333333333332,11.073222222222215,0.079
E02001756,9410,6143.0,2042.9999999999993,1813.0000000000014,0.24541666666666664,14.053166666666684,0.9998333333333335
E02001757,5876,3592.0,1931.9999999999993,898.0000000000005,0.17762500000000003,14.47424999999999,0.296
E02001758,5542,3339.0000000000005,1654.9999999999993,1000.0000000000008,0.1815,13.479416666666664,0.44900000000000007
E02001759,6110,4006.999999999999,1776.0,826.0000000000009,0.183375,19.94958333333335,0.6355
E02001760,7800,4925.0,1425.0000000000005,1829.9999999999995,0.40259999999999996,24.845,1.4926
E02001761,5442,3232.0,1718.999999999999,866.0000000000005,0.20375,16.165583333333323,0.6385000000000001
E02001762,7100,4545.000000000002,1893.9999999999986,1273.0000000000023,0.13599999999999998,12.725583333333333,0.195
E02001763,6378,4096.000000000001,1656.0000000000007,1101.0,0.304,19.042916666666674,1.064
E02001764,7604,4968.999999999999,1854.000000000001,1287.0000000000005,0.37689999999999996,24.88539999999998,1.5425999999999997
E02001765,7740,4898.0,1716.0,1544.9999999999982,0.3235,20.61541666666665,1.242
E02001766,7208,4913.999999999997,1400.0000000000016,1291.0000000000005,0.27275,22.32433333333335,0.8885000000000001
E02001767,6774,4391.999999999999,1797.0000000000011,1053.999999999999,0.279,23.76686666666668,1.0399999999999998
E02001768,8106,5194.0,2136.0000000000005,1409.0000000000002,0.30619999999999997,25.18280000000002,1.0724
E02001769,7548,5018.0,1816.9999999999986,1265.0000000000011,0.43529999999999996,26.07506666666668,1.8216
E02001770,6034,3994.0000000000005,1910.0000000000005,734.9999999999999,0.17270000000000002,19.594533333333317,0.6228
E02001771,6207,3483.9999999999995,2050.0,1199.9999999999995,0.271875,17.085416666666674,0.8712500000000001
E02001772,5024,3054.0,1570.9999999999995,788.000000000001,0.242,19.8125,0.9745
E02001773,5181,2932.0,2046.0,755.9999999999993,0.10625,11.56375,0.05075
E02001774,5216,3276.0000000000005,1450.0000000000002,865.0000000000006,0.35175,25.27425,1.5365000000000002
E02001775,5345,3132.0,1447.0000000000002,1034.9999999999995,0.31899999999999995,17.466499999999975,1.2565
E02001776,9199,5875.0,2057.0000000000027,1838.0000000000014,0.27016666666666667,17.526333333333316,1.2983333333333336
E02001777,6974,4608.999999999999,1676.0000000000002,1186.0,0.16037500000000002,14.321999999999992,0.5485
E02001778,5631,3594.000000000001,1548.9999999999993,930.9999999999989,0.3305,25.19275,1.3744999999999998
E02001779,5418,3339.9999999999995,1499.9999999999986,962.9999999999999,0.35200000000000004,20.879083333333323,1.4297499999999999
E02001780,6111,3549.999999999999,1817.000000000001,1192.9999999999998,0.27249999999999996,14.822916666666675,1.03325
E02001781,5438,3418.000000000001,1274.9999999999995,1163.9999999999993,0.365125,20.20091666666665,1.52975
E02001782,10204,6135.000000000002,2651.000000000002,2134.0000000000005,0.25275000000000003,14.296500000000004,0.9456666666666665
E02001783,7103,4279.0,1494.9999999999995,1727.0000000000007,0.409,20.403599999999983,1.4174
E02001784,6652,4050.9999999999995,1829.0000000000007,1219.9999999999993,0.2751,18.6768,1.1605999999999999
E02001785,7556,4460.000000000001,2579.0,1179.0000000000005,0.2189,16.780466666666662,0.6836
E02001786,6702,4152.000000000001,1920.0000000000002,1160.0000000000005,0.2931,18.068999999999985,1.174
E02001787,5198,3013.0,1632.0,933.0000000000006,0.246125,18.19291666666665,0.92875
E02001788,5901,3659.9999999999995,1708.0,1023.0000000000007,0.24225000000000002,16.77499999999998,0.9119999999999999
E02001789,5895,3365.0,2119.0000000000014,923.999999999999,0.04625,10.271666666666665,-0.632
E02001790,5965,3480.999999999999,1918.9999999999995,1021.9999999999998,0.123125,13.065999999999999,0.0072499999999999926
E02001791,5422,3393.0,1853.0,705.9999999999986,0.067625,13.61766666666665,-0.17825000000000002
E02001792,6961,4146.0,2630.0000000000005,867.0000000000002,0.0895,16.663466666666668,0.281
E02001793,8268,5318.000000000001,1812.0000000000014,1709.999999999999,0.40641666666666665,29.0991111111111,1.7940000000000003
E02001794,8775,5293.0,2186.0,1798.999999999998,0.3983333333333334,26.24016666666665,1.7358333333333331
E02001795,7459,4670.999999999998,2176.000000000002,1255.0000000000014,0.3495,32.71516666666665,1.641
E02001796,8663,5504.0,2795.0000000000005,1101.0,0.18366666666666667,23.380722222222232,0.8704999999999998
E02001797,5905,3560.999999999999,1864.0,874.0000000000009,0.13637500000000002,12.328333333333342,0.45299999999999996
E02001798,8280,5204.0,2207.0000000000014,1500.9999999999998,0.2964166666666667,23.700833333333318,1.3036666666666665
E02001799,9397,5761.0,2202.0,1973.0,0.37414285714285717,27.810619047619042,1.592142857142857
E02001800,6695,4077.000000000001,1984.9999999999998,1104.999999999999,0.2257,18.34913333333332,0.9847999999999999
E02001801,6187,4207.999999999998,1144.0,1168.9999999999993,0.273375,35.97308333333335,1.2385
E02001802,7478,4595.999999999999,1612.0000000000014,1668.0,0.395625,27.05466666666665,1.5765
E02001803,9183,6865.000000000001,1478.000000000001,1158.999999999999,0.2676,31.60293333333332,1.4686
E02001804,6137,3757.999999999999,1660.999999999999,1131.9999999999995,0.29875,21.701083333333347,1.2537500000000001
E02001805,5554,3430.000000000001,1856.0000000000005,779.9999999999985,0.18774999999999997,24.342833333333324,0.9147500000000001
E02001806,7926,5110.0,1917.999999999998,1446.9999999999995,0.47700000000000004,39.83344444444445,2.070666666666667
E02001807,8672,5267.000000000003,2019.000000000001,1869.9999999999998,0.22558333333333336,20.16366666666666,0.9301666666666666
E02001808,5694,3627.0000000000005,1234.0,1146.9999999999993,0.226875,31.161666666666676,0.6785
E02001809,6458,3667.9999999999995,2239.000000000001,1054.0,0.20269999999999996,16.920733333333338,0.8082
E02001810,8198,5139.0,2432.0,1316.9999999999998,0.1998333333333333,14.960611111111112,0.7438333333333333
E02001811,8605,5274.0,2303.0000000000005,1626.9999999999993,0.35100000000000003,24.43499999999998,1.2982
E02001812,10104,5944.0,3651.000000000001,1438.9999999999982,0.09585714285714286,12.48523809523809,0.09614285714285717
E02001813,9628,6079.0,2005.0000000000005,2055.0000000000014,0.41728571428571426,27.705380952380956,1.6394285714285715
E02001814,6195,3844.000000000001,1723.0,1095.9999999999986,0.271125,21.449583333333326,1.041
E02001815,9625,5666.000000000002,3482.000000000001,1488.9999999999984,0.15521428571428572,15.979142857142856,0.5684285714285714
E02001816,6735,4139.999999999998,2107.9999999999995,1083.0,0.3545,26.014266666666664,1.5954
E02001817,6789,4095.999999999999,1924.9999999999998,1287.0000000000005,0.28875,25.55183333333335,1.1059999999999999
E02001818,9807,6223.999999999997,2285.000000000002,1920.9999999999995,0.2407,18.604,1.0088
E02001819,7109,4111.000000000001,2632.9999999999977,1027.0000000000005,0.10300000000000001,11.239866666666675,0.2546
E02001820,9767,6056.999999999998,2358.0000000000005,1895.0000000000011,0.21625000000000003,17.207611111111103,0.8205
E02001821,5742,3703.000000000001,1678.0,868.9999999999994,0.16412500000000002,15.092833333333324,0.58475
E02001822,7778,4937.000000000002,2203.0,1252.9999999999984,0.19229999999999997,22.51386666666666,0.8916000000000001
E02001823,8469,5259.000000000002,2003.0000000000005,1698.9999999999998,0.2572,19.660266666666672,1.0413999999999999
E02001824,8558,4993.0,2680.000000000001,1509.9999999999982,0.24625,16.854500000000023,0.8923333333333333
E02001825,7723,4672.999999999998,2544.999999999999,1124.9999999999998,0.2718,22.350266666666663,1.1885999999999999
E02001826,7566,4636.000000000002,1814.0000000000018,1545.9999999999986,0.31575,21.834083333333353,1.26275
E02001827,6451,3559.0,1989.0000000000005,1284.0000000000014,0.114625,12.407416666666643,-0.19625
E02001828,7106,3895.999999999999,2335.0,1299.000000000001,0.1055,13.050166666666666,-0.32625000000000004
E02001829,9239,5249.0,2413.000000000001,2018.9999999999986,0.056499999999999995,7.0722666666666685,-0.6294
E02001830,9784,5575.0,3332.999999999999,1565.9999999999998,0.06416666666666666,11.593333333333328,-0.6675
E02001831,10825,6532.0,2467.999999999997,2367.9999999999995,0.23208333333333334,18.737166666666635,0.6123333333333333
E02001832,7969,4686.999999999998,2440.0,1410.0000000000007,0.09079999999999999,10.5452,-0.36939999999999995
E02001833,5954,3583.0,1634.9999999999993,1130.0000000000002,0.135375,15.580499999999994,0.010000000000000002
E02001834,6178,3785.0,1148.9999999999984,1503.999999999999,0.298875,24.26183333333335,0.74475
E02001835,8525,5232.999999999999,2355.000000000002,1492.0,0.0995,16.414733333333324,-0.1082
E02001836,9026,5308.000000000002,2712.000000000002,1635.9999999999998,0.11041666666666666,12.561999999999989,-0.22216666666666665
E02001837,10695,6668.0,1755.9999999999984,2640.9999999999977,0.43578571428571433,34.05561904761904,1.3378571428571429
E02001838,7553,4427.0,2484.9999999999995,1246.999999999999,0.0695,12.453333333333326,-0.46820000000000006
E02001839,6454,3938.0000000000014,1680.0000000000005,1267.999999999999,0.228875,23.06225,0.55725
E02001840,9745,5995.000000000002,1775.0,2336.9999999999995,0.40383333333333343,29.676,1.4069999999999998
E02001841,5976,3254.999999999999,2193.000000000001,953.9999999999995,0.062625,11.157583333333335,-0.5780000000000001
E02001842,8124,5081.999999999999,1784.0000000000014,1701.999999999999,0.1969,20.526266666666658,0.026199999999999994
E02001843,6651,4068.0,1616.0,1349.0,0.204875,23.284666666666652,0.34175
E02001844,9880,5911.999999999997,3136.9999999999995,1574.9999999999986,0.17375,22.686944444444446,0.5278333333333335
E02001845,6674,4201.0,1314.9999999999984,1483.9999999999998,0.197375,18.89725,0.1595
E02001846,8142,5196.999999999999,1536.0000000000014,1836.0000000000011,0.3503,29.292333333333346,1.1034
E02001847,5709,3338.999999999998,1795.0,1012.9999999999998,0.121375,16.77491666666665,0.001250000000000008
E02001848,7422,4422.999999999999,1219.9999999999995,1947.999999999998,0.36787499999999995,27.722083333333323,0.877
E02001849,8995,5729.0,1223.000000000001,2352.0,0.3797,35.143533333333316,0.9474
E02001850,8672,5388.0,1691.0,1935.000000000001,0.2551,23.490399999999983,0.37760000000000005
E02001851,9118,5739.000000000001,2061.0000000000005,1814.9999999999984,0.25529999999999997,22.029866666666663,0.8384
E02001852,7122,4575.000000000002,1397.000000000001,1523.9999999999995,0.352375,30.678416666666678,0.9915
E02001855,9877,6033.0,2126.000000000002,2190.999999999999,0.41958333333333336,33.45516666666667,1.6076666666666666
E02001856,9738,6469.0,1304.999999999999,2324.9999999999995,0.3993,39.3956,1.082
E02001857,13977,9609.999999999998,2183.9999999999995,2752.000000000002,0.39668749999999997,36.531375,1.399125
E02001858,9352,6379.999999999999,1473.9999999999995,1854.999999999998,0.3209,32.41846666666666,0.7574
E02001859,10303,6505.0,1317.000000000001,2627.999999999999,0.5064166666666666,41.51022222222222,0.8266666666666667
E02001860,8578,5405.999999999997,1212.0000000000018,2142.9999999999995,0.4614,47.87626666666669,0.8564
E02001861,11296,7138.0,1389.9999999999998,2879.9999999999986,0.4628333333333334,36.90994444444445,0.8605
E02001862,9952,6385.000000000001,1624.000000000001,2320.999999999999,0.41625,41.86094444444445,0.7719999999999999
E02001863,8411,5265.0,974.0000000000001,2189.9999999999995,0.5249,46.52553333333334,0.8375999999999999
E02001865,11385,7312.000000000001,1514.9999999999986,2779.0000000000014,0.457,48.387571428571434,0.9741428571428571
E02001866,9553,6300.0,1135.9999999999998,2249.9999999999995,0.5063000000000001,43.530866666666654,1.2189999999999999
E02001867,8635,5343.999999999998,967.9999999999993,2356.0,0.47840000000000005,38.281133333333344,0.975
E02001868,10039,6019.999999999997,1490.0000000000002,2667.0000000000027,0.2912,27.400733333333342,0.481
E02001869,7074,4047.9999999999977,762.0000000000001,2340.9999999999995,0.5311250000000001,35.07400000000003,1.13125
E02001870,13188,7885.0,1544.999999999997,3818.999999999998,0.40916666666666673,40.2436111111111,0.9011666666666667
E02001871,8394,4989.000000000001,1839.000000000001,1996.999999999998,0.4088,33.0376,1.355
E02001872,7416,4528.000000000001,1488.0,1707.0000000000005,0.367875,28.43758333333335,1.28775
E02001873,11383,7301.000000000004,1349.0000000000005,2904.9999999999995,0.47140000000000004,43.78453333333333,0.9810000000000001
E02001874,9964,6198.000000000002,1008.9999999999995,2812.999999999998,0.5006999999999999,48.31206666666666,1.0532000000000001
E02001875,9086,5863.999999999998,779.0000000000002,2462.000000000001,0.4508,36.378066666666676,0.7896
E02001876,17252,13308.0,686.9999999999995,2729.9999999999973,0.3363333333333333,34.39766666666665,1.0126666666666666
E02001877,12449,7660.000000000002,1224.9999999999995,3561.9999999999995,0.46216666666666667,49.18188888888889,0.8511666666666667
E02001878,9549,6055.000000000002,896.9999999999994,2689.999999999998,0.46340000000000003,40.71886666666666,1.0442
E02001879,9844,6490.000000000001,1241.0000000000005,2270.0,0.44489999999999996,43.19026666666666,1.2178
E02001880,10049,6041.000000000002,1304.0000000000007,2891.999999999999,0.4564166666666667,35.77022222222224,1.4243333333333332
E02001881,10563,6451.999999999999,1058.9999999999984,3073.0000000000005,0.47300000000000003,45.29846666666666,0.9561999999999999
E02001882,9051,5480.999999999997,1595.0000000000018,2284.999999999999,0.40869999999999995,35.77146666666668,1.0193999999999999
E02001883,8587,5202.0,1560.999999999999,2166.999999999999,0.4125,35.4846,1.384
E02001884,10002,6076.0,803.0,3045.999999999999,0.46075,47.42524999999998,0.9305
E02001886,9953,6792.000000000001,1598.0,1852.0000000000011,0.2745,26.04220000000002,0.5708
E02001888,7224,4235.999999999998,1321.9999999999995,1864.0000000000002,0.3675,26.82058333333335,1.0659999999999998
E02001889,9105,5549.0,1089.0000000000005,2514.0000000000027,0.433,44.88416666666667,0.88825
E02001890,9782,6891.000000000002,1797.9999999999989,1492.9999999999984,0.2515833333333333,23.3878888888889,0.31416666666666665
E02001892,11775,6943.999999999997,1278.0000000000023,3662.999999999998,0.45225000000000004,36.25933333333333,1.0641666666666667
E02001893,8962,5467.0,1895.0,1961.0,0.2941,29.816066666666636,0.629
E02001895,9013,5457.000000000001,1904.000000000001,2024.9999999999989,0.3664,31.3816,1.2710000000000001
E02001896,10089,6271.0,1134.0000000000007,2791.0,0.4566,48.28166666666666,0.8827999999999999
E02001897,8774,5517.0,1090.000000000001,2349.0000000000027,0.5636000000000001,38.76173333333334,1.4060000000000001
E02001898,6539,4001.0000000000014,1719.9999999999989,1224.9999999999986,0.17225,21.54391666666665,0.171
E02001899,8589,4896.999999999999,2530.0000000000014,1582.9999999999982,0.10700000000000001,13.05946666666668,-0.1888
E02001900,6849,4502.999999999998,1372.0,1328.9999999999998,0.272625,25.628500000000003,0.444
E02001901,8272,5661.0,1671.999999999999,1429.000000000001,0.10129999999999999,17.38653333333334,-0.1516
E02001902,6242,3907.999999999999,1361.9999999999989,1361.0,0.258,23.908583333333326,0.45125000000000004
E02001903,8069,5065.000000000002,932.9999999999995,2151.0000000000005,0.4915,49.38583333333332,0.9610000000000001
E02001904,8020,4919.0,1101.9999999999995,2204.999999999999,0.429125,40.488,1.10075
E02001905,10066,7486.000000000001,1414.999999999999,1193.0000000000016,0.07609999999999999,16.8620666666667,-0.3852
E02001906,9622,6100.999999999999,2151.999999999999,1892.000000000001,0.20299999999999999,16.346666666666668,0.24216666666666667
E02001907,10664,6638.000000000002,2512.999999999999,2066.0,0.20858333333333334,26.295833333333334,0.31683333333333336
E02001908,9007,5682.999999999998,1070.9999999999995,2364.999999999999,0.481125,52.73833333333332,0.8812500000000001
E02001909,8198,5220.999999999999,949.9999999999984,2094.0000000000005,0.5011,47.6468,1.1614
E02001910,7239,4625.999999999999,995.9999999999993,1723.9999999999998,0.481375,37.693,1.0555
E02001911,8788,5213.0,1478.999999999999,2337.999999999998,0.3943,25.65313333333334,0.9206
E02001913,7231,4844.000000000001,1391.0000000000002,1265.0,0.26575,20.444333333333326,0.883
E02001914,7054,4615.0,1203.0000000000018,1504.0000000000011,0.259125,26.767166666666675,0.5607500000000001
E02001915,12111,7868.999999999999,2363.000000000002,2517.9999999999986,0.2935,26.03309523809524,0.9817142857142857
E02001916,9950,6148.999999999999,1365.0,2636.0,0.4008999999999999,31.86033333333334,0.8591999999999999
E02001918,8608,5895.0,1829.9999999999993,1436.999999999999,0.29108333333333336,24.70033333333332,0.923
E02001919,6862,4615.0,1402.0,1186.9999999999995,0.2455,28.640249999999998,0.46900000000000003
E02001920,7681,4643.0,1614.9999999999998,1724.9999999999995,0.3593,21.716533333333338,0.9358000000000001
E02001921,7806,4820.0,1599.000000000001,1740.9999999999993,0.3094,19.71986666666668,0.7732
E02001922,17048,15930.0,303.9999999999999,851.0000000000001,0.05491666666666667,30.276500000000002,0.5775
E02001923,11353,7012.999999999997,2041.0000000000007,2649.0000000000027,0.3431666666666667,30.781999999999982,0.6709999999999999
E02001924,7154,4457.999999999999,1332.000000000001,1692.9999999999989,0.29375,25.07483333333335,0.62225
E02001925,6757,4187.999999999998,1614.0000000000014,1249.9999999999989,0.176875,16.40858333333335,0.2485
E02001926,7873,5411.000000000002,1545.0000000000005,1294.999999999999,0.2117,22.45833333333332,0.5995999999999999
E02001927,7702,4695.0,1503.9999999999998,1763.9999999999998,0.3564,26.06879999999998,1.2874
E02001928,6750,4046.999999999999,1687.9999999999993,1383.9999999999989,0.3397,25.57233333333334,1.0128
E02001929,10322,6265.000000000001,1297.0000000000005,2974.0,0.40158333333333335,29.686888888888898,1.1771666666666667
E02001930,7713,5065.0,1521.9999999999989,1496.999999999999,0.1833,20.750933333333318,0.3128
E02001931,8575,5212.0,2081.0,1769.9999999999986,0.20260000000000003,19.1742,0.0968
E02001932,7480,4530.999999999997,1380.999999999999,1825.0000000000011,0.39225,26.059000000000026,1.06775
E02001933,7831,4973.0,1548.9999999999986,1687.9999999999998,0.27290000000000003,21.784333333333326,0.8474
E02001934,7172,4341.999999999999,1553.9999999999984,1587.9999999999982,0.19087500000000002,18.751416666666675,0.025
E02001935,8015,4577.000000000003,2054.0000000000014,1714.9999999999989,0.2246,14.4642,0.2914
E02001936,6380,3748.000000000001,1751.9999999999986,1231.9999999999993,0.149875,14.604916666666675,-0.003749999999999991
E02001937,8560,5161.0,1639.0,2095.000000000001,0.3734,24.700733333333343,1.0636
E02001938,7798,5330.0,1463.999999999998,1384.0000000000002,0.16770000000000002,20.88633333333334,0.504
E02001939,6354,3611.000000000002,2086.999999999999,1114.999999999999,0.268125,16.222083333333323,0.6745
E02001941,6708,3986.999999999999,1328.0000000000005,1651.9999999999995,0.355625,26.984166666666653,1.0815
E02001942,6812,4191.0,1606.0000000000002,1351.9999999999995,0.221375,19.774083333333323,0.52725
E02001943,6479,4036.000000000001,1446.0000000000002,1352.0000000000007,0.257875,21.837916666666676,0.7222499999999998
E02001944,8090,5144.999999999998,1672.9999999999993,1622.0000000000011,0.22425,16.007416666666675,0.7757499999999999
E02001945,7798,4836.0,1383.9999999999995,1961.9999999999995,0.41390000000000005,30.29600000000002,1.2922
E02001946,7646,4663.000000000001,2176.9999999999995,1348.0000000000005,0.1709,17.006866666666678,0.3292
E02001947,6221,3649.9999999999995,1375.0000000000002,1509.0000000000002,0.4925,35.548249999999996,1.632
E02001948,7296,4603.000000000001,1753.999999999999,1423.9999999999995,0.21080000000000002,23.5246,0.6382000000000001
E02001949,6192,3853.0,1294.0,1358.000000000001,0.250625,20.25458333333335,0.94225
E02001950,8533,5247.0,2176.999999999999,1606.9999999999986,0.2031,21.27433333333332,0.5054000000000001
E02001951,9302,5590.999999999998,1901.999999999998,2204.0000000000005,0.44275,32.7075,1.3775000000000002
E02001952,9079,5593.999999999997,1768.000000000001,2160.0000000000005,0.43309999999999993,26.793799999999997,1.5534000000000001
E02001953,7156,4146.999999999999,2008.0000000000007,1349.9999999999995,0.17919999999999997,15.570400000000001,0.4386000000000001
E02001954,7575,4470.000000000001,1508.000000000001,1878.0000000000018,0.42539999999999994,26.113133333333344,1.5521999999999998
E02001955,8340,5171.000000000001,1708.000000000001,1798.0000000000005,0.27449999999999997,21.38033333333336,0.89
E02001956,6760,4271.0,1457.9999999999989,1413.0000000000002,0.22975,20.002916666666675,0.59575
E02001957,7908,4862.999999999999,1995.0,1505.0,0.18309999999999998,18.21120000000002,0.4542
E02001958,8158,5296.0,1636.0,1664.0,0.256875,28.090916666666676,0.8265
E02001959,7143,4325.000000000001,1627.0000000000005,1528.9999999999993,0.2005,19.91508333333335,0.384
E02001961,8101,5087.000000000001,1424.0,1926.0000000000007,0.3862,31.81973333333334,1.303
E02001962,7352,4745.0,996.0,1788.000000000001,0.320125,31.93783333333333,0.84975
E02001963,6125,3817.0000000000005,1654.0000000000005,1069.9999999999993,0.17775000000000002,18.261416666666676,0.5465
E02001964,11280,6780.999999999998,1499.0000000000007,3254.000000000001,0.4130833333333333,29.445555555555547,1.4678333333333333
E02001965,8081,4960.000000000002,2145.0,1531.0000000000005,0.1852,18.08873333333332,0.4071999999999999
E02001966,7444,4847.0,770.0,1906.000000000001,0.388625,41.88975,1.041
E02001967,7223,4209.0,2192.9999999999995,1214.000000000001,0.094375,17.400333333333325,-0.17575
E02001968,8116,5067.000000000002,1246.9999999999998,2003.0,0.268,24.244583333333324,0.47675
E02001969,6893,4333.0,1359.9999999999986,1505.9999999999986,0.29524999999999996,28.371583333333326,0.90025
E02001970,5917,3449.999999999999,1615.0,1148.9999999999984,0.204125,19.691583333333327,0.6867500000000001
E02001971,6316,3828.9999999999995,1455.0000000000005,1384.9999999999998,0.145125,17.379333333333324,0.1385
E02001972,12348,7880.999999999999,1282.9999999999977,3371.9999999999995,0.41785714285714287,38.66728571428572,1.0802857142857143
E02001973,8665,5667.999999999998,1395.000000000001,1913.000000000001,0.328,28.85226666666668,1.014
E02001974,9386,5883.999999999999,2275.000000000002,1719.999999999999,0.11025,17.630222222222216,-0.1245
E02001975,7683,4935.0,1456.9999999999982,1673.9999999999986,0.1524,18.631599999999978,0.2768
E02001976,7513,4457.0,1839.9999999999993,1563.0,0.20519999999999997,21.32026666666668,0.744
E02001977,10444,7448.999999999998,1350.0000000000005,1970.0000000000016,0.29316666666666663,31.722055555555567,1.0808333333333333
E02001978,6843,4353.999999999998,1241.9999999999998,1516.000000000001,0.197625,23.471249999999998,0.34575
E02001979,5570,3305.0,1624.9999999999998,973.9999999999994,0.089375,15.3220833333333,-0.018500000000000006
E02001980,5721,3177.000000000001,2056.999999999998,896.9999999999995,0.067625,11.563916666666682,-0.28550000000000003
E02001981,13928,9744.0,1036.0000000000002,3196.999999999999,0.38499999999999995,35.3566111111111,1.1076666666666668
E02001982,8379,5184.0,1947.9999999999995,1600.9999999999998,0.1367,13.85666666666666,-0.15420000000000003
E02001983,7605,4917.999999999999,1746.9999999999977,1359.000000000002,0.1534,20.66126666666666,0.2586
E02001984,10570,6935.0,1924.0000000000007,2178.0000000000005,0.17366666666666666,22.564833333333315,0.44383333333333336
E02001985,9838,8143.000000000003,515.0000000000001,1151.9999999999998,0.2312,38.127266666666664,0.8690000000000001
E02001986,7886,5011.999999999999,1698.0000000000007,1637.9999999999998,0.3165,20.634399999999978,1.2469999999999999
E02001987,5959,4388.999999999999,1009.0000000000009,765.0000000000002,0.195625,28.3345833333333,0.80375
E02001988,13074,11403.0,940.0000000000006,919.9999999999992,0.18849999999999997,31.33286666666668,1.2918
E02001989,6575,4254.000000000001,1287.999999999999,1325.0000000000014,0.143875,17.392833333333325,0.23525000000000001
E02001990,9228,5478.0,2745.000000000002,1625.0000000000005,0.10441666666666667,13.034277777777769,-0.081
E02001991,8396,5158.0,2634.000000000001,1226.000000000001,0.08433333333333333,18.143722222222205,-0.15533333333333335
E02001992,10950,6630.000000000002,1933.999999999999,2761.9999999999986,0.3202857142857143,24.9682380952381,1.135714285714286
E02001993,9488,6472.0,1650.9999999999998,1645.9999999999998,0.2306,22.315466666666644,0.587
E02001994,8066,5048.0,1868.0000000000005,1516.000000000001,0.1669,19.56353333333334,0.21479999999999996
E02001995,9797,6611.999999999998,1641.0,1929.0000000000011,0.1938,22.95740000000002,0.6761999999999999
E02001996,7792,4836.000000000002,1314.9999999999995,1934.0,0.420375,28.022250000000025,1.7894999999999999
E02001997,8514,4939.999999999999,2671.0,1488.9999999999989,0.0904,11.453199999999994,-0.42799999999999994
E02001998,6031,3569.999999999999,1672.0,1135.9999999999995,0.07775,12.220833333333333,-0.40875
E02001999,9493,7331.000000000002,1668.0000000000014,887.0000000000014,0.06325,13.04508333333333,-0.3085
E02002000,8785,5438.0,2020.999999999999,1788.9999999999986,0.2575,27.173000000000002,0.40939999999999993
E02002001,6104,3808.999999999999,1629.9999999999995,1061.9999999999993,0.208125,19.2653333333333,0.24200000000000002
E02002002,6907,3592.0,2747.0000000000014,1014.9999999999993,0.09790000000000001,8.51653333333334,-0.5478
E02002003,9019,5448.000000000002,2529.000000000001,1573.9999999999998,0.19349999999999998,21.62666666666665,0.19966666666666666
E02002004,7672,4719.0,1849.0000000000007,1534.000000000001,0.26940000000000003,22.38346666666666,0.481
E02002005,9863,5854.0,1653.000000000001,2615.0000000000005,0.3629166666666667,28.012999999999995,0.5964999999999999
E02002006,6378,4014.000000000001,1544.9999999999995,1243.0,0.27775,21.23291666666665,0.445
E02002007,9093,5219.000000000001,2824.999999999999,1532.9999999999989,0.16125,17.674888888888898,-0.10466666666666669
E02002008,8098,5438.000000000001,1783.9999999999998,1389.0000000000025,0.10969999999999999,12.453533333333334,-0.3208
E02002009,7333,4528.999999999999,1142.9999999999993,1899.999999999999,0.386125,32.1165,0.7155
E02002010,8526,5485.0,1646.9999999999995,1780.9999999999995,0.3682,30.69926666666668,0.9128000000000001
E02002011,6027,3454.999999999999,2068.999999999999,961.0000000000011,0.098625,12.610416666666675,-0.37625
E02002012,8446,5161.000000000001,1951.9999999999998,1721.0000000000011,0.3483,27.360800000000022,1.0718
E02002013,6520,3714.0,2336.0000000000005,928.0000000000001,0.09409999999999999,9.41466666666668,-0.3254
E02002014,8473,5301.000000000002,1386.0000000000005,2035.9999999999998,0.311625,31.244666666666678,0.46175
E02002015,7152,4373.0,1749.0000000000002,1425.9999999999998,0.15762500000000002,16.562583333333333,-0.04325000000000001
E02002016,8363,4995.0,1818.0000000000014,1998.0000000000023,0.37010000000000004,31.55413333333334,0.9056000000000001
E02002017,8136,5050.999999999999,1907.9999999999995,1644.9999999999995,0.3108,28.487133333333322,0.6234
E02002018,8974,5112.999999999998,3021.999999999998,1403.0000000000005,0.1025,11.553277777777788,-0.29283333333333333
E02002019,7786,4680.0,1748.9999999999993,1747.0000000000018,0.3061,26.776266666666665,0.5782
E02002020,9639,5722.000000000001,2938.0000000000005,1527.0000000000014,0.12916666666666668,14.4622777777778,-0.23366666666666666
E02002021,7873,5170.999999999999,1456.9999999999995,1531.0000000000005,0.3505,32.347416666666675,0.92275
E02002022,8840,5579.000000000001,1763.0000000000014,1887.999999999999,0.23720000000000002,22.14913333333332,0.42000000000000004
E02002023,5311,3227.0,1562.0,856.9999999999997,0.14325,15.802000000000001,-0.17175
E02002024,8798,5478.0,2171.0000000000014,1694.9999999999995,0.2088,22.97986666666666,0.28440000000000004
E02002025,9047,5646.999999999999,1911.0,1926.9999999999984,0.2263,20.12813333333332,0.2664
E02002026,6721,4046.0000000000005,2073.9999999999986,1065.9999999999995,0.1288,16.196600000000007,-0.379
E02002027,5326,3435.000000000001,1593.9999999999995,781.0000000000002,0.06475,7.4887500000000005,-0.5389999999999999
E02002028,5701,3336.000000000001,1914.0000000000014,847.0000000000002,0.14762499999999998,14.033166666666677,-0.154
E02002029,6265,3633.999999999999,1866.9999999999995,1123.9999999999998,0.113625,14.855416666666676,-0.20024999999999998
E02002030,6743,4145.0,1671.999999999998,1277.9999999999989,0.242625,18.933583333333324,0.28125
E02002031,6305,4028.000000000001,1507.0000000000002,1157.000000000001,0.244875,25.90625,0.2965
E02002032,10285,6429.999999999997,2316.9999999999977,2094.0000000000014,0.25783333333333336,21.8708888888889,0.3463333333333333
E02002033,7842,4622.000000000002,2237.0000000000005,1425.0,0.1563,14.340333333333339,-0.12840000000000004
E02002034,8104,5200.999999999997,2079.0,1338.9999999999998,0.1876,18.368866666666662,0.096
E02002035,6129,3414.0,2148.000000000001,1088.0000000000011,0.087,12.099166666666681,-0.659
E02002036,6699,4118.0,1619.0000000000016,1387.9999999999998,0.33875,31.468666666666703,0.58025
E02002037,5928,3462.999999999999,1803.000000000001,1048.0000000000002,0.150125,15.1765,-0.22274999999999995
E02002038,9431,5671.000000000001,2643.0,1683.0000000000005,0.20741666666666667,17.95905555555557,0.13083333333333333
E02002039,6162,3602.999999999998,1895.9999999999995,1017.9999999999992,0.12449999999999999,15.793166666666668,-0.4625
E02002040,5767,3113.999999999999,2201.9999999999986,890.0000000000005,0.071375,9.621999999999982,-0.56125
E02002041,6303,3369.9999999999995,2318.999999999999,1031.0000000000005,0.137,13.593166666666681,-0.53
E02002042,8057,4662.0,2652.999999999999,1342.0000000000014,0.0889,10.668933333333326,-0.6072
E02002043,8690,5356.000000000001,1834.9999999999973,1950.0000000000014,0.3069,28.397266666666678,0.8582000000000001
E02002044,8087,5137.000000000001,1343.9999999999984,1901.0000000000014,0.26125000000000004,25.49325,0.5317500000000001
E02002045,7782,4802.999999999998,1813.9999999999984,1703.0000000000018,0.27870000000000006,26.62286666666666,0.6786
E02002046,5651,3374.9999999999995,986.0000000000005,1501.9999999999993,0.43325,35.433583333333324,1.294
E02002047,7538,4496.0,2150.0,1381.0,0.2805,28.95683333333335,0.9690000000000001
E02002048,6795,4056.000000000001,2021.0000000000011,1112.0,0.12,19.593,-0.2375
E02002049,6248,3928.999999999999,1371.0000000000011,1323.0000000000005,0.233625,26.38249999999998,0.60175
E02002051,6234,3685.000000000001,1093.999999999999,1676.0000000000007,0.388375,35.080749999999995,1.13975
E02002052,11496,7090.000000000002,2250.0000000000005,2589.0000000000005,0.31783333333333336,26.879500000000004,0.848
E02002053,6416,3892.0000000000005,1545.0000000000011,1295.9999999999995,0.216875,21.12341666666665,0.19125
E02002054,5918,3605.9999999999986,1475.0000000000011,1134.999999999999,0.17712499999999998,22.66408333333335,0.18874999999999997
E02002055,11226,7047.000000000002,2111.9999999999973,2497.999999999999,0.2833333333333334,25.682388888888898,0.8108333333333334
E02002056,10009,6117.999999999999,1759.9999999999993,2447.999999999998,0.3855,32.35577777777778,1.2003333333333333
E02002057,10714,6729.000000000002,2170.0000000000005,2298.999999999999,0.3116666666666667,29.54622222222223,0.8796666666666666
E02002058,13571,8810.0,2237.9999999999995,2950.0000000000005,0.2665,28.308166666666665,0.6031666666666667
E02002059,11954,7631.0,2496.000000000001,2366.9999999999973,0.27424999999999994,30.528111111111098,0.7528333333333334
E02002060,7589,4660.000000000001,1294.9999999999986,1885.0,0.35012499999999996,35.134416666666674,0.9125000000000001
E02002061,7135,4543.000000000001,1216.9999999999993,1581.000000000001,0.352,38.32133333333332,1.01475
E02002062,9273,6055.0,1618.9999999999989,1919.9999999999982,0.328625,36.08933333333333,0.95075
E02002063,10457,6735.000000000001,1750.0000000000007,2405.999999999998,0.2526,27.20313333333334,0.4734
E02002064,12540,7834.0,2453.000000000001,2828.0,0.2527857142857143,23.43552380952381,0.5678571428571428
E02002065,14296,9066.0,1909.0000000000014,3583.000000000001,0.3195,40.460047619047636,0.5587142857142856
E02002066,8501,5317.0,1351.9999999999986,2011.9999999999986,0.33075,37.268499999999996,0.85125
E02002067,6335,3724.0,1574.0000000000005,1304.0000000000005,0.198125,18.250833333333325,0.3185
E02002069,7328,4465.0,1519.9999999999995,1660.9999999999989,0.28525,25.553333333333324,0.789
E02002070,10522,6388.999999999998,1795.9999999999986,2646.999999999999,0.34639999999999993,41.28933333333332,0.7969999999999999
E02002071,6798,4020.0,1566.999999999999,1522.0000000000018,0.316375,24.292666666666676,0.8142499999999999
E02002072,9017,5728.999999999999,1930.9999999999989,1832.000000000001,0.22810000000000002,27.64346666666666,0.3594
E02002073,8300,5092.999999999998,1586.0000000000005,1922.0000000000011,0.32810000000000006,28.9976,0.7652
E02002074,8136,5005.0,1818.9999999999984,1676.9999999999982,0.27699999999999997,23.111666666666657,0.7142
E02002075,8800,5480.999999999999,2147.0,1673.0000000000002,0.2872,23.99573333333334,0.7966
E02002076,10676,7151.000000000001,1819.0000000000002,2195.0000000000014,0.21114285714285716,25.928428571428572,0.1602857142857143
E02002077,11050,6860.000000000002,2448.999999999999,2307.0000000000014,0.2801666666666666,25.386777777777798,0.6326666666666667
E02002078,6569,4016.0,1720.0000000000002,1242.000000000001,0.16337500000000002,16.638333333333325,-0.14325
E02002079,8696,5233.000000000001,2088.0000000000005,1846.000000000001,0.25739999999999996,19.976399999999998,0.5132000000000001
E02002080,7568,4595.000000000001,1700.9999999999986,1612.000000000002,0.2855,24.44625,0.5892499999999999
E02002081,5446,3149.000000000001,1904.0,873.0000000000001,0.167,19.81441666666665,0.09999999999999999
E02002082,5688,3419.000000000001,1028.0,1397.9999999999989,0.3885,31.780749999999976,1.23275
E02002083,6006,3604.0,1816.999999999999,1021.9999999999984,0.11050000000000001,14.132333333333325,-0.42825
E02002084,6811,4005.0000000000014,1314.0000000000007,1704.0000000000005,0.35075,28.16975,1.09175
E02002085,6632,3991.000000000001,1386.9999999999977,1567.0000000000002,0.3145,24.05883333333335,0.69875
E02002086,5877,3544.000000000002,1269.9999999999989,1353.9999999999993,0.397625,27.175083333333323,1.24925
E02002087,6285,3820.000000000002,1129.9999999999995,1553.9999999999995,0.38625,27.736000000000026,1.3239999999999998
E02002088,9571,5804.000000000001,1851.9999999999995,2260.0000000000014,0.3884999999999999,28.097333333333335,1.5381666666666665
E02002089,8033,4934.999999999999,2086.000000000001,1442.0000000000011,0.18280000000000002,19.4866,0.3846
E02002090,5985,3774.000000000001,1352.0000000000002,1168.9999999999993,0.143375,15.4995,-0.16025
E02002091,7761,4673.0,2114.000000000001,1480.000000000001,0.1436,13.304466666666661,-0.20900000000000002
E02002092,7249,4407.000000000002,1824.0000000000018,1352.0,0.20129999999999998,14.96133333333334,0.3684
E02002093,6814,4206.0,1920.9999999999993,1137.0000000000002,0.159,15.917166666666677,-0.00700000000000002
E02002094,5947,3402.0,1970.9999999999993,984.9999999999986,0.06325,10.050083333333324,-0.84775
E02002095,8651,5116.0,2483.9999999999995,1581.9999999999993,0.1207,13.739666666666661,-0.376
E02002096,10681,5962.000000000002,3348.000000000001,1968.0,0.10016666666666667,10.00744444444443,-0.5513333333333333
E02002097,7436,4358.000000000001,2484.0000000000005,1220.0,0.11712499999999999,22.075,-0.43525
E02002098,9824,5739.999999999999,2557.0000000000027,2015.999999999999,0.12866666666666668,10.149000000000001,-0.33866666666666667
E02002099,7124,4081.999999999999,2312.999999999998,1207.9999999999998,0.0645,7.283166666666667,-1.2614999999999998
E02002101,6271,3694.999999999998,1928.9999999999995,1089.0000000000002,0.15662500000000001,14.983583333333325,0.07599999999999998
E02002102,8893,5162.0,2345.0000000000014,1807.0000000000014,0.1203,11.672333333333347,-0.279
E02002103,6082,3397.9999999999995,2130.999999999999,1021.0000000000002,0.10337500000000001,10.2535,-0.393
E02002104,5848,3442.999999999998,1934.9999999999995,980.0000000000002,0.042,7.383250000000002,-1.162
E02002105,8246,4637.0,2679.0,1469.0000000000007,0.06810000000000001,11.944266666666666,-1.0084
E02002106,9646,5053.000000000001,3477.000000000001,1743.0000000000002,0.06058333333333333,8.675888888888894,-0.9763333333333333
E02002107,5452,3259.0,1714.000000000001,944.9999999999991,0.06425,8.874083333333333,-1.0150000000000001
E02002108,9912,5416.999999999998,3140.999999999999,2014.9999999999986,0.05616666666666668,8.209833333333327,-1.167
E02002109,12707,8034.999999999998,2489.999999999997,2677.000000000001,0.09241666666666666,11.201722222222216,-0.6268333333333334
E02002110,6992,4382.0,1650.9999999999993,1378.0,0.202875,21.09733333333335,0.43925000000000003
E02002111,6440,3747.000000000001,1734.0,1336.0000000000002,0.2995,26.52683333333335,0.83925
E02002112,5321,3170.0000000000014,1607.999999999999,909.0000000000005,0.15775,17.450916666666675,0.20350000000000001
E02002113,6405,3866.9999999999995,1637.000000000001,1238.9999999999998,0.219375,22.132166666666674,0.57675
E02002114,6067,3484.0,2035.999999999999,971.9999999999999,0.1655,17.188666666666673,0.26
E02002115,6789,3986.0,1754.9999999999993,1385.0000000000007,0.324625,27.716,0.792
E02002116,6718,3934.9999999999986,2297.000000000002,1012.0,0.1417,12.263200000000001,0.18040000000000003
E02002117,6275,3966.999999999999,1790.9999999999995,1030.0000000000011,0.24075000000000002,22.11541666666665,0.45825000000000005
E02002118,7403,4437.0,1755.0000000000011,1613.0,0.34340000000000004,29.56226666666668,1.0455999999999999
E02002119,5929,3680.0,1640.9999999999977,1012.0,0.196125,19.91291666666665,0.42425
E02002120,6097,3727.0,1700.9999999999986,1102.0000000000016,0.174625,16.167666666666676,0.009500000000000015
E02002121,6654,3906.0000000000014,1397.0000000000005,1604.999999999999,0.388125,32.445416666666674,1.2257500000000001
E02002122,7195,4302.0,920.0000000000003,2111.999999999999,0.414125,26.493750000000023,1.04275
E02002123,6601,3924.9999999999986,1634.0000000000002,1442.9999999999989,0.24075000000000002,21.4990833333333,0.50875
E02002124,6948,3977.0,2360.9999999999986,1137.0,0.206375,17.85283333333335,0.32575000000000004
E02002125,6472,3947.0,1575.0000000000014,1295.000000000001,0.246,21.507916666666674,0.7617499999999999
E02002126,6638,3959.0000000000014,1284.0000000000007,1730.0000000000002,0.44137499999999996,36.298416666666654,1.27975
E02002127,10050,6037.000000000002,1420.999999999999,2786.9999999999995,0.39699999999999996,28.599166666666648,1.08025
E02002128,5785,3283.000000000002,1816.0,1037.0000000000002,0.21337499999999998,20.825,0.48525
E02002129,6004,3591.0,1719.0000000000011,1057.0000000000005,0.190125,21.61641666666665,0.328
E02002130,6900,4140.0,1269.0000000000002,1727.9999999999986,0.39275,29.07808333333332,0.9
E02002131,7669,4405.0,2602.999999999999,1230.0,0.0829,10.395600000000009,-0.29560000000000003
E02002132,6479,3742.0,1481.999999999999,1571.9999999999995,0.327125,25.242083333333326,0.9085
E02002133,6879,4398.999999999998,1754.999999999998,1181.9999999999986,0.28637500000000005,20.440250000000006,0.5775
E02002134,9313,5815.000000000002,1783.999999999999,2129.999999999998,0.32920000000000005,29.205999999999996,0.916
E02002135,8218,5201.0,1150.000000000001,2050.0000000000005,0.3915,33.6455,0.8019999999999999
E02002136,8204,5227.999999999998,1562.0000000000018,1791.9999999999986,0.28075000000000006,26.36025,0.60475
E02002137,6168,3403.000000000002,2120.0000000000005,1063.0000000000005,0.056749999999999995,10.55008333333334,-0.66925
E02002138,6462,3938.0000000000005,1428.9999999999986,1316.9999999999995,0.21837499999999999,24.267416666666676,-0.04799999999999999
E02002139,11065,7221.999999999999,1598.0000000000023,2536.999999999998,0.39166666666666666,34.056277777777765,0.8404999999999999
E02002140,8660,5311.000000000001,1418.0000000000027,2200.999999999999,0.38689999999999997,35.99413333333332,0.732
E02002141,6520,3821.0000000000014,1937.0000000000002,1219.000000000001,0.0695,10.496916666666674,-0.49025
E02002142,7617,4672.999999999999,1219.0000000000023,1986.9999999999982,0.37474999999999997,33.82491666666665,0.9242499999999999
E02002143,10329,6243.0,1380.0000000000005,2846.9999999999995,0.4426666666666666,38.59111111111111,0.6618333333333334
E02002144,6970,3968.999999999999,2158.9999999999995,1218.9999999999984,0.08737500000000001,11.559833333333325,-0.70675
E02002145,8606,5221.000000000001,1458.9999999999998,2296.999999999998,0.356375,29.975999999999974,0.89625
E02002146,6466,3978.0,1290.9999999999995,1402.000000000001,0.296,25.967083333333324,0.512
E02002147,9387,5702.000000000002,1619.0000000000025,2401.0000000000005,0.3397,26.462800000000005,0.9591999999999998
E02002148,11523,6969.999999999998,3054.0,2143.0000000000005,0.12085714285714286,13.638095238095229,-0.12342857142857142
E02002149,10183,6080.000000000002,2858.0000000000005,1916.999999999999,0.23421428571428574,19.76814285714286,0.4527142857142858
E02002150,5782,3573.9999999999986,1335.0000000000018,1217.0,0.240625,19.652833333333326,0.5365
E02002151,5630,3614.000000000001,1266.0000000000005,1147.000000000001,0.32675,23.36,0.95525
E02002152,6249,3744.0,1132.0,1596.0000000000005,0.40987499999999993,24.81666666666665,1.3884999999999998
E02002153,7633,4606.999999999999,2100.999999999998,1458.9999999999986,0.2712,20.97053333333332,0.6901999999999999
E02002154,7728,4950.000000000002,1224.9999999999998,1793.000000000001,0.2657,19.6853333333333,0.5276
E02002155,6761,3789.999999999999,1029.999999999999,2029.000000000002,0.443625,25.365916666666674,1.26775
E02002156,8360,5164.999999999999,2096.0,1631.0000000000005,0.21259999999999998,19.06793333333334,0.46080000000000004
E02002157,7851,4781.0,2102.999999999999,1468.0000000000007,0.1315,17.15633333333332,-0.0784
E02002158,7852,4596.0,2214.0000000000014,1483.999999999999,0.2682,21.74506666666668,0.7272
E02002159,6128,3816.000000000002,874.9999999999999,1623.0000000000005,0.37787499999999996,30.97475000000002,0.952
E02002160,7672,4702.0,1887.9999999999995,1471.0000000000005,0.187125,21.263166666666674,0.42724999999999996
E02002161,7207,4599.0,877.0000000000017,1904.0000000000002,0.357625,30.652749999999997,0.6775
E02002162,7875,4319.0,2745.999999999999,1256.0000000000002,0.1363,13.95726666666668,0.048799999999999996
E02002163,12035,7701.999999999998,1826.0000000000011,2971.0,0.38099999999999995,31.075222222222234,0.9195000000000001
E02002164,6758,4677.0,653.9999999999992,1554.0,0.41725,42.34950000000002,1.02075
E02002165,7918,5486.999999999998,1517.999999999999,1354.000000000001,0.2918,37.24833333333331,0.8523999999999999
E02002166,9360,5747.0,1998.999999999998,2080.9999999999986,0.37625,27.673111111111098,1.1048333333333333
E02002167,6649,3933.9999999999995,2073.999999999999,1091.9999999999982,0.1525,15.924416666666676,-0.06100000000000002
E02002168,11980,8257.0,1558.9999999999995,2501.9999999999995,0.3725714285714286,34.97885714285714,1.0997142857142859
E02002169,8890,5039.999999999998,2833.0000000000005,1526.9999999999986,0.12008333333333333,14.540277777777762,-0.07033333333333334
E02002170,6362,3893.0,1430.0000000000005,1337.0000000000014,0.2815,26.376416666666675,0.626
E02002171,7850,4737.0,1823.0000000000002,1744.0000000000005,0.3235,25.94973333333334,0.9423999999999999
E02002174,7653,4751.999999999998,2094.9999999999973,1362.9999999999995,0.15899999999999997,18.551933333333338,0.18939999999999999
E02002175,8094,4906.0,1719.0000000000014,1761.000000000001,0.376,32.40916666666668,0.9967499999999999
E02002176,7867,4706.999999999998,1930.0000000000005,1645.0,0.22279999999999997,15.9744,0.19880000000000003
E02002177,12173,7722.999999999998,1927.000000000002,2971.000000000001,0.3311,25.1924,0.7058
E02002178,8207,4974.999999999999,2380.000000000002,1395.9999999999998,0.1559,20.6742,0.10800000000000001
E02002179,6529,3882.0000000000005,1791.0000000000016,1219.0000000000005,0.12425,14.136083333333325,-0.15
E02002180,6587,3961.000000000002,1673.0,1300.0,0.22862500000000002,20.818999999999974,0.405
E02002181,8480,5278.0,1543.0000000000005,1967.0000000000014,0.333625,22.369666666666674,0.9145
E02002182,6685,4127.0,1640.000000000001,1307.0000000000002,0.258,24.12016666666665,0.728
E02002183,5738,2930.000000000001,2620.0000000000005,722.9999999999999,0.0655,15.101083333333325,-0.5924999999999999
E02002184,13215,7059.0,4844.000000000001,2201.0,0.0594375,11.435999999999991,-0.7945000000000001
E02002185,5789,3306.999999999999,1800.9999999999995,1046.9999999999998,0.06862499999999999,12.586416666666675,-0.5452500000000001
E02002187,6379,3623.999999999999,2100.000000000001,1159.0000000000002,0.0515,10.284916666666682,-0.98825
E02002188,7882,4765.999999999998,2185.9999999999977,1470.0000000000016,0.108375,21.881,-0.23424999999999999
E02002189,7158,4238.0,1564.9999999999995,1584.9999999999984,0.2565,35.64866666666667,0.67925
E02002190,12173,7521.999999999999,2103.9999999999973,2979.000000000002,0.3459285714285714,44.64809523809523,1.0031428571428571
E02002191,9779,6026.999999999999,1560.0000000000014,2493.000000000001,0.39299999999999996,39.66683333333335,1.3686666666666667
E02002192,9093,5170.0,3267.9999999999995,1465.9999999999984,0.0713,10.971533333333321,-0.5658
E02002193,6493,4134.000000000001,1428.000000000001,1356.9999999999998,0.364125,36.24016666666665,1.43475
E02002194,7601,4515.999999999998,1977.0,1611.9999999999998,0.2592,25.82753333333334,0.7864000000000001
E02002195,6472,3586.0000000000014,2380.0,1039.0000000000007,0.08274999999999999,13.106166666666676,-0.45925
E02002196,6506,4027.0,1652.9999999999993,1250.9999999999993,0.15625,23.02525,0.13475
E02002197,8966,5598.999999999999,2460.000000000001,1455.0000000000011,0.1477,18.13439999999998,0.18180000000000002
E02002198,8644,5053.999999999999,2673.999999999999,1535.9999999999993,0.1491,17.2932,0.08520000000000001
E02002199,7564,4711.000000000003,2139.000000000001,1309.000000000003,0.08612500000000001,12.995833333333351,-0.1765
E02002200,9107,5422.000000000002,2686.0,1609.0,0.13183333333333333,17.673611111111104,0.1715
E02002201,12247,7827.000000000001,2924.9999999999995,2316.9999999999995,0.1827142857142857,17.68209523809524,0.27814285714285714
E02002202,7648,5108.000000000001,1614.0000000000018,1361.9999999999995,0.1957,26.89433333333334,0.9176
E02002203,7761,4912.999999999999,1702.9999999999995,1593.0,0.2829,24.81826666666668,0.7826000000000001
E02002204,11500,6722.000000000001,3726.0000000000027,1881.9999999999995,0.11928571428571429,17.124047619047616,0.0065714285714285675
E02002205,9904,6190.999999999998,3137.9999999999995,1474.0000000000023,0.11633333333333333,28.67066666666665,0.09949999999999999
E02002206,8946,5425.999999999999,2124.0,1904.9999999999982,0.20750000000000002,22.59073333333334,0.41320000000000007
E02002207,7520,4700.000000000002,1207.0,1790.0000000000005,0.29475,37.023166666666675,0.706
E02002208,8176,4968.999999999999,1855.9999999999993,1782.0000000000005,0.29059999999999997,30.49386666666668,0.9007999999999999
E02002209,7161,4370.999999999998,919.0000000000009,2045.9999999999993,0.41512499999999997,31.026,1.3507500000000001
E02002210,7857,4739.0,1651.9999999999993,1819.0000000000002,0.2672,24.52933333333332,0.4654
E02002211,7842,4835.0,1390.0,1803.0000000000005,0.28675,35.57699999999998,0.60725
E02002212,9838,5728.999999999998,862.0000000000001,3266.9999999999986,0.3813,34.138400000000004,0.8264000000000001
E02002213,7753,4682.000000000001,2176.999999999999,1425.0000000000002,0.1665,25.042083333333323,0.279
E02002214,6831,4132.0,1230.0000000000005,1739.0000000000002,0.232875,25.44525,0.35275
E02002215,10841,6985.999999999998,1417.0000000000005,2663.9999999999973,0.35,46.7992,0.8862
E02002216,10423,6606.000000000003,1446.000000000001,2531.000000000001,0.4165000000000001,53.91733333333334,1.2532
E02002217,10680,6549.000000000001,1231.0000000000005,2950.0,0.37629999999999997,47.76553333333334,1.0796
E02002218,10332,6166.000000000002,1901.0,2636.0000000000005,0.30775,25.725833333333338,0.8126666666666665
E02002219,8349,5152.000000000001,779.0000000000009,2380.0000000000005,0.422875,51.8165,1.0379999999999998
E02002220,9654,5985.000000000002,1042.9999999999993,2740.000000000001,0.4027,46.167066666666656,0.9962
E02002222,9232,5343.0,1558.9999999999995,2593.9999999999986,0.36310000000000003,30.9152,0.8859999999999999
E02002223,7916,4884.999999999998,837.9999999999989,2229.9999999999986,0.4714999999999999,53.135916666666674,1.1025
E02002224,11050,6814.0,1201.9999999999982,3074.000000000001,0.43289999999999995,55.9346,1.0699999999999998
E02002225,8499,5172.000000000002,2201.9999999999995,1653.9999999999986,0.2089,27.365,0.4797999999999999
E02002226,14059,9406.0,1357.0000000000002,3336.999999999998,0.3661428571428571,53.31985714285712,0.7757142857142858
E02002227,6198,3949.9999999999995,856.9999999999992,1581.9999999999998,0.497625,54.450333333333326,1.2257500000000001
E02002228,7744,4792.000000000002,1173.0000000000014,2018.9999999999993,0.398125,41.573500000000024,1.35375
E02002229,8343,4910.999999999999,1994.0000000000007,1829.000000000001,0.22149999999999997,25.74940000000002,0.5924
E02002230,8602,5300.0,835.0000000000011,2582.000000000002,0.475,50.27033333333334,1.179
E02002231,13440,8286.999999999998,2280.9999999999986,3250.9999999999995,0.2963571428571428,29.096190476190483,0.687857142857143
E02002232,7363,4464.0,1041.000000000001,2036.9999999999993,0.46125000000000005,48.60325,1.21325
E02002233,9820,6028.000000000003,884.9999999999994,2844.0,0.45409999999999995,47.249,1.0452000000000001
E02002234,7612,4521.999999999999,1168.9999999999995,2140.0,0.5586,40.1134,1.9007999999999998
E02002235,7048,4252.000000000001,897.0000000000011,1987.000000000001,0.41425,46.05941666666668,0.9815
E02002236,6653,3978.0,1391.999999999999,1591.0000000000007,0.23287500000000003,29.082083333333326,0.42825
E02002237,8984,5487.999999999999,1595.9999999999986,2228.9999999999995,0.2836,27.76806666666666,0.6354000000000001
E02002238,6691,3991.999999999999,1340.9999999999989,1638.0,0.35612499999999997,38.89175,0.79325
E02002239,11015,6905.000000000003,2071.0000000000005,2550.999999999999,0.25880000000000003,27.38159999999998,0.6365999999999999
E02002240,11653,7434.000000000003,2792.0000000000005,2249.0000000000014,0.14007142857142857,21.208238095238098,0.3015714285714286
E02002241,12370,7517.999999999997,2571.999999999999,2935.0,0.2883125,27.58100000000001,0.8695
E02002242,8011,4864.000000000001,2356.000000000001,1368.9999999999998,0.1771,25.014400000000016,0.39199999999999996
E02002243,9698,5914.000000000001,2404.000000000001,1985.0000000000007,0.2531666666666667,26.09788888888888,0.7631666666666667
E02002244,6110,3635.0,1816.0000000000011,1104.0000000000011,0.168875,16.268916666666648,0.31575000000000003
E02002245,5661,3420.0,1020.9999999999985,1417.9999999999986,0.44100000000000006,30.79325000000002,1.41575
E02002246,9606,5751.0,3111.000000000002,1581.0000000000032,0.08816666666666667,18.77044444444445,-0.43450000000000005
E02002247,8862,5613.0,2692.0,1368.9999999999986,0.12591666666666668,27.91961111111112,-0.076
E02002248,7838,4830.999999999998,1781.000000000001,1703.9999999999989,0.3234,26.250933333333343,1.0082
E02002249,5554,3397.9999999999995,1089.000000000001,1351.999999999999,0.38175000000000003,33.960416666666674,1.14625
E02002250,8160,4985.0,2624.0000000000005,1252.0000000000018,0.15650000000000003,27.40253333333332,-0.027600000000000003
E02002251,8207,5504.0,1953.9999999999993,1261.0000000000007,0.3122,31.01586666666666,1.377
E02002252,6877,4080.0000000000014,1799.999999999999,1448.9999999999986,0.21225000000000002,20.60883333333335,0.06924999999999998
E02002253,8737,5227.000000000003,1241.9999999999995,2401.999999999999,0.36925,37.06233333333335,0.55825
E02002254,6307,3708.0,1957.9999999999995,1050.0000000000002,0.0935,15.321666666666648,-0.4645
E02002255,7826,4886.0,959.0000000000005,2060.0000000000014,0.48450000000000004,46.6592,1.7292
E02002256,9401,5763.999999999999,2333.9999999999986,1815.999999999999,0.23075,34.07427777777779,0.503
E02002257,6656,4145.999999999999,798.0,1855.9999999999982,0.40212499999999995,47.140249999999995,0.8390000000000001
E02002258,8837,5419.000000000001,2395.9999999999986,1569.0000000000014,0.16710000000000003,20.69113333333332,0.04939999999999999
E02002259,7281,4438.999999999999,1904.9999999999993,1360.9999999999993,0.175625,23.814416666666652,0.10474999999999998
E02002260,9202,5924.0,2427.0000000000005,1537.0000000000005,0.19374999999999998,24.927055555555565,0.41183333333333333
E02002261,7844,4936.000000000001,2046.999999999999,1458.000000000001,0.20440000000000005,26.23686666666668,0.5296000000000001
E02002262,7569,4584.999999999999,2337.9999999999986,1176.9999999999995,0.18639999999999998,23.18426666666666,0.44020000000000004
E02002263,6453,3900.999999999998,1751.0000000000014,1275.9999999999982,0.227875,26.864333333333327,0.42525
E02002264,7131,4135.000000000003,2131.000000000002,1309.9999999999989,0.11549999999999999,19.420916666666674,-0.13849999999999998
E02002265,5591,3435.9999999999986,1663.9999999999993,898.9999999999998,0.162625,28.63983333333333,0.3855
E02002266,5743,3370.0,1764.9999999999993,989.0000000000005,0.1255,16.293166666666682,0.13924999999999998
E02002267,8026,4918.999999999999,2212.999999999998,1409.9999999999995,0.1784,17.58219999999998,0.23959999999999998
E02002268,10329,6310.000000000004,2599.000000000001,1969.0000000000014,0.22566666666666668,26.70883333333333,0.4578333333333333
E02002269,9436,5859.0,2597.0,1651.0,0.125,20.939944444444432,-0.022499999999999982
E02002270,8416,5172.0,2361.0000000000005,1531.9999999999998,0.0766,25.433733333333322,-0.5535999999999999
E02002271,7735,4598.0,2164.999999999999,1468.999999999999,0.09590000000000001,15.61379999999998,-0.2866
E02002272,9815,5993.000000000001,2443.0,1979.999999999999,0.212,19.260666666666655,0.355
E02002273,6610,4111.000000000002,1769.000000000001,1154.9999999999986,0.135125,19.902416666666653,-0.09925000000000003
E02002274,6841,4113.0,1923.0000000000018,1259.9999999999984,0.12825,17.00016666666665,-0.0010000000000000009
E02002275,8738,5384.000000000002,2259.0000000000005,1601.9999999999989,0.2021,22.114133333333342,0.5648
E02002276,7827,4804.999999999999,1708.9999999999989,1684.9999999999995,0.21069999999999997,23.03560000000002,0.26739999999999997
E02002277,6842,4249.999999999998,1271.9999999999995,1526.999999999999,0.254375,28.585666666666647,0.3645
E02002278,6889,4127.000000000002,1720.9999999999998,1429.0,0.202875,20.863500000000023,0.18574999999999997
E02002279,6229,3879.0000000000014,1437.0,1232.9999999999998,0.28099999999999997,28.297000000000004,0.80125
E02002280,6888,4355.0,1173.0000000000002,1564.000000000002,0.38025,37.83316666666668,1.0242499999999999
E02002281,11738,7146.999999999996,2442.0,2640.0000000000005,0.2764285714285714,28.515190476190472,0.6061428571428572
E02002282,7623,4754.000000000001,1120.9999999999982,1912.9999999999995,0.305125,29.6785,0.604
E02002283,7119,4629.0,1246.0000000000002,1521.9999999999998,0.3054,36.248000000000005,0.5624
E02002284,6286,3868.999999999999,1642.9999999999986,1165.0000000000005,0.177375,23.52741666666665,0.03374999999999999
E02002285,7924,4741.0,2279.9999999999986,1435.000000000001,0.11840000000000002,17.683799999999998,-0.028400000000000016
E02002286,6252,3899.9999999999995,1052.9999999999993,1533.0000000000005,0.32675,29.239583333333325,0.7442500000000001
E02002287,7413,4776.000000000001,1231.0,1649.9999999999986,0.316125,33.774583333333325,0.81975
E02002288,10261,6406.000000000001,2022.0000000000005,2301.0,0.2733333333333334,27.298166666666646,0.7771666666666667
E02002289,7009,4363.999999999998,745.9999999999997,1919.9999999999993,0.39275,39.05833333333332,0.90225
E02002290,6360,3633.9999999999995,2120.999999999999,1091.0,0.10424999999999998,12.973916666666668,-0.27025
E02002291,6697,3934.0000000000014,1868.999999999999,1257.0,0.14225,15.824499999999993,-0.07525
E02002292,5675,3463.0000000000005,1715.000000000001,961.9999999999995,0.1465,17.16366666666665,0.11025000000000001
E02002293,8823,5471.999999999998,814.9999999999993,2537.000000000001,0.40890000000000004,43.065999999999995,1.076
E02002294,11114,7000.000000000001,1706.9999999999995,2658.0,0.30016666666666664,34.62716666666667,0.5875
E02002295,7201,4464.000000000002,1124.0000000000014,1811.0000000000016,0.36575,28.807333333333325,1.0967500000000001
E02002296,6831,4013.000000000001,2191.0,1089.0000000000016,0.142625,15.347333333333324,0.00024999999999997247
E02002297,7160,4328.0,1988.0000000000005,1316.9999999999998,0.15025000000000002,16.701416666666674,-0.11875
E02002298,6644,3982.9999999999986,1919.0000000000002,1243.000000000001,0.2555,26.0382,0.5196
E02002299,7500,5147.999999999998,917.0000000000003,1632.9999999999995,0.391,39.79175000000003,1.1717499999999998
E02002300,8837,5191.000000000001,2325.0000000000005,1782.999999999999,0.10529999999999999,9.938000000000013,-0.38520000000000004
E02002301,8499,5393.0,1013.0,2254.999999999999,0.32925,39.897,0.82725
E02002302,6219,3687.0000000000005,1834.9999999999993,1125.9999999999993,0.09937499999999999,17.606083333333327,-0.32599999999999996
E02002303,6712,4170.0,1623.9999999999989,1297.0000000000005,0.169625,17.405333333333324,0.3175
E02002304,6900,4887.999999999999,1353.0000000000014,1044.0000000000002,0.20024999999999998,28.814833333333326,0.46049999999999996
E02002305,6201,3902.9999999999986,1264.9999999999986,1355.0000000000005,0.32887500000000003,26.609583333333322,0.8792500000000001
E02002306,6244,3861.0,1951.0000000000005,1012.0000000000014,0.102875,19.277666666666672,-0.33125000000000004
E02002307,5970,3611.000000000001,1650.9999999999998,1112.0000000000007,0.214375,20.904249999999976,0.52075
E02002308,6860,4393.0,1510.9999999999993,1283.9999999999995,0.159,19.226,0.07100000000000001
E02002309,6960,4512.0,1190.0000000000011,1478.9999999999993,0.29425,28.259249999999998,0.851
E02002310,5944,3710.000000000001,1391.9999999999995,1150.0000000000002,0.24324999999999997,24.547249999999977,0.7095
E02002311,6564,4045.0,1670.9999999999986,1270.999999999999,0.20587499999999997,23.446083333333323,0.33275
E02002312,8366,6207.0,1053.0000000000011,1322.0000000000014,0.245,25.009166666666676,0.6519999999999999
E02002313,8027,5130.000000000002,935.0000000000009,2072.000000000001,0.37050000000000005,43.846166666666676,0.8935
E02002314,5886,3351.000000000002,1897.999999999999,991.9999999999989,0.16812500000000002,19.497416666666673,0.10449999999999998
E02002315,6775,4543.000000000003,1351.0000000000011,1283.000000000001,0.20600000000000002,29.772833333333303,0.49874999999999997
E02002316,6782,4092.000000000001,2110.999999999999,1095.9999999999989,0.116125,17.293,-0.40950000000000003
E02002317,7754,4665.000000000002,1512.000000000001,1881.9999999999986,0.319875,25.714750000000024,0.6495
E02002318,6276,3852.9999999999986,1804.999999999999,1077.0,0.262875,21.51541666666665,0.70125
E02002319,7076,4476.000000000002,1678.9999999999989,1340.0000000000005,0.139125,24.196916666666652,0.0325
E02002320,6033,3539.999999999999,2086.0000000000014,913.9999999999994,0.15537499999999999,17.84741666666665,0.20975000000000002
E02002321,6929,4301.0,2019.9999999999986,1027.0000000000007,0.07825,16.802833333333325,-0.548
E02002322,6309,3840.000000000001,1904.0,1074.0000000000014,0.13624999999999998,29.002833333333324,0.02125
E02002323,8349,4758.0,2787.999999999999,1369.9999999999993,0.1018,15.662533333333347,-0.36280000000000007
E02002324,6622,3856.000000000001,2142.0000000000014,1074.9999999999998,0.12375,16.624666666666673,-0.19175
E02002325,9300,5425.999999999997,2769.999999999999,1699.0000000000005,0.1292,15.515066666666637,-0.20259999999999997
E02002326,5924,3508.999999999999,1716.9999999999993,1084.0000000000014,0.06575,15.652583333333325,-0.67925
E02002327,10109,5910.000000000001,3234.000000000002,1710.000000000001,0.09116666666666667,16.992666666666665,-0.29283333333333333
E02002328,7013,4150.000000000001,2239.0,1131.9999999999986,0.087,17.803416666666674,-0.70575
E02002329,12310,7529.000000000001,3560.000000000001,2152.000000000001,0.10085714285714285,19.40309523809523,-0.5667142857142857
E02002330,6942,3748.9999999999995,2667.0000000000014,1106.9999999999995,0.0495,7.186133333333332,-0.8762000000000001
E02002331,7361,4309.000000000001,2490.999999999999,1000.0000000000009,0.132125,14.596916666666676,0.25949999999999995
E02002332,6504,3686.9999999999986,2015.0,1236.9999999999984,0.13824999999999998,15.52325,-0.429
E02002333,7811,4539.0,2675.9999999999986,1206.0000000000002,0.09790000000000001,17.99899999999998,-0.3894000000000001
E02002334,7606,4203.0,2574.999999999999,1371.9999999999993,0.0856,15.250200000000017,-0.5338
E02002335,7582,4162.0,2687.0000000000014,1372.0000000000007,0.0451,15.347333333333319,-1.3434
E02002336,7147,4094.9999999999995,2214.0000000000023,1329.9999999999995,0.06762499999999999,16.730999999999984,-1.0210000000000001
E02002337,7729,4588.0,2142.0000000000005,1460.0000000000005,0.047125,10.863416666666657,-1.1307500000000001
E02002338,7324,4274.999999999998,2029.0000000000002,1344.0,0.09649999999999999,12.487583333333342,-0.568
E02002339,5708,3516.000000000001,1461.9999999999986,1067.9999999999998,0.201375,20.700500000000027,0.4375
E02002340,5985,3535.0,2009.0,875.0000000000001,0.12625,17.326416666666674,-0.132
E02002341,7548,4151.000000000001,2395.0,1496.000000000001,0.05199999999999999,9.841733333333327,-1.1116000000000001
E02002342,6235,3691.0,1845.999999999999,1108.0000000000002,0.144125,11.068166666666666,-0.47100000000000003
E02002343,5859,3645.000000000001,1470.0000000000005,1110.9999999999989,0.07925,12.289916666666675,-0.41500000000000004
E02002344,7930,4640.0,2343.000000000001,1494.999999999999,0.0876,10.912466666666674,-0.7779999999999999
E02002345,6425,3838.000000000001,1905.0000000000002,1134.9999999999995,0.068875,8.380083333333335,-0.9045
E02002346,6229,3854.999999999998,1440.0,1244.000000000001,0.206125,15.317666666666659,0.21475
E02002347,6605,3915.0000000000005,1316.000000000001,1681.0000000000005,0.27825,17.914499999999983,0.38349999999999995
E02002348,6657,3971.0,1735.9999999999993,1298.0000000000011,0.201375,15.185499999999992,-0.03875000000000001
E02002349,5833,3518.0000000000014,1490.000000000001,1131.0000000000002,0.08875,12.70275,-0.5715
E02002350,6636,3806.0,1830.9999999999982,1248.0,0.036625000000000005,9.09049999999999,-1.133
E02002351,5640,3259.000000000002,1884.0,980.0000000000005,0.056125,13.319000000000003,-0.74125
E02002352,7774,4808.999999999999,1918.0000000000014,1500.000000000001,0.0911,11.792333333333335,-0.6782
E02002353,6062,3798.999999999999,1343.0000000000005,1267.9999999999995,0.09524999999999999,8.454916666666675,-0.668
E02002354,8303,5078.999999999998,1977.0000000000011,1702.9999999999984,0.16909999999999997,13.294466666666674,-0.2358
E02002356,9561,5729.000000000001,2110.0,2108.9999999999995,0.0655,13.870866666666668,-1.1054
E02002357,8477,5297.0,1898.999999999999,1634.9999999999993,0.14040000000000002,14.454999999999998,-0.16960000000000003
E02002358,8675,5223.000000000002,2046.000000000001,1881.0000000000002,0.1951,16.14453333333334,0.4032
E02002359,6762,3891.9999999999995,2303.0000000000005,1088.0000000000005,0.08124999999999999,17.802083333333325,-0.7134999999999999
E02002360,6968,4681.0,1457.9999999999995,1247.0000000000002,0.14425,11.883833333333342,-0.048500000000000015
E02002361,6033,3822.000000000001,1122.9999999999998,1342.9999999999993,0.146875,15.259666666666675,-0.21225
E02002362,8153,5367.000000000001,1555.0000000000007,1649.0,0.2959,21.77546666666666,0.7385999999999999
E02002363,7017,5068.000000000001,1523.0,882.0000000000005,0.0795,14.234166666666667,-0.375
E02002364,6007,3742.0,1355.0,1294.0000000000002,0.41812499999999997,31.734999999999978,1.3055
E02002366,8538,5142.999999999999,1920.0000000000007,1755.0000000000005,0.16550000000000004,16.84813333333332,-0.17060000000000003
E02002367,6353,4153.0,1028.0000000000018,1425.9999999999984,0.33849999999999997,23.317083333333326,0.9255
E02002368,8568,5284.0,2073.000000000001,1675.9999999999995,0.06960000000000001,14.275933333333324,-0.5286000000000001
E02002369,8103,5066.999999999999,1320.0000000000002,2059.000000000001,0.35609999999999997,24.709266666666682,0.985
E02002370,7418,4497.0,1421.0000000000002,1779.9999999999989,0.321,26.98525,1.091
E02002371,10695,7254.000000000001,1659.9999999999995,2173.999999999998,0.3077,29.573733333333337,0.5194
E02002373,8659,8018.0,461.0000000000001,317.9999999999998,0.059,23.72213333333332,0.18460000000000001
E02002374,6834,4883.0,1185.000000000002,1070.0000000000014,0.197625,23.722833333333323,0.27249999999999996
E02002375,6558,4228.000000000002,945.0000000000008,1524.0,0.31125,30.046750000000003,0.7597500000000001
E02002376,7865,4947.999999999999,863.9999999999993,2216.9999999999986,0.38774999999999993,33.77775,0.85575
E02002377,7673,5049.000000000002,670.9999999999994,1967.0000000000014,0.44162500000000005,56.695916666666676,0.5435
E02002379,6052,3808.0,840.9999999999992,1639.0000000000007,0.37787499999999996,27.020583333333327,1.1799999999999997
E02002380,5534,3491.0,1481.0000000000011,965.9999999999986,0.18062499999999998,19.745,0.17450000000000002
E02002381,6228,4173.0,1327.9999999999986,1083.0000000000005,0.19262500000000002,19.483083333333326,0.14175000000000004
E02002382,7363,4504.0,527.9999999999992,2352.999999999998,0.536875,63.889166666666696,0.72025
E02002383,8009,7478.000000000002,192.00000000000006,394.9999999999999,0.0915,34.68606666666668,0.8316000000000001
E02002384,12877,9721.999999999998,846.0,2353.999999999999,0.2364166666666667,27.380388888888884,0.7323333333333334
E02002385,8635,7511.000000000002,578.9999999999999,729.9999999999993,0.16030000000000003,35.37233333333332,0.593
E02002386,9176,5472.0,3017.9999999999977,1400.999999999999,0.09641666666666666,12.869277777777782,-0.20149999999999998
E02002387,6000,3916.9999999999986,1123.9999999999993,1236.0000000000014,0.2985,33.65833333333335,0.802
E02002388,8173,5305.999999999999,1275.9999999999986,1838.0,0.2805000000000001,26.305066666666676,0.6514000000000001
E02002389,7835,4666.0,1373.9999999999986,2020.9999999999989,0.35550000000000004,27.208666666666673,0.8592500000000001
E02002390,7257,4751.0,1483.9999999999993,1386.9999999999995,0.203625,19.132333333333325,0.30499999999999994
E02002391,7837,5119.000000000002,1710.9999999999998,1455.9999999999995,0.1371,18.71773333333333,0.029199999999999997
E02002392,10955,10198.0,251.99999999999966,488.00000000000057,0.119625,26.8390833333333,0.747
E02002393,9012,6084.000000000003,819.0000000000002,2304.9999999999986,0.4194,39.806866666666636,0.9328
E02002394,7764,4876.0,884.9999999999986,2201.0000000000005,0.46862499999999996,48.62633333333335,0.9005
E02002395,7542,4625.0,1588.0000000000023,1633.9999999999995,0.155,18.871333333333325,-0.15175
E02002396,9096,6134.999999999998,1886.0000000000002,1572.999999999999,0.24158333333333334,30.707999999999984,0.6036666666666667
E02002397,7517,4748.999999999999,1781.0000000000018,1430.0000000000005,0.22199999999999998,22.15459999999998,0.30060000000000003
E02002398,7590,4468.000000000001,2477.0,1178.9999999999998,0.0978,13.908666666666685,-0.227
E02002399,6610,4137.999999999998,1086.0000000000016,1635.000000000001,0.33575,38.46916666666665,0.62025
E02002400,9532,6585.000000000001,1067.0000000000014,2149.000000000002,0.37770000000000004,41.7068,1.4038
E02002401,6771,4118.999999999999,1083.0,1803.9999999999986,0.398375,33.77558333333332,0.99275
E02002402,5890,3667.000000000001,1894.9999999999995,890.0000000000009,0.06587499999999999,8.124916666666667,-0.79075
E02002403,6319,3672.0000000000005,2047.0,977.9999999999989,0.115625,14.548083333333349,-0.07725
E02002404,11147,8245.0,1057.0,2022.0000000000032,0.2658333333333333,32.21844444444445,0.8358333333333334
E02002405,9347,5581.999999999998,2378.0,1914.0000000000018,0.1417,14.530333333333335,-0.1352
E02002406,7359,4242.0,2271.0,1297.9999999999989,0.0611,9.040466666666674,-0.7704
E02002407,6556,4207.999999999999,1033.9999999999995,1575.0000000000023,0.402625,36.22808333333335,1.2805
E02002408,7588,4759.0,1946.9999999999995,1300.0000000000005,0.1517,16.21573333333334,0.16940000000000002
E02002409,6077,3824.0,1532.9999999999998,1152.0000000000011,0.230875,26.115083333333327,0.48124999999999996
E02002410,6841,4514.999999999999,1641.0,1138.999999999998,0.179375,22.441749999999974,0.3405000000000001
E02002411,9473,6983.000000000002,873.0000000000008,1842.9999999999993,0.30916666666666665,32.66238888888887,0.7931666666666667
E02002412,7438,4811.999999999998,1639.9999999999993,1409.0000000000002,0.165,21.949416666666675,-0.13274999999999995
E02002414,6735,4385.000000000001,897.9999999999986,1658.9999999999998,0.40025,38.45250000000002,1.104
E02002415,7944,5137.000000000001,533.0000000000001,2261.0,0.44475000000000003,53.33033333333335,0.9762499999999998
E02002416,7235,4133.999999999999,2274.0,1284.0000000000005,0.166875,19.239750000000022,0.22625
E02002417,7440,4464.0,1998.0000000000016,1407.9999999999993,0.15325,20.427,-0.009000000000000008
E02002418,7203,4392.0,1996.999999999999,1272.9999999999989,0.14040000000000002,17.60826666666668,-0.0856
E02002419,8331,5202.0,1560.9999999999982,1926.0000000000011,0.32930000000000004,29.359333333333325,0.6808000000000001
E02002420,8467,5340.0,1441.0000000000002,1987.999999999999,0.2544,29.131466666666682,0.19439999999999996
E02002421,6296,3931.0000000000005,1056.999999999999,1538.0000000000007,0.411625,33.19233333333332,1.3335000000000001
E02002422,6410,3968.0,1750.0000000000005,1116.0000000000014,0.08600000000000001,10.251333333333326,-0.33399999999999996
E02002423,5765,3528.999999999999,1293.0000000000002,1250.9999999999998,0.310375,29.457166666666676,0.72275
E02002424,7575,4810.999999999998,1836.9999999999993,1389.999999999999,0.1402,14.27273333333334,0.14940000000000003
E02002425,8672,5234.0,2501.000000000002,1531.9999999999984,0.1366,15.553933333333338,-0.0576
E02002426,7749,4728.0,2139.0000000000023,1328.0000000000002,0.1325,15.406066666666652,-0.13540000000000002
E02002427,6618,4019.9999999999986,1937.0,1168.9999999999998,0.1986,18.671200000000002,0.231
E02002428,8080,5154.0,1535.999999999999,1785.0000000000014,0.202,20.7502,0.22939999999999997
E02002429,8504,5262.999999999996,2159.0000000000014,1604.0000000000007,0.1399,17.8354,-0.045799999999999993
E02002430,8285,5062.0,1201.0000000000002,2274.9999999999995,0.40190000000000003,34.903133333333315,1.1892
E02002431,8990,6094.0,1588.9999999999982,1704.0000000000002,0.15360000000000001,14.838800000000012,0.14059999999999997
E02002432,7800,4801.000000000001,1923.9999999999993,1472.000000000001,0.13279999999999997,21.182533333333343,0.2122
E02002433,6747,4508.999999999999,1713.0000000000007,963.9999999999985,0.18512499999999998,19.287583333333323,0.34575
E02002434,10092,6651.0,1644.0000000000014,2255.9999999999977,0.1365833333333333,17.650999999999982,-0.008833333333333337
E02002435,8564,5335.000000000001,1942.000000000002,1722.9999999999977,0.11820000000000001,14.774600000000001,-0.1172
E02002436,7048,4443.000000000002,1732.0000000000005,1313.000000000001,0.206125,24.629666666666672,0.41825
E02002437,6158,3913.9999999999986,1750.999999999999,1026.0,0.07362499999999998,11.831999999999974,-0.5445
E02002438,9083,5540.999999999999,1907.0000000000002,2098.0000000000005,0.33630000000000004,32.2022,1.1300000000000001
E02002439,8712,5770.999999999999,2059.0000000000005,1437.0000000000002,0.24650000000000002,28.650000000000002,1.0446666666666666
E02002440,7852,4788.0,2018.0000000000005,1526.000000000001,0.2764,26.960400000000003,0.9404
E02002441,9994,6421.999999999996,2247.0,1864.999999999998,0.2632,24.37046666666666,1.1286
E02002442,7211,4820.0,1755.000000000001,1165.0000000000016,0.13999999999999999,18.654266666666658,0.3798
E02002443,6167,4006.9999999999995,1549.9999999999998,1132.9999999999998,0.10425000000000001,15.112250000000024,0.30549999999999994
E02002444,7399,4722.000000000002,1669.999999999999,1431.9999999999986,0.136125,22.24108333333335,0.19675
E02002445,8781,5348.000000000002,2324.999999999998,1627.000000000002,0.1482,16.682199999999987,0.3308000000000001
E02002446,5939,3656.9999999999986,1889.0000000000005,911.0000000000009,0.1185,18.491166666666675,0.26375
E02002447,6151,3769.0000000000005,1616.0000000000011,1169.9999999999993,0.24362499999999998,30.704166666666673,1.02725
E02002448,8307,5120.999999999998,1921.0,1741.9999999999995,0.3032,29.0428,1.1632
E02002449,10102,6470.0,2175.000000000002,1991.9999999999982,0.1492,15.269266666666661,0.35540000000000005
E02002450,7966,5172.000000000002,1771.9999999999995,1445.9999999999993,0.15125,18.05233333333331,0.36300000000000004
E02002451,8025,4828.0,2518.9999999999995,1299.000000000002,0.1131,13.318666666666658,0.1528
E02002452,9353,6069.0,2121.0000000000005,1713.0000000000007,0.2675,20.41706666666668,1.1545999999999998
E02002453,9841,6334.999999999998,2327.999999999999,1815.0000000000005,0.27375,28.763833333333334,0.9721666666666667
E02002454,9424,6480.000000000002,1626.0000000000005,1684.9999999999998,0.295,32.471000000000004,1.0142
E02002455,6528,3926.999999999999,1459.0,1445.0000000000007,0.32325,24.490416666666675,1.00925
E02002456,7773,5331.0,1439.9999999999986,1398.0000000000007,0.192,22.32433333333335,0.38425
E02002457,7948,4908.999999999999,1653.0000000000011,1760.0000000000002,0.3393,28.41780000000002,1.0253999999999999
E02002458,9003,5382.999999999999,2477.999999999999,1654.999999999998,0.13508333333333333,16.41644444444445,0.25400000000000006
E02002459,10157,6486.000000000001,2056.0000000000014,2130.000000000001,0.2285,22.6958888888889,0.7105
E02002460,7409,4211.0,2549.0,1203.0000000000014,0.1139,13.769200000000001,0.03799999999999999
E02002461,12170,7792.0,2665.000000000002,2361.0000000000005,0.1825625,21.589750000000002,0.7775
E02002462,7349,4404.0,2182.0,1258.9999999999989,0.16550000000000004,16.54533333333334,0.5126000000000001
E02002463,10727,6467.000000000002,1773.9999999999998,2767.0000000000014,0.35908333333333337,25.626055555555563,1.2781666666666667
E02002464,9280,5835.999999999999,2155.0,1848.0000000000005,0.27549999999999997,23.148933333333325,0.9988000000000001
E02002465,6113,3718.0000000000005,2062.9999999999995,840.0000000000005,0.174,19.459000000000003,0.39150000000000007
E02002466,9102,5397.0,2722.0000000000005,1601.0000000000014,0.17633333333333334,17.7105,0.42583333333333334
E02002467,9144,6240.0,1405.0,1803.9999999999982,0.3051,33.88893333333332,0.9390000000000001
E02002468,6059,3671.000000000001,1824.0,1004.0000000000016,0.123125,18.009999999999977,0.013000000000000012
E02002469,6587,3984.000000000001,1818.9999999999995,1218.0000000000014,0.131125,14.858166666666676,0.30024999999999996
E02002470,6005,3193.0,2471.9999999999986,812.0000000000015,0.052625,8.85450000000001,-0.381
E02002471,11674,6965.000000000001,3728.0,1903.0000000000016,0.09114285714285716,17.10628571428573,-0.26142857142857145
E02002472,5615,3427.0000000000005,1851.0000000000014,806.0000000000009,0.117,19.311500000000002,0.14599999999999996
E02002473,6629,3964.0,2178.000000000001,1058.9999999999993,0.10075,18.89208333333335,-0.16725
E02002474,7009,4377.000000000001,1668.9999999999993,1424.9999999999995,0.22500000000000003,21.906166666666653,0.6485
E02002475,6307,3506.000000000001,2249.000000000002,1038.0000000000011,0.088875,16.582833333333326,-0.1865
E02002476,6907,4299.999999999998,1419.0000000000002,1550.0,0.355375,33.58,1.40375
E02002477,6383,3888.0,1763.0000000000005,1197.9999999999993,0.265375,30.633750000000003,0.99
E02002478,6271,4042.000000000002,1443.9999999999995,1226.0000000000005,0.2085,25.204333333333324,0.7115
E02002479,8089,4923.999999999999,2537.0,1317.9999999999982,0.2753,25.68593333333332,1.1925999999999999
E02002480,5581,3411.0000000000005,1757.000000000001,896.9999999999991,0.2725,31.9375,1.15625
E02002481,7528,4652.0,1806.9999999999995,1503.000000000001,0.231875,25.023333333333326,0.8799999999999999
E02002482,7324,4407.0,1664.0000000000011,1645.000000000001,0.32025000000000003,33.84783333333333,1.2185
E02002483,10334,6399.0,2471.999999999998,1979.9999999999984,0.15458333333333332,11.024277777777774,0.5868333333333333
E02002484,10457,6352.999999999998,2567.0,2247.000000000002,0.44075,27.741777777777767,1.923166666666667
E02002485,8045,4844.999999999999,1938.000000000001,1795.9999999999998,0.42029999999999995,22.93833333333334,1.6565999999999999
E02002489,7307,4567.0,1716.0000000000011,1403.9999999999986,0.40990000000000004,34.76006666666666,1.8018
E02002490,5831,3668.0000000000005,1404.999999999999,1201.0,0.40624999999999994,30.526833333333347,1.6799999999999997
E02002491,6742,3967.000000000002,1822.0000000000014,1371.9999999999993,0.332375,21.42075,1.39675
E02002492,6867,4177.0,1949.0000000000018,1325.9999999999986,0.273875,18.902666666666676,1.23
E02002493,6803,3975.0000000000014,2320.000000000001,1075.9999999999995,0.1265,12.897666666666657,0.50175
E02002494,7716,4587.999999999998,1692.0000000000005,1829.0000000000002,0.44639999999999996,24.98513333333332,1.7975999999999999
E02002496,12848,9632.999999999998,1329.9999999999993,2097.000000000001,0.36835714285714294,41.712904761904774,1.8612857142857144
E02002497,6483,4100.000000000003,1109.9999999999998,1549.9999999999995,0.47550000000000003,41.57016666666665,1.745
E02002498,9062,6350.0,1070.9999999999998,1930.0000000000014,0.5018333333333334,53.93894444444445,1.6796666666666666
E02002499,7728,4696.999999999998,1449.9999999999998,1998.0000000000002,0.4641,33.21653333333332,1.8954
E02002500,6077,3865.000000000001,1238.0,1307.0,0.29650000000000004,31.975583333333347,1.073
E02002501,6506,4036.9999999999995,1295.0000000000011,1546.0000000000027,0.35233333333333333,26.4767777777778,1.3116666666666668
E02002502,9921,5914.999999999999,2333.0,2303.9999999999995,0.4638333333333334,32.785555555555554,1.881
E02002503,6939,4275.000000000001,1354.9999999999989,1690.0000000000014,0.35574999999999996,30.76116666666667,1.18025
E02002504,10021,6274.999999999999,2210.999999999998,2086.000000000001,0.2129,22.13393333333334,0.4906
E02002505,6481,3913.0,1178.9999999999993,1718.0000000000005,0.451125,30.848916666666675,1.595
E02002506,5692,3599.999999999999,1161.0,1223.0000000000014,0.46712499999999996,28.860916666666675,2.1365
E02002507,6332,3797.000000000001,1683.9999999999995,1228.9999999999998,0.133,15.3243333333333,0.05825
E02002508,5595,3291.999999999999,1693.0000000000002,999.0000000000014,0.133,15.745222222222234,0.06999999999999999
E02002509,5179,3075.000000000001,1521.9999999999998,1040.9999999999993,0.276625,24.18683333333335,1.041
E02002510,7600,4354.999999999998,2394.000000000001,1344.9999999999995,0.09575,13.052999999999999,-0.135
E02002512,5453,3150.0000000000005,1936.000000000001,863.999999999999,0.0815,9.777666666666667,-0.2816666666666667
E02002513,10408,6346.0,2735.000000000001,2056.0,0.3107142857142858,21.208190476190474,1.1131428571428572
E02002514,8317,5150.999999999998,2540.9999999999986,1325.0000000000011,0.25808333333333333,16.03627777777778,1.0481666666666667
E02002515,6495,4208.000000000001,1847.0000000000007,979.0000000000001,0.35574999999999996,32.25866666666667,1.586
E02002516,5903,3460.000000000001,1520.9999999999982,1222.9999999999989,0.255625,16.17641666666665,0.9457500000000001
E02002517,5446,3326.0000000000014,1461.0,1042.9999999999998,0.324375,19.660166666666676,1.01925
E02002518,10851,6690.999999999999,3385.0000000000014,1723.0000000000005,0.11235714285714285,11.465047619047615,0.03228571428571428
E02002519,7551,4245.000000000001,2306.0,1483.0,0.40199999999999997,18.17473333333334,1.6363999999999996
E02002520,13214,7570.999999999998,4676.0,2006.000000000001,0.14168750000000002,12.765375,0.11862499999999998
E02002521,5796,3258.999999999999,2326.000000000001,735.9999999999998,0.184,20.589416666666676,0.719
E02002523,6369,3784.999999999999,1079.0000000000005,1780.0,0.557,31.07283333333332,1.9255000000000002
E02002524,5362,3117.999999999999,1734.0000000000005,920.0000000000002,0.233125,18.52825,0.775
E02002525,7962,4854.000000000002,2657.0,1246.0000000000002,0.2733333333333334,22.581722222222215,1.0836666666666666
E02002526,7675,4625.000000000001,2247.000000000001,1382.0000000000011,0.22812500000000002,23.23225,0.575
E02002527,5023,2954.000000000002,1339.0,1064.0000000000002,0.34349999999999997,35.5358888888889,1.1360000000000001
E02002529,5939,3557.0,1835.9999999999995,1044.0000000000005,0.270125,19.103583333333333,0.7569999999999999
E02002530,6232,3709.9999999999995,2084.0000000000005,950.0000000000014,0.270625,34.3783333333333,0.7912499999999999
E02002532,6813,4118.999999999998,2038.000000000001,1163.999999999998,0.286875,22.298833333333327,1.0445
E02002533,6702,3737.000000000001,2260.0000000000027,1187.9999999999986,0.11333333333333334,9.941111111111125,-0.2173333333333333
E02002534,5512,2969.0,2388.0,665.0000000000008,0.081125,10.786750000000008,-0.36325
E02002535,9234,5684.0,2993.0000000000005,1446.0000000000007,0.10466666666666667,10.26733333333332,0.14283333333333334
E02002536,9344,5656.0,2679.0000000000014,1699.9999999999993,0.23958333333333334,16.749499999999994,0.9856666666666668
E02002537,8533,5200.999999999998,1952.9999999999989,1894.0,0.3715833333333333,25.20477777777778,1.5558333333333332
E02002538,5733,3409.0,1672.9999999999995,1050.0,0.250875,17.500999999999998,1.1615
E02002539,10946,6510.999999999998,3384.0000000000005,1942.999999999999,0.08933333333333332,16.419166666666662,-0.09433333333333332
E02002540,6189,3406.9999999999995,2372.9999999999995,932.0000000000014,0.088375,10.47799999999999,0.10874999999999997
E02002541,5941,3699.9999999999995,1825.9999999999998,926.9999999999995,0.2125,20.395333333333326,0.828
E02002542,8168,4969.0,1874.0000000000007,1813.000000000001,0.35591666666666666,24.459611111111116,1.5591666666666668
E02002543,9584,5914.000000000001,1882.999999999999,2343.999999999999,0.3421,21.20773333333334,1.5436
E02002544,9121,6110.0,1884.0000000000023,1649.0000000000007,0.2994,22.62526666666666,1.5811999999999997
E02002545,5119,3029.000000000001,1853.0,751.0,0.11762500000000001,11.81108333333335,0.35125
E02002546,7435,4735.000000000001,1478.0000000000005,1608.0000000000018,0.38110000000000005,25.583199999999998,1.5824000000000003
E02002547,6076,3408.0,2377.9999999999995,865.0000000000005,0.14675000000000002,10.350833333333332,0.37649999999999995
E02002549,7514,4134.999999999999,2782.0000000000005,1145.999999999999,0.1132,11.305933333333346,0.15660000000000002
E02002550,6262,3761.0,1782.000000000002,1170.0000000000007,0.199375,20.002416666666676,0.64375
E02002551,5570,3719.999999999999,1067.0000000000007,1085.0000000000002,0.44925000000000004,32.41983333333335,1.851
E02002552,7148,4405.0,1534.0000000000005,1612.999999999999,0.24425000000000002,17.044,1.0265
E02002553,5893,3463.000000000001,1603.9999999999993,1159.9999999999993,0.236,15.692555555555566,0.8756666666666666
E02002554,5136,2956.0000000000014,1580.9999999999993,986.0000000000002,0.3775,24.8495,1.389
E02002555,10407,5952.999999999996,3102.9999999999986,1981.0,0.10283333333333333,10.705222222222217,-0.12583333333333332
E02002556,7213,4590.0,2026.9999999999989,1241.0000000000007,0.0825,8.123066666666672,-0.09980000000000001
E02002558,11254,6564.000000000002,3608.0000000000027,1897.9999999999984,0.093,10.716380952380954,-0.22685714285714287
E02002559,10197,6303.999999999999,2752.0000000000005,1828.000000000003,0.0972,15.974666666666645,-0.255
E02002560,6208,3827.999999999999,1610.0000000000005,1130.9999999999998,0.144625,17.305833333333343,0.18175000000000005
E02002561,5428,3259.999999999999,1894.9999999999998,809.9999999999995,0.13775,15.170833333333325,0.27925
E02002562,5658,3680.0,1454.0,960.9999999999993,0.306375,27.50799999999998,1.22425
E02002563,5540,3178.0000000000005,1878.999999999999,916.9999999999995,0.243625,17.4735833333333,0.94175
E02002564,9710,5925.0,2497.9999999999995,1868.0000000000005,0.2718333333333333,17.37883333333333,0.9466666666666668
E02002567,9737,6005.000000000001,2094.0,2134.0,0.27840000000000004,22.1638,1.0184000000000002
E02002568,6097,3450.000000000001,2092.0000000000005,1003.0000000000023,0.08099999999999999,11.01675,-0.06950000000000002
E02002569,9278,4907.999999999999,3751.999999999998,1340.0,0.0475,7.104533333333334,-0.4880000000000001
E02002570,7597,4754.0,2011.999999999999,1364.0000000000011,0.3385,32.21913333333332,1.5544
E02002571,6523,3985.0000000000005,1455.0000000000002,1428.0000000000016,0.25133333333333335,23.081333333333333,0.7226666666666667
E02002572,6373,4031.0,1222.9999999999995,1419.9999999999995,0.29325,28.051583333333326,1.0925
E02002573,9587,5634.0,2895.000000000002,1737.0000000000005,0.12110000000000001,16.809600000000003,0.16499999999999998
E02002574,8827,5416.000000000001,2443.999999999998,1556.9999999999989,0.078125,11.827583333333344,-0.29175
E02002575,9548,6082.000000000001,2600.9999999999995,1631.9999999999989,0.07730000000000001,10.250199999999994,-0.11000000000000001
E02002576,7491,4672.999999999999,2105.000000000002,1326.9999999999993,0.20789999999999997,19.23333333333334,0.9836
E02002577,7282,4383.999999999998,1801.0,1561.0000000000005,0.366,25.5586,1.4243999999999999
E02002578,8375,5213.0,1990.0000000000002,1624.000000000001,0.2003,19.145,0.6976
E02002579,7947,4817.000000000002,2032.000000000001,1680.0000000000005,0.3013,25.41986666666664,1.1362
E02002580,7827,5143.999999999998,1487.999999999999,1592.9999999999998,0.42724999999999996,36.64683333333332,1.79625
E02002581,7208,4232.000000000001,2461.000000000001,1123.9999999999993,0.161625,21.02908333333335,0.5927499999999999
E02002582,9773,6509.0,2265.9999999999986,1695.999999999999,0.0765,12.51206666666668,-0.11040000000000001
E02002583,7532,4510.999999999998,1597.0000000000005,1732.999999999998,0.4606,27.59146666666668,1.7675999999999998
E02002584,7218,4437.0,1826.0,1369.9999999999998,0.2171,20.28259999999998,0.842
E02002585,10838,7205.999999999997,2369.9999999999995,1875.0000000000007,0.2302857142857143,26.28652380952381,1.1498571428571427
E02002586,9562,5794.0,2169.9999999999973,2081.0000000000005,0.4295,27.282388888888878,1.7578333333333334
E02002587,6345,3852.9999999999986,1596.9999999999989,1285.999999999999,0.3396,25.461599999999997,1.3334
E02002588,7063,4221.999999999999,1917.999999999999,1339.9999999999989,0.3642,25.687533333333324,1.672
E02002589,6172,3485.9999999999995,2328.0,873.9999999999993,0.0733,11.301866666666665,0.069
E02002590,7050,4457.0,2123.0,1059.0000000000007,0.06825,15.195749999999995,-0.7605
E02002591,6466,3656.0,2212.0,1096.9999999999986,0.131,14.08216666666667,-0.17124999999999999
E02002592,6227,3664.000000000001,2008.9999999999995,962.9999999999995,0.147375,21.864083333333326,0.5265
E02002593,5089,3080.9999999999995,1674.000000000001,840.0000000000002,0.16699999999999998,15.262333333333325,0.503
E02002594,5358,3530.999999999999,1252.000000000001,942.0000000000016,0.22775,16.63933333333332,0.7737499999999999
E02002595,8014,5188.000000000002,1498.9999999999993,1766.9999999999995,0.3126,23.72366666666668,0.9242000000000001
E02002596,7842,4642.000000000002,2604.0000000000014,1245.9999999999982,0.12916666666666668,14.3035,0.11533333333333333
E02002597,9156,5629.999999999999,1880.9999999999984,2038.9999999999986,0.3373333333333333,23.736777777777785,1.0993333333333333
E02002598,11783,7829.0,1771.0000000000002,2735.0000000000005,0.06678571428571428,8.435142857142859,-0.5061428571428571
E02002599,11125,7072.0,2723.0000000000023,2124.0,0.10885714285714286,8.427190476190484,0.006000000000000005
E02002600,9201,5983.0,2014.0000000000007,1732.0,0.22216666666666665,25.65522222222221,0.6868333333333334
E02002601,9256,5615.0,2582.9999999999986,1692.0000000000018,0.0998,10.065933333333334,-0.2258
E02002602,8389,5539.000000000002,1165.000000000002,1989.9999999999977,0.319875,25.947083333333325,1.13125
E02002603,6790,3933.999999999999,2287.0000000000005,1075.9999999999993,0.0813,10.891399999999992,-0.36760000000000004
E02002604,7810,4672.000000000002,2413.999999999999,1264.9999999999998,0.0722,10.068266666666675,-0.3146
E02002605,9055,5589.999999999997,2258.0000000000005,1701.9999999999989,0.15175000000000002,15.26011111111111,0.011500000000000005
E02002606,11242,7845.999999999998,1885.999999999999,1998.0000000000018,0.24008333333333334,25.912277777777764,0.8956666666666667
E02002607,11493,7793.0,2511.999999999998,1798.0,0.22233333333333336,20.977666666666668,0.6786666666666666
E02002608,8143,4526.999999999999,2951.999999999999,1206.0000000000011,0.08333333333333333,11.137777777777778,-0.18033333333333335
E02002609,9821,6482.0,1707.0,2032.9999999999998,0.24491666666666664,20.39555555555555,0.6415
E02002610,12881,7352.999999999999,3765.0,2484.000000000001,0.07628571428571429,12.579523809523804,-0.8454285714285713
E02002611,7735,4527.999999999999,2393.9999999999995,1336.9999999999995,0.0602,10.080066666666646,-0.8502000000000001
E02002612,9133,5418.999999999999,2724.9999999999995,1618.0,0.08616666666666667,12.558777777777772,-0.6263333333333333
E02002613,6883,4300.0,1990.0000000000011,1122.9999999999995,0.056999999999999995,13.782833333333324,-1.0822500000000002
E02002614,5855,3270.9999999999986,2217.9999999999995,891.0000000000011,0.034374999999999996,8.340083333333332,-1.02625
E02002615,10976,6436.999999999998,2330.9999999999995,2612.9999999999995,0.2324166666666667,23.096277777777786,0.3376666666666667
E02002616,9844,5770.999999999999,1693.9999999999993,2610.999999999999,0.18170000000000003,24.59026666666666,0.03480000000000001
E02002617,9574,6009.999999999998,1243.9999999999984,2505.0,0.3684,40.31100000000002,0.8517999999999999
E02002618,8061,5005.000000000001,1136.0000000000005,2065.0000000000005,0.31000000000000005,38.09775000000002,0.60925
E02002619,9338,5757.999999999999,1406.999999999999,2397.9999999999986,0.36010000000000003,40.729133333333316,1.2532
E02002620,9208,5827.999999999998,1556.9999999999973,2163.0,0.4452,38.446866666666665,1.4809999999999999
E02002621,8608,5341.0,1131.0000000000007,2288.0,0.4025,41.20966666666664,0.9550000000000001
E02002622,11206,6658.999999999998,1684.999999999998,3110.999999999999,0.424,35.60066666666667,1.4246666666666667
E02002623,10846,6762.999999999998,1859.9999999999995,2624.999999999999,0.41150000000000003,37.159666666666666,1.5286666666666668
E02002624,9007,5222.000000000001,2883.999999999999,1535.0,0.08358333333333334,13.984444444444444,-0.19800000000000004
E02002625,10009,6352.0,1781.9999999999993,2298.0000000000005,0.32774999999999993,24.963944444444447,1.1798333333333335
E02002626,7237,4385.0,1848.9999999999995,1464.9999999999998,0.3234,28.54600000000002,1.2612
E02002627,7472,4868.999999999998,1404.0,1558.0,0.120125,21.689916666666683,0.18875
E02002628,6827,4317.0,1706.0000000000002,1227.0,0.255,30.846533333333344,1.1152
E02002629,6051,3805.0,1283.9999999999993,1258.0000000000005,0.339625,34.954916666666676,1.29275
E02002630,6268,3992.999999999998,1450.9999999999995,1158.0000000000011,0.26125,35.98083333333332,1.125
E02002631,8939,5639.999999999998,2443.0000000000005,1469.0000000000014,0.14383333333333334,22.672944444444436,0.3998333333333333
E02002632,6352,3804.0000000000005,2092.999999999999,1015.0000000000002,0.055624999999999994,28.809916666666652,-0.688
E02002633,7604,4229.000000000001,2933.999999999998,1069.9999999999993,0.1586,20.98660000000002,0.7416
E02002634,8027,4731.999999999998,2935.9999999999995,1071.9999999999995,0.2448,19.35780000000002,1.3219999999999996
E02002635,7643,4363.000000000001,2879.999999999999,1072.999999999999,0.188,19.9936,0.8618
E02002636,7961,4936.999999999999,2201.0000000000005,1406.0000000000007,0.2431,21.68926666666666,1.1964000000000001
E02002637,6316,3881.9999999999995,1774.0,1137.999999999999,0.195,21.138666666666676,0.90875
E02002638,6960,4607.000000000001,1680.0000000000023,1144.9999999999973,0.459625,45.528833333333324,2.40675
E02002639,6070,3787.000000000001,1175.0000000000005,1422.0,0.5,31.3691666666667,2.3495
E02002640,7119,4538.0,1316.9999999999998,1628.9999999999998,0.5361,42.13013333333332,2.3628
E02002641,8034,5192.0,1997.000000000001,1389.0000000000005,0.19799999999999998,24.57805555555557,0.9821666666666666
E02002642,7080,4723.999999999999,1598.9999999999986,1252.9999999999995,0.612,54.71113333333333,2.7254
E02002643,7853,5060.000000000001,1504.9999999999995,1684.999999999998,0.3938333333333333,43.49766666666667,1.8065
E02002644,7835,4873.0,2128.0000000000005,1385.0000000000007,0.18230000000000002,23.184466666666662,0.9206
E02002645,6317,4332.000000000001,1419.999999999998,1106.0000000000005,0.563625,54.935249999999996,2.674
E02002646,7282,4359.999999999999,2147.999999999998,1293.0,0.3343,26.06273333333336,1.6454
E02002647,8012,5015.999999999999,1864.9999999999989,1605.9999999999982,0.3653,38.76866666666666,1.7682000000000002
E02002648,7093,4279.999999999999,1835.9999999999995,1447.000000000001,0.3216,29.98806666666668,1.4554000000000002
E02002649,8208,5029.999999999998,2425.000000000001,1339.0000000000005,0.25858333333333333,27.08966666666667,1.3516666666666666
E02002650,8302,4890.0,2849.999999999999,1277.0000000000005,0.1792,21.831466666666678,0.9102
E02002651,7932,4568.0,2700.0,1280.0,0.2049,21.3414,1.1938
E02002653,8217,4906.0,1641.9999999999977,2001.0,0.4721666666666666,32.94244444444443,1.3476666666666668
E02002654,8204,4785.999999999999,1173.999999999999,2423.999999999999,0.5008,38.47853333333334,1.454
E02002655,8637,5192.0,1672.9999999999998,2088.000000000002,0.41375,29.705388888888887,1.4428333333333334
E02002656,5209,3012.000000000001,2123.0,594.9999999999991,0.104875,18.263083333333327,0.08700000000000001
E02002657,7336,4362.0,2278.9999999999986,1243.9999999999998,0.1714,19.957066666666663,0.2646
E02002658,6560,3934.9999999999977,2193.000000000001,986.0000000000003,0.15850000000000003,15.14,0.31239999999999996
E02002659,11439,7136.999999999999,2052.0000000000005,2772.9999999999995,0.4272142857142857,30.844523809523785,1.2421428571428572
E02002660,6976,4142.999999999999,1822.999999999998,1464.000000000001,0.3214,24.72266666666666,0.9144
E02002661,8473,4882.999999999999,2171.9999999999986,1879.9999999999984,0.313,24.3904,0.8502000000000001
E02002662,7396,4313.999999999999,2287.000000000002,1352.0000000000005,0.265,20.223750000000024,0.83675
E02002663,8452,6673.0,1032.0000000000002,911.0,0.082375,22.84141666666665,0.10175000000000001
E02002664,7140,4384.999999999999,2072.0,1242.0000000000002,0.0783,14.429000000000002,-0.3856
E02002665,7984,4863.0,2223.0000000000014,1463.999999999999,0.13879999999999998,18.06126666666666,-0.15960000000000002
E02002666,8566,6416.000000000002,1041.000000000001,1357.0000000000018,0.2602,42.35046666666666,1.0110000000000001
E02002667,7287,4819.0,1695.0,1262.0,0.2042,26.708799999999997,0.4018
E02002668,8399,4865.000000000002,1936.9999999999993,2053.0000000000005,0.4965,33.30946666666664,1.4602
E02002669,8144,6019.000000000001,1194.0000000000002,1245.0000000000014,0.1876,29.013799999999996,0.4998
E02002670,7903,4825.0,2137.0,1478.9999999999986,0.2621,25.29253333333336,0.6746
E02002671,8712,5788.0,1883.9999999999986,1644.0000000000014,0.24079999999999996,28.13586666666668,0.9198000000000001
E02002672,7241,4290.000000000001,1233.000000000001,1992.9999999999995,0.469,36.08766666666666,1.4746000000000001
E02002673,7542,4883.999999999999,1689.000000000001,1418.0,0.2434,31.29693333333334,0.5508
E02002674,6520,4219.000000000001,1584.9999999999995,1139.0000000000002,0.1784,21.97273333333334,0.40859999999999996
E02002675,8685,5907.000000000002,1371.9999999999977,1790.0000000000018,0.45919999999999994,38.08333333333334,1.4492
E02002676,7353,5004.999999999998,1474.0000000000018,1274.0,0.24009999999999998,32.245466666666665,0.5388
E02002677,8205,5491.999999999999,1796.9999999999993,1405.9999999999986,0.2963,28.294,0.9683999999999999
E02002678,8455,5751.999999999999,1529.0000000000002,1632.000000000002,0.231,30.226599999999998,0.6408
E02002679,7903,4701.0,2361.0,1405.9999999999993,0.1851,21.39093333333334,0.2484
E02002680,9865,7329.999999999998,1579.0,1394.9999999999993,0.3835833333333334,35.1968888888889,1.5283333333333333
E02002681,9408,6216.999999999999,1510.0000000000005,2162.999999999999,0.4126,46.564933333333315,1.2666
E02002682,10822,6849.999999999998,1967.000000000001,2509.0,0.347,30.927388888888885,0.9593333333333334
E02002684,10228,5026.0,5080.999999999999,1201.000000000001,0.17014285714285712,18.77438095238094,0.028
E02002685,7894,4068.0,3675.9999999999995,972.0000000000015,0.15289999999999998,18.55993333333332,-0.22599999999999998
E02002686,7812,4223.0,2435.0000000000014,1600.000000000001,0.45309999999999995,29.01406666666668,1.3607999999999998
E02002687,5872,3399.0000000000005,2120.0000000000014,866.0000000000007,0.303375,32.91191666666665,0.855
E02002688,5364,3296.0,1741.0000000000018,762.9999999999997,0.37875000000000003,39.52108333333335,1.1302500000000002
E02002689,5724,3202.0,2352.9999999999995,781.9999999999997,0.14475,28.893083333333347,-0.10775
E02002691,8327,4704.000000000003,3112.0000000000014,1283.0000000000007,0.0994,23.54086666666666,-0.5628
E02002692,9623,5765.0,3128.0000000000005,1485.9999999999982,0.0603,17.23613333333332,-0.9902000000000001
E02002693,7143,4113.0,2823.0000000000005,991.0000000000007,0.13474999999999998,27.867416666666674,-0.5257499999999999
E02002694,13295,7922.0,4119.999999999999,2176.0000000000005,0.10456249999999999,16.395875000000004,-0.476375
E02002695,8235,4301.0,3620.0000000000005,1092.9999999999995,0.184,20.81239999999998,0.3208
E02002696,6491,4040.999999999999,2080.0,849.0000000000016,0.065375,24.055,-0.9605000000000001
E02002697,7553,4257.999999999999,2873.9999999999986,1097.0000000000005,0.09287500000000001,20.916166666666676,-0.85
E02002698,8747,5186.0,2694.000000000001,1551.999999999999,0.113375,14.358583333333325,-0.46475
E02002699,9854,5603.999999999998,3516.000000000002,1579.0000000000011,0.06308333333333334,7.348722222222222,-0.8783333333333333
E02002700,6140,3756.0,1529.9999999999986,1224.0,0.280375,19.675916666666673,0.41125
E02002701,8890,5175.0,3058.999999999998,1480.0000000000002,0.0788,26.380733333333342,-0.917
E02002702,9829,5967.000000000003,3613.9999999999995,1161.000000000001,0.11875000000000002,13.422388888888877,-0.3198333333333333
E02002703,9716,5847.000000000002,3082.9999999999995,1449.9999999999993,0.07241666666666667,11.250333333333339,-0.9196666666666666
E02002704,7122,4004.0,2887.000000000001,963.0000000000011,0.119,25.63346666666668,-0.4842000000000001
E02002705,7401,4079.0000000000005,2689.999999999999,1221.0000000000016,0.10729999999999999,11.810599999999997,-0.3902
E02002706,7443,4467.0,2488.0000000000005,1155.9999999999995,0.1091,12.517733333333327,-0.44980000000000003
E02002707,6812,4044.0000000000014,2514.9999999999995,938.0000000000007,0.061125,18.244999999999997,-1.0194999999999999
E02002708,5943,3169.0000000000005,2568.0,744.0000000000002,0.139375,12.829083333333326,-0.154
E02002709,8225,5242.999999999999,2521.0000000000014,1121.0000000000002,0.0964,23.032333333333337,-0.3464
E02002710,7194,4233.999999999998,2409.0,1158.999999999999,0.09230000000000001,12.13946666666666,-0.8788
E02002711,8139,4452.0,3065.0000000000014,1275.999999999998,0.0484,8.173799999999996,-1.181
E02002712,7355,4157.999999999999,2839.9999999999977,1016.9999999999993,0.12880000000000003,15.82739999999998,-0.1252
E02002714,7868,4534.000000000003,2955.9999999999995,1194.0,0.1289,26.05413333333334,-0.3226
E02002715,13628,8412.0,3298.0000000000005,2663.0,0.06275,10.249791666666662,-0.8563750000000001
E02002716,8412,4924.0,2805.0000000000014,1326.0000000000002,0.127,17.425333333333338,-0.34020000000000006
E02002717,7912,4905.999999999999,2153.0,1379.9999999999989,0.1467,14.84406666666664,-0.13659999999999997
E02002718,8287,4511.000000000001,2864.0,1428.9999999999984,0.0551,11.48146666666668,-1.2568
E02002719,7046,4221.999999999999,2120.0000000000014,1251.0000000000007,0.10212500000000001,11.066916666666668,-0.6665
E02002720,7515,4578.0,2436.999999999999,1135.0,0.064,14.655000000000026,-0.8322499999999999
E02002721,7036,4314.000000000002,2229.000000000002,1085.9999999999995,0.1355,26.34216666666665,-0.247
E02002722,8386,4586.000000000001,3142.0000000000005,1372.999999999999,0.31,37.944444444444436,0.6808333333333333
E02002723,8538,5263.0,2315.000000000001,1525.9999999999986,0.17159999999999997,31.803066666666684,0.08
E02002724,9611,6080.0,1882.0000000000014,2098.000000000001,0.2541,33.695799999999984,0.3718
E02002725,7068,4256.0,2190.9999999999995,1150.0000000000011,0.097875,19.688416666666647,-0.492
E02002726,10449,6217.999999999999,2987.0000000000014,1899.0000000000005,0.23264285714285715,21.292809523809527,0.5118571428571429
E02002727,5154,3310.9999999999995,1015.0,1142.9999999999982,0.6243333333333334,49.4011111111111,2.247666666666667
E02002728,7705,5084.999999999998,1387.0,1652.0000000000005,0.4147,39.755933333333346,1.153
E02002729,5602,3367.0,1688.0000000000016,1019.9999999999987,0.227375,18.666916666666676,0.3755
E02002730,6978,4316.999999999998,1204.999999999999,1768.9999999999998,0.40869999999999995,43.68893333333334,1.0508
E02002731,5612,3558.0000000000005,858.0000000000003,1437.9999999999995,0.45525000000000004,45.01666666666667,1.1915
E02002732,8061,4846.0,2455.999999999999,1364.0000000000023,0.1008,15.74779999999998,-0.178
E02002733,5714,3630.999999999998,1576.0000000000002,936.0000000000001,0.23575,25.39083333333335,0.28325
E02002734,5652,3403.0,1517.999999999999,1082.0000000000002,0.20866666666666667,21.887666666666664,0.3263333333333333
E02002736,5622,3758.000000000001,805.0000000000005,1296.9999999999993,0.41062499999999996,40.70475,1.16575
E02002737,7016,4342.999999999999,1992.0000000000005,1235.0,0.177,20.12553333333332,0.10200000000000001
E02002738,6782,4106.999999999998,1991.0000000000005,1251.0000000000014,0.1637,16.9916,0.071
E02002739,5766,3451.0000000000005,1820.000000000001,1002.0000000000008,0.247,23.85425,0.522
E02002740,5450,3326.000000000002,1372.0,1064.0,0.31625000000000003,27.91275,0.8474999999999999
E02002741,8940,5462.999999999998,2367.000000000001,1647.0000000000005,0.18641666666666667,22.038944444444436,0.17466666666666666
E02002743,5467,2786.0000000000005,2372.9999999999995,734.0000000000005,0.24962499999999999,20.082416666666674,0.43399999999999994
E02002744,6891,4087.000000000001,1287.0,1749.9999999999998,0.5023,34.43833333333332,1.5442000000000002
E02002745,7282,3999.999999999999,3155.0000000000027,855.0000000000011,0.088625,13.878,-0.389
E02002746,9969,5872.999999999997,2937.0000000000005,1848.0000000000005,0.121,12.73777777777776,-0.3581666666666667
E02002747,9546,5569.999999999999,3127.0000000000023,1522.9999999999995,0.09775,12.207777777777784,-0.43016666666666664
E02002748,8056,4489.0,3198.000000000002,1101.9999999999989,0.10541666666666667,16.160333333333334,-0.2751666666666666
E02002749,12045,7351.000000000001,3615.999999999999,2011.0000000000014,0.17,18.148444444444465,-0.0030000000000000165
E02002750,6315,3812.0,2080.999999999998,988.9999999999998,0.13187500000000002,22.73591666666665,-0.29225
E02002751,6427,3691.0000000000014,2075.9999999999995,1131.0000000000005,0.179,20.66433333333335,0.1495
E02002752,7114,4202.999999999999,2244.000000000001,1296.0,0.1735,28.753249999999973,0.074
E02002753,8446,4900.0,3192.9999999999995,1174.0000000000002,0.1381,22.408266666666663,0.05960000000000001
E02002754,8311,4919.0,2605.000000000002,1465.9999999999993,0.1678,31.76939999999998,0.09119999999999999
E02002755,7673,4923.0,1517.999999999999,1576.0000000000007,0.2685,27.820416666666674,0.8167500000000001
E02002756,9028,6000.0,1227.000000000001,2000.9999999999998,0.3552,37.59153333333332,0.9178000000000001
E02002757,6193,3805.0000000000005,1518.9999999999998,1210.9999999999995,0.14787499999999998,16.908749999999998,0.07600000000000001
E02002758,6451,4108.0,1333.0000000000014,1298.0,0.2585,26.529666666666675,0.562
E02002759,9503,5495.0,3451.9999999999995,1409.0000000000002,0.15475000000000003,21.717888888888897,0.047499999999999966
E02002760,5795,3418.999999999999,1771.9999999999998,1017.0000000000006,0.20099999999999998,16.107083333333343,0.39275
E02002761,6365,3888.999999999999,2074.9999999999995,938.9999999999983,0.127375,20.62283333333335,-0.02099999999999999
E02002762,6457,3883.0,1772.000000000001,1182.9999999999995,0.23725000000000002,19.76725,0.7305
E02002763,8820,5538.000000000001,1620.9999999999993,2053.9999999999995,0.28675,23.230611111111102,0.8744999999999999
E02002764,5897,3471.9999999999995,1120.0000000000002,1506.0000000000018,0.346625,26.823999999999998,0.88125
E02002765,6312,3810.0,1710.0000000000007,1225.0000000000005,0.251125,20.244583333333324,0.7637499999999999
E02002766,8868,5017.0,2557.0,1764.9999999999982,0.15233333333333332,12.730000000000013,0.10266666666666667
E02002767,6665,3877.0000000000014,2434.999999999998,932.9999999999987,0.092,10.282583333333317,-0.31625000000000003
E02002768,7561,4379.000000000001,2608.9999999999995,1246.0000000000005,0.12237499999999998,16.4925,-0.32799999999999996
E02002769,5608,3151.0000000000005,2215.0,786.0000000000008,0.09824999999999999,17.073083333333326,-0.28
E02002770,7133,4163.0,2435.0,1138.000000000001,0.13424999999999998,22.142666666666674,-0.13674999999999998
E02002771,7098,4107.0,2694.0,984.9999999999998,0.10325000000000001,21.54041666666665,-0.3495
E02002772,6929,4183.0,1926.0000000000023,1287.000000000001,0.061875,11.3875,-0.8174999999999999
E02002773,5590,2883.999999999999,2351.000000000001,816.9999999999998,0.08812500000000001,8.702833333333343,-0.31475
E02002774,6088,3281.999999999999,2388.9999999999995,928.0,0.05225,7.5930000000000035,-0.7245
E02002775,5722,3108.9999999999986,2182.999999999999,855.9999999999995,0.165125,13.036333333333335,0.09949999999999996
E02002776,6601,4012.0,2072.0,996.9999999999986,0.08812500000000001,9.264833333333335,-0.38025
E02002777,9194,6124.000000000003,2038.9999999999995,1575.9999999999998,0.091,8.959800000000005,-0.3842
E02002778,7930,4985.0,2426.000000000002,1105.0,0.059699999999999996,11.950333333333326,-0.726
E02002779,9696,5956.000000000001,3084.9999999999986,1414.0000000000005,0.08707142857142858,13.568,-0.45085714285714296
E02002780,8112,5797.999999999999,1262.0,1329.9999999999995,0.20739999999999997,24.74826666666666,0.6554
E02002781,10133,7678.0,1472.0,1312.9999999999995,0.1316,18.14333333333336,0.16599999999999998
E02002782,6516,3609.0,2202.0,1088.0000000000002,0.055249999999999994,12.99525000000001,-0.8680000000000001
E02002783,10488,6526.000000000002,2751.9999999999977,1867.0000000000032,0.12016666666666664,12.782444444444431,-0.2416666666666667
E02002784,11432,9089.0,2038.0000000000002,884.9999999999999,0.15642857142857142,22.6912857142857,0.6774285714285713
E02002785,8073,5165.999999999999,2095.0000000000005,1247.0000000000005,0.070875,9.170416666666675,-0.78575
E02002786,10230,7799.999999999998,1255.000000000001,1455.999999999999,0.1445,20.92888888888889,0.27016666666666667
E02002787,8967,5863.999999999999,2184.9999999999995,1487.999999999999,0.15166666666666664,16.16605555555555,0.24233333333333332
E02002788,8277,5876.000000000001,1648.0000000000002,1248.0000000000011,0.07849999999999999,18.213,-0.3506
E02002789,9264,5830.999999999999,1760.9999999999989,2113.9999999999977,0.2541666666666667,22.77333333333335,0.7515
E02002790,11931,9074.999999999998,1971.9999999999993,1320.0000000000007,0.07566666666666667,17.61850000000001,-0.1738333333333333
E02002791,6637,3708.999999999999,2310.0,1077.999999999999,0.04700000000000001,13.68958333333335,-0.9037499999999999
E02002792,7765,5042.000000000001,1990.9999999999998,1226.9999999999986,0.0655,9.899250000000007,-0.90375
E02002793,9368,5750.0,2791.0000000000005,1559.000000000002,0.10816666666666665,13.132833333333338,-0.18550000000000003
E02002794,10922,8465.999999999998,1684.9999999999995,955.9999999999997,0.080375,17.05133333333335,-0.877
E02002795,8250,4445.000000000002,3108.0000000000014,1348.999999999999,0.05425,12.942388888888885,-0.9093333333333334
E02002796,6211,3403.0000000000014,2065.9999999999995,1137.0,0.065875,9.078500000000018,-0.652
E02002797,7413,3966.000000000001,2847.0,1127.9999999999989,0.057999999999999996,6.800533333333339,-0.6355999999999999
E02002798,10275,6918.0,2611.9999999999986,1627.000000000002,0.08085714285714285,9.512857142857158,-0.3951428571428571
E02002799,6488,4216.0,1142.9999999999989,1382.0000000000005,0.24925000000000003,22.432083333333352,0.83
E02002800,7031,4170.0,2052.9999999999986,1166.0000000000014,0.09125,14.827499999999997,-0.32575
E02002801,7397,4516.0,2006.9999999999995,1335.0000000000005,0.18780000000000002,19.1138,0.43879999999999997
E02002802,7944,4975.999999999998,1479.9999999999995,1887.0000000000005,0.3809,32.39306666666664,1.3998000000000002
E02002803,8041,6266.000000000002,1250.0000000000005,799.9999999999997,0.22512499999999996,24.087166666666675,1.01825
E02002804,9213,5617.999999999999,1922.0000000000005,2100.0000000000014,0.2548,20.664066666666663,0.7864000000000001
E02002805,5594,3054.999999999999,2090.0000000000005,843.9999999999985,0.089125,12.69058333333334,-0.02375
E02002806,6514,4986.0,731.9999999999999,972.0000000000001,0.237625,29.070333333333323,0.9697500000000001
E02002807,9087,5422.000000000001,2304.999999999999,1819.0,0.21508333333333332,20.44333333333333,0.41083333333333333
E02002808,12732,9831.0,1316.0000000000016,1942.0000000000018,0.30492857142857144,30.90076190476191,1.2082857142857144
E02002809,7095,4172.000000000002,1966.0000000000007,1348.0000000000002,0.21075,18.936166666666676,0.6094999999999999
E02002810,9501,5526.999999999998,2800.9999999999995,1756.9999999999982,0.0878,8.395266666666666,-0.4274
E02002811,11043,7373.000000000001,1215.0000000000016,2678.000000000001,0.441,52.37339999999999,1.1442
E02002812,8074,5096.000000000001,1953.0000000000014,1449.9999999999998,0.17,16.302333333333326,0.41175
E02002813,12087,7877.999999999998,1428.0000000000011,2992.999999999998,0.43558333333333327,47.59027777777775,1.2855
E02002814,7254,4089.9999999999995,2689.000000000001,1124.0000000000007,0.0985,10.97753333333334,-0.1122
E02002815,8991,5571.999999999999,974.9999999999989,2511.0000000000014,0.364,46.23833333333333,0.52975
E02002816,9421,5681.999999999999,2181.0000000000014,2016.0,0.10169999999999998,10.26953333333332,-0.44939999999999997
E02002817,6290,3668.000000000001,1824.0,1156.0000000000014,0.12737500000000002,13.170333333333351,-0.1365
E02002818,8568,5157.000000000001,1321.0,2244.999999999998,0.35324999999999995,35.822250000000004,1.0117500000000001
E02002819,7573,4975.000000000001,1729.9999999999989,1361.000000000001,0.2303,22.1946,0.8544
E02002820,10029,6401.999999999998,1867.999999999999,2214.000000000002,0.26675000000000004,27.471222222222234,0.7926666666666665
E02002821,12428,7766.999999999998,1664.999999999999,3307.9999999999995,0.3795833333333334,34.3036111111111,1.0983333333333334
E02002822,7120,4247.999999999999,1785.9999999999993,1485.0000000000005,0.196875,16.705666666666676,0.20799999999999996
E02002823,7646,4534.999999999999,2151.0000000000014,1387.9999999999995,0.2587,18.599200000000017,0.7908
E02002824,10812,6565.0,2179.0,2565.999999999999,0.2840833333333333,22.985888888888905,0.6215
E02002825,8667,5162.999999999999,2310.0000000000023,1629.0000000000011,0.15466666666666665,13.687888888888894,0.2916666666666667
E02002826,7081,4480.999999999999,1609.0000000000005,1398.0,0.134625,10.743833333333333,-0.11800000000000001
E02002827,6915,4458.999999999999,1225.9999999999986,1575.0,0.24975000000000003,26.87225,0.573
E02002828,8338,5200.0,2250.0,1467.0000000000014,0.1628,23.07246666666666,-0.057199999999999994
E02002829,12062,7562.0,1859.9999999999989,3078.0000000000027,0.3734166666666667,37.402777777777764,1.0928333333333333
E02002830,11304,7003.000000000002,1706.0,2956.999999999998,0.3231,27.018933333333344,0.8236000000000001
E02002831,7338,4616.000000000001,1781.0000000000005,1386.0000000000023,0.22162500000000002,33.01733333333335,-0.027499999999999997
E02002832,10375,6736.999999999999,2397.0000000000005,1843.0000000000025,0.24383333333333332,39.566555555555546,-0.04800000000000001
E02002833,9037,5956.0,1828.9999999999993,1723.0000000000027,0.23410000000000003,43.135200000000005,-0.15580000000000002
E02002834,12610,8349.0,2404.9999999999973,2357.0000000000014,0.16278571428571428,24.547476190476182,-0.22271428571428578
E02002836,11034,7411.0,2312.999999999999,1953.9999999999998,0.23241666666666663,48.40911111111112,-0.12966666666666668
E02002837,10072,6590.000000000002,1230.9999999999998,2445.999999999999,0.306625,41.780249999999995,0.3625
E02002838,8761,5137.0,1361.9999999999998,2424.0000000000005,0.40809999999999996,30.54260000000002,1.1623999999999999
E02002839,8574,5261.0,1831.9999999999998,1904.9999999999977,0.21790000000000004,25.813200000000023,0.2912
E02002842,8944,6233.000000000002,767.9999999999999,2133.999999999999,0.274375,43.11858333333332,0.55775
E02002843,15628,10386.000000000002,2209.0000000000023,3572.0,0.2797142857142857,55.4489523809524,-0.14157142857142854
E02002844,12291,7679.000000000001,1658.0000000000002,3219.9999999999995,0.36674999999999996,48.15505555555557,0.4366666666666667
E02002845,11273,7088.0,2023.9999999999986,2618.999999999999,0.3153333333333333,37.69494444444444,0.6023333333333333
E02002846,7564,4825.0,1904.9999999999995,1337.0,0.1315,22.6006,-0.161
E02002847,10711,6991.0,1805.000000000002,2347.0000000000014,0.23750000000000002,39.8888888888889,-0.18533333333333335
E02002848,11044,7202.999999999998,1475.0000000000002,2586.9999999999986,0.35375,54.18944444444444,0.36133333333333334
E02002849,14096,11105.999999999998,1388.0000000000011,1929.000000000001,0.1924375,41.46616666666666,0.49825
E02002851,8943,5230.999999999999,2594.000000000001,1672.9999999999995,0.1524,19.27186666666668,-0.3872
E02002852,7309,4399.999999999999,1061.999999999999,2036.9999999999986,0.456625,39.439416666666645,1.359
E02002853,13585,8752.000000000002,2259.0,3009.0,0.2452857142857143,34.31785714285713,-0.22500000000000003
E02002854,8564,5392.0,1417.0,2039.0000000000005,0.3336,30.97386666666668,1.077
E02002855,8154,5911.0,1046.000000000001,1450.0000000000007,0.1547,32.73053333333334,-0.1226
E02002856,11513,8482.0,2125.9999999999995,1393.999999999999,0.10857142857142855,29.338476190476182,-0.11442857142857142
E02002857,7354,5150.999999999998,938.0000000000013,1495.9999999999982,0.244125,39.30775,0.7615
E02002858,7429,4553.000000000002,2060.0000000000005,1327.9999999999995,0.0658,19.531,-0.5884
E02002860,8621,5272.999999999999,2200.0,1632.0000000000005,0.1803,26.11486666666668,0.36
E02002861,8261,5055.000000000001,1260.999999999999,2170.0,0.4272,34.242666666666665,1.4598
E02002862,8850,5306.999999999999,1714.9999999999995,2183.0000000000005,0.37849999999999995,33.99240000000002,1.2052
E02002863,9196,6180.0,2239.0000000000027,1297.9999999999973,0.062125,24.750583333333324,-1.16175
E02002864,8210,4727.000000000001,2505.0000000000014,1481.0000000000011,0.10933333333333334,12.6571111111111,-0.6221666666666666
E02002865,7910,4176.000000000002,2861.0,1246.000000000001,0.1079,9.23713333333334,-0.7196
E02002866,7353,4017.9999999999995,2674.9999999999986,1229.9999999999995,0.07780000000000001,21.23193333333334,-1.0341999999999998
E02002867,8556,4563.999999999999,3094.9999999999977,1443.9999999999993,0.081,22.231833333333316,-1.1325
E02002868,6003,3365.999999999999,1888.0,1149.999999999999,0.195625,15.686000000000027,0.45425
E02002869,7590,4637.000000000001,1598.0,1752.0,0.4342,34.65926666666665,1.4476
E02002871,7936,4910.999999999998,2032.9999999999998,1493.000000000001,0.2674,26.778066666666643,0.8417999999999999
E02002872,8702,5366.0,1847.0000000000002,1931.0,0.3925833333333333,32.43794444444447,1.3636666666666668
E02002873,9524,6105.0,1375.000000000001,2356.9999999999995,0.32858333333333334,24.82322222222224,1.0864999999999998
E02002874,7619,4886.000000000002,1605.0000000000007,1480.0,0.2673,25.99793333333334,1.0956000000000001
E02002875,8433,5369.0,1511.9999999999989,1980.0000000000014,0.32859999999999995,28.61153333333334,1.0526
E02002876,7935,5153.000000000002,1714.0000000000002,1468.9999999999986,0.2643,24.72826666666668,0.7418
E02002877,7794,5144.0,1868.0,1214.0000000000018,0.156,24.40459999999998,0.526
E02002878,9253,5600.999999999998,983.0000000000005,2831.000000000001,0.4641,32.64706666666666,1.3226
E02002879,10027,6776.000000000001,1455.0000000000011,2198.9999999999995,0.2373,26.40033333333332,0.3282
E02002880,8635,5378.999999999998,1096.0000000000005,2390.0000000000005,0.4048999999999999,29.29220000000002,1.0765999999999998
E02002881,6964,4345.0,1205.9999999999998,1706.999999999999,0.36787499999999995,27.330333333333325,1.19
E02002882,8909,6457.000000000001,1557.0000000000005,1266.9999999999998,0.1728,27.17900000000002,0.3446000000000001
E02002883,7630,5160.000000000002,1372.9999999999984,1536.0000000000002,0.3045,22.036749999999998,0.9912500000000001
E02002884,7476,5286.999999999998,782.9999999999983,1580.0000000000018,0.32225,43.2025,0.907
E02002885,8801,6107.999999999999,761.0000000000009,2104.0000000000023,0.42749999999999994,45.947200000000024,1.367
E02002886,10275,6291.999999999997,1880.999999999998,2454.9999999999995,0.2587,25.385933333333362,0.43740000000000007
E02002887,6718,3993.000000000001,1787.9999999999998,1332.9999999999995,0.410125,26.0721666666667,1.5850000000000002
E02002888,8043,5068.000000000002,1132.9999999999989,2128.999999999999,0.411875,26.808499999999974,1.3605
E02002889,11764,10952.999999999996,490.9999999999999,470.99999999999966,0.141625,36.04741666666668,1.5617500000000002
E02002890,12092,10058.000000000002,970.9999999999997,1213.9999999999995,0.24899999999999997,31.053777777777782,1.4669999999999999
E02002891,8442,5259.000000000002,1813.0000000000007,1804.9999999999982,0.2476,24.64639999999998,0.6195999999999999
E02002892,6301,3936.000000000001,1324.9999999999998,1329.999999999999,0.35025,23.076999999999998,1.12575
E02002893,14575,11957.000000000004,903.0000000000002,1818.9999999999995,0.2676428571428571,34.36514285714286,1.111
E02002895,10108,9003.0,794.9999999999989,574.0,0.057124999999999995,28.428333333333324,-0.12375000000000003
E02002896,9889,6855.0,1075.0000000000005,2146.0,0.3766999999999999,36.82533333333334,1.2106
E02002897,8034,4459.999999999998,2432.0000000000005,1574.9999999999986,0.1152,11.036800000000008,-0.5039999999999999
E02002898,10660,9449.999999999998,612.0000000000001,734.9999999999999,0.0841,27.809799999999978,0.39299999999999996
E02002901,6152,3799.9999999999995,1726.9999999999993,1067.9999999999989,0.150125,14.474333333333334,0.05575
E02002902,9501,6435.0,1868.0000000000005,1669.0,0.2534166666666667,24.615722222222235,0.9316666666666666
E02002903,5924,3504.0000000000005,1784.0,1114.9999999999982,0.32025,24.568583333333347,0.9872500000000001
E02002904,6483,4025.0000000000005,1428.9999999999995,1415.9999999999995,0.286625,24.371583333333348,0.9817500000000001
E02002905,6261,3509.9999999999995,2619.000000000001,790.9999999999998,0.10337500000000001,36.81833333333336,-0.7655
E02002906,5625,3140.0,1826.9999999999989,1024.9999999999998,0.22125,25.305,0.10125000000000002
E02002907,6269,3650.0,2040.000000000001,1016.0000000000005,0.22600000000000003,26.302333333333326,0.31174999999999997
E02002908,8716,4775.000000000002,3683.000000000001,1205.9999999999984,0.10841666666666666,34.3776111111111,-0.5795
E02002909,10820,6110.000000000002,4361.999999999999,1458.0,0.14107142857142857,33.45885714285715,-0.30357142857142866
E02002910,7950,4385.0,3272.0000000000005,1135.0000000000007,0.1298,38.48826666666666,-0.4974
E02002911,9570,5454.0,3417.999999999999,1511.0,0.11800000000000001,27.611,-0.3466666666666667
E02002912,7782,4688.000000000001,2470.0,1275.0,0.09975,22.039250000000003,-0.61825
E02002913,5922,3222.999999999998,2536.0000000000014,785.9999999999989,0.111625,24.316583333333327,-0.4915
E02002914,8935,5493.0,2550.999999999998,1473.0,0.142,16.789666666666665,-0.03666666666666665
E02002915,8165,4839.999999999999,2504.000000000002,1358.999999999999,0.10819999999999999,13.538200000000007,-0.24299999999999997
E02002916,9945,6642.0,2229.000000000002,1677.0000000000007,0.2040833333333333,24.551444444444453,0.4213333333333333
E02002917,6826,4354.999999999999,1810.9999999999998,1076.9999999999993,0.130125,18.912750000000024,-0.12375000000000001
E02002918,5820,3234.0000000000005,1981.0000000000016,1022.9999999999997,0.092625,10.672666666666666,-0.33475
E02002919,9024,5611.0,2059.0,1853.9999999999984,0.22460000000000005,21.68813333333334,0.4751999999999999
E02002920,6575,4031.999999999998,1976.9999999999986,1102.0000000000007,0.10962499999999999,18.677333333333323,-0.39049999999999996
E02002921,7855,4936.000000000001,1522.9999999999982,1840.000000000002,0.30569999999999997,25.980799999999977,0.6996
E02002922,6672,3828.999999999999,2521.0,966.9999999999989,0.10300000000000001,33.07308333333335,-0.8262499999999999
E02002923,9556,5300.999999999998,3615.999999999998,1307.9999999999995,0.14416666666666667,19.86944444444447,-0.41933333333333334
E02002924,6138,3329.0,2471.0,942.0,0.1235,40.0215,-0.77725
E02002925,11086,6543.0,3651.0,1848.9999999999989,0.12491666666666668,31.282,-0.5363333333333332
E02002926,11103,6271.999999999996,4033.9999999999977,1726.0000000000011,0.15135714285714288,18.750333333333316,-0.07428571428571427
E02002927,12081,6847.999999999998,4912.0,1648.0000000000005,0.08571428571428573,34.01942857142858,-0.9055714285714285
E02002928,6181,3625.999999999999,1961.9999999999998,1014.0000000000005,0.111125,10.479500000000009,-0.16274999999999998
E02002929,6729,4073.0,2122.0000000000005,954.9999999999999,0.07362500000000001,19.801166666666674,-0.6002500000000001
E02002930,7285,4207.0,2041.0000000000014,1352.9999999999982,0.13337500000000002,10.614833333333317,-0.22250000000000003
E02002931,6626,4021.000000000001,1925.0000000000005,1081.9999999999995,0.119625,13.552499999999974,-0.27049999999999996
E02002932,9001,5631.999999999999,1723.0,1968.0000000000005,0.2893,25.633266666666664,0.8257999999999999
E02002933,8010,4871.000000000001,2485.9999999999995,1261.0,0.1446666666666667,11.193000000000005,0.20066666666666666
E02002934,6177,3845.000000000001,1664.9999999999993,1124.0000000000007,0.1935,15.862333333333325,0.43975000000000003
E02002935,6874,4129.000000000001,1861.0000000000014,1282.000000000001,0.21639999999999998,19.58600000000002,0.628
E02002936,11375,7475.000000000001,1555.000000000001,2672.999999999999,0.2409285714285714,20.985285714285727,0.7034285714285715
E02002937,11031,6784.999999999999,3422.0000000000005,1673.0000000000014,0.104,21.562833333333334,-0.12483333333333334
E02002938,7383,4622.0,1629.9999999999989,1529.9999999999984,0.258125,24.869250000000026,0.68125
E02002939,7728,4690.0,2185.000000000002,1322.9999999999995,0.192625,15.430000000000025,0.51075
E02002940,5867,3708.0000000000005,1613.9999999999995,938.9999999999998,0.20587499999999997,19.259583333333328,0.42675
E02002941,10385,6508.999999999999,2701.9999999999986,1862.000000000002,0.22699999999999998,19.502333333333333,0.7113333333333333
E02002942,8480,5212.999999999998,1837.0,1859.9999999999989,0.1275,10.626249999999999,-0.10350000000000001
E02002944,8523,5405.999999999998,1657.0000000000014,1883.0000000000014,0.3495,23.435866666666676,1.1543999999999999
E02002945,9557,6062.0,1967.9999999999984,1947.0000000000007,0.26858333333333334,21.361277777777786,0.6401666666666667
E02002946,7548,4849.0,2033.9999999999995,1286.0000000000005,0.23020000000000002,18.626666666666658,0.749
E02002947,7145,4226.999999999998,1454.0000000000002,1769.9999999999995,0.30939999999999995,23.7302,0.8024000000000001
E02002948,7631,4533.000000000002,1134.9999999999986,2141.000000000001,0.4523,29.092066666666682,1.3614
E02002949,5484,3301.0,1796.9999999999998,800.9999999999984,0.21587499999999998,18.01991666666665,0.55075
E02002950,5933,3376.000000000001,1467.0000000000007,1362.000000000001,0.35774999999999996,29.80425,1.07675
E02002951,7873,4639.0,2368.999999999998,1397.999999999999,0.2098,19.30366666666668,0.7634
E02002952,7642,4670.0,1637.0000000000016,1686.999999999999,0.287625,23.597000000000026,1.02775
E02002953,7345,4223.999999999999,2064.9999999999995,1438.0000000000002,0.30410000000000004,23.93333333333334,1.0299999999999998
E02002954,8393,4993.999999999999,2132.0,1780.0000000000014,0.2851,26.13113333333336,0.9324
E02002955,7482,4731.0,1219.0,1855.9999999999977,0.38587499999999997,36.28875,1.23325
E02002956,9216,5709.000000000003,2103.0000000000014,1941.999999999999,0.3028333333333333,29.32411111111112,1.1321666666666665
E02002957,9584,5652.000000000001,3196.9999999999986,1489.0000000000014,0.10458333333333335,16.633777777777798,0.05516666666666665
E02002958,8482,5242.000000000002,1951.999999999999,1787.0000000000011,0.2358,24.71573333333334,0.7356
E02002959,9180,5856.0,1490.0000000000007,2075.0,0.387,33.99411111111112,1.4108333333333334
E02002960,5632,3562.000000000001,1695.9999999999998,899.9999999999989,0.16175,15.18966666666666,0.45024999999999993
E02002961,7668,4883.0,1193.9999999999998,1822.9999999999998,0.3295,34.03941666666665,1.1095
E02002962,7891,4682.000000000001,1716.0000000000014,1882.0000000000018,0.3852,32.71886666666666,1.5388
E02002963,7147,4858.999999999999,1392.9999999999986,1330.9999999999998,0.3201,34.54000000000002,1.2044000000000001
E02002964,8652,5065.0,2720.999999999999,1487.0000000000005,0.2419166666666667,24.1915,0.9431666666666666
E02002965,8484,5655.999999999999,997.0000000000005,1988.0000000000023,0.374,40.4785,1.362
E02002966,10628,7710.0,1166.9999999999998,1898.0000000000014,0.21885714285714286,30.902666666666658,0.9672857142857144
E02002967,10603,6344.000000000002,1840.0000000000018,2869.0,0.426,29.692888888888877,1.7580000000000002
E02002968,9654,6456.0,2065.999999999999,1636.000000000002,0.1445833333333333,21.911222222222232,0.5241666666666666
E02002969,9566,6552.999999999999,1733.9999999999998,1678.9999999999984,0.24100000000000002,29.528599999999994,1.0662
E02002970,7982,5068.0,1639.9999999999982,1646.0000000000005,0.32649999999999996,33.93753333333335,1.2204000000000002
E02002973,8143,5260.999999999999,1622.000000000001,1621.0000000000005,0.22009999999999996,21.99853333333332,0.7812000000000001
E02002974,6128,3444.9999999999995,2057.9999999999995,1069.0,0.154125,18.52525,0.7032499999999999
E02002975,6986,4477.999999999999,1953.0000000000018,1127.9999999999998,0.1056,14.63373333333332,0.2742
E02002976,5972,3540.999999999999,1500.000000000002,1252.0000000000005,0.222625,20.385916666666677,0.7797499999999999
E02002977,5552,3094.000000000002,2057.9999999999995,836.0000000000003,0.2685,24.13283333333335,1.2650000000000001
E02002978,6847,4103.999999999999,1405.0000000000007,1651.9999999999993,0.33999999999999997,27.39833333333335,1.25675
E02002979,6296,3752.0,1072.0,1683.9999999999989,0.335,42.36916666666665,1.0425
E02002980,6022,3307.000000000002,2213.999999999999,990.9999999999985,0.116125,11.893083333333324,0.1875
E02002981,8545,5157.000000000002,1703.000000000001,2038.0000000000018,0.2918,23.299866666666663,0.8644000000000001
E02002982,8817,5524.999999999998,1455.9999999999989,2129.000000000002,0.3135,21.545533333333346,1.2635999999999998
E02002983,5310,3077.9999999999995,1717.0,895.0,0.09050000000000001,12.543333333333333,0.06425
E02002984,5413,3124.999999999999,1944.9999999999993,796.0000000000007,0.061375,9.179083333333335,0.07475
E02002985,6973,4126.999999999998,1902.9999999999982,1320.0,0.13983333333333334,12.304999999999978,-0.3413333333333333
E02002986,7191,4405.0,1715.9999999999993,1451.000000000001,0.168,12.171416666666675,0.08875000000000001
E02002987,5959,3378.000000000002,1959.0000000000007,1036.0000000000005,0.062875,6.539166666666667,-1.0354999999999999
E02002988,5555,3351.0000000000014,1583.0000000000011,965.9999999999989,0.10049999999999999,14.225333333333301,-0.8656666666666667
E02002989,5635,3375.0000000000005,1535.9999999999986,1057.000000000001,0.1245,13.2195,-0.39275
E02002990,5804,4127.000000000003,1197.000000000001,835.0000000000008,0.10625,20.012499999999974,-0.7725
E02002991,11148,7829.000000000003,2594.9999999999995,1238.0,0.09908333333333331,21.000111111111096,-0.4695
E02002992,5830,3675.999999999999,1534.0000000000007,979.9999999999991,0.077875,12.172500000000019,-0.6935
E02002993,6093,4760.0,1013.0000000000002,603.0000000000002,0.09683333333333334,23.707333333333334,-0.4776666666666667
E02002994,10733,6066.999999999999,3443.000000000001,1957.0000000000005,0.067,19.975142857142846,-1.2634285714285716
E02002995,5946,4121.000000000002,999.0,1119.9999999999998,0.29725,29.774083333333323,0.83
E02002996,12086,9035.999999999998,2220.000000000003,1189.9999999999989,0.03766666666666666,16.85605555555555,-1.3643333333333334
E02002997,8654,6970.0,1084.9999999999995,820.9999999999998,0.07020000000000001,17.6244,-0.6481999999999999
E02002998,6139,4509.0,1095.9999999999995,780.0000000000002,0.12250000000000001,16.930333333333348,-0.3655
E02002999,5631,3614.000000000002,1430.000000000001,917.9999999999998,0.188,18.969,-0.17125
E02003000,9735,5486.999999999999,3587.999999999999,1530.0000000000014,0.08292857142857143,15.21685714285715,-0.7618571428571429
E02003001,5533,3344.0,1556.9999999999995,966.9999999999993,0.057666666666666665,12.9241111111111,-1.086
E02003002,6515,3960.0,1537.9999999999998,1361.0,0.17012500000000003,16.33891666666668,-0.46399999999999997
E02003003,5965,3910.0,1341.0000000000002,1019.0000000000002,0.148375,15.541833333333326,-0.28350000000000003
E02003004,7447,4451.000000000001,2055.000000000002,1441.9999999999998,0.1008,20.380266666666678,-0.603
E02003005,6845,3918.999999999999,2238.999999999999,1267.000000000001,0.07150000000000001,22.50583333333335,-1.3045
E02003006,10016,6478.999999999998,2417.0000000000005,1633.0000000000016,0.10475000000000001,23.16338888888888,-0.6281666666666667
E02003007,9596,5683.0,2710.0000000000005,1837.9999999999986,0.10770000000000002,16.872000000000003,-0.5768
E02003008,6150,3875.9999999999995,1309.0000000000014,1276.9999999999998,0.2005,20.384166666666648,0.013250000000000019
E02003009,6244,3768.0000000000005,1835.0000000000014,1068.9999999999995,0.10575000000000001,15.539000000000009,-0.67825
E02003010,6552,4040.999999999999,1602.0000000000007,1282.0000000000007,0.15175,15.281666666666682,-0.14825
E02003011,6013,3385.0000000000005,1877.999999999999,1099.000000000001,0.1515,13.779333333333367,-0.26399999999999996
E02003012,12231,7703.000000000003,2501.999999999999,2588.9999999999977,0.25566666666666665,21.898944444444435,0.5661666666666667
E02003013,12774,8133.0,2441.000000000001,2628.0000000000014,0.2533571428571429,26.72295238095237,0.6981428571428571
E02003014,8495,5199.0,1390.0000000000002,2201.0000000000005,0.3484,32.70346666666667,1.0106
E02003015,6947,4643.0,1334.0000000000011,1299.0000000000011,0.163625,19.110833333333353,0.131
E02003016,7995,5762.0,1124.0,1319.000000000001,0.222125,26.422,0.40800000000000003
E02003017,6371,3582.0,1895.0000000000018,1218.0000000000014,0.09462500000000001,14.050833333333324,-0.5305000000000001
E02003018,6122,3668.0000000000005,1550.0000000000007,1278.000000000001,0.19412500000000002,21.12983333333335,0.23850000000000005
E02003019,10373,6668.999999999999,2359.9999999999973,1949.0000000000014,0.20133333333333328,29.46805555555555,0.49849999999999994
E02003020,6583,3383.000000000001,2129.9999999999977,1367.0000000000014,0.035625000000000004,9.436833333333325,-1.0947500000000001
E02003021,7600,5500.000000000002,1028.9999999999995,1298.9999999999989,0.087,18.420083333333324,-0.16175
E02003022,6346,3479.000000000001,1906.9999999999995,1395.0000000000014,0.034,7.459,-1.3672499999999999
E02003023,6792,4503.999999999999,1678.0000000000011,1028.9999999999995,0.156875,20.721,0.14975
E02003024,10337,6902.999999999999,2030.0000000000002,1817.999999999999,0.21339999999999998,18.971600000000002,0.5114
E02003025,7790,5115.0,1364.999999999999,1599.0000000000005,0.23487499999999997,25.068916666666645,0.6757500000000001
E02003026,10575,6816.0,2756.000000000001,1414.9999999999995,0.0425,12.770722222222217,-1.22
E02003027,12994,9491.999999999998,1681.0000000000005,2337.9999999999986,0.05385714285714286,15.8972857142857,-0.4454285714285714
E02003028,8820,5807.0,1812.9999999999995,1560.0000000000002,0.0496,15.217999999999979,-0.8821999999999999
E02003029,6652,4279.0,1115.9999999999986,1481.000000000001,0.23625,22.987166666666674,0.5569999999999999
E02003030,7818,5613.0,1213.9999999999986,1306.9999999999986,0.179,22.947833333333328,0.23049999999999998
E02003031,10605,8033.999999999998,1408.0000000000023,1553.0000000000002,0.05458333333333334,19.59483333333335,-0.7003333333333335
E02003032,8638,5780.000000000001,1424.0000000000018,1758.0000000000005,0.1915,23.816416666666676,0.34375
E02003033,8875,7498.000000000002,1021.0000000000002,652.9999999999992,0.043,20.24086666666668,-0.5916
E02003036,9185,7833.000000000001,796.0,786.0000000000007,0.1132,21.69586666666666,0.22879999999999998
E02003037,9363,7935.000000000001,1024.999999999999,673.9999999999991,0.0364,19.71346666666666,-0.9574
E02003038,6965,4720.999999999998,1377.0000000000005,1272.9999999999989,0.17362500000000003,22.654333333333327,0.388
E02003039,8710,5994.000000000002,1558.0000000000011,1502.0000000000005,0.19869999999999996,23.262200000000018,0.6312
E02003040,9883,7421.000000000002,1280.9999999999984,1475.9999999999998,0.17850000000000002,26.04093333333332,0.6212000000000001
E02003041,6278,4686.0,1255.000000000001,573.9999999999994,0.031875,16.124333333333325,-1.3559999999999999
E02003044,6142,4060.0,1375.0000000000014,1012.9999999999985,0.09875,17.68883333333335,-0.20400000000000001
E02003045,7057,5740.000000000001,989.9999999999984,521.0000000000001,0.089,21.54233333333335,-0.0037500000000000033
E02003046,9968,7076.000000000001,1544.9999999999984,1760.9999999999977,0.152,18.184500000000018,0.20099999999999998
E02003047,11039,8153.000000000001,1567.0000000000014,1784.0000000000014,0.10116666666666667,16.62305555555555,-0.06966666666666667
E02003048,6745,5202.0,823.9999999999993,996.9999999999995,0.13224999999999998,21.933999999999997,0.32225000000000004
E02003049,7940,5141.0,1704.0,1493.9999999999986,0.1662,20.048466666666677,0.2674
E02003050,10207,7957.0,1526.0000000000014,1185.0000000000002,0.16641666666666666,20.99683333333333,0.9075000000000001
E02003051,7487,5245.000000000001,870.9999999999995,1571.9999999999977,0.17850000000000002,21.811166666666676,0.05074999999999999
E02003052,7190,4912.999999999999,1341.000000000001,1279.9999999999998,0.11149999999999999,19.820916666666673,-0.07700000000000001
E02003053,8748,5754.000000000001,1784.999999999998,1626.0000000000002,0.1172,18.359933333333323,-0.13920000000000005
E02003054,6937,4574.999999999998,1511.9999999999982,1219.0000000000007,0.134375,18.923583333333326,0.11449999999999996
E02003055,9145,5852.999999999999,1401.999999999999,2164.0000000000014,0.3129,29.99186666666668,0.8644000000000001
E02003056,7570,4722.000000000001,1386.9999999999993,1741.999999999998,0.3753,33.74966666666664,1.1969999999999998
E02003057,6319,3930.0,1588.999999999999,1156.0000000000005,0.12762500000000002,16.390499999999975,-0.0665
E02003058,9933,6143.999999999998,2353.9999999999986,1968.0000000000014,0.19975,20.9415,0.484
E02003059,6701,4227.0,1459.0,1301.0,0.206875,21.398166666666675,0.2895
E02003060,11148,6659.999999999999,3283.000000000001,1919.9999999999986,0.18257142857142858,18.8994761904762,0.29857142857142854
E02003061,6171,3779.999999999999,1210.9999999999995,1477.0000000000014,0.341625,31.30491666666667,1.2762499999999999
E02003062,6063,3699.0,1235.0,1400.0,0.392625,30.517249999999997,1.3345000000000002
E02003063,7447,4301.999999999999,2444.9999999999995,1311.9999999999995,0.11580000000000001,13.48153333333332,-0.217
E02003064,7742,4735.000000000001,1152.0,2123.0000000000005,0.49574999999999997,34.579,1.6302500000000002
E02003065,9768,5711.999999999999,3020.000000000002,1636.000000000001,0.10325000000000001,10.449777777777769,-0.7090000000000001
E02003066,6181,3358.9999999999995,2394.0000000000014,1025.999999999999,0.047375,10.3075,-1.20525
E02003067,8075,4665.0,2070.000000000002,1690.9999999999995,0.0968,9.033799999999992,-0.5754
E02003068,6397,3667.999999999999,2035.0000000000005,1102.9999999999989,0.10024999999999999,18.463416666666674,-0.83725
E02003069,5724,3112.999999999999,2272.999999999999,825.9999999999991,0.059625,13.519166666666658,-1.0935
E02003070,13418,7566.0,3902.0000000000023,2745.000000000003,0.06864285714285714,14.27800000000001,-1.1704285714285714
E02003071,8119,4645.999999999998,2654.0,1363.0000000000007,0.1421,17.212933333333318,-0.11679999999999999
E02003072,9250,4994.0,3493.0000000000014,1385.0000000000014,0.11308333333333333,11.553833333333339,-0.6551666666666666
E02003073,6318,3543.9999999999995,2298.9999999999986,992.0000000000002,0.0613,5.555333333333334,-1.0262
E02003074,7661,4629.999999999999,2253.0000000000014,1344.0000000000018,0.09809999999999999,13.069800000000015,-0.6923999999999999
E02003075,6329,3498.9999999999995,1907.9999999999995,1316.0,0.06974999999999999,14.802500000000016,-1.2817500000000002
E02003076,10118,5924.0,3051.9999999999977,1811.9999999999995,0.10591666666666666,16.06666666666668,-0.7098333333333334
E02003077,6509,3857.0000000000014,1992.9999999999982,1097.0000000000005,0.0755,22.969333333333324,-1.2057499999999999
E02003078,7433,4267.000000000002,2506.999999999999,1208.9999999999989,0.12087500000000001,19.558500000000002,-0.49024999999999996
E02003079,9310,5632.0,2522.9999999999995,1795.0,0.11814285714285713,13.063190476190467,-0.4388571428571429
E02003080,8657,4727.000000000002,3220.000000000002,1293.0,0.18275,20.12255555555555,0.08016666666666665
E02003081,9416,5339.999999999998,3362.0000000000014,1421.9999999999982,0.12266666666666666,14.415666666666672,-0.32650000000000007
E02003082,9039,5750.0,3120.9999999999986,926.0000000000005,0.18283333333333332,26.821722222222235,0.2996666666666667
E02003084,10712,7080.000000000001,2643.0,1642.999999999999,0.30175,31.7063888888889,1.1091666666666666
E02003085,7922,4942.000000000002,1550.9999999999982,1808.0,0.4513999999999999,32.19006666666666,1.2652
E02003086,6201,3684.0,2190.999999999999,785.0000000000001,0.183625,22.919083333333326,0.40424999999999994
E02003087,11343,6434.000000000001,3897.0,1899.0000000000005,0.1337142857142857,19.483095238095242,-0.47914285714285715
E02003088,9562,5065.0,3503.000000000001,1648.9999999999984,0.09500000000000001,17.716333333333335,-0.8255
E02003089,6032,3466.999999999998,2026.000000000001,1031.9999999999998,0.2415,23.870333333333324,0.23224999999999998
E02003090,9709,5713.0,2601.999999999999,1898.999999999999,0.11040000000000001,11.274933333333326,-0.5252
E02003091,6710,3927.0,2143.000000000001,1114.0,0.114875,14.634083333333333,-0.59825
E02003092,8946,5627.999999999998,2359.999999999999,1608.0,0.09550000000000002,22.075750000000024,-1.05325
E02003093,6802,3679.0000000000014,2662.9999999999995,1029.0000000000014,0.067125,21.54141666666665,-1.22175
E02003094,9116,5545.0,2489.9999999999995,1663.0000000000011,0.11675,25.978749999999998,-0.7905
E02003095,9191,5739.0,2199.9999999999986,1773.9999999999989,0.11960000000000001,9.597733333333348,-0.5212
E02003096,6328,3997.0,1580.9999999999989,1107.0000000000002,0.13187500000000002,15.511500000000009,-0.34650000000000003
E02003097,6539,3592.0000000000005,2404.9999999999986,983.0000000000006,0.089625,11.72049999999999,-0.79925
E02003098,9939,7021.000000000001,1339.0000000000005,1946.999999999998,0.06033333333333333,10.187777777777784,-1.0451666666666666
E02003099,7663,4465.999999999998,2190.000000000002,1435.9999999999995,0.1335,14.27906666666666,-0.2842
E02003101,10731,7442.0,1636.9999999999995,2137.9999999999995,0.08533333333333333,9.32605555555555,-0.8631666666666667
E02003102,7113,4056.0,2052.000000000001,1416.999999999999,0.0965,12.138,-1.0295
E02003103,7094,4534.0,1429.0000000000014,1476.9999999999993,0.11839999999999999,16.031399999999998,-0.4082
E02003104,7602,4832.0,1909.9999999999995,1332.9999999999995,0.11280000000000001,14.499133333333333,-0.47319999999999995
E02003105,6429,3578.999999999999,2172.999999999999,1131.0000000000005,0.10775,15.163166666666674,-0.79925
E02003107,11602,8121.000000000001,2259.0000000000014,1662.0000000000014,0.11842857142857142,18.238952380952387,-0.2701428571428572
E02003108,13178,8268.999999999998,2987.000000000001,2598.000000000002,0.1351875,17.812375,-0.45875000000000005
E02003109,6281,3575.0,1783.000000000001,1209.000000000001,0.04475,8.17175,-1.21875
E02003110,12489,8080.000000000001,2093.000000000001,2708.000000000001,0.07435714285714286,7.71185714285714,-1.0537142857142856
E02003111,6699,3931.000000000003,2026.9999999999998,1129.0000000000007,0.078375,11.8655,-0.8952500000000001
E02003112,6681,3985.0,1692.0,1384.0000000000014,0.163625,16.917083333333323,-0.0010000000000000009
E02003113,10667,6263.999999999998,3542.000000000002,1776.9999999999986,0.07983333333333334,29.054611111111114,-1.0438333333333334
E02003114,7233,4422.0,2073.9999999999995,1257.9999999999998,0.1253,16.59806666666666,-0.29660000000000003
E02003115,9730,6220.0,2197.0,1763.000000000001,0.17250000000000001,19.813222222222233,0.018166666666666668
E02003116,7730,4614.999999999999,2049.9999999999995,1442.9999999999998,0.20139999999999997,19.926866666666662,0.3148
E02003117,9468,6045.999999999998,2073.000000000003,1777.0000000000011,0.141,16.392133333333327,-0.0996
E02003118,9866,6522.0,2331.000000000001,1694.0,0.10883333333333334,12.435555555555567,-0.453
E02003119,10357,6406.0,2618.0000000000014,1941.0000000000002,0.13885714285714285,14.299999999999999,-0.28228571428571436
E02003120,9109,5445.0,2712.0000000000023,1547.9999999999993,0.09891666666666667,10.195444444444455,-0.5133333333333333
E02003121,10160,5934.000000000001,3482.999999999998,1537.0000000000014,0.06421428571428571,8.196809523809517,-0.782
E02003122,7418,3979.999999999999,2824.9999999999995,1223.0000000000005,0.09025,11.486666666666684,-0.38825000000000004
E02003123,8763,5192.0,2249.0000000000005,1864.9999999999993,0.2526,23.171866666666663,0.6496
E02003124,8333,5106.000000000002,1788.0,1868.0,0.27549999999999997,23.951999999999998,0.7342
E02003125,5944,3638.0,1750.0,1038.9999999999982,0.287625,25.338666666666647,0.86025
E02003126,8434,5038.999999999999,2515.000000000002,1425.999999999999,0.15960000000000002,13.82826666666664,0.4074
E02003127,7594,4600.0,1781.0,1588.000000000001,0.28009999999999996,25.623466666666662,0.784
E02003128,9248,5713.999999999998,2238.0,1828.9999999999995,0.2874,22.184266666666662,0.7886
E02003129,6421,3811.9999999999995,1893.0000000000011,1187.9999999999998,0.145625,13.486749999999983,0.07600000000000001
E02003130,10414,6472.0,2559.999999999999,2060.9999999999995,0.2797142857142857,27.876904761904772,0.7718571428571429
E02003131,7229,4361.999999999997,2076.999999999999,1256.0,0.2077,21.224200000000017,0.446
E02003132,8972,5516.0,2186.999999999999,1817.0000000000002,0.178,16.3552,0.0944
E02003133,7081,4174.999999999999,2127.0,1275.9999999999995,0.1598,15.972333333333328,0.10039999999999998
E02003134,7091,4490.0,1551.9999999999995,1459.9999999999993,0.3079,24.20933333333334,0.9197999999999998
E02003135,7167,4794.000000000001,1194.0000000000007,1516.000000000001,0.2998,32.9378,1.127
E02003136,7668,4156.999999999999,2898.999999999999,1123.999999999999,0.09540000000000001,10.479800000000006,-0.1544
E02003137,7839,4509.000000000001,2546.0,1287.0,0.07189999999999999,11.057533333333339,-0.366
E02003138,7586,5125.999999999999,1441.0000000000014,1418.999999999999,0.0945,18.973800000000022,-0.2262
E02003139,6655,4306.000000000002,1420.9999999999989,1332.0000000000005,0.102,12.42516666666665,-0.50125
E02003140,7859,4594.999999999999,2253.000000000001,1446.9999999999995,0.08670000000000001,11.9202,-0.37760000000000005
E02003141,7972,5463.000000000001,1758.9999999999998,1333.9999999999989,0.23410000000000003,26.749733333333342,0.7236
E02003142,9287,5821.999999999998,2211.000000000001,1776.0000000000005,0.26166666666666666,25.577722222222217,0.6766666666666666
E02003143,7221,4305.000000000001,2210.0,1269.9999999999995,0.1488,15.6792,0.08359999999999998
E02003144,8830,7290.000000000001,1089.0000000000011,660.000000000001,0.1409,25.4466,0.8097999999999999
E02003145,6737,4489.999999999998,1667.0000000000002,983.9999999999997,0.198125,21.401083333333325,0.633
E02003146,8659,6444.0,1193.9999999999995,1302.0000000000007,0.18780000000000002,26.494333333333337,0.33840000000000003
E02003147,9267,6076.999999999999,1636.0000000000014,1997.9999999999995,0.39869999999999994,30.453466666666657,1.3414
E02003148,12108,10059.0,1396.0,923.0000000000003,0.22508333333333333,28.276388888888885,1.141
E02003149,9518,7065.0,1423.0000000000002,1449.9999999999986,0.2587,32.175733333333355,0.8049999999999999
E02003151,8388,4450.999999999998,3109.0,1376.0000000000007,0.097,11.31413333333332,-0.275
E02003152,11479,6857.000000000002,3336.0000000000005,2028.0000000000016,0.11485714285714287,15.013571428571424,-0.11771428571428573
E02003153,7441,4237.999999999999,2401.0000000000005,1331.9999999999993,0.1014,11.839066666666673,-0.189
E02003154,7181,4045.9999999999995,2137.0,1443.0000000000002,0.2786,26.60766666666666,0.917
E02003155,5838,3280.999999999999,2193.0000000000005,820.0000000000006,0.19974999999999998,22.62658333333335,0.74975
E02003156,10624,6471.999999999998,2660.9999999999986,2093.999999999999,0.17385714285714288,15.695904761904773,0.3731428571428571
E02003157,6874,4287.999999999999,1734.9999999999977,1348.999999999999,0.302875,30.461500000000026,1.03175
E02003158,5785,3219.0,2109.0000000000005,888.9999999999986,0.208375,23.7275,0.7337500000000001
E02003159,5939,3763.9999999999995,1348.9999999999998,1186.000000000001,0.245625,27.81991666666665,0.72075
E02003161,7816,5315.999999999998,2002.9999999999986,1119.0000000000016,0.386375,40.73099999999997,1.451
E02003163,8089,4334.000000000001,4105.0,578.0,0.1685,23.18793333333334,0.6484
E02003164,9086,4977.999999999999,3379.9999999999995,1373.0000000000005,0.12875,16.7078888888889,0.24883333333333332
E02003165,7386,4262.999999999999,2308.0,1269.0000000000005,0.17529999999999998,19.077266666666663,0.3628
E02003166,13165,7883.0,3222.0000000000005,2788.999999999998,0.27175,25.353833333333327,0.74175
E02003167,9807,5814.999999999998,3703.9999999999995,1210.999999999999,0.3074166666666666,32.81594444444445,1.2043333333333335
E02003168,7142,3865.999999999999,2869.999999999999,1067.9999999999995,0.18180000000000002,18.30373333333334,0.48440000000000005
E02003169,6708,3244.9999999999995,3374.999999999999,755.9999999999989,0.1065,16.69539999999998,-0.05259999999999998
E02003170,9455,5182.999999999998,4234.0,1057.0000000000007,0.1805714285714286,28.627095238095254,0.40214285714285714
E02003171,7327,4037.000000000001,2911.0000000000005,1106.0000000000005,0.2024,25.8026,0.421
E02003172,6471,3822.999999999999,1946.000000000001,1183.9999999999989,0.228625,22.792333333333353,0.48625
E02003173,6910,3975.9999999999995,2378.0000000000014,1096.9999999999986,0.204875,21.40333333333333,0.23425000000000004
E02003174,8269,4805.999999999999,2665.9999999999986,1375.000000000001,0.13,14.538933333333341,-0.3336
E02003175,9472,5743.000000000002,2237.999999999999,2088.999999999999,0.15224999999999997,12.347944444444456,-0.033
E02003176,7482,4647.0,1589.0000000000014,1628.9999999999998,0.35340000000000005,30.10913333333334,1.0479999999999998
E02003177,8369,5159.0,1906.0,1785.9999999999989,0.1065,12.436666666666659,-0.602
E02003178,8886,5530.0,2166.9999999999995,1679.9999999999982,0.20260000000000003,16.582266666666676,0.248
E02003179,6347,3686.000000000001,1837.000000000001,1200.9999999999995,0.283875,21.569583333333323,0.6145
E02003180,10495,7725.000000000001,1395.000000000001,1694.0000000000007,0.16760000000000003,19.53813333333334,0.07600000000000004
E02003181,8844,5611.999999999999,1957.0000000000018,1683.9999999999977,0.1162,13.8876,-0.39319999999999994
E02003182,6649,3981.000000000001,1788.9999999999982,1260.0000000000002,0.07875,9.321333333333342,-0.8452500000000001
E02003183,7333,4781.000000000002,1936.0000000000023,1016.9999999999991,0.10037499999999999,14.769250000000026,-0.32325000000000004
E02003184,8182,5983.000000000002,1180.9999999999995,1321.0000000000007,0.1565,20.804583333333326,-0.036750000000000005
E02003185,7591,4722.0,1817.9999999999995,1484.9999999999982,0.1545,16.619400000000002,-0.16260000000000002
E02003186,9400,6580.999999999998,1282.9999999999995,1878.0000000000016,0.225,25.69933333333332,0.24040000000000003
E02003187,9527,6260.999999999998,2060.0,1735.0,0.19129999999999997,22.987666666666662,0.02560000000000003
E02003188,13879,10979.999999999998,2229.0000000000023,1128.9999999999993,0.1494375,22.69658333333334,0.308375
E02003189,8342,5139.0,2686.9999999999995,1121.0,0.1348,15.009199999999998,-0.18140000000000003
E02003190,10358,7660.0,1817.0000000000005,1481.9999999999986,0.2968571428571428,28.34171428571429,0.8475714285714285
E02003191,8271,4481.0,3312.9999999999995,1165.9999999999984,0.0888,10.516933333333336,-0.568
E02003192,14482,11196.0,2302.0000000000023,1394.9999999999998,0.1920833333333333,27.91305555555557,0.7055000000000001
E02003194,6181,3146.000000000001,2363.999999999999,986.9999999999998,0.06,11.821916666666656,-0.92225
E02003195,6139,3763.0000000000005,1443.9999999999995,1278.9999999999995,0.165625,18.397666666666648,0.12874999999999998
E02003196,10277,5619.000000000002,4126.000000000001,1393.0000000000007,0.05142857142857143,7.025952380952381,-0.9602857142857143
E02003197,6694,3995.9999999999995,1944.9999999999995,1277.0000000000014,0.16360000000000002,14.554733333333346,0.001200000000000001
E02003198,7516,4696.000000000002,1748.999999999998,1500.000000000001,0.1419,13.940200000000015,-0.16
E02003199,9423,5665.0,2803.0000000000023,1643.0000000000005,0.15483333333333335,16.122499999999985,-0.13749999999999998
E02003200,10416,6322.999999999998,2663.0000000000014,2035.0000000000016,0.22391666666666665,19.868055555555568,0.19466666666666668
E02003201,11152,7036.0,2519.0,2152.000000000001,0.20475000000000002,19.994222222222216,0.2348333333333333
E02003202,6346,4124.0,1648.9999999999995,969.0000000000002,0.145375,12.902000000000001,-0.28475000000000006
E02003203,7636,4886.000000000002,1762.9999999999995,1423.9999999999995,0.14089999999999997,16.673466666666663,-0.10939999999999998
E02003204,9356,5738.0,2665.9999999999973,1534.0000000000002,0.15589999999999998,15.069799999999978,-0.11860000000000001
E02003205,8546,5103.0,2538.0,1480.9999999999995,0.11400000000000002,13.206133333333321,-0.563
E02003206,10110,6325.999999999998,2603.999999999999,1791.9999999999989,0.10158333333333334,12.86872222222223,-0.6748333333333334
E02003207,7542,4670.0,1708.0000000000011,1572.999999999998,0.23125,22.564833333333347,0.32175000000000004
E02003208,11488,7144.999999999999,3115.9999999999995,1917.9999999999977,0.2281875,18.484333333333336,0.5046250000000001
E02003209,6674,4041.0000000000005,2033.9999999999993,1152.9999999999995,0.183,18.20873333333334,0.08859999999999998
E02003210,10004,5703.999999999996,3412.0,1624.9999999999989,0.07819999999999999,12.08713333333332,-0.9730000000000001
E02003211,8470,3998.9999999999986,4425.999999999999,818.999999999999,0.0643,13.169933333333342,-0.5984
E02003212,8351,4791.0,2928.999999999999,1268.0000000000002,0.1295,20.387,-0.4638333333333333
E02003214,6812,3986.0,1242.0000000000014,1857.000000000001,0.40237500000000004,33.09708333333335,0.88225
E02003215,6741,3965.0,2437.0,901.0000000000003,0.0946,11.61960000000002,-0.384
E02003216,9954,6042.0,2913.9999999999995,1702.0000000000005,0.16441666666666666,17.746277777777767,-0.02733333333333332
E02003217,7430,4522.0,1675.9999999999986,1568.9999999999995,0.21325,19.40683333333335,0.18925
E02003218,6543,3968.000000000002,1533.0,1390.0000000000018,0.301375,28.203500000000023,0.68725
E02003219,14168,8866.000000000002,2558.9999999999995,3391.0,0.0988125,15.885124999999974,-0.857
E02003220,10458,6426.000000000001,3125.0,1649.9999999999995,0.11408333333333333,16.052,-0.2525
E02003221,7280,4859.000000000001,1405.0000000000011,1379.9999999999984,0.212,29.10283333333335,0.16125
E02003222,5871,3958.0000000000005,1183.0000000000005,1167.0000000000007,0.1005,11.276166666666667,-0.62775
E02003223,10936,7477.000000000001,1894.9999999999993,2120.999999999998,0.12708333333333333,19.67222222222223,-0.2605
E02003224,8506,5046.000000000003,2937.0,1273.0000000000005,0.08458333333333334,13.629222222222216,-0.6940000000000001
E02003225,6350,4234.999999999998,1476.0000000000011,1172.0000000000007,0.113125,12.582250000000009,-0.42025
E02003226,10947,7860.0,1350.0000000000011,2133.0,0.189,35.791333333333355,-0.37160000000000004
E02003227,6966,4300.0,1286.0000000000007,1692.9999999999993,0.38175,31.277333333333303,0.87475
E02003228,7866,4965.999999999999,1716.9999999999982,1598.0000000000007,0.1345,18.860750000000024,-0.66925
E02003229,5501,3744.0000000000005,1158.0000000000014,1020.0000000000009,0.115875,13.078333333333333,-0.382
E02003230,9151,6738.999999999998,1219.000000000002,1555.000000000003,0.1739,25.858466666666665,-0.052000000000000005
E02003231,8567,5292.999999999999,1680.0000000000002,1966.9999999999995,0.3449,28.987333333333318,0.6601999999999999
E02003232,8666,5794.000000000003,1641.0,1583.9999999999998,0.1002,14.28306666666668,-0.534
E02003233,8594,5251.0,2238.0000000000005,1756.0000000000016,0.24825,21.870888888888885,0.2755
E02003234,8415,5066.999999999999,2510.0,1470.999999999999,0.17566666666666667,20.293388888888884,-0.08633333333333336
E02003235,9621,5920.999999999997,2582.9999999999995,1726.999999999999,0.09459999999999999,11.10833333333334,-0.8240000000000001
E02003236,13195,7704.999999999999,3841.0,2443.9999999999973,0.11907142857142859,13.848952380952396,-0.39671428571428574
E02003237,6138,3485.999999999999,2178.9999999999986,940.9999999999994,0.08199999999999999,16.54283333333335,-0.515
E02003238,5673,3743.9999999999995,1343.0000000000005,1040.0000000000014,0.172375,18.00675,-0.03900000000000001
E02003239,8410,4969.0,2630.9999999999986,1434.999999999999,0.1173,18.86046666666666,-0.3588
E02003240,7091,4355.999999999998,1547.9999999999984,1555.000000000001,0.08425,20.81425,-0.6027500000000001
E02003241,7297,4365.999999999998,1984.9999999999982,1431.0000000000014,0.162,24.887333333333324,-0.003999999999999997
E02003242,8468,4853.0,2669.999999999999,1489.9999999999993,0.17429999999999998,18.89493333333336,0.02599999999999999
E02003243,12195,7509.0,1717.999999999999,3288.000000000001,0.359,31.857285714285712,0.8912857142857142
E02003244,10115,5954.0,1815.9999999999973,2660.0,0.3498,29.04813333333334,0.638
E02003245,8181,5068.000000000001,1244.9999999999995,2141.999999999999,0.35940000000000005,31.06226666666668,0.728
E02003246,9708,6365.999999999998,1185.000000000002,2341.999999999999,0.35869999999999996,42.385000000000005,0.8093999999999999
E02003247,8872,5406.000000000001,1829.0000000000002,2013.0000000000002,0.27059999999999995,24.832,0.5758
E02003248,11593,7293.999999999999,1662.0000000000011,2841.999999999999,0.2858,35.42786666666668,0.13799999999999998
E02003249,12879,7931.000000000002,2181.0,3218.999999999999,0.3189285714285714,29.97442857142857,0.5485714285714286
E02003250,12082,8291.000000000002,1481.9999999999993,2544.0000000000023,0.31216666666666665,41.108333333333356,0.5591666666666667
E02003251,7976,4445.0,2598.0000000000005,1418.9999999999982,0.1099,13.0774,-0.3074
E02003252,12735,8279.0,1703.000000000004,3073.000000000002,0.24066666666666667,26.375,0.2743333333333333
E02003253,10450,7048.999999999999,1752.0000000000014,2084.0000000000005,0.22575,26.356666666666666,0.32666666666666666
E02003254,9355,5465.0,3157.9999999999995,1555.000000000003,0.09759999999999999,13.854,-0.6038
E02003255,14155,8830.0,2682.0,3264.9999999999986,0.17727777777777778,17.4758148148148,0.09733333333333334
E02003257,9599,5954.0,1567.0,2346.9999999999995,0.3296666666666667,30.536,0.8729999999999999
E02003258,8720,5325.999999999998,2476.9999999999995,1532.0000000000005,0.10183333333333333,15.491833333333316,-0.63
E02003259,6829,4104.000000000001,1370.0,1603.0000000000005,0.1815,20.51333333333335,-0.06874999999999998
E02003260,8849,5486.000000000001,1261.9999999999995,2352.9999999999977,0.34191666666666665,29.974,0.8073333333333332
E02003261,6449,3732.000000000001,1868.9999999999977,1234.0,0.17625,17.479666666666674,-0.038000000000000006
E02003262,11147,6723.0,2290.000000000002,2641.0000000000023,0.26558333333333334,28.320888888888884,0.38400000000000006
E02003263,13212,8052.999999999996,2527.9999999999995,3133.000000000001,0.2422857142857143,25.931476190476186,0.06357142857142857
E02003264,9925,5993.0,2013.0000000000002,2291.0,0.13883333333333334,15.24455555555557,-0.6406666666666667
E02003265,8296,5028.000000000001,2356.000000000001,1491.9999999999998,0.12983333333333336,16.77894444444443,-0.2598333333333333
E02003266,10005,6232.0,1658.000000000001,2460.0000000000014,0.30983333333333335,23.83872222222223,0.7879999999999999
E02003267,14444,8967.000000000002,1618.0000000000018,3953.000000000001,0.323,35.607222222222234,0.1915
E02003268,12883,7927.0,1681.0000000000027,3496.0,0.26991666666666664,29.4471111111111,0.15216666666666667
E02003269,10784,6816.999999999998,2181.0,2281.999999999999,0.18475,20.932777777777783,-0.19683333333333333
E02003270,8782,5399.000000000002,1910.9999999999998,1843.9999999999989,0.18719999999999998,21.90446666666666,0.0722
E02003271,10131,6631.999999999998,2014.0,2080.000000000001,0.1405,16.729428571428556,-0.21799999999999997
E02003272,11298,7005.999999999996,1226.0000000000005,3116.000000000002,0.36279999999999996,39.62213333333334,0.4462
E02003273,12505,8060.0,1948.9999999999982,2930.999999999999,0.2422142857142857,22.295904761904755,0.253
E02003274,11446,7348.000000000002,1131.9999999999989,3036.9999999999986,0.39916666666666667,47.1056111111111,0.5956666666666667
E02003276,9327,6188.000000000002,813.0000000000005,2374.9999999999995,0.33362500000000006,43.024,0.525
E02003277,11712,7403.0,1717.0000000000007,2904.999999999999,0.32758333333333334,31.36522222222222,0.5701666666666667
E02003278,13867,10017.000000000002,1366.0000000000007,2910.9999999999973,0.2547142857142857,35.0,0.4241428571428572
E02003279,9680,5399.0,3408.0,1598.000000000001,0.09966666666666667,16.64666666666665,-0.5166666666666666
E02003280,10645,6322.000000000001,2975.0,2024.9999999999986,0.1890833333333333,20.520666666666667,0.21766666666666667
E02003281,9395,5189.999999999998,3362.9999999999995,1489.9999999999986,0.1335833333333333,17.368833333333352,-0.00866666666666667
E02003282,10785,6404.0,2818.999999999999,2144.0,0.16908333333333334,18.019222222222215,0.07666666666666666
E02003283,10957,6567.999999999999,2807.000000000002,2150.999999999998,0.19092857142857142,19.2734761904762,0.2534285714285714
E02003284,11220,7224.0,2273.0000000000005,2378.9999999999986,0.22335714285714287,20.3835238095238,0.422
E02003285,11219,7537.999999999999,1696.9999999999984,2473.0000000000014,0.2242142857142857,24.90414285714286,0.37042857142857144
E02003286,9360,5468.999999999998,2643.0,1788.0000000000005,0.055999999999999994,11.93649999999999,-1.1051666666666666
E02003287,10139,5734.000000000002,2989.9999999999986,2017.999999999999,0.2353333333333333,20.592888888888883,0.31816666666666665
E02003288,13039,8766.0,2124.999999999998,2719.000000000002,0.33107142857142857,28.482857142857142,0.9802857142857143
E02003289,9832,6363.999999999999,2271.0,1699.9999999999993,0.08783333333333332,18.35972222222222,-0.5445
E02003290,9888,6138.0,2795.0000000000005,1643.0,0.16133333333333333,20.907888888888902,0.09616666666666666
E02003291,11630,7201.0,3058.999999999999,2214.9999999999986,0.25407142857142856,21.994714285714302,0.432
E02003292,12102,8039.0,2033.0,2567.000000000002,0.37233333333333335,33.54477777777778,1.0968333333333333
E02003293,11795,7938.0,2483.0000000000014,1947.000000000001,0.2678333333333333,31.706888888888884,0.7035
E02003294,9180,5104.999999999999,3382.0,1421.0,0.08491666666666665,15.402611111111101,-0.5655
E02003295,10018,5916.999999999998,2720.0,1959.999999999999,0.21214285714285713,20.96409523809523,0.12171428571428566
E02003296,7023,4117.0,2169.9999999999995,1184.0000000000011,0.0834,21.084266666666657,-0.7056
E02003297,7290,4187.000000000001,2026.9999999999998,1428.0000000000011,0.17470000000000002,22.956533333333343,-0.06900000000000002
E02003298,7041,4180.0,1951.9999999999995,1322.0000000000002,0.1379,20.418066666666657,0.0428
E02003299,6520,3933.0000000000014,1922.0000000000007,1107.9999999999989,0.08524999999999999,21.819583333333348,-0.7762499999999999
E02003300,9114,5655.999999999999,1850.9999999999998,1950.0000000000005,0.1224,19.496266666666678,-0.3558
E02003301,12328,7776.0,2056.000000000003,2921.0000000000036,0.19685714285714284,20.584619047619054,0.019285714285714285
E02003302,10428,6685.000000000002,1669.9999999999986,2471.0000000000014,0.24391666666666667,23.471166666666665,0.3821666666666667
E02003303,9483,5955.999999999999,1643.0,2220.0,0.182,22.607066666666658,0.043599999999999986
E02003304,9681,5720.999999999999,2427.0,1971.999999999999,0.18708333333333335,19.000222222222217,0.16983333333333336
E02003305,7065,4149.999999999998,1774.9999999999995,1484.9999999999977,0.136625,17.250749999999975,-0.4432499999999999
E02003307,10757,6263.999999999997,2450.0000000000023,2498.9999999999977,0.2536666666666667,25.066333333333333,0.25249999999999995
E02003308,7895,4831.000000000001,1436.9999999999993,1934.9999999999995,0.16699999999999998,30.212333333333348,-0.12625
E02003309,7906,4902.999999999998,1959.0000000000007,1482.0000000000014,0.1076,19.47353333333334,-0.4822
E02003311,9234,6161.999999999997,1571.9999999999986,1881.9999999999993,0.1907,24.81313333333334,-0.13140000000000002
E02003312,9438,6297.999999999998,793.9999999999993,2552.999999999998,0.239625,24.84966666666667,-0.0475
E02003313,15043,9219.0,2106.9999999999986,4138.0,0.31643750000000004,29.002624999999988,0.5195000000000001
E02003314,6991,4076.0000000000005,2265.000000000001,1270.9999999999982,0.1855,34.7555,0.20625000000000002
E02003315,5778,3493.999999999999,1594.9999999999995,1059.9999999999998,0.09637499999999999,22.9151666666667,-0.28800000000000003
E02003316,12585,7634.000000000002,2788.000000000003,2798.0000000000014,0.14291666666666666,23.437277777777766,-0.09300000000000001
E02003317,7151,4344.999999999999,1782.000000000001,1446.0000000000018,0.14675,19.43383333333335,-0.13175
E02003318,6060,3610.999999999998,1756.9999999999995,1087.0000000000014,0.08462499999999999,16.66508333333335,-0.6235
E02003319,8214,5344.0,1492.9999999999998,1775.999999999998,0.2182,30.06886666666668,0.3416
E02003320,9838,6736.999999999999,1473.0000000000018,2044.0000000000005,0.1766,21.93919999999998,-0.0772
E02003321,6563,3913.999999999999,1422.000000000001,1536.0000000000016,0.279875,27.473666666666674,0.601
E02003322,8349,5926.0,996.0000000000007,1608.0000000000007,0.2412,31.53146666666666,0.42099999999999993
E02003323,7385,4739.999999999998,1225.9999999999995,1686.0000000000014,0.29025,29.41525,0.7070000000000001
E02003324,10230,6519.000000000002,1633.9999999999995,2491.0000000000014,0.20749999999999996,26.517000000000003,0.20620000000000002
E02003325,7543,5019.000000000003,1088.0000000000002,1746.9999999999998,0.309,36.578083333333325,0.954
E02003326,7838,4999.000000000002,1547.999999999999,1650.000000000001,0.2142,27.892133333333334,0.4286
E02003327,7569,5037.0,1659.9999999999993,1287.0000000000014,0.20737500000000003,23.953083333333325,0.0665
E02003328,10251,7068.999999999998,1312.999999999999,2116.999999999998,0.3518333333333334,34.44433333333333,0.9831666666666669
E02003329,6926,4552.000000000002,1036.0000000000007,1590.0,0.2535,32.30975,0.40875000000000006
E02003330,6965,4472.0,1352.000000000001,1469.0000000000016,0.192375,20.30391666666665,0.12575000000000003
E02003331,8890,5452.0,2239.000000000001,1753.0000000000002,0.22683333333333333,23.214444444444435,0.38999999999999996
E02003332,6303,3822.999999999999,1678.0,1190.9999999999993,0.181625,22.36033333333335,0.214
E02003333,6896,4480.000000000001,998.0000000000001,1676.9999999999998,0.383125,40.59716666666665,0.948
E02003334,6231,3984.0,1056.0000000000002,1407.9999999999995,0.23650000000000002,24.41975,0.47025
E02003335,7465,4619.999999999998,861.0,2137.0,0.35687500000000005,34.6815,0.72875
E02003336,6573,3747.999999999999,2050.000000000001,1202.0000000000002,0.11424999999999999,15.848416666666674,-0.44325000000000003
E02003337,7122,4595.999999999998,1597.9999999999995,1351.000000000001,0.158875,17.051583333333326,-0.006249999999999978
E02003338,7423,4496.999999999997,1791.0000000000005,1518.0,0.2085,22.91000000000002,0.22999999999999998
E02003339,6514,3924.999999999999,1837.9999999999995,1209.0,0.1405,13.756166666666674,-0.32425000000000004
E02003340,8071,4909.999999999999,1891.9999999999986,1725.0000000000005,0.25680000000000003,23.955866666666658,0.6754
E02003341,6550,4021.9999999999995,1672.0000000000007,1238.0,0.093625,19.264749999999975,-0.43175
E02003342,6468,3673.000000000001,1946.9999999999995,1206.0000000000002,0.1195,14.190833333333334,-0.40775
E02003343,6010,3347.999999999999,2259.000000000001,881.0,0.051875000000000004,11.996750000000024,-1.05625
E02003344,6797,4235.0,1583.0,1418.000000000002,0.2102,24.761000000000003,0.34259999999999996
E02003345,6150,3784.000000000001,1424.9999999999998,1324.9999999999998,0.0955,15.379166666666649,-0.544
E02003346,7128,4185.0,1986.9999999999998,1326.999999999999,0.14024999999999999,16.874750000000002,-0.123
E02003347,6086,4044.0000000000005,1066.000000000001,1318.0000000000005,0.117125,15.005083333333326,-0.32675
E02003348,8038,4575.0,2873.9999999999986,1280.0,0.05740000000000001,13.17973333333332,-0.9654
E02003349,7415,4251.999999999999,2240.000000000001,1351.999999999999,0.118,17.80706666666664,-0.365
E02003350,6454,3878.0,1655.000000000001,1272.0000000000002,0.1635,19.658166666666673,-0.0065000000000000335
E02003351,7823,4728.0,1949.0,1592.9999999999998,0.14589999999999997,17.437333333333296,0.04939999999999999
E02003352,5845,3463.0000000000005,1969.0000000000005,904.0000000000011,0.0465,19.70741666666665,-1.7425
E02003353,12955,8354.000000000002,2472.000000000001,2794.0000000000027,0.0688125,11.641750000000002,-1.5844999999999998
E02003354,10508,6834.0,2268.0,2012.0,0.07050000000000001,10.702277777777782,-1.4791666666666667
E02003355,7181,4736.0,1243.000000000002,1509.0000000000018,0.17312500000000003,21.3985,-0.4345
E02003356,7332,4502.999999999999,1905.0000000000005,1378.000000000001,0.0489,13.52773333333332,-1.9212
E02003357,10338,6805.0,1747.9999999999986,2208.0,0.1575,17.106833333333334,-0.48066666666666674
E02003358,12396,8404.000000000002,1986.9999999999982,2500.9999999999995,0.1457142857142857,17.778666666666645,-0.7185714285714286
E02003359,6240,4431.999999999999,1187.9999999999998,1073.0000000000005,0.1155,14.113,-0.7455999999999999
E02003360,11678,7326.0,2075.0,2741.000000000001,0.1254375,16.075666666666663,-0.77625
E02003361,7438,4823.000000000001,1579.0000000000014,1492.0000000000014,0.13699999999999998,18.334,-0.6164
E02003362,6565,4104.0,1428.0000000000005,1393.999999999999,0.13530000000000003,20.049733333333318,-0.6458000000000002
E02003363,7263,3938.999999999999,2068.999999999999,1267.000000000001,0.043875000000000004,10.799083333333357,-1.85125
E02003364,7037,4650.000000000001,1521.0000000000011,1291.0,0.08480000000000001,15.55346666666666,-1.3298
E02003365,6864,4115.0,1821.9999999999995,1309.9999999999993,0.06999999999999999,11.918399999999988,-1.5231999999999999
E02003366,7390,5057.999999999999,1571.9999999999995,1154.9999999999989,0.06870000000000001,14.82913333333334,-1.7268000000000001
E02003367,6510,3864.999999999999,1672.9999999999986,1299.0000000000005,0.080625,29.289833333333352,-1.074
E02003368,5625,3369.0000000000005,1782.9999999999995,896.0000000000022,0.12325,29.184750000000026,-0.7635000000000001
E02003369,6381,3699.0000000000005,1915.9999999999989,1204.9999999999998,0.055625,19.968749999999975,-1.67625
E02003370,6752,3978.0000000000005,2075.0000000000005,1189.999999999999,0.08075,13.512333333333348,-0.8694999999999999
E02003371,5921,3609.0,1695.0,1013.9999999999994,0.056874999999999995,10.308000000000018,-1.15075
E02003372,7982,4668.000000000001,2278.000000000002,1565.9999999999995,0.0945,12.08520000000001,-1.1032000000000002
E02003373,8768,5184.0,2110.0000000000014,1855.000000000001,0.059,20.255833333333324,-1.69775
E02003374,5965,3880.000000000001,1457.9999999999982,1099.0000000000005,0.134,15.608833333333349,-0.64175
E02003375,6269,3990.0000000000005,1503.000000000001,1180.0,0.110625,20.142,-0.6060000000000001
E02003376,5929,3466.0000000000014,1903.9999999999977,1030.9999999999995,0.135875,20.914499999999975,-0.23775
E02003377,10642,6098.000000000002,2932.9999999999986,2082.9999999999986,0.0855,25.527666666666672,-1.0506666666666666
E02003378,7989,4725.0,2426.0,1403.9999999999993,0.1397,12.90293333333332,-0.45719999999999994
E02003379,7091,4536.999999999999,1485.000000000001,1422.9999999999998,0.133375,16.5225,-0.41325
E02003380,8161,5274.0,1951.0,1465.9999999999982,0.0853,14.517400000000006,-0.6728
E02003381,6189,3671.999999999999,1461.9999999999982,1359.0,0.0805,15.037833333333317,-0.99525
E02003382,7563,4622.0,1903.0000000000005,1449.000000000001,0.165,17.0298,-0.223
E02003383,6921,4363.0,1562.9999999999995,1448.000000000001,0.076,8.46633333333334,-0.94025
E02003384,6361,3766.999999999998,2099.0,1063.0000000000002,0.0815,28.97308333333335,-1.14
E02003385,11486,7872.000000000001,2049.000000000002,2117.000000000002,0.14614285714285713,14.28904761904762,-0.14857142857142858
E02003386,8237,5172.000000000001,1979.000000000001,1592.9999999999998,0.15139999999999998,15.337333333333339,-0.3166
E02003387,9617,5403.999999999999,2724.9999999999995,1994.999999999998,0.07558333333333334,8.98711111111111,-1.0955000000000001
E02003388,6038,3606.0,1652.0000000000014,1114.0000000000005,0.10066666666666668,21.077222222222233,-0.8023333333333333
E02003389,8029,4669.999999999999,2267.0000000000014,1484.9999999999998,0.07089999999999999,12.381066666666674,-1.0704
E02003390,7606,4449.999999999998,2086.0000000000014,1575.9999999999995,0.0309,8.101466666666665,-1.4436
E02003391,8627,5048.000000000001,2187.0000000000005,1837.0000000000014,0.0666,10.670399999999995,-0.9087999999999999
E02003392,8527,5767.000000000002,1408.000000000001,1689.0000000000007,0.1527,19.605266666666658,-0.19720000000000001
E02003393,8179,4923.000000000001,2252.9999999999986,1572.9999999999998,0.089,12.858666666666684,-0.8156000000000001
E02003394,8700,5444.0,1524.000000000001,2033.9999999999989,0.2324,24.08233333333334,0.42779999999999996
E02003395,11491,8328.0,1112.0,2373.0,0.1918,26.80406666666668,-0.021800000000000003
E02003396,9826,6752.999999999998,1568.9999999999998,1935.0000000000016,0.16275,22.130888888888887,0.025000000000000005
E02003397,8201,4919.0,1894.9999999999998,1832.0000000000014,0.20889999999999995,20.344600000000003,0.2516
E02003398,11630,8516.000000000002,1204.0000000000005,2158.999999999998,0.16774999999999998,28.152444444444452,-0.03683333333333335
E02003400,9218,7083.000000000002,1186.9999999999989,1187.0000000000002,0.0864,23.94753333333336,-0.34220000000000006
E02003401,9208,6133.000000000002,1643.000000000002,1828.9999999999982,0.183,21.87373333333332,0.27959999999999996
E02003402,10672,8100.999999999998,1101.9999999999995,1686.999999999999,0.12991666666666668,24.814277777777786,-0.09249999999999999
E02003403,9338,5827.999999999999,2080.0,1896.9999999999998,0.19533333333333336,20.00100000000001,0.14516666666666664
E02003404,8727,6081.999999999998,1179.0000000000014,1427.0000000000007,0.194625,24.398333333333348,0.0030000000000000027
E02003405,13236,9050.000000000004,1598.9999999999995,2970.000000000002,0.2501875,29.896833333333326,0.40049999999999997
E02003406,8233,5325.0,1691.000000000001,1661.0000000000007,0.21350000000000002,27.522466666666663,0.3638
E02003407,10797,6607.999999999999,1428.999999999998,3004.9999999999964,0.248,23.745277777777787,0.11116666666666668
E02003408,11313,7184.999999999998,1717.0000000000002,2819.9999999999995,0.21924999999999997,28.153166666666664,-0.451
E02003409,10380,6827.999999999997,1690.0000000000018,2314.0000000000005,0.16828571428571432,21.581142857142872,-0.4638571428571429
E02003410,12258,7761.999999999998,1679.9999999999982,3130.9999999999986,0.23299999999999998,28.857166666666686,-0.1095
E02003411,12559,7887.0,1929.000000000001,3117.9999999999995,0.21591666666666667,27.891499999999997,-0.29550000000000004
E02003412,10447,6570.999999999998,1699.000000000001,2517.000000000001,0.15816666666666665,22.725611111111117,-0.6589999999999999
E02003414,13840,8779.000000000004,1682.9999999999982,3698.9999999999986,0.20116666666666663,24.008333333333354,-0.4563333333333333
E02003415,13791,8874.000000000002,1518.0000000000027,3637.000000000003,0.27625,32.32661111111111,0.03316666666666667
E02003416,9919,6152.999999999998,1555.9999999999998,2484.9999999999995,0.1335,17.629333333333356,-0.9273999999999999
E02003417,12939,8380.999999999998,1785.9999999999995,3122.9999999999973,0.18942857142857145,22.033142857142856,-0.8888571428571429
E02003418,10339,6566.000000000001,1614.0000000000011,2489.0000000000005,0.18183333333333332,17.138666666666666,-0.5088333333333334
E02003419,9025,5665.999999999998,1433.9999999999989,2195.999999999998,0.1941,20.72306666666666,-0.40840000000000004
E02003420,6463,4292.000000000001,909.9999999999989,1553.0,0.2,29.34608333333335,-0.43875
E02003421,5611,3319.999999999999,1593.999999999999,1063.999999999999,0.07075000000000001,11.682250000000018,-1.81375
E02003422,12026,7017.999999999999,3757.000000000001,2150.0000000000005,0.05978571428571428,22.39695238095237,-1.901142857142857
E02003423,6687,4119.0,1334.9999999999995,1527.000000000001,0.16375,15.783499999999993,-0.9355
E02003424,9391,5777.000000000003,2562.999999999998,1650.0000000000014,0.048799999999999996,10.275999999999993,-1.9489999999999998
E02003425,13235,8818.999999999996,2272.999999999999,2664.9999999999977,0.14435714285714285,15.852428571428572,-0.9512857142857142
E02003426,9778,5998.000000000002,2436.000000000002,1905.0000000000014,0.05333333333333332,9.492833333333335,-1.7673333333333332
E02003427,8422,5482.000000000001,1410.9999999999998,1828.9999999999982,0.1353,17.47419999999998,-1.1468
E02003428,9275,5491.999999999996,2378.000000000001,1944.999999999999,0.10016666666666667,13.571555555555557,-1.3021666666666667
E02003429,7822,4571.0,2228.000000000001,1456.0000000000007,0.0528,18.04746666666668,-1.8546000000000002
E02003430,7804,4667.0,1472.9999999999993,1565.9999999999989,0.08474999999999999,22.083916666666653,-1.59375
E02003431,7028,4443.999999999999,1695.0000000000002,1325.9999999999998,0.12162499999999998,25.08333333333333,-1.18775
E02003432,7129,4743.0,1482.0,1268.9999999999982,0.084125,16.75716666666665,-1.23725
E02003433,6483,3760.0,1786.0,1309.000000000001,0.0885,18.78475,-1.401
E02003434,9156,5698.000000000001,2135.0000000000005,1814.0000000000016,0.1609,17.41433333333332,-0.9234000000000002
E02003435,7176,4524.999999999998,1673.000000000001,1351.9999999999993,0.056374999999999995,12.857499999999984,-2.0875000000000004
E02003436,9059,5449.999999999998,2760.000000000002,1493.9999999999998,0.06770000000000001,19.231666666666662,-1.7723999999999998
E02003437,7429,4508.0,2033.0000000000002,1360.000000000001,0.0695,12.453333333333333,-1.9975
E02003438,11358,6479.000000000002,3265.9999999999995,2165.0000000000005,0.05249999999999999,10.000666666666667,-1.9276666666666664
E02003439,5587,3135.0,1861.9999999999982,1011.0000000000011,0.06816666666666667,15.255222222222235,-1.5843333333333334
E02003440,9233,5456.000000000001,2348.999999999999,1895.0000000000002,0.05408333333333334,8.966277777777787,-1.7271666666666665
E02003441,7706,4464.0,2394.000000000001,1399.9999999999989,0.068,9.795066666666667,-1.1532
E02003442,8642,5478.0,1665.9999999999989,1935.9999999999982,0.057499999999999996,9.760866666666665,-1.5937999999999999
E02003443,7090,4084.0000000000005,1736.000000000001,1566.000000000001,0.177,14.690416666666673,-0.29900000000000004
E02003444,9497,5894.999999999998,2037.9999999999993,2011.000000000001,0.08308333333333333,11.019777777777756,-1.1011666666666666
E02003445,8836,5255.0,2250.999999999998,1807.0000000000005,0.06466666666666666,10.454833333333339,-1.1775
E02003446,9904,6353.999999999998,2148.000000000001,1727.0000000000018,0.042,7.92477777777778,-1.5485
E02003447,11184,7007.000000000001,2067.0000000000014,2527.000000000002,0.0829,12.38399999999998,-1.1618
E02003448,8482,5070.000000000003,1872.9999999999986,1893.0000000000016,0.0635,12.440416666666657,-1.60975
E02003449,7454,5082.0,1284.0000000000005,1539.9999999999995,0.0514,10.017200000000011,-1.4262000000000001
E02003450,13826,8909.0,2441.0000000000027,3066.0000000000023,0.081625,11.673124999999995,-1.0776249999999998
E02003451,9993,6085.999999999999,2506.0000000000014,1877.0,0.1395,13.223399999999998,-0.748
E02003452,9775,6009.000000000002,1822.0000000000011,2300.000000000001,0.06225000000000001,8.580833333333326,-1.6864999999999999
E02003453,6976,4208.0,1811.9999999999989,1397.000000000001,0.0325,7.13875,-2.0147500000000003
E02003454,8743,5202.999999999998,2223.9999999999995,1744.0000000000027,0.0703,8.131000000000009,-1.2264
E02003455,11247,7072.000000000002,2095.0,2607.0,0.07291666666666667,15.7688888888889,-1.428
E02003456,8987,5512.0,1539.9999999999984,2228.9999999999995,0.109,16.879000000000026,-0.91825
E02003457,9786,5848.999999999999,2965.9999999999995,1737.9999999999998,0.03685714285714286,11.366523809523807,-1.7899999999999998
E02003458,8435,4823.999999999999,2447.0,1651.9999999999986,0.059899999999999995,12.83846666666668,-1.8530000000000002
E02003459,9249,5242.0,2963.000000000001,1666.0000000000005,0.0849,17.055133333333334,-1.0262
E02003460,11843,7158.000000000001,3188.0000000000005,2225.0000000000014,0.0955,22.524041666666648,-0.6042500000000001
E02003461,7493,4142.000000000001,2325.000000000001,1441.9999999999986,0.1006,16.4542,-0.40359999999999996
E02003462,8244,5089.000000000001,2044.0000000000014,1644.0000000000018,0.09340000000000001,15.833733333333322,-0.5422
E02003463,6745,4128.000000000001,1967.000000000001,1116.999999999999,0.15219999999999997,19.142599999999998,0.022400000000000003
E02003464,6979,4428.0,1313.9999999999995,1544.0,0.234375,27.919249999999977,0.25525
E02003465,6182,3709.0000000000005,2180.0,870.9999999999985,0.10275,14.16816666666665,-0.2255
E02003466,7754,5175.999999999999,1216.9999999999986,1642.0000000000018,0.16362500000000002,26.550416666666678,-0.17075
E02003467,6835,4220.0,1567.0000000000011,1351.9999999999977,0.22337500000000002,25.640333333333327,0.36225
E02003468,8595,5216.0,2171.000000000002,1654.9999999999998,0.12930000000000003,18.60646666666666,-0.22820000000000001
E02003469,5621,3474.000000000001,1671.9999999999995,956.0000000000011,0.1135,17.660250000000023,-0.47125
E02003470,6149,3719.999999999998,881.0,1687.9999999999998,0.3555,35.72449999999999,0.7635000000000001
E02003471,6608,4266.999999999998,1443.0000000000002,1266.0000000000014,0.20612499999999997,22.7910833333333,0.08075
E02003472,10759,8140.000000000001,965.0000000000002,1899.9999999999977,0.2373,22.76466666666666,0.5267999999999999
E02003473,5621,3545.999999999998,1326.0,1140.0000000000005,0.11324999999999999,14.677583333333335,-0.41975
E02003474,9114,5978.0,1578.000000000001,1952.0,0.1407,14.077133333333354,-0.2698
E02003476,8854,5824.0,1279.000000000001,1992.0000000000011,0.2891,28.535866666666642,0.8987999999999999
E02003478,6767,4324.0,1463.999999999998,1398.9999999999993,0.11762500000000001,11.835249999999975,-0.3645
E02003479,7772,5195.0,1151.0000000000011,1685.9999999999998,0.236625,22.98991666666665,0.268
E02003480,7948,5437.000000000001,1336.9999999999984,1587.9999999999995,0.1529,16.53406666666666,-0.2116
E02003481,8548,5452.000000000002,1270.0000000000002,2077.999999999999,0.32320000000000004,32.3542,0.8406
E02003482,10508,6434.000000000001,2185.9999999999995,2376.0000000000036,0.11110000000000002,14.367533333333318,-0.7468
E02003483,11012,7548.000000000002,1208.0000000000002,2532.999999999998,0.10941666666666666,11.328888888888892,-0.27449999999999997
E02003484,7107,4564.000000000002,1523.0,1428.9999999999982,0.14475,16.223499999999973,-0.17
E02003485,8284,4911.999999999998,2079.9999999999995,1713.000000000001,0.177,21.272466666666663,0.14840000000000003
E02003486,10280,6797.999999999999,1376.0000000000005,2431.0,0.1034,11.8486,-0.47040000000000004
E02003487,7292,4256.000000000001,2034.999999999999,1423.0000000000005,0.1651,19.81633333333334,0.008399999999999986
E02003488,8614,5278.0,2014.000000000001,1740.0000000000023,0.20099999999999998,23.704749999999976,0.01625000000000003
E02003489,7693,4538.999999999999,2070.0000000000005,1508.999999999997,0.139125,17.577083333333352,-0.16625
E02003490,11585,7161.0,1328.000000000001,3227.000000000001,0.2630833333333334,26.942833333333336,0.30749999999999994
E02003491,7731,4821.000000000001,1856.9999999999993,1470.0,0.1343,13.165799999999999,-0.3342
E02003492,11430,9555.0,1007.9999999999995,953.9999999999997,0.19787500000000002,33.25000000000002,0.50925
E02003493,8058,4703.000000000002,2404.999999999998,1424.0000000000005,0.10540000000000001,11.945400000000006,-0.6683999999999999
E02003494,6610,4046.999999999998,1665.0000000000005,1244.0000000000005,0.10099999999999999,11.39725,-0.7475
E02003495,7311,4568.0,1686.0000000000005,1467.0,0.2016,17.44786666666668,0.04239999999999999
E02003496,7836,4640.000000000001,2010.9999999999993,1604.9999999999998,0.23869999999999997,16.909866666666666,0.1274
E02003497,7510,4431.0,2130.000000000001,1437.0000000000007,0.0673,8.414199999999994,-0.9483999999999998
E02003498,8760,6181.000000000002,1443.0000000000007,1493.9999999999995,0.3007,26.795133333333343,1.0004
E02003499,7761,5481.0,1354.0000000000016,1267.9999999999998,0.2954,32.4876,0.8710000000000001
E02003500,7898,5386.999999999998,1263.0000000000016,1608.0000000000002,0.07859999999999999,14.220466666666677,-0.6536
E02003501,8323,5594.999999999998,1703.000000000001,1397.9999999999993,0.09459999999999999,15.086466666666677,-0.6476
E02003502,7757,4974.0,1685.000000000001,1480.9999999999993,0.2283,20.21773333333336,0.3926
E02003503,9120,5691.0,2081.000000000002,1848.0000000000007,0.2058333333333333,15.577333333333334,0.14949999999999997
E02003504,8511,6331.999999999999,1356.0000000000018,1168.9999999999986,0.12269999999999999,20.238799999999998,-0.257
E02003505,8778,7414.000000000001,799.0000000000009,855.9999999999994,0.1275,22.94366666666666,0.03959999999999999
E02003506,7199,4898.0,1029.0000000000007,1521.9999999999989,0.135125,17.57491666666665,-0.19325000000000003
E02003507,9713,5794.000000000002,2757.999999999998,1748.999999999999,0.18925,19.6688888888889,0.1486666666666667
E02003508,8901,7028.000000000001,999.0000000000002,1149.0000000000014,0.0998,21.308599999999984,-0.2242
E02003509,8916,6663.000000000001,1477.9999999999993,1180.000000000002,0.1716,22.25446666666666,0.16899999999999998
E02003510,8631,6102.000000000001,1711.0000000000016,1232.999999999998,0.11979999999999999,17.140666666666682,-0.3742
E02003511,8620,5635.0,1614.9999999999998,1741.0000000000002,0.1683,18.43646666666666,-0.0484
E02003512,8800,7000.000000000001,924.0000000000011,1143.0000000000005,0.1269,22.21793333333332,0.014800000000000016
E02003513,6452,4038.000000000002,1750.0000000000005,1097.9999999999995,0.174625,16.29725,-0.08000000000000004
E02003514,8317,6838.0,1057.0000000000002,781.9999999999991,0.1311,23.9338,-0.127
E02003515,8994,5951.0,1604.0000000000002,1813.9999999999977,0.4535833333333334,33.879055555555546,1.4938333333333336
E02003516,8283,6702.999999999998,1277.9999999999986,676.0,0.13990000000000002,26.92426666666666,-0.05160000000000002
E02003517,10608,8929.0,1304.9999999999989,825.0,0.18083333333333332,26.917944444444448,0.47300000000000003
E02003518,7802,5432.0,1901.9999999999982,809.0,0.1487,24.30533333333332,0.0706
E02003519,8222,6956.0,1075.0000000000011,625.0000000000001,0.1641,27.18046666666668,0.22440000000000002
E02003520,9139,7248.000000000001,1380.999999999999,983.0000000000011,0.2637,29.340866666666678,0.9833999999999999
E02003521,8025,5859.0,1758.0000000000005,785.9999999999993,0.1925,26.70833333333332,0.4514
E02003522,7948,5452.000000000002,1748.0,1125.0000000000002,0.19675,20.90616666666665,0.0062500000000000056
E02003523,10406,5956.0,3937.999999999999,1407.9999999999995,0.10533333333333332,15.430777777777765,-0.7556666666666668
E02003524,8099,5026.999999999998,1576.0,1800.9999999999998,0.3228,35.4234,1.0894
E02003525,6383,4029.9999999999995,1231.0,1437.9999999999998,0.32425000000000004,34.26141666666665,0.90875
E02003526,6817,3751.0000000000005,2417.000000000001,1080.0000000000002,0.07287500000000001,11.267583333333343,-0.6975
E02003527,6574,4070.999999999999,1662.0,1291.9999999999998,0.15575,23.92241666666665,0.047
E02003529,8360,5235.0,1832.0000000000002,1702.9999999999995,0.11909999999999998,16.669999999999998,-0.16120000000000004
E02003530,7880,4922.000000000001,1779.0000000000005,1601.0000000000007,0.1905,23.96586666666666,0.1984
E02003531,7737,4973.000000000001,2032.000000000001,1285.9999999999998,0.1116,22.200799999999997,-0.42060000000000003
E02003532,8011,5326.000000000001,1589.9999999999993,1548.0000000000011,0.1651,26.370066666666684,0.0908
E02003533,5855,3880.0,1103.9999999999998,1236.9999999999995,0.24675,38.25933333333332,0.5549999999999999
E02003534,9069,6041.000000000001,1652.000000000001,1833.9999999999998,0.15408333333333332,26.49,-0.08649999999999998
E02003535,9598,6518.000000000002,1442.0000000000016,2059.999999999998,0.20066666666666666,28.834388888888885,0.3453333333333333
E02003536,8202,5143.000000000002,1432.9999999999995,1966.000000000001,0.4742,39.67746666666666,1.3760000000000001
E02003537,10333,6623.000000000001,2309.0,1973.9999999999995,0.15891666666666668,22.3881111111111,-0.18316666666666667
E02003538,10485,7232.999999999998,1478.9999999999998,2223.000000000001,0.24141666666666664,30.040333333333333,0.5158333333333333
E02003540,9549,5828.000000000001,2625.0,1720.0000000000018,0.15141666666666667,20.46605555555555,0.14433333333333334
E02003541,10625,7314.999999999998,1582.9999999999998,1959.0000000000023,0.3555,31.951666666666643,1.1733333333333336
E02003542,8825,6388.0,1322.9999999999989,1438.9999999999993,0.13240000000000002,21.31493333333334,-0.15860000000000002
E02003543,8771,6844.999999999998,1033.0000000000011,1170.0000000000011,0.1502,27.009800000000002,0.2616
E02003544,6368,4429.999999999999,1112.9999999999989,1184.0000000000016,0.152,23.207833333333326,0.14975
E02003545,6651,4879.999999999999,1501.0000000000011,652.0000000000002,0.17125,24.485416666666676,0.234
E02003546,7823,5048.999999999999,2176.999999999999,1179.0000000000005,0.1291,21.24413333333332,-0.21399999999999997
E02003547,8280,5704.999999999999,2382.0,679.0,0.09490000000000001,21.83553333333334,-0.45220000000000005
E02003548,6040,4288.999999999999,1340.0,774.9999999999997,0.148125,22.223333333333326,0.325
E02003549,8350,5935.000000000001,1698.9999999999995,1086.000000000001,0.1075,16.987533333333317,-0.4958
E02003550,7812,4864.0,1940.9999999999995,1452.0000000000005,0.17939999999999998,15.510666666666655,0.3892
E02003551,7045,5136.000000000001,1181.0000000000005,990.0000000000001,0.20550000000000002,27.419166666666648,0.7192500000000001
E02003552,6184,3825.999999999999,1611.0000000000011,1134.0000000000018,0.28875,21.92458333333335,1.05575
E02003553,7780,5889.0,737.0,1292.9999999999986,0.20989999999999998,22.02393333333332,0.6494
E02003554,6072,3797.0,1719.0,930.9999999999999,0.1225,13.711999999999975,-0.0017500000000000016
E02003555,8569,5400.0,1801.9999999999984,1798.0,0.2285,18.97653333333334,0.7737999999999999
E02003556,5729,3472.0,1448.9999999999993,1140.0000000000005,0.133625,16.147,-0.017999999999999985
E02003557,7108,5073.000000000001,1487.9999999999998,889.0000000000002,0.06375,12.29316666666665,-0.43425
E02003558,7337,4712.999999999999,1268.9999999999998,1619.0000000000018,0.25637499999999996,21.973,0.93975
E02003559,7784,4764.0,1883.0000000000005,1573.999999999998,0.0908,10.169799999999999,-0.40280000000000005
E02003560,7335,4607.000000000001,1263.0000000000005,1769.000000000001,0.3658,27.918933333333342,1.1954
E02003561,8269,6342.000000000001,1166.9999999999998,1039.0000000000002,0.18859999999999996,24.692400000000003,0.821
E02003562,8246,5349.999999999999,1765.0,1569.9999999999995,0.1467,15.704533333333348,0.23879999999999998
E02003563,7948,5124.000000000002,1632.9999999999989,1571.999999999999,0.2219,19.75046666666668,0.6902
E02003564,8010,4823.000000000001,1964.0000000000007,1642.9999999999989,0.2144,21.13639999999998,0.4166
E02003565,6847,5592.000000000002,654.9999999999995,736.9999999999993,0.162875,20.841833333333327,0.94625
E02003566,6422,3840.000000000001,1783.0000000000007,1263.0,0.226375,19.445833333333326,0.7062499999999999
E02003567,7995,5098.0,1437.0000000000014,1779.9999999999973,0.24559999999999998,20.79466666666666,0.611
E02003568,8195,6143.000000000001,1164.0000000000002,1197.9999999999998,0.1469,14.550999999999998,0.445
E02003569,7916,5750.000000000001,1158.9999999999998,1343.000000000001,0.20937499999999998,20.798833333333324,0.7362500000000001
E02003570,12122,9003.000000000004,850.0,2471.0000000000023,0.2884166666666667,32.282222222222195,1.0858333333333334
E02003571,10085,8553.999999999998,814.9999999999983,810.0,0.1302,22.034399999999998,0.6674
E02003572,6167,3867.0,1509.0000000000002,1189.0000000000011,0.1395,16.682583333333348,0.323
E02003573,7801,4713.0,1877.9999999999995,1648.9999999999995,0.3016,31.08946666666666,1.0288
E02003574,7607,4756.999999999999,2113.0000000000005,1269.0000000000002,0.1422,21.38020000000002,0.2872
E02003575,6506,3994.000000000001,1282.9999999999995,1571.000000000001,0.361625,38.21241666666668,1.33575
E02003576,8089,5294.999999999999,1528.0,1619.000000000002,0.22160000000000002,22.53473333333332,0.734
E02003578,6341,4095.999999999999,1558.0000000000002,1079.0000000000014,0.16112500000000002,21.964916666666653,0.34075
E02003579,9615,6426.0,1955.999999999998,1717.999999999999,0.156,19.125666666666667,0.43350000000000005
E02003580,6136,3756.000000000001,1165.0000000000016,1507.9999999999986,0.368125,31.640916666666676,1.32675
E02003581,7797,4835.999999999999,2307.0,1283.9999999999998,0.1857,22.186533333333323,0.3774
E02003582,8600,4825.0,2987.000000000001,1397.0000000000002,0.1196,13.835400000000002,0.0232
E02003583,7590,4301.000000000001,2651.9999999999995,1227.0000000000002,0.213,21.48191666666665,0.53875
E02003584,6073,3914.9999999999995,1983.9999999999986,724.0000000000005,0.24675000000000002,31.049499999999977,0.9440000000000001
E02003585,6528,3375.0,2970.9999999999995,792.9999999999997,0.11725,17.969333333333353,0.13225
E02003586,7664,4403.000000000001,2602.999999999999,1238.9999999999986,0.21679999999999996,20.81366666666666,0.7325999999999999
E02003587,8600,5134.999999999998,2386.000000000001,1664.9999999999989,0.27609999999999996,24.086400000000005,0.8754
E02003588,9487,5925.000000000001,2506.9999999999995,1642.9999999999984,0.2271,24.626399999999983,0.8258000000000001
E02003589,7517,4821.0,1713.0,1387.0,0.253,23.263333333333318,0.945
E02003590,7206,3423.0,3798.000000000002,783.9999999999998,0.11069999999999999,18.9096,0.014199999999999999
E02003591,9497,5466.0,2969.999999999999,1698.0,0.1735,21.467722222222232,0.46916666666666673
E02003592,9844,4921.999999999999,4887.999999999998,1065.9999999999998,0.17800000000000002,27.884166666666687,0.3605
E02003593,5244,2848.0,2400.999999999999,620.0000000000007,0.126125,33.9935,-0.02475
E02003594,9392,5356.999999999999,3457.000000000001,1373.0000000000005,0.2493,23.577800000000018,0.7398
E02003595,8028,4231.0,3706.0000000000005,1005.0000000000011,0.14508333333333334,18.07249999999998,0.38366666666666666
E02003596,8742,4884.0,3625.9999999999995,1188.0000000000005,0.25558333333333333,23.689277777777786,0.8293333333333334
E02003597,5699,3084.0,2460.0000000000005,727.0000000000005,0.153125,36.88266666666665,0.15649999999999997
E02003598,7271,3938.9999999999995,3246.0000000000014,908.0,0.2306,33.839666666666666,0.6488
E02003599,5681,3612.0000000000014,1241.9999999999998,1158.0000000000011,0.16716666666666669,18.212,0.023333333333333327
E02003600,6423,3866.0,1862.9999999999995,1122.0000000000011,0.15237499999999998,20.593833333333325,-0.16800000000000004
E02003601,8326,5122.0,2334.999999999999,1518.999999999999,0.10189999999999999,24.09573333333334,-0.6406000000000001
E02003602,6732,3953.0,2200.0,1105.0000000000002,0.12662500000000002,31.369916666666676,-0.4315
E02003603,11296,7207.000000000002,2456.0000000000005,2206.0000000000005,0.13875,19.464944444444452,0.05116666666666666
E02003604,11377,7223.999999999999,2189.000000000001,2495.0000000000014,0.11612500000000002,14.762749999999992,-0.380625
E02003605,10793,7111.999999999999,2227.9999999999986,2011.9999999999998,0.08578571428571427,16.782571428571426,-0.8215714285714286
E02003606,10166,6144.0,2771.000000000001,1932.0000000000018,0.10033333333333333,20.470722222222214,-0.7321666666666666
E02003607,11614,7352.000000000002,2503.000000000001,2426.9999999999986,0.099875,21.5455,-0.5231250000000001
E02003608,12529,7896.999999999997,3149.0,2369.0,0.12474999999999999,20.034388888888902,-0.434
E02003609,12042,7619.0,2627.999999999999,2409.000000000001,0.11316666666666665,16.347166666666684,-0.5168333333333333
E02003610,9183,5542.999999999999,2254.9999999999995,1797.000000000001,0.06989999999999999,11.516400000000015,-0.9388
E02003611,10469,6369.999999999999,2668.000000000001,2090.0,0.098,13.94646666666666,-0.7485999999999999
E02003612,12920,7739.0,2740.9999999999973,3007.0,0.10425,13.768999999999984,-0.6945000000000001
E02003613,5738,3602.0000000000014,1543.0000000000005,958.0000000000007,0.12925,15.798999999999992,-0.38275000000000003
E02003614,8127,5266.999999999998,1942.999999999999,1465.9999999999977,0.0648,11.089266666666674,-0.8263999999999999
E02003615,10724,6435.999999999998,3006.0,2043.0000000000011,0.08108333333333334,14.987777777777767,-0.8475
E02003616,5620,3208.999999999998,1921.9999999999998,940.9999999999993,0.084625,24.110916666666675,-0.59475
E02003617,8990,5195.0,2983.9999999999977,1516.9999999999993,0.08966666666666667,27.352611111111116,-0.5924999999999999
E02003618,8649,4992.000000000002,2503.9999999999986,1648.0,0.1048,20.625999999999998,-0.3136
E02003619,11923,7165.000000000001,3340.000000000001,2234.9999999999995,0.11014285714285714,23.546047619047624,-0.22214285714285717
E02003620,8278,4645.999999999999,2802.0,1482.999999999999,0.13166666666666665,12.033111111111117,-0.08366666666666667
E02003621,8160,4569.0,2825.0000000000023,1344.9999999999995,0.10858333333333332,9.370111111111113,-0.39433333333333337
E02003622,9211,5629.0,2118.0,1894.9999999999986,0.23533333333333337,18.538722222222216,0.4041666666666666
E02003623,12940,7952.0,2871.9999999999995,2728.999999999999,0.0941875,13.103333333333337,-0.66025
E02003624,5918,3770.999999999999,1459.9999999999998,900.9999999999997,0.14025,21.355166666666676,0.44549999999999995
E02003625,8916,6065.999999999999,1996.999999999999,1364.0000000000002,0.23325000000000004,26.889499999999984,0.8533333333333334
E02003626,5678,3670.9999999999995,1345.9999999999986,1020.9999999999992,0.135,15.57508333333335,-0.249
E02003627,10998,7645.0,1997.0000000000007,1844.000000000001,0.1759285714285714,27.834523809523812,0.2917142857142857
E02003628,9735,6181.000000000003,1162.9999999999984,2606.0000000000005,0.31639999999999996,35.253333333333345,0.446
E02003629,10735,6872.999999999999,1914.9999999999977,2339.0,0.2621666666666666,25.72,0.5671666666666667
E02003630,11470,7924.000000000001,1428.999999999999,2492.0000000000005,0.28478571428571425,28.529857142857143,0.7344285714285714
E02003631,5417,3403.999999999999,1453.9999999999995,921.9999999999985,0.212,20.49033333333333,0.31525
E02003632,6168,3992.000000000001,1360.9999999999993,1199.9999999999998,0.16425,22.35041666666665,0.19024999999999997
E02003633,10610,6763.000000000001,2061.000000000001,2298.0000000000027,0.16885714285714287,18.144380952380942,-0.014857142857142859
E02003635,10885,6638.000000000001,1831.9999999999995,2793.0000000000014,0.1093,17.7742,-0.205
E02003636,7297,4569.0,1998.999999999999,1248.9999999999995,0.08675000000000001,16.50441666666665,-0.9770000000000001
E02003637,11205,6921.0,3056.000000000002,1998.9999999999995,0.10925,23.46461111111112,-0.6441666666666667
E02003638,7766,4602.0,2281.0000000000005,1435.0000000000011,0.0991,14.795733333333331,-0.7132000000000001
E02003639,9521,6038.000000000002,2251.0,1814.999999999999,0.1784,17.526,0.01259999999999999
E02003640,6112,3670.0,1790.0000000000007,1012.0000000000011,0.08499999999999999,12.418583333333318,-0.80325
E02003641,5248,3193.000000000001,1488.0,980.0000000000009,0.064375,12.31258333333335,-0.8260000000000001
E02003642,9943,6317.999999999999,1567.9999999999995,2462.9999999999977,0.23929999999999998,22.29860000000002,0.258
E02003643,14081,9017.0,2168.0,3443.9999999999977,0.10574999999999998,12.486,-0.36589999999999995
E02003644,11183,7120.0,2170.000000000001,2485.000000000002,0.1826,17.9822,-0.0722
E02003645,7043,4372.999999999999,1796.000000000001,1301.0,0.09975,15.122666666666674,-0.8625
E02003646,10861,6725.000000000002,2198.0,2433.0000000000005,0.17135714285714285,17.62023809523809,-0.12785714285714286
E02003647,10989,7133.999999999997,2352.9999999999995,2037.0000000000005,0.13766666666666666,18.83166666666668,-0.20766666666666667
E02003648,5707,3589.9999999999995,1218.0,1211.0000000000007,0.18883333333333333,20.898,-0.06500000000000002
E02003649,6678,4105.0,2064.999999999998,1071.9999999999998,0.074,11.783916666666666,-1.00075
E02003650,7014,4002.0,2652.999999999999,1052.0000000000005,0.1072,24.239933333333322,-0.5795999999999999
E02003651,7032,4103.000000000001,2229.0,1199.0000000000005,0.11875,22.4629166666667,-0.4055
E02003652,10633,6199.999999999998,2507.0000000000014,2345.0000000000023,0.08891666666666669,19.230833333333344,-0.8793333333333333
E02003653,6867,4177.0,1818.0000000000016,1229.9999999999998,0.10300000000000001,15.629833333333334,-0.817
E02003654,5877,3434.000000000001,1970.0,971.9999999999993,0.07625,24.096083333333326,-1.215
E02003655,10474,6314.000000000002,2917.0,1977.9999999999986,0.09341666666666666,26.0852777777778,-1.0233333333333332
E02003656,6821,4036.0000000000005,2076.0000000000014,1231.000000000001,0.1,16.804583333333326,-0.8334999999999999
E02003657,7639,4532.0,2244.0,1472.9999999999977,0.089875,22.108666666666675,-1.34875
E02003658,10504,6351.999999999997,2487.000000000002,2267.9999999999986,0.10714285714285716,16.82576190476193,-0.8474285714285715
E02003659,9824,6065.000000000002,2209.999999999999,2129.9999999999977,0.10492857142857141,25.8412857142857,-0.8314285714285715
E02003660,10992,6640.000000000002,3066.0,2058.0,0.0835,22.01566666666665,-1.3256666666666668
E02003661,5904,3744.0,1592.0,995.9999999999986,0.07162500000000001,31.868416666666675,-1.09075
E02003662,6317,4294.999999999998,1291.0000000000005,1121.0000000000016,0.14825000000000002,17.656416666666672,-0.42075
E02003663,14599,9380.000000000002,1262.0000000000005,4221.000000000001,0.16805555555555557,18.389629629629646,-0.1312222222222222
E02003664,8402,5364.000000000002,1274.0,2016.9999999999993,0.20075,20.1595,0.1015
E02003665,6347,4143.0,1200.999999999999,1283.9999999999998,0.121125,13.548666666666652,-0.50125
E02003666,7705,5233.0,1405.0000000000002,1392.0000000000018,0.18989999999999999,24.02306666666668,-0.05900000000000001
E02003667,9291,6351.999999999998,1470.9999999999986,1883.9999999999995,0.1045,14.17133333333333,-0.7198333333333333
E02003668,8737,4955.000000000002,2591.0,1632.0,0.07016666666666667,9.795666666666673,-1.1165
E02003669,7405,4781.0,1091.0000000000016,1753.0000000000018,0.245375,27.560083333333353,0.33375
E02003670,9218,5961.999999999999,2062.9999999999977,1756.0000000000011,0.09008333333333333,13.416166666666676,-0.7855
E02003671,5996,3979.000000000001,1070.9999999999995,1296.0,0.17625,21.501166666666673,-0.16175
E02003672,13369,7827.000000000005,3613.999999999999,2754.9999999999964,0.09792857142857143,15.021428571428583,-1.0011428571428571
E02003673,9883,5626.999999999998,3102.0,1888.9999999999993,0.08308333333333333,15.382722222222215,-1.1521666666666666
E02003674,5734,3178.999999999999,1881.9999999999995,1076.0,0.0625,20.216583333333325,-1.6022499999999997
E02003675,9681,5871.0,2333.9999999999995,1854.9999999999993,0.07591666666666666,15.981277777777784,-1.0591666666666668
E02003676,8167,4669.999999999998,2823.999999999999,1390.0,0.053500000000000006,25.112250000000003,-1.785
E02003677,10348,6313.999999999999,2265.000000000002,2243.9999999999995,0.17541666666666667,19.328611111111112,-0.592
E02003678,5796,3458.0,1526.0000000000011,1154.9999999999995,0.09974999999999999,14.90741666666665,-0.96875
E02003679,7097,4453.000000000001,1561.000000000001,1431.0000000000002,0.15362499999999998,19.60391666666665,-0.45475
E02003680,9860,5462.0,3321.9999999999995,1769.0000000000005,0.062416666666666655,15.9136111111111,-1.6401666666666666
E02003681,10647,6018.999999999998,2897.9999999999995,2294.9999999999986,0.07508333333333332,11.201500000000001,-1.6081666666666667
E02003682,7653,4521.0,2000.0000000000005,1526.9999999999995,0.06420000000000001,11.776,-1.4834
E02003683,7281,4187.000000000001,1844.9999999999989,1619.0000000000007,0.080625,11.157333333333344,-1.5655
E02003685,8196,4701.000000000001,2422.0000000000014,1673.000000000001,0.060875,10.610250000000008,-2.02025
E02003686,7799,4396.000000000002,2428.000000000001,1465.0,0.0702,10.176066666666673,-1.3885999999999998
E02003687,5856,3382.0,1636.0000000000002,1221.0000000000011,0.08033333333333333,8.75466666666667,-1.6276666666666666
E02003688,12431,7212.999999999998,3320.999999999997,2510.0000000000014,0.0767857142857143,10.004380952380943,-1.622428571428571
E02003689,9402,5464.0,2752.000000000001,1791.000000000001,0.0593,11.927199999999992,-1.9919999999999998
E02003690,7407,4445.000000000001,2246.0,1272.9999999999986,0.125,20.184083333333326,-1.06425
E02003691,7270,4184.000000000001,2103.9999999999986,1489.0,0.07824999999999999,16.673166666666674,-1.45275
E02003692,8945,5381.999999999999,2727.0,1588.0000000000005,0.0871,21.43266666666668,-1.4280000000000002
E02003693,7247,4276.000000000003,2325.000000000002,1141.9999999999995,0.06325,16.174416666666676,-1.7985000000000002
E02003694,8565,5262.0,2092.000000000001,1716.999999999999,0.1392,14.35886666666666,-0.7764
E02003695,11011,6974.0,2759.000000000001,2039.0000000000002,0.11316666666666668,21.38688888888888,-1.2666666666666668
E02003696,8760,4860.000000000001,3043.0000000000027,1462.999999999999,0.10729999999999999,15.491799999999978,-1.0934000000000001
E02003697,6405,3820.0,1915.9999999999995,1133.9999999999995,0.061000000000000006,22.554333333333325,-1.6500000000000001
E02003698,8230,4769.000000000002,2727.0000000000005,1350.000000000002,0.043416666666666666,14.744444444444449,-1.6663333333333334
E02003699,5844,3509.0000000000014,1708.0000000000007,1035.999999999999,0.1075,27.379166666666677,-0.8200000000000001
E02003701,12367,7501.999999999998,2658.000000000001,2635.999999999999,0.1362857142857143,17.896238095238086,-0.9039999999999999
E02003702,8269,5209.000000000002,2410.000000000001,1341.000000000001,0.057800000000000004,29.826599999999996,-1.6542
E02003703,9087,5973.000000000001,1543.0000000000018,1940.000000000001,0.1206,16.27666666666666,-0.8964000000000001
E02003704,5771,3412.9999999999995,1683.0000000000002,1079.9999999999998,0.04775,11.516666666666657,-1.8145
E02003705,7251,4817.0,1041.9999999999995,1621.0000000000005,0.193125,24.38058333333335,-0.48624999999999996
E02003706,6824,4370.000000000002,1253.0000000000005,1457.000000000002,0.18687499999999999,19.748500000000003,-0.36850000000000005
E02003707,6804,4589.000000000001,999.9999999999997,1481.0000000000002,0.1625,22.195500000000024,-0.6055
E02003708,9935,6777.999999999999,1161.999999999999,2235.0,0.2648,32.31719999999998,0.0038000000000000035
E02003709,5699,3640.0000000000005,945.0000000000017,1338.9999999999995,0.22325,23.92358333333335,-0.17825000000000002
E02003710,13608,8855.0,1837.9999999999982,3047.9999999999995,0.14633333333333334,19.297777777777785,-0.8483333333333335
E02003711,10032,6691.000000000001,1687.9999999999984,2074.9999999999973,0.15525,19.583666666666684,-0.49966666666666665
E02003712,8092,4771.999999999997,2192.0,1537.9999999999989,0.1646,20.644733333333324,-0.4054000000000001
E02003713,5856,3274.000000000001,1869.0000000000007,1081.0000000000014,0.078875,14.489166666666684,-1.7149999999999999
E02003714,6863,4253.999999999999,1648.0000000000002,1341.0,0.093375,19.044833333333322,-1.2354999999999998
E02003715,6522,3658.0000000000014,2049.0,1231.0000000000007,0.04325,15.151583333333315,-1.94575
E02003716,5965,3472.9999999999995,1867.0000000000005,1030.0000000000014,0.0695,15.48108333333331,-1.5095
E02003717,9167,5061.999999999999,2828.0,1811.000000000001,0.06941666666666667,8.799388888888883,-1.5476666666666665
E02003718,5759,3350.9999999999986,1549.0,1153.9999999999995,0.09237500000000001,14.040333333333349,-1.278
E02003719,10057,6966.0,1725.000000000001,1808.9999999999982,0.2041666666666667,17.747555555555564,0.31783333333333336
E02003720,9676,6427.0,1841.999999999999,1812.0000000000005,0.14816666666666667,16.471277777777782,-0.2723333333333333
E02003721,9874,6718.999999999998,1933.9999999999998,1659.0,0.17008333333333334,16.89,0.011333333333333334
E02003722,8690,5929.0,2015.0,1217.0000000000014,0.06770000000000001,14.89466666666666,-1.149
E02003723,13813,11686.000000000002,1285.9999999999998,1067.9999999999986,0.0368,12.274933333333314,-1.5682
E02003724,10317,7319.0,1621.9999999999975,1788.0000000000005,0.19599999999999998,20.93266666666665,0.06083333333333333
E02003725,16917,14291.000000000002,1829.0000000000018,1098.9999999999995,0.023700000000000002,17.95406666666666,-1.6291999999999998
E02003726,8272,6327.0,1176.0000000000002,984.0000000000006,0.0782,18.000666666666678,-0.7300000000000001
E02003727,10262,7957.000000000001,1274.0000000000002,1340.0,0.0803,17.9438,-0.49380000000000007
E02003728,10813,8132.0,1692.9999999999995,1350.0000000000014,0.09483333333333333,13.729333333333317,-0.5238333333333334
E02003729,9327,5932.0,1987.999999999999,1869.9999999999986,0.12666666666666668,11.164000000000017,-0.4033333333333333
E02003731,12061,8723.999999999998,2132.9999999999986,1579.9999999999995,0.057416666666666664,12.52138888888888,-1.394166666666667
E02003732,10059,6319.999999999998,2339.9999999999986,2004.9999999999995,0.15283333333333335,20.793055555555544,-0.15083333333333335
E02003733,8677,5162.0,2566.000000000001,1585.999999999999,0.09659999999999999,23.1446,-0.8033999999999999
E02003734,12044,7295.999999999998,3043.0,2233.0000000000005,0.11957142857142856,9.846190476190468,-0.7204285714285713
E02003735,8546,5220.000000000001,2235.0000000000014,1495.000000000001,0.0893,15.024266666666662,-0.8103999999999999
E02003736,10529,6189.999999999998,3222.0,1898.999999999999,0.11691666666666667,25.7608888888889,-0.7018333333333334
E02003737,13657,8649.0,3124.000000000001,2663.0000000000005,0.12307142857142858,19.376476190476172,-0.3575714285714286
E02003738,6785,4103.000000000001,1879.9999999999982,1307.9999999999993,0.115625,20.874583333333327,-0.48724999999999996
E02003739,6537,3807.9999999999995,1972.9999999999995,1179.9999999999998,0.09175,15.052500000000025,-1.0435
E02003740,6279,3568.0,2048.9999999999995,1087.0000000000005,0.08900000000000001,19.3621111111111,-0.7506666666666666
E02003742,6810,3860.000000000002,2564.0000000000014,1022.9999999999985,0.179625,32.040499999999994,0.3795
E02003743,11121,6909.0,2643.9999999999986,2154.000000000002,0.2815,35.06279999999998,0.8450000000000001
E02003744,13729,8583.0,3710.0000000000005,2338.0000000000014,0.2545625,33.50579166666666,0.8455
E02003745,10508,6216.000000000001,3379.9999999999986,1810.0,0.20741666666666667,34.84766666666666,0.41816666666666663
E02003746,7694,4753.999999999999,2110.999999999999,1344.0000000000018,0.17062500000000003,27.496000000000027,0.159
E02003747,12972,7620.0,3847.9999999999973,2348.0000000000014,0.16899999999999998,21.454541666666664,0.18162499999999998
E02003748,7561,4349.0,2503.9999999999995,1272.0,0.239,28.211083333333328,0.51325
E02003749,6167,3769.000000000001,1936.999999999999,1012.9999999999994,0.121375,26.94491666666667,0.03325
E02003750,7594,4289.999999999998,2712.0000000000014,1171.0,0.16675,23.32425,0.34800000000000003
E02003751,7712,4442.999999999998,2438.0000000000005,1388.0000000000023,0.13,26.175555555555565,0.0023333333333333353
E02003752,11134,6791.0,3024.000000000002,1994.9999999999993,0.16025,21.943999999999985,0.2735
E02003753,11239,6883.000000000002,2813.0,2181.999999999998,0.13633333333333333,16.4346111111111,-0.29983333333333334
E02003754,5800,3492.0000000000014,1899.9999999999982,910.9999999999984,0.090375,21.826416666666674,-1.04075
E02003755,8881,5456.999999999999,2445.000000000001,1625.0000000000011,0.16349999999999998,19.740066666666678,-0.21500000000000002
E02003756,7180,4357.0,2096.000000000001,1244.0000000000005,0.1083,15.989733333333339,-0.7458
E02003757,7120,4260.999999999998,2127.000000000001,1310.0,0.11625,17.698916666666676,-0.634
E02003758,9857,6138.999999999998,2698.000000000001,1729.0000000000002,0.09008333333333333,20.73477777777777,-1.0490000000000002
E02003759,6033,3508.0,2095.000000000001,955.0000000000003,0.080375,15.208583333333351,-1.00725
E02003760,9110,6046.0,1328.000000000001,2040.0,0.2293,22.07986666666666,0.278
E02003761,5970,3499.9999999999995,1966.0000000000014,921.9999999999995,0.10775000000000001,14.664500000000007,-0.57175
E02003762,12309,7422.999999999999,2833.999999999998,2684.9999999999986,0.09691666666666666,14.69744444444445,-0.794
E02003763,9587,5918.0,2531.9999999999995,1751.0000000000018,0.09592857142857143,12.474952380952397,-0.7311428571428571
E02003764,10589,7199.0,1890.0000000000005,1957.999999999997,0.11316666666666665,13.607888888888894,-0.5195
E02003765,7475,4465.000000000001,2222.0,1187.0000000000007,0.10887499999999999,14.92275,-0.69325
E02003766,8194,5136.0,1840.000000000001,1695.9999999999995,0.12840000000000001,13.169666666666654,-0.25059999999999993
E02003767,6470,3955.0000000000023,2085.000000000001,1011.9999999999995,0.06925,25.49175000000002,-1.3345
E02003768,10235,5779.999999999998,3519.0,1714.9999999999984,0.079,14.122,-1.1485
E02003769,7609,4740.999999999999,2563.999999999999,1005.0000000000016,0.07775,20.397166666666653,-0.91075
E02003770,11094,6747.0,2291.0000000000005,2531.0,0.10733333333333334,14.085333333333333,-0.7655
E02003771,6390,3992.9999999999995,1725.0000000000002,1056.9999999999998,0.11875,12.312249999999974,-0.59175
E02003772,6747,3922.0,2234.9999999999977,1065.0000000000011,0.0591,9.946333333333335,-1.1936
E02003773,10496,6855.000000000002,2294.0,1900.0,0.1417142857142857,14.507571428571413,-0.336
E02003774,5711,3410.0,1707.0,992.9999999999991,0.15175,16.603416666666675,-0.155
E02003775,7392,4403.000000000003,2034.9999999999995,1449.0000000000005,0.091625,13.291166666666676,-1.2155
E02003776,7033,4180.000000000001,1951.9999999999984,1269.9999999999995,0.10137499999999999,17.564916666666676,-1.06825
E02003777,10658,6656.0,1820.000000000001,2498.0000000000005,0.08435714285714287,12.146238095238086,-1.0871428571428572
E02003778,6699,4225.000000000001,1541.0000000000011,1301.0000000000005,0.098125,18.95658333333335,-0.843
E02003780,11647,7269.0,2758.999999999999,2177.999999999999,0.11335714285714284,10.735523809523803,-0.7869999999999999
E02003781,6278,4154.000000000002,1534.9999999999993,986.9999999999985,0.10924999999999999,14.20891666666666,-0.9302500000000001
E02003784,9103,5395.0,2522.9999999999995,1708.9999999999977,0.06820000000000001,15.093333333333339,-1.5076
E02003785,8923,5470.000000000001,2125.0,1747.0000000000027,0.09558333333333334,13.219833333333334,-0.7981666666666668
E02003786,6730,3834.9999999999986,2112.000000000001,1192.0,0.064125,9.819999999999993,-1.4457499999999999
E02003787,7808,4382.0,2691.0,1346.9999999999998,0.093375,25.070416666666674,-1.24725
E02003788,8567,5020.0,2196.000000000002,1803.0000000000014,0.07909999999999999,13.44253333333332,-1.3558
E02003789,7386,4275.000000000001,2092.0,1448.999999999999,0.1091,11.797066666666675,-0.6634
E02003790,9302,5367.000000000001,3023.999999999999,1537.000000000002,0.08800000000000001,19.79966666666668,-1.2489999999999999
E02003791,8454,5005.999999999999,2370.9999999999995,1638.9999999999984,0.08158333333333334,19.1365,-1.3479999999999999
E02003792,10069,5782.999999999999,3092.000000000002,1879.999999999999,0.102,17.757611111111128,-0.9658333333333333
E02003793,7350,4432.999999999999,2062.0,1396.0,0.104625,28.952749999999977,-1.0865
E02003794,8634,5078.0,2692.999999999999,1532.0000000000007,0.11275,23.8205,-0.1655
E02003795,6469,3818.000000000001,1942.999999999999,1033.9999999999993,0.09349999999999999,17.952222222222233,-0.33066666666666666
E02003796,7444,4246.000000000001,2369.0000000000023,1348.000000000001,0.2021,12.70686666666666,0.25880000000000003
E02003797,10145,6384.000000000001,2740.0000000000005,1654.9999999999977,0.07100000000000001,9.226166666666659,-0.4788333333333333
E02003798,6321,3861.000000000001,1402.999999999999,1363.9999999999982,0.34175,25.406916666666675,1.017
E02003799,7329,4481.0,1709.000000000001,1527.9999999999995,0.31609999999999994,25.156200000000002,1.0619999999999998
E02003800,7144,3958.9999999999995,2524.0000000000005,1219.9999999999993,0.07125000000000001,14.013,-1.0885
E02003801,7113,4299.0,1996.0000000000002,1293.0,0.10800000000000001,11.212733333333336,-0.3416
E02003802,8820,6592.999999999998,1963.9999999999995,800.0000000000005,0.16575,20.700833333333314,0.6793333333333335
E02003803,10518,8693.999999999998,1547.0,589.0000000000001,0.09457142857142857,19.47471428571429,0.3212857142857143
E02003804,6982,4596.000000000001,1648.9999999999995,1116.9999999999986,0.1275,17.621583333333323,-0.21975
E02003805,6332,3533.0,2153.9999999999986,1067.9999999999982,0.063125,15.054749999999977,-0.92775
E02003806,8408,4948.999999999999,2077.0000000000005,1799.0000000000005,0.06008333333333333,9.539,-0.5556666666666666
E02003807,8776,5118.000000000002,2954.9999999999995,1237.0,0.08575,10.046444444444449,-0.6035
E02003808,6587,4205.000000000002,1373.9999999999995,1407.0,0.25925,20.571583333333344,0.4045000000000001
E02003809,8749,5023.0,2930.0000000000005,1436.9999999999998,0.100875,24.305333333333326,-0.741
E02003810,10054,5776.0,3287.999999999999,1750.0000000000014,0.1018,24.2856,-0.7852
E02003811,7776,4514.999999999998,2550.0,1289.9999999999995,0.070625,20.583750000000023,-0.71475
E02003812,6731,3640.000000000001,2235.000000000001,1221.9999999999995,0.074875,10.459833333333334,-0.9195
E02003813,6081,3683.999999999999,2105.0000000000005,843.0000000000011,0.10250000000000001,15.170999999999975,-0.12025000000000002
E02003814,8344,5341.999999999999,1773.9999999999995,1692.9999999999995,0.1446,18.435133333333344,0.11480000000000001
E02003815,7833,4620.000000000001,1988.9999999999995,1688.000000000001,0.2395,18.29466666666665,0.4275
E02003816,7805,4806.0,2260.000000000001,1233.0000000000005,0.18125,16.053749999999994,0.23625
E02003817,7877,4429.0,2669.000000000001,1319.9999999999984,0.08325,8.3095,-0.518
E02003818,5744,3225.0000000000014,2181.0000000000005,828.0000000000006,0.045375000000000006,9.384333333333332,-0.9530000000000001
E02003819,6923,3923.0,2443.0000000000005,1093.0000000000002,0.08625,10.554916666666667,-0.50925
E02003820,9936,6488.999999999998,1913.999999999999,2032.0,0.08969999999999999,10.652066666666686,-0.4758
E02003821,5716,3355.000000000001,1948.0000000000005,852.0,0.147125,13.724083333333319,0.09225
E02003822,12032,7165.999999999998,4188.000000000002,1803.0000000000027,0.10018750000000001,22.08783333333333,-0.35000000000000003
E02003823,7142,3849.0,2568.9999999999986,1195.0000000000018,0.137625,11.542666666666676,-0.2995
E02003824,6904,4040.999999999998,1832.0000000000018,1377.9999999999986,0.08816666666666667,8.473444444444443,-0.7283333333333334
E02003825,6308,4349.0,1343.999999999999,1096.9999999999989,0.093375,11.892250000000008,-0.24374999999999997
E02003826,9159,5789.0,1720.999999999999,2045.0000000000011,0.2573,26.841266666666662,0.7779999999999999
E02003827,10074,6424.000000000001,1882.0000000000011,2158.0000000000014,0.29383333333333334,31.3655,0.8156666666666667
E02003828,6623,3995.000000000001,1358.9999999999998,1558.0000000000005,0.276625,27.12066666666665,0.6267499999999999
E02003829,5786,3523.0000000000005,1986.0000000000023,692.9999999999989,0.123125,12.973833333333324,0.006000000000000005
E02003830,8153,5436.000000000001,1416.9999999999998,1660.0000000000014,0.2738,30.674066666666658,0.9109999999999999
E02003831,10425,6286.0,3284.999999999998,1762.9999999999989,0.08521428571428571,14.000809523809519,-0.4404285714285714
E02003832,6762,4953.0,893.0,1141.9999999999998,0.204625,39.5910833333333,0.39925
E02003833,6286,3910.000000000001,1519.9999999999982,1230.0,0.16625,14.137583333333342,0.21575000000000003
E02003834,7210,4969.999999999998,1188.9999999999982,1358.0000000000005,0.213375,24.437333333333324,0.39325
E02003835,8539,4773.0,3218.0000000000014,1247.999999999999,0.063,8.824333333333326,-0.7663333333333333
E02003836,6926,3935.0,2602.999999999999,893.0000000000005,0.1488,14.905333333333328,-0.047799999999999995
E02003838,8706,5263.0,2330.9999999999977,1645.999999999999,0.0949,14.506866666666662,-0.46980000000000005
E02003839,7116,4052.0,2553.9999999999986,1031.0,0.1427,12.2746,-0.16439999999999996
E02003840,11039,6207.0,4379.999999999998,1629.0000000000005,0.0888,30.80886666666666,-0.782
E02003841,7934,4484.0,2934.000000000002,1193.9999999999998,0.14575,13.143666666666682,-0.019250000000000017
E02003842,5770,3177.000000000002,2320.0,809.9999999999991,0.06875,16.617166666666677,-0.5952500000000001
E02003843,6451,3987.000000000001,1907.9999999999995,1069.000000000001,0.205375,18.149333333333324,0.6575
E02003844,6627,3760.9999999999995,2516.000000000001,947.0000000000002,0.098125,10.912,-0.43274999999999997
E02003845,11497,7690.999999999999,1754.9999999999998,2566.000000000001,0.3316428571428572,27.271571428571413,1.0778571428571428
E02003846,6912,4262.0,1442.0000000000018,1576.9999999999986,0.3238,24.017199999999995,1.1016
E02003847,10253,6503.0,2955.999999999999,1652.9999999999998,0.07028571428571428,9.100428571428582,-0.40228571428571425
E02003848,5324,3331.0,1272.0000000000014,1000.0000000000002,0.25575,20.9955,0.8242499999999999
E02003849,8517,5453.0,1440.0000000000002,1984.9999999999993,0.3419,22.651733333333322,1.2968
E02003850,5003,3035.000000000001,1597.0000000000002,772.9999999999998,0.135375,13.207749999999983,0.03699999999999999
E02003851,5715,3513.000000000001,1830.9999999999989,889.9999999999998,0.074375,8.889666666666674,-0.24175
E02003852,6393,3834.0,2233.999999999999,939.0000000000002,0.067625,10.89625,-0.38425
E02003853,6174,3600.0000000000014,2082.000000000001,990.0000000000001,0.072,15.10975,-0.6477499999999999
E02003854,6643,3603.999999999999,2210.0,1264.0000000000005,0.09119999999999999,9.366733333333329,-0.6599999999999999
E02003855,6454,3257.000000000001,2651.0000000000005,1037.999999999999,0.048625,7.715666666666658,-1.036
E02003856,11902,7466.000000000001,2931.0000000000023,2272.0,0.16941666666666666,13.712777777777776,-0.026833333333333338
E02003857,6941,4319.0,1711.0000000000002,1338.9999999999986,0.10575,9.51750000000001,-0.831
E02003858,7032,4003.9999999999986,2332.999999999999,1173.9999999999977,0.048125,8.635166666666674,-1.3735
E02003859,12694,7295.999999999998,4208.999999999997,2143.0000000000005,0.07228571428571429,25.985380952380932,-0.6821428571428572
E02003860,7349,4132.0,2030.0000000000002,1553.0000000000005,0.037000000000000005,8.314500000000008,-1.5695000000000001
E02003861,6407,3717.999999999998,1822.000000000001,1220.000000000001,0.159,13.618333333333325,-0.21775
E02003862,5249,2775.9999999999995,2162.000000000001,733.9999999999997,0.042666666666666665,15.712666666666701,-1.3946666666666667
E02003863,6873,3735.9999999999995,2257.0000000000005,1289.9999999999986,0.0621,9.146933333333333,-1.1286
E02003864,8523,4894.0,3138.0,1232.9999999999998,0.058199999999999995,13.950533333333322,-1.0324
E02003865,7940,4666.000000000001,2489.999999999998,1338.9999999999995,0.10110000000000001,15.606866666666681,-0.6486000000000001
E02003866,6236,3621.9999999999986,2010.9999999999998,1079.9999999999995,0.04725,7.927833333333333,-0.9490000000000001
E02003867,7756,4591.0,2174.999999999998,1514.000000000002,0.1323,10.722866666666672,-0.3248
E02003868,8462,5269.999999999998,2265.000000000001,1480.9999999999998,0.17925,17.282833333333322,0.3721666666666667
E02003869,7464,4443.0,2378.999999999999,1206.0000000000005,0.0758,10.783866666666674,-0.3812
E02003870,10461,7305.999999999998,2352.999999999998,1486.999999999999,0.13899999999999998,20.496809523809524,0.142
E02003871,6873,4024.0000000000014,2002.0000000000016,1281.0000000000005,0.20562499999999997,17.184083333333334,0.5055000000000001
E02003872,10302,5990.0,3901.0,1463.0,0.0624,23.935533333333343,-0.9494
E02003873,6302,4005.0,1427.0000000000007,1281.9999999999993,0.248875,20.638166666666674,0.8049999999999999
E02003874,9269,5330.0,3048.000000000001,1510.9999999999986,0.12658333333333335,16.820444444444437,-0.5453333333333333
E02003875,6498,3761.999999999998,2613.999999999999,856.0000000000005,0.06883333333333334,26.178555555555565,-0.993
E02003876,5663,3377.000000000001,1585.0,1062.000000000001,0.14900000000000002,19.47833333333335,-0.013749999999999984
E02003877,9806,5663.0,3574.0000000000027,1392.0,0.0771,16.711399999999998,-0.9513999999999999
E02003878,9408,5561.0,3123.0000000000014,1489.9999999999986,0.1142,19.038733333333337,-0.14059999999999997
E02003879,9286,6265.0,1498.9999999999995,1867.9999999999995,0.14808333333333337,17.17022222222221,0.36466666666666664
E02003880,6646,3884.0000000000005,2043.0000000000002,1157.9999999999993,0.173625,19.173583333333347,0.058249999999999996
E02003881,5856,3874.000000000001,1449.0000000000005,971.9999999999995,0.194,20.7655,0.4675
E02003882,9695,6054.000000000002,2401.9999999999995,1879.9999999999993,0.21550000000000002,20.83644444444445,0.5546666666666668
E02003883,11485,6985.0,3206.999999999998,2020.0000000000014,0.06999999999999999,7.740722222222222,-0.7076666666666668
E02003884,9169,5111.999999999999,3169.999999999999,1592.9999999999989,0.0752,13.652666666666676,-0.8071999999999999
E02003885,6520,3850.000000000001,2039.9999999999977,1133.9999999999986,0.09999999999999999,14.894416666666675,-0.56025
E02003886,6452,4143.000000000001,1387.9999999999982,1232.0000000000005,0.275625,30.17266666666665,0.76125
E02003887,7023,4472.000000000002,1657.000000000001,1313.999999999999,0.157625,14.880083333333324,0.13474999999999998
E02003888,6430,4104.000000000002,1593.0000000000011,1219.9999999999995,0.267375,27.23391666666665,1.06225
E02003889,6631,3999.0000000000005,1362.999999999999,1580.0000000000002,0.30399999999999994,24.9955,1.0497500000000002
E02003890,7323,4579.999999999999,1687.0000000000005,1454.0000000000007,0.22975,22.273166666666675,0.4725
E02003891,6418,3538.999999999999,2342.0,1049.999999999999,0.076875,20.119750000000007,-0.75775
E02003892,6858,3919.0,2809.9999999999986,926.0000000000005,0.13925,35.51608333333333,-0.2545
E02003893,6719,3947.0,2708.0000000000005,895.0000000000005,0.1335,39.47933333333335,-0.2905
E02003894,8559,5058.0,2983.999999999999,1299.000000000001,0.188625,28.308749999999975,-0.0975
E02003895,9932,5887.000000000002,2962.0000000000005,1809.0000000000016,0.20133333333333334,24.324444444444453,0.229
E02003896,6014,3484.0,1992.0,970.0000000000006,0.28225,28.19583333333335,0.639
E02003897,5348,3052.0000000000005,1937.0000000000002,832.9999999999998,0.08725,18.230333333333327,-0.4175
E02003898,6717,3830.000000000001,2635.0000000000005,903.0000000000025,0.121875,35.88549999999999,-0.43274999999999997
E02003899,5330,2913.0,1895.0,911.0000000000009,0.20500000000000002,16.064833333333326,0.36774999999999997
E02003900,7088,4078.999999999998,2333.999999999999,1206.9999999999998,0.15925,16.985,-0.016000000000000004
E02003901,8354,4586.000000000001,3521.000000000001,1137.0000000000007,0.1804,41.76926666666666,0.0029999999999999914
E02003902,5219,3062.000000000001,1786.9999999999995,869.9999999999994,0.20900000000000002,20.670750000000027,0.4285
E02003903,6411,3722.000000000001,2460.999999999998,862.0000000000007,0.1455,30.97577777777777,-0.3356666666666667
E02003904,4968,2773.9999999999995,2277.0000000000005,499.0000000000009,0.13316666666666668,32.37455555555553,-0.06933333333333334
E02003905,7413,4420.000000000001,2071.000000000001,1423.9999999999975,0.139125,33.47358333333332,-0.3405
E02003906,6382,3623.0,2114.0,1093.999999999998,0.14225,31.923250000000003,-0.32075000000000004
E02003907,8610,4977.0,2653.0,1538.9999999999995,0.1305,30.025266666666674,-0.2488
E02003908,8436,4999.000000000001,2452.000000000001,1445.0,0.173625,17.118333333333325,-0.181
E02003909,10810,6714.999999999999,2960.000000000001,1824.999999999999,0.15642857142857142,16.247476190476185,0.178
E02003910,7187,4336.999999999999,2038.0,1164.0000000000023,0.18309999999999998,16.36386666666666,0.3418
E02003911,9288,5178.000000000001,3449.9999999999977,1426.999999999999,0.10250000000000001,27.150799999999997,-0.7056
E02003912,8118,4616.0,3147.9999999999995,1100.0,0.12079999999999999,30.89566666666668,-0.5012000000000001
E02003913,5949,3160.000000000002,2503.999999999999,859.000000000001,0.11575,30.215083333333325,-0.48875
E02003914,8658,5980.000000000004,1767.0000000000018,1253.9999999999975,0.158125,22.966500000000025,-0.12174999999999998
E02003915,8283,5755.0,1865.0,1038.0,0.2162,26.417800000000017,0.3854
E02003916,7129,4925.000000000002,2029.9999999999998,603.9999999999999,0.070625,18.391583333333323,-0.6792499999999999
E02003917,8378,5023.999999999999,2497.999999999999,1490.0000000000016,0.1101,14.20346666666666,-0.6487999999999999
E02003918,7381,4328.000000000001,2495.000000000001,1253.0,0.1754,27.901466666666643,0.033399999999999985
E02003919,7571,4648.999999999999,1987.9999999999989,1441.0000000000002,0.27637500000000004,24.461999999999975,0.612
E02003920,8382,5085.000000000001,2291.9999999999986,1561.9999999999995,0.17012499999999997,18.963416666666674,0.03874999999999999
E02003921,6328,3744.000000000001,2045.0000000000005,991.0,0.168125,34.885916666666645,-0.01175000000000001
E02003922,9038,5598.0,2329.9999999999977,1732.999999999999,0.2512,27.273000000000003,0.3828
E02003923,9644,5965.999999999999,2132.0000000000005,2043.999999999999,0.2516,22.813599999999997,0.4532
E02003924,7422,4303.0,2579.000000000001,1154.0000000000007,0.2586,26.05886666666668,0.5048
E02003925,7326,4319.999999999998,2140.0,1398.0000000000018,0.265,26.893466666666644,0.48980000000000007
E02003926,8418,5079.999999999997,2699.9999999999986,1379.0000000000014,0.12775,37.27591666666665,-0.5585
E02003927,11117,6625.999999999999,3554.9999999999977,1664.999999999997,0.1106,27.910733333333337,-0.6878
E02003928,12270,7252.0,3316.9999999999973,2469.9999999999973,0.15250000000000002,18.581285714285716,-0.20942857142857146
E02003929,6919,3847.0000000000005,2745.0,1010.0000000000007,0.1597,37.72186666666668,-0.19540000000000002
E02003930,8968,5022.000000000001,3631.9999999999995,1242.9999999999973,0.1482,42.90533333333334,-0.484
E02003931,10595,5807.0,3872.0,1759.999999999998,0.18858333333333333,24.27916666666667,-0.0335
E02003932,7475,4149.999999999999,2826.0,1286.0000000000018,0.1546666666666667,41.84622222222223,-0.4749999999999999
E02003933,7005,3991.000000000002,2838.000000000001,984.9999999999994,0.15625,39.63016666666665,-0.249
E02003934,7229,3994.999999999998,2597.000000000002,1275.0,0.200125,38.73550000000002,-0.255
E02003935,10365,6241.0,2678.0000000000023,2045.0000000000007,0.2195,25.628333333333316,0.373
E02003936,8537,4864.0,3532.0,1095.999999999998,0.1262,38.15119999999998,-0.23900000000000002
E02003937,5283,2903.0000000000014,2016.0,805.0000000000003,0.13649999999999998,36.10033333333333,-0.616
E02003938,6734,3925.0,2138.9999999999995,1181.0,0.1587,29.108466666666658,-0.316
E02003939,6728,3751.0,2434.9999999999995,1025.0,0.16275,18.574083333333327,-0.15750000000000003
E02003940,6399,3647.999999999999,2599.000000000001,867.9999999999991,0.1325,39.96591666666668,-0.2615
E02003941,9148,5468.000000000002,2524.0000000000014,1714.9999999999977,0.218625,24.231666666666676,0.08025000000000002
E02003942,8096,4898.0,2059.000000000001,1651.0,0.2793,26.68653333333334,0.515
E02003943,6885,3946.999999999998,2596.9999999999986,960.9999999999993,0.1972,26.19306666666666,-0.05880000000000002
E02003944,10355,5996.0,3267.999999999999,1781.9999999999989,0.20966666666666667,21.034833333333335,0.09183333333333336
E02003945,5844,3282.999999999999,2428.999999999999,728.0000000000011,0.12633333333333333,25.90233333333333,-0.38966666666666666
E02003946,9712,5549.999999999998,3338.0,1640.9999999999977,0.1717,33.68806666666666,-0.2706
E02003947,6653,3772.999999999999,2605.9999999999995,934.9999999999995,0.169125,41.313083333333324,-0.12425000000000001
E02003948,8353,4825.000000000001,2734.0000000000014,1352.9999999999998,0.28369999999999995,27.979466666666678,0.4593999999999999
E02003949,6532,3975.0000000000014,2272.0000000000014,823.0000000000009,0.29100000000000004,33.6175,0.632
E02003950,5458,3068.000000000001,2159.999999999999,783.0000000000005,0.1791666666666667,38.8848888888889,-0.1743333333333333
E02003951,5773,3152.0,2375.0000000000005,791.0000000000009,0.199625,30.42383333333335,0.048499999999999995
E02003952,9954,6147.999999999999,2489.000000000001,1953.9999999999993,0.17950000000000002,19.215111111111117,0.22383333333333333
E02003953,10902,6573.999999999999,3111.9999999999986,1988.0000000000011,0.1870833333333333,34.047444444444466,-0.161
E02003954,7588,5030.999999999999,2053.999999999999,1023.0000000000002,0.184875,19.15891666666665,-0.007499999999999979
E02003955,10085,6258.000000000001,2804.0000000000014,1656.999999999999,0.18525,17.3153888888889,-0.0981666666666667
E02003956,7872,4812.000000000002,2237.0,1413.0000000000007,0.224875,45.433,0.28425
E02003957,11088,6563.000000000001,3453.0,1929.0000000000005,0.18833333333333335,38.77711111111112,-0.03216666666666665
E02003958,8172,4943.999999999999,2428.000000000002,1471.0000000000005,0.18819999999999998,39.7838,0.0334
E02003959,6963,4079.0,2081.999999999999,1301.9999999999998,0.2335,27.67133333333335,0.15474999999999997
E02003960,5695,3112.0000000000005,2437.999999999999,675.000000000001,0.136,26.185833333333328,-0.23675000000000002
E02003961,9708,5529.999999999998,3402.9999999999995,1560.9999999999998,0.13458333333333336,13.959944444444433,-0.12466666666666666
E02003962,7404,4481.999999999999,2072.0,1375.0,0.21899999999999997,21.2305,0.3395
E02003963,10105,5872.999999999998,3090.9999999999986,1821.9999999999984,0.27233333333333337,22.00422222222222,0.5385
E02003964,7895,4267.999999999999,3422.0,993.0000000000015,0.124,32.49872222222222,-0.5046666666666667
E02003965,11009,6331.999999999998,3968.999999999999,1646.0000000000007,0.17450000000000002,27.531761904761883,0.3868571428571429
E02003966,6966,4048.0000000000005,2671.000000000002,961.0000000000008,0.07612500000000001,36.40216666666668,-0.5282499999999999
E02003967,8131,4727.999999999999,2784.0000000000005,1375.9999999999993,0.1694,36.1698,0.2122
E02003968,8852,5318.000000000002,2808.999999999999,1347.999999999998,0.16499999999999998,24.486533333333337,0.5978000000000001
E02003969,6504,3900.9999999999986,1742.9999999999993,1287.0000000000018,0.330875,34.86325,1.3054999999999999
E02003970,8312,4890.000000000001,2862.000000000001,1286.0000000000002,0.0916,22.43433333333332,-0.3598
E02003971,7946,4580.999999999998,3006.999999999999,1107.9999999999984,0.08499999999999999,17.36573333333333,-0.4314
E02003972,8972,5530.0,2596.999999999999,1529.0000000000007,0.18816666666666668,27.911333333333317,0.6483333333333333
E02003973,8700,5480.999999999999,2166.999999999998,1639.0,0.33969999999999995,35.6148,1.4618000000000002
E02003974,7687,4536.999999999998,2296.000000000001,1438.999999999999,0.2391,22.818933333333344,0.876
E02003975,7292,4314.0,2370.0000000000005,1171.999999999998,0.106375,17.434083333333348,0.15999999999999998
E02003976,6185,3578.9999999999986,2438.000000000002,769.9999999999994,0.08875,22.491166666666675,-0.6200000000000001
E02003977,6180,3873.0000000000005,1767.0000000000007,979.0000000000001,0.099875,29.223833333333324,0.15575
E02003978,5818,3614.0,1778.0,869.9999999999991,0.126375,23.477999999999998,0.29375
E02003979,7823,4304.999999999999,3106.0,1097.0,0.05333333333333332,12.604444444444432,0.13633333333333333
E02003980,6682,4202.000000000001,1585.0,1315.0000000000005,0.3324,31.152066666666663,1.6044
E02003981,6284,4079.999999999999,1583.999999999999,997.9999999999991,0.12520000000000003,24.7872,0.6546
E02003982,8025,4766.0,2337.0000000000005,1453.9999999999986,0.1255,15.717600000000001,0.23220000000000002
E02003983,7205,4541.000000000001,1738.9999999999995,1370.999999999998,0.29359999999999997,27.95593333333336,1.4424000000000001
E02003984,6585,4354.000000000001,1387.9999999999995,1218.0000000000002,0.38029999999999997,42.066333333333304,1.9379999999999995
E02003985,6711,3967.000000000001,2159.999999999999,1073.0000000000002,0.15999999999999998,23.675333333333327,0.6725
E02003986,6041,3732.999999999999,1786.9999999999998,969.9999999999983,0.22410000000000002,30.36506666666666,1.1636
E02003987,6078,3618.999999999999,2149.0,937.0000000000001,0.147625,42.494666666666674,0.21300000000000002
E02003988,6573,3786.0,2457.999999999999,948.9999999999984,0.15699999999999997,26.94525,0.24649999999999997
E02003989,7621,4424.000000000001,2639.0,1191.999999999999,0.12189999999999998,13.987533333333328,0.01319999999999999
E02003990,11393,6636.0,3472.9999999999995,2079.000000000001,0.08983333333333333,12.40205555555557,-0.37566666666666676
E02003991,7516,4344.000000000001,2735.999999999999,1123.0000000000007,0.06960000000000001,14.81913333333334,-0.23640000000000003
E02003992,8020,5656.000000000002,1961.0,983.0000000000013,0.18633333333333335,27.683944444444467,0.8126666666666668
E02003993,8869,5053.999999999997,3511.9999999999995,1289.0,0.0634,23.484199999999984,-0.6762
E02003994,7293,4714.999999999998,1841.0,1199.0000000000002,0.2367,26.1016,0.8417999999999999
E02003995,10313,6318.0,2470.000000000001,2164.9999999999977,0.25658333333333333,22.236555555555555,1.111
E02003996,9350,6748.999999999999,1911.999999999999,1355.9999999999995,0.18899999999999997,28.621722222222218,0.8574999999999999
E02003997,9666,5863.000000000002,2091.999999999999,2192.9999999999995,0.31775000000000003,26.772499999999997,1.2585
E02003998,6535,3957.000000000001,1645.9999999999998,1354.0,0.2773,26.1916,0.8709999999999999
E02003999,12123,7087.0,3714.000000000001,2125.9999999999986,0.08737500000000001,15.758916666666664,-0.04725
E02004000,5200,3141.999999999999,1620.9999999999982,848.0000000000007,0.21416666666666664,31.184555555555566,0.8393333333333333
E02004001,5280,3384.9999999999995,1607.0,712.000000000001,0.22112500000000002,22.298499999999976,1.2802499999999999
E02004002,9470,5838.999999999999,2893.0000000000023,1452.9999999999984,0.11221428571428572,15.349714285714287,0.42557142857142854
E02004003,11590,7259.999999999999,3541.999999999999,1872.999999999999,0.2098125,27.080749999999995,0.9223750000000001
E02004004,9949,6006.999999999999,2449.9999999999995,2098.9999999999995,0.2714285714285714,26.18557142857143,1.2235714285714285
E02004005,7749,4660.0,2392.0000000000014,1339.999999999999,0.2044,25.26626666666666,0.8952
E02004006,8592,4996.0,3292.0000000000027,1219.0000000000011,0.08491666666666668,27.102000000000032,0.006666666666666665
E02004007,9595,5665.0,3318.999999999999,1539.9999999999995,0.15292857142857144,33.85180952380953,0.5781428571428572
E02004008,6538,3878.9999999999995,2495.0,930.0000000000005,0.08775,35.83808333333333,-1.063
E02004009,6264,3723.9999999999995,2227.000000000002,923.0000000000005,0.066625,35.595750000000024,-1.13375
E02004010,7737,4924.0,2046.9999999999982,1242.000000000001,0.18339999999999998,23.88366666666668,0.11339999999999999
E02004011,11271,6622.000000000001,3849.0000000000005,1712.0000000000014,0.09350000000000001,17.657380952380958,-0.8908571428571428
E02004012,5541,3289.000000000001,2134.0000000000005,740.0000000000002,0.06987499999999999,37.46166666666667,-1.25325
E02004013,10367,6133.999999999999,3705.0000000000014,1514.9999999999998,0.09078571428571429,36.43052380952382,-0.8934285714285713
E02004014,7755,4512.000000000001,2953.000000000001,1064.9999999999993,0.1135,38.88153333333334,-0.8593999999999999
E02004015,6152,3787.0000000000005,2255.9999999999995,651.9999999999994,0.078375,29.291833333333326,-0.9349999999999999
E02004016,7879,4873.0,2564.0000000000014,1090.0,0.09287500000000001,24.474833333333347,-1.076
E02004017,8875,5451.0,2663.000000000003,1380.0000000000014,0.116875,19.74725,-0.47175
E02004018,8400,5347.000000000002,2260.000000000001,1381.0000000000005,0.180875,19.871083333333353,0.15975
E02004019,7742,4511.0,2963.9999999999995,972.000000000002,0.065,18.918750000000017,-0.9692500000000001
E02004020,9106,5329.0,3031.0000000000023,1404.9999999999984,0.0887,12.532199999999985,-0.5494
E02004021,5246,3094.9999999999995,2176.000000000002,599.0000000000007,0.07100000000000001,38.26933333333333,-1.1566666666666665
E02004022,5542,3191.0,2184.000000000001,749.9999999999998,0.06275,36.91575,-1.0005000000000002
E02004023,6353,3251.999999999999,2439.9999999999995,1053.0000000000002,0.077875,24.41166666666665,-1.0967500000000001
E02004024,7545,4188.0,3034.0,1049.0000000000011,0.051375,22.606166666666674,-1.303
E02004025,8006,4290.0,3331.0,1106.000000000001,0.083,21.35391666666665,-0.8567500000000001
E02004026,8165,5111.999999999999,2391.999999999998,1252.9999999999986,0.145125,19.559083333333326,-0.11074999999999999
E02004027,7902,4083.999999999999,3876.999999999999,835.9999999999994,0.08380000000000001,20.27586666666666,-0.5176000000000001
E02004028,7908,4424.999999999998,3091.999999999999,1110.0000000000011,0.06899999999999999,21.771799999999995,-0.588
E02004029,7538,4763.0,1908.9999999999993,1375.0000000000018,0.239375,20.0883333333333,0.751
E02004030,6216,3499.999999999999,2423.0,908.0,0.11662499999999999,21.033416666666675,-0.336
E02004031,7508,4655.0,1664.0000000000023,1587.9999999999995,0.3572,33.32073333333332,1.1838000000000002
E02004032,8465,5061.000000000001,2853.9999999999986,1249.9999999999989,0.11808333333333333,16.082055555555556,-0.10149999999999999
E02004033,8895,5604.000000000004,2564.999999999999,1412.9999999999986,0.1695,23.809055555555535,0.45733333333333337
E02004034,6840,3956.0000000000014,2525.9999999999986,932.0000000000005,0.12409999999999999,17.3034,0.06479999999999998
E02004035,6445,3737.0,2490.0,815.0000000000007,0.087875,22.783583333333326,-0.643
E02004036,10457,6361.0,2879.9999999999995,1871.9999999999998,0.21875,18.299499999999984,0.5696666666666667
E02004037,7850,4864.0,2233.000000000001,1304.9999999999975,0.084,11.2262,-0.3404
E02004038,7496,4656.000000000001,2416.0000000000023,1051.9999999999998,0.13462500000000002,20.86591666666665,0.012000000000000004
E02004039,7677,4721.0,2368.999999999999,1225.000000000001,0.10310000000000001,16.523000000000003,-0.33140000000000003
E02004040,9652,6132.000000000001,2424.0,1737.000000000001,0.1601,17.618666666666666,-0.005999999999999979
E02004041,7336,4718.999999999999,1906.000000000001,1167.0000000000005,0.16350000000000003,18.58673333333332,0.33120000000000005
E02004043,7278,4302.0,2256.999999999999,1225.9999999999998,0.1392,18.086599999999997,-0.029399999999999992
E02004044,9336,5311.999999999998,2834.999999999998,1788.000000000001,0.0688,12.107600000000021,-1.0614000000000001
E02004045,9831,6085.0,2955.999999999997,1542.0,0.13083333333333333,15.992833333333337,0.32766666666666666
E02004046,6324,3809.999999999999,1995.0000000000002,1028.9999999999998,0.20237500000000003,21.757166666666674,0.621
E02004047,6490,3966.999999999999,1544.9999999999975,1350.0000000000011,0.2815,28.81258333333335,1.17175
E02004048,7242,4565.0,1731.9999999999995,1382.000000000001,0.276625,29.321749999999994,0.9970000000000001
E02004049,8052,4870.999999999999,2675.9999999999986,1198.0000000000007,0.15408333333333332,14.742722222222222,0.8098333333333332
E02004050,7873,5031.0,1724.9999999999993,1568.9999999999993,0.2743,22.507866666666658,1.2094
E02004051,9771,6225.999999999998,2582.000000000002,1623.000000000002,0.25870000000000004,30.76113333333334,1.1582
E02004052,8802,5488.0,2431.0,1522.000000000001,0.1576,20.68906666666666,0.4302
E02004053,7812,5022.0,1901.9999999999993,1375.0,0.21390000000000003,21.671666666666642,0.746
E02004054,9344,5961.999999999998,2555.9999999999995,1459.999999999999,0.15475000000000003,20.622499999999985,0.4046666666666667
E02004055,7031,4312.000000000001,2118.0,1165.0000000000005,0.2431,20.30413333333334,1.0508
E02004056,8086,4967.0,1790.9999999999986,1739.9999999999993,0.3041,26.49246666666668,1.425
E02004057,7753,5196.000000000002,1605.9999999999995,1437.9999999999998,0.2334,22.93866666666666,1.0619999999999998
E02004058,8209,5053.0,2146.0000000000005,1505.0000000000007,0.28700000000000003,18.8292,1.2696
E02004059,7248,4419.999999999998,2414.000000000002,1061.0000000000005,0.1535,13.364866666666646,0.6794
E02004060,7606,4362.0,2323.0000000000005,1406.0000000000002,0.2246,18.63513333333334,1.1239999999999999
E02004061,7423,4657.999999999999,2118.999999999999,1166.0000000000005,0.21020000000000003,16.182533333333353,0.932
E02004062,7650,4641.000000000001,2549.9999999999995,1105.999999999999,0.21133333333333335,12.33822222222223,0.9050000000000001
E02004063,7640,4448.000000000003,2709.999999999998,1162.9999999999995,0.1246,12.843,0.31920000000000004
E02004064,9623,6623.999999999999,1909.000000000001,1645.0000000000018,0.24366666666666667,24.645166666666682,1.0835
E02004065,8145,4421.0,3237.000000000001,1175.9999999999993,0.05383333333333332,7.623166666666666,-0.17666666666666667
E02004066,11405,7145.000000000001,3292.9999999999986,1813.0,0.1525,15.389999999999995,0.6445714285714285
E02004067,6285,3859.0000000000005,1755.999999999999,1126.9999999999986,0.381,23.64575,1.69625
E02004068,7245,4186.000000000001,2747.9999999999986,1023.0000000000003,0.08087499999999999,26.07525,-0.8575
E02004069,6271,3478.000000000002,2728.0,773.9999999999992,0.06425,25.574,-0.8710000000000001
E02004072,9513,5359.999999999999,3524.999999999998,1380.000000000001,0.10033333333333333,13.430888888888886,-0.17066666666666666
E02004073,8675,5040.999999999999,3138.0000000000005,1249.9999999999995,0.17466666666666666,23.65366666666665,0.09933333333333332
E02004074,5717,3290.9999999999995,2085.999999999999,832.0000000000003,0.135,19.3015,-0.17575000000000002
E02004075,7241,4219.999999999999,2861.000000000001,958.9999999999997,0.068125,30.359583333333326,-0.73325
E02004076,7712,4542.000000000002,2189.9999999999986,1450.0000000000007,0.1485,14.574833333333356,-0.31
E02004077,8317,5111.999999999999,2715.0,1209.999999999998,0.062625,29.098083333333324,-1.2334999999999998
E02004078,7042,4279.999999999999,1740.0000000000005,1453.9999999999995,0.3841,34.56419999999998,1.2890000000000001
E02004080,9847,6471.0,2308.9999999999986,1699.0,0.24066666666666667,29.096333333333348,0.7210000000000001
E02004081,5736,3345.999999999999,1990.999999999999,881.9999999999991,0.11133333333333333,20.006,-0.34800000000000003
E02004082,6149,3527.0,2270.0000000000005,917.0,0.07212500000000001,14.614916666666673,-0.388
E02004083,8387,5402.000000000001,1885.0000000000005,1532.0,0.1749,20.56153333333335,0.21880000000000002
E02004084,6031,3561.9999999999986,1676.0000000000002,1152.000000000001,0.2565,22.04666666666665,0.8920000000000001
E02004085,8840,5294.000000000001,2563.9999999999995,1529.0000000000002,0.14433333333333334,19.50161111111111,0.17650000000000002
E02004086,7196,4267.0,2276.000000000002,1191.9999999999995,0.1288,14.458600000000008,-0.037799999999999986
E02004087,7782,4901.0,1823.0000000000018,1491.0000000000005,0.191,19.79366666666666,0.37160000000000004
E02004088,7581,4532.000000000001,2319.0000000000014,1251.9999999999986,0.0615,11.784666666666672,-0.48339999999999994
E02004089,7008,4871.000000000001,1330.0,1165.9999999999989,0.2505,29.871583333333323,0.83575
E02004090,5888,3509.000000000001,1994.9999999999984,832.0000000000002,0.12837500000000002,18.487250000000024,0.08225
E02004091,9263,5887.0,2600.000000000001,1446.999999999999,0.11616666666666665,16.687444444444452,-0.05166666666666667
E02004092,9342,5703.0,2597.0000000000014,1595.0,0.1785,17.947777777777777,0.2871666666666667
E02004093,6430,4126.0,1650.0000000000016,1151.999999999999,0.14587499999999998,21.74783333333333,0.08750000000000001
E02004094,6996,4325.999999999999,1669.9999999999998,1443.999999999999,0.2678,23.53413333333334,0.8150000000000001
E02004095,10112,6657.999999999999,2655.9999999999995,1620.0000000000023,0.1725,20.46505555555555,0.20366666666666666
E02004096,9932,5902.999999999999,3153.000000000001,1622.9999999999984,0.06283333333333334,12.977277777777765,-0.577
E02004097,7319,4625.0,2237.0,1075.0000000000005,0.0815,23.358066666666637,-0.33940000000000003
E02004098,7314,4451.000000000001,2291.0,1204.999999999999,0.1748,25.8774,0.2864
E02004100,8198,4848.999999999999,2676.000000000001,1398.0000000000007,0.0877,20.194200000000002,-0.34240000000000004
E02004102,7454,4656.0,2645.0,859.0000000000006,0.1935,23.900266666666678,0.7379999999999999
E02004103,6928,4283.0,1674.9999999999995,1425.9999999999993,0.2291,25.428466666666658,0.6742
E02004104,7506,4549.000000000001,2234.0000000000027,1316.9999999999977,0.100125,16.502833333333324,-0.26
E02004105,9315,5758.999999999998,2819.999999999998,1577.0,0.15721428571428572,20.597761904761885,0.2602857142857143
E02004106,6785,3781.0000000000014,2756.9999999999995,875.0000000000007,0.084375,13.973583333333334,-0.3135
E02004108,7512,4501.0,2200.0,1244.9999999999982,0.1727,14.73459999999998,0.45899999999999996
E02004109,6852,3576.0000000000005,2699.000000000001,1101.9999999999995,0.064625,13.524666666666668,-0.57475
E02004110,7380,4129.0,2480.999999999999,1278.9999999999977,0.054400000000000004,7.367733333333325,-0.7484
E02004111,5707,3369.000000000001,1950.9999999999995,894.9999999999998,0.1845,18.77266666666665,0.6529999999999999
E02004112,6279,3386.9999999999986,2753.0000000000005,795.9999999999999,0.0705,12.984083333333336,-0.4215
E02004113,10674,6661.000000000001,2468.0000000000005,2133.0,0.3060833333333333,26.29872222222222,1.2053333333333334
E02004114,8908,5157.999999999998,3105.000000000002,1406.0000000000018,0.08680000000000002,15.225400000000013,-0.4394
E02004115,8969,5671.0,2814.0000000000005,1280.0000000000005,0.15575000000000003,17.12688888888889,0.41733333333333333
E02004116,8832,5453.0,2341.0000000000014,1615.0000000000023,0.2634,25.283933333333337,1.0202
E02004117,8295,4934.0,2557.000000000001,1456.0000000000018,0.2064,21.401466666666657,0.391
E02004118,8322,5350.999999999998,2035.999999999999,1504.9999999999982,0.107125,19.942749999999975,-0.23924999999999996
E02004119,12353,7843.999999999999,2537.000000000001,2548.999999999999,0.08292857142857142,10.760523809523807,-0.39299999999999996
E02004120,11446,7242.0,2525.000000000001,2284.0,0.1035,12.806666666666656,-0.2876666666666667
E02004121,10026,6147.0,2436.000000000002,2019.9999999999989,0.10129999999999999,14.600333333333328,-0.5170000000000001
E02004122,7122,4114.0,2152.000000000001,1210.000000000001,0.05875,16.168499999999973,-0.8865
E02004123,6946,4090.9999999999995,2357.000000000002,1113.9999999999982,0.08549999999999999,17.645416666666677,-0.6835
E02004124,7704,4715.000000000001,2110.9999999999995,1402.9999999999998,0.2001,16.26873333333335,0.27560000000000007
E02004125,8912,5545.0,2369.0000000000005,1556.0000000000014,0.19774999999999998,18.345777777777766,0.6003333333333333
E02004126,7561,4568.999999999998,2177.0,1307.9999999999986,0.18025000000000002,16.768166666666666,0.49075
E02004128,11767,7175.0,3414.999999999999,2011.0,0.14166666666666666,21.760499999999997,0.06849999999999999
E02004129,6181,3424.0,2432.0000000000005,912.0000000000006,0.08533333333333333,38.0308888888889,-0.858
E02004130,6268,3409.0,2401.000000000002,931.0,0.1875,18.088833333333326,0.16424999999999998
E02004131,5566,3186.0,1909.000000000001,891.9999999999998,0.116375,14.395666666666676,-0.4845
E02004132,9097,5287.0,3159.999999999999,1462.9999999999986,0.0857,27.192133333333338,-0.6719999999999999
E02004133,9911,5512.0,3536.0,1579.9999999999977,0.1575,22.94194444444447,-0.24133333333333332
E02004135,8444,4409.999999999999,3926.9999999999995,1068.999999999999,0.0989,27.10706666666666,-0.8274000000000001
E02004136,9576,5162.0,3350.9999999999995,1690.0000000000007,0.0965,16.623866666666657,-0.781
E02004137,5426,2814.9999999999995,2534.999999999998,646.0000000000002,0.08366666666666667,30.387555555555565,-0.8540000000000001
E02004138,7644,3631.000000000001,3985.999999999999,786.0000000000013,0.1204,14.320999999999998,-0.27140000000000003
E02004139,7039,3607.9999999999995,3085.999999999999,971.9999999999985,0.15387499999999998,16.34725,-0.3245
E02004140,5318,2215.0,3156.0000000000005,470.9999999999991,0.08133333333333333,15.4931111111111,-0.6783333333333333
E02004141,6299,3476.0,2417.0,959.0000000000005,0.10416666666666667,22.261666666666667,-0.524
E02004142,7077,4438.000000000002,2137.000000000001,937.9999999999985,0.06183333333333333,20.305444444444465,-1.2663333333333333
E02004143,6320,3486.999999999999,2439.9999999999995,971.9999999999994,0.115375,16.424083333333325,-0.31475
E02004144,6829,3659.0,2731.0000000000014,997.9999999999991,0.113375,14.460000000000022,-0.42175
E02004145,6106,2768.0000000000005,3226.0,665.0000000000005,0.100625,16.723416666666676,-0.43424999999999997
E02004146,7588,4514.000000000001,2149.0,1468.0000000000007,0.1698,21.098533333333318,0.0124
E02004147,7083,4550.0,2012.000000000001,1024.9999999999995,0.182875,27.462166666666647,0.144
E02004148,7992,3887.000000000001,3757.999999999998,1036.0,0.15337499999999998,16.588499999999975,-0.030750000000000017
E02004149,12066,9570.0,2017.0000000000025,873.0000000000007,0.04240000000000001,11.488266666666666,-0.7153999999999999
E02004150,7140,5029.999999999999,1299.0000000000005,1167.0000000000005,0.1748,20.811466666666682,0.4056
E02004151,10632,6462.000000000002,2464.000000000001,2190.9999999999995,0.17170000000000002,14.92419999999998,0.23800000000000004
E02004152,9783,8445.999999999998,1038.0000000000014,541.0000000000002,0.0683,21.2138,0.5144
E02004153,7353,4780.0,1574.0000000000011,1384.9999999999995,0.19470000000000004,19.90260000000002,0.271
E02004154,8633,6353.000000000001,1264.0000000000007,1222.999999999999,0.0945,18.92633333333332,0.0508
E02004155,7512,4545.000000000001,2030.9999999999989,1411.9999999999998,0.18660000000000002,16.3344,0.3168
E02004156,12860,10833.0,1582.9999999999989,820.9999999999995,0.15608333333333332,24.543944444444435,1.0214999999999999
E02004157,6366,4248.0,1605.9999999999995,932.999999999999,0.09075,14.386083333333318,-0.02150000000000002
E02004158,8090,5474.0,1618.9999999999993,1374.0000000000005,0.1572,21.13126666666666,0.45380000000000004
E02004159,13073,8290.0,2834.0000000000014,2545.0000000000027,0.09907142857142857,11.11861904761904,-0.24185714285714285
E02004160,7249,4253.0,2340.0000000000005,1166.9999999999993,0.13620000000000002,14.93580000000002,0.163
E02004161,8398,5334.0,1987.0,1526.9999999999998,0.2198,21.344399999999986,0.7727999999999999
E02004162,7095,4523.999999999998,2096.0,981.9999999999997,0.12459999999999997,13.405866666666665,0.2782
E02004163,8561,4788.0,2817.999999999998,1465.0000000000018,0.13900000000000004,17.362,0.17
E02004164,6808,3832.0,2574.9999999999986,1054.0,0.09724999999999999,40.29441666666665,-0.5840000000000001
E02004165,9047,5204.0,3077.000000000002,1434.9999999999984,0.0961,15.85953333333332,-0.2136
E02004166,6921,3939.0000000000005,2304.9999999999986,1219.000000000003,0.1115,28.558666666666667,-0.6783333333333333
E02004167,7163,4173.0,1820.0000000000005,1451.0,0.2575,25.61158333333333,0.603
E02004168,6296,3775.000000000002,1773.9999999999995,1143.000000000001,0.24262499999999998,29.13083333333332,0.73825
E02004169,7760,4529.0,2376.9999999999986,1441.0000000000023,0.1105,23.442,-0.3935
E02004170,8932,5475.999999999996,2369.999999999999,1640.000000000002,0.141625,19.71108333333335,-0.029249999999999998
E02004171,8542,4951.0,2649.999999999999,1486.999999999999,0.107625,27.17591666666665,-0.5245
E02004172,6478,3744.0,2336.0000000000005,1009.9999999999998,0.12312500000000001,39.81474999999997,-0.41775000000000007
E02004173,7645,4418.999999999998,2668.0000000000014,1247.9999999999995,0.10275000000000001,35.99408333333332,-0.45525000000000004
E02004174,8220,4778.999999999999,2406.0000000000005,1502.0,0.16625,19.872333333333327,-0.024750000000000008
E02004175,5135,3154.999999999999,1703.9999999999998,758.9999999999999,0.25012500000000004,31.67766666666665,0.7472500000000001
E02004176,5594,3166.9999999999986,2341.0000000000005,720.9999999999998,0.13725,39.962166666666675,-0.29474999999999996
E02004177,5935,3500.999999999999,1886.9999999999998,974.0000000000002,0.21737499999999998,30.290416666666676,0.4115
E02004178,5369,3004.999999999998,1922.9999999999995,858.0000000000002,0.07633333333333332,25.636555555555535,-1.0123333333333333
E02004179,9422,5463.999999999999,2846.0000000000014,1615.0000000000002,0.1093,18.032199999999996,-0.2902
E02004180,6767,3851.0,2407.999999999999,1146.0000000000027,0.09949999999999999,34.601555555555564,-0.7533333333333333
E02004181,5690,3406.999999999999,1739.9999999999982,952.0000000000013,0.19112500000000002,25.617999999999995,0.25275000000000003
E02004182,6399,3998.9999999999995,1681.0,1125.000000000001,0.278875,32.238,0.72375
E02004183,5905,3324.0000000000005,2222.999999999998,848.0000000000002,0.165125,20.0845,0.19025000000000003
E02004184,8657,5336.0,2133.000000000001,1769.0000000000007,0.231,23.657611111111134,0.4695
E02004185,6799,3620.0,2873.000000000001,1000.0,0.11962500000000001,24.842666666666652,-0.23475
E02004186,10608,6265.999999999999,3076.9999999999995,2005.9999999999977,0.14,21.112277777777784,-0.24983333333333332
E02004187,11013,6181.0,3879.0000000000014,1838.000000000002,0.16040000000000001,32.95893333333334,-0.22459999999999997
E02004188,7162,3980.0,2906.9999999999995,977.9999999999995,0.1366666666666667,42.612777777777765,-0.2846666666666667
E02004189,6400,4010.0,1881.0,1020.9999999999986,0.097125,19.85466666666665,-0.6825
E02004190,8956,5272.999999999998,3158.000000000002,1406.999999999998,0.1397,31.53466666666666,-0.4816000000000001
E02004191,9110,5306.0,3094.0,1448.0000000000005,0.2003,15.627133333333342,-0.09140000000000001
E02004192,7691,4180.999999999998,3298.9999999999973,1055.9999999999993,0.09999999999999999,29.801250000000028,-0.8505
E02004193,11874,7132.999999999999,3434.9999999999964,2125.0,0.10357142857142855,12.297095238095249,-0.662
E02004194,7512,4286.999999999999,2569.999999999999,1344.0000000000014,0.1115,30.597666666666697,-1.0926666666666667
E02004195,5239,2988.000000000001,2160.0000000000005,605.9999999999993,0.17175,25.10716666666665,-0.23825000000000002
E02004196,8126,4509.0,3055.0,1349.000000000002,0.110125,28.09825,-0.7122499999999999
E02004197,7606,4106.000000000001,2968.000000000002,1183.0000000000007,0.094,17.12725,-1.0487499999999998
E02004198,6389,3549.000000000001,2344.000000000001,994.0000000000001,0.15533333333333332,18.826666666666668,-0.5630000000000001
E02004199,5771,2947.000000000001,2741.000000000001,752.0,0.09966666666666667,36.082555555555565,-0.9809999999999999
E02004200,5134,2768.0,2337.0,629.0000000000006,0.10516666666666667,28.24844444444443,-0.9403333333333332
E02004201,5561,2994.000000000001,2331.0000000000005,790.9999999999995,0.089375,37.6305,-0.557
E02004202,8842,5224.000000000002,2756.999999999999,1582.0000000000016,0.11920000000000001,21.45166666666666,-0.10700000000000003
E02004203,5822,3246.9999999999986,2423.9999999999995,775.9999999999998,0.10212500000000001,35.65675000000003,-0.6365000000000001
E02004204,9992,5733.000000000001,3443.9999999999995,1644.9999999999995,0.12433333333333334,19.819222222222233,-0.23566666666666666
E02004205,8678,4910.000000000001,3163.0000000000005,1341.000000000001,0.1626,20.399066666666663,0.1544
E02004206,6660,3544.0,3076.0,733.9999999999999,0.182125,23.810333333333325,0.246
E02004207,6776,3848.000000000002,2361.0,1063.999999999998,0.133875,25.103166666666652,-0.29675
E02004208,8474,4578.0,3465.999999999999,1205.0000000000018,0.1032,13.051600000000002,-0.43620000000000003
E02004209,9319,5651.0,2729.9999999999986,1645.0000000000002,0.14741666666666667,14.927777777777768,-0.007333333333333321
E02004210,6520,3831.999999999999,2226.0,1031.000000000001,0.260625,26.257250000000024,0.6477499999999999
E02004211,6541,3293.0,3096.0000000000014,807.9999999999999,0.08209999999999999,19.256133333333338,-0.5336000000000001
E02004212,6409,3900.9999999999977,1825.9999999999993,1159.0000000000002,0.15375,16.76525,-0.03875000000000001
E02004213,9203,5703.999999999999,2124.0000000000005,1874.9999999999982,0.10770000000000002,16.79159999999998,-0.19399999999999998
E02004214,6075,3920.9999999999995,1462.0000000000014,1043.000000000001,0.256875,28.507416666666675,0.7154999999999999
E02004215,5853,3576.0000000000005,1806.0,932.0000000000014,0.181125,22.069749999999974,0.294
E02004216,5554,3228.0,2026.9999999999998,841.000000000001,0.162625,18.45958333333335,0.189
E02004217,7892,4579.999999999999,2642.9999999999995,1292.0,0.18409999999999999,27.081066666666658,-0.14419999999999997
E02004218,6216,3575.0,2311.999999999999,891.9999999999997,0.1265,20.762083333333347,-0.154
E02004219,5585,3010.0,2289.9999999999986,781.999999999999,0.10425000000000001,22.44683333333335,-0.44649999999999995
E02004220,5979,3296.999999999998,2583.999999999999,748.000000000001,0.1775,21.364749999999976,0.15899999999999997
E02004221,6391,3279.999999999999,2980.999999999999,759.0000000000005,0.141375,17.862750000000002,0.10700000000000001
E02004222,5709,3474.000000000002,1869.000000000001,851.0000000000001,0.244,25.44888888888887,0.39233333333333337
E02004223,13140,7865.000000000002,3592.0,2608.999999999999,0.22266666666666668,26.595277777777785,0.369
E02004224,6606,3641.999999999999,2623.9999999999986,922.0000000000009,0.12762500000000002,41.81758333333335,-0.45425000000000004
E02004225,5804,3273.999999999999,1866.999999999999,1038.0,0.17825000000000002,25.105166666666648,0.16525
E02004226,7295,4075.000000000001,3153.0,962.9999999999998,0.127375,40.607999999999976,-0.35850000000000004
E02004227,10323,5861.0,3765.000000000002,1665.999999999999,0.1594,41.483,-0.3016
E02004228,7417,4193.000000000001,3059.9999999999986,992.9999999999992,0.1325,44.137,-0.46675
E02004229,10324,6147.999999999999,3275.999999999999,1774.9999999999982,0.14079999999999998,36.782,-0.12179999999999999
E02004230,7784,4466.000000000001,2527.000000000001,1271.0000000000007,0.178875,23.33333333333335,0.15625
E02004231,6997,4184.0,2616.000000000001,909.0000000000002,0.112,38.0,-0.3345
E02004232,7052,4123.999999999999,2702.0000000000014,969.0000000000007,0.111375,43.01758333333333,-0.51725
E02004233,13164,7115.000000000002,5020.000000000001,2039.000000000002,0.14021428571428574,16.115238095238087,-0.18528571428571428
E02004234,6296,3459.000000000001,2758.999999999998,820.9999999999997,0.10450000000000001,29.947249999999997,-0.55725
E02004235,6595,3575.0,2700.9999999999986,938.0000000000018,0.131,25.78258333333335,-0.29525
E02004236,6121,3334.0,2439.0,905.0000000000011,0.126125,19.864250000000002,-0.22999999999999998
E02004237,8105,4572.0,2620.9999999999995,1424.0000000000014,0.1265,12.957333333333342,-0.38839999999999997
E02004238,7534,3455.0000000000005,3931.9999999999995,790.0000000000002,0.10187500000000001,14.835749999999999,-0.5275
E02004239,6246,3216.0,2661.0,866.0000000000013,0.07050000000000001,13.856666666666651,-0.8852499999999999
E02004240,6098,3759.0000000000005,1513.0000000000007,1211.999999999999,0.29425,24.893750000000026,0.7302500000000001
E02004241,9363,5164.999999999999,3153.0,1605.9999999999986,0.16225000000000003,15.908611111111115,0.07216666666666667
E02004242,6483,3120.0,3256.0,752.0000000000002,0.09012500000000001,11.952,-0.80975
E02004243,6473,3793.0000000000014,2319.0000000000005,1007.0000000000011,0.09924999999999999,27.852249999999998,-0.7865
E02004244,7688,4367.999999999998,2661.0,1247.000000000003,0.0742,13.55053333333334,-0.692
E02004245,7626,4319.000000000002,2621.0,1252.0000000000007,0.1326,15.999066666666678,-0.41600000000000004
E02004246,8056,4043.000000000001,3863.0000000000005,960.0000000000002,0.081125,14.679333333333325,-0.79
E02004247,6229,3557.999999999999,2324.0000000000005,958.9999999999995,0.09075,32.427833333333346,-0.9097500000000001
E02004248,7325,3495.0000000000014,3774.0000000000005,753.9999999999999,0.1163,17.654666666666664,-0.2254
E02004249,6212,3431.0000000000005,2153.0,1085.9999999999995,0.08175,11.202166666666674,-1.059
E02004250,7801,3840.0,3556.9999999999986,1078.000000000001,0.1661,17.957466666666658,-0.06219999999999998
E02004251,6322,3428.9999999999995,2484.999999999999,963.9999999999989,0.0913,14.16973333333332,-0.667
E02004252,8390,4594.000000000001,2835.9999999999995,1459.000000000001,0.151,15.786250000000008,-0.35024999999999995
E02004253,9939,5023.0,4586.000000000002,1287.9999999999995,0.07133333333333333,12.070888888888879,-0.8263333333333334
E02004254,10590,6143.999999999998,3486.0000000000005,1864.0,0.08107142857142857,11.386428571428572,-0.8445714285714285
E02004255,7481,4132.000000000001,2773.9999999999995,1147.0,0.153625,16.27075,-0.187
E02004256,9289,5276.0,3336.000000000001,1525.0000000000011,0.083,23.56453333333334,-1.0384
E02004257,9236,5381.999999999999,2793.0,1639.9999999999975,0.14079999999999998,18.64426666666666,-0.3104
E02004258,10479,5739.999999999999,4304.999999999999,1414.9999999999995,0.14633333333333334,24.47927777777778,-0.52
E02004259,7108,3836.000000000001,2861.999999999999,1029.999999999998,0.099125,30.683416666666677,-0.7032499999999999
E02004260,9488,5424.000000000001,2601.9999999999995,1764.0000000000002,0.102,24.413083333333354,-0.915
E02004261,10426,6046.999999999998,3282.0,1819.0000000000011,0.15589999999999998,14.5916,-0.2232
E02004262,7955,4625.0,3080.000000000001,1064.0000000000011,0.11040000000000001,32.16026666666668,-0.7074
E02004263,5962,3333.9999999999973,2122.000000000001,997.0000000000003,0.124,21.721222222222234,-0.7616666666666667
E02004264,8701,5030.999999999998,2811.0,1511.999999999998,0.14179999999999998,19.77639999999998,-0.2016
E02004265,8491,4578.999999999999,3373.9999999999986,1288.9999999999993,0.15525,18.830666666666666,-0.21566666666666667
E02004266,8349,5029.0,2460.0,1451.999999999999,0.1279,26.828533333333336,-0.1842
E02004267,5053,2722.0,2331.0000000000005,548.9999999999995,0.1085,28.156000000000002,-0.8083333333333332
E02004268,9331,4958.999999999998,4254.000000000001,1164.9999999999998,0.15871428571428575,20.768571428571427,-0.13357142857142856
E02004269,10594,5052.999999999998,4199.999999999999,1779.9999999999989,0.1582142857142857,16.372380952380944,-0.2661428571428571
E02004270,8081,4427.000000000001,3400.9999999999995,1189.9999999999995,0.09887499999999999,31.734583333333326,-1.0230000000000001
E02004271,10311,5608.999999999998,4398.999999999999,1368.9999999999989,0.13783333333333334,33.00872222222224,-0.5018333333333334
E02004272,12380,6997.000000000001,4620.000000000002,1917.0000000000018,0.1015,29.715600000000002,-0.8762000000000001
E02004273,7031,3588.999999999999,3498.000000000001,768.0000000000009,0.133125,29.050250000000002,-0.6507499999999999
E02004274,6333,3463.0000000000005,2675.000000000001,855.0000000000005,0.191375,20.66391666666665,0.04625000000000001
E02004275,7612,4035.9999999999995,3488.9999999999995,1022.0000000000008,0.11525,30.6115,-0.78025
E02004276,5631,2893.999999999999,2663.0000000000005,673.9999999999995,0.171,20.32466666666667,-0.2416666666666666
E02004278,8933,5092.999999999999,2943.000000000001,1530.9999999999977,0.12033333333333335,12.45400000000001,-0.4725
E02004279,8156,4553.0,3192.000000000001,1195.9999999999982,0.11237499999999999,25.680249999999972,-0.502
E02004280,8599,4900.000000000001,3253.9999999999995,1278.000000000001,0.1577,23.777066666666638,-0.2524
E02004281,7759,4752.000000000001,2191.0000000000005,1440.9999999999982,0.237,24.233,0.3787499999999999
E02004282,8861,4482.999999999999,4285.000000000002,991.9999999999994,0.0857,12.50773333333334,-0.4868
E02004283,9094,5156.0,3201.9999999999986,1470.999999999999,0.16949999999999998,19.89866666666668,-0.0526
E02004284,9512,5852.000000000001,3363.0,1193.0,0.2798333333333333,32.10533333333331,0.8638333333333333
E02004285,7741,4752.000000000002,2397.9999999999995,1199.0000000000014,0.214,21.635333333333353,0.367
E02004286,5087,3012.000000000001,1739.0000000000005,773.0000000000013,0.1665,20.457666666666668,-0.21166666666666667
E02004287,5574,3284.0,1859.999999999999,867.9999999999994,0.161875,25.152166666666698,-0.04874999999999999
E02004288,5922,3961.0,1611.9999999999995,893.0000000000005,0.22783333333333333,34.7802222222222,0.48233333333333334
E02004289,7400,4251.0,2553.0000000000014,1267.0000000000002,0.17912500000000003,25.407166666666676,0.14325
E02004290,5641,3450.000000000001,1873.0000000000007,788.9999999999989,0.105625,13.70091666666665,0.31225
E02004291,7179,4572.999999999999,1803.000000000001,1293.9999999999993,0.27175,24.260916666666677,1.03325
E02004292,8022,4664.999999999998,2818.0,1176.0000000000002,0.1257,11.914666666666676,0.08060000000000003
E02004293,9878,6136.000000000002,2408.0000000000014,1850.0000000000014,0.317,20.65155555555555,1.2781666666666667
E02004294,7893,4784.000000000002,2761.9999999999995,1081.9999999999995,0.08349999999999999,10.6968,-0.06060000000000001
E02004295,7343,4350.0,2359.0000000000005,1164.0000000000005,0.18850000000000003,16.938333333333325,0.6864
E02004296,8610,5494.999999999998,2295.9999999999986,1428.999999999999,0.2205,21.205000000000002,0.9358000000000001
E02004297,7901,4872.0,2443.0000000000005,1275.999999999999,0.1347,17.87386666666666,0.3006000000000001
E02004298,10088,6043.999999999999,3306.999999999998,1593.0000000000002,0.14308333333333334,17.95,0.14400000000000002
E02004299,8202,4870.000000000004,2555.999999999998,1413.0000000000002,0.24579999999999996,19.58759999999998,0.9730000000000001
E02004300,7588,4544.0,2227.0000000000005,1390.9999999999995,0.3196,27.507666666666683,1.3214000000000001
E02004301,9737,6140.000000000003,2172.000000000001,1970.0000000000005,0.3433,26.033066666666638,1.4464000000000001
E02004302,7757,4947.000000000002,1988.9999999999998,1372.0000000000005,0.3259,31.190333333333342,1.492
E02004303,11107,7098.999999999999,3154.9999999999986,1703.0000000000018,0.20299999999999999,21.378222222222217,0.8616666666666668
E02004304,8995,5504.000000000001,2328.000000000001,1749.0000000000002,0.255,22.17199999999998,1.1924
E02004305,10372,6453.999999999998,2397.0000000000005,2158.0,0.23357142857142854,19.756476190476185,0.8452857142857143
E02004306,6038,3319.000000000002,2113.000000000002,1094.0000000000014,0.15825,20.984749999999977,0.221
E02004307,6429,4078.999999999999,1896.0000000000005,1011.9999999999991,0.184,27.956500000000023,0.5257499999999999
E02004308,7751,4691.0,2671.9999999999995,1049.9999999999993,0.06720000000000001,7.707933333333327,0.000599999999999995
E02004309,6244,3755.0000000000005,1794.0000000000005,1096.9999999999995,0.146,10.151833333333325,0.29675
E02004310,7851,4777.0,2184.9999999999995,1397.9999999999998,0.2171,18.793,0.9126
E02004311,9190,5715.000000000001,2731.999999999999,1494.0000000000014,0.20966666666666667,19.818444444444435,0.7353333333333333
E02004312,7424,4081.0000000000014,2861.000000000001,1033.0000000000007,0.097,9.040000000000006,0.1542
E02004313,6804,4822.999999999999,1312.9999999999995,1029.999999999999,0.26475000000000004,20.091583333333325,1.08825
E02004314,13203,12283.000000000002,916.0000000000005,197.99999999999935,0.043375,16.397500000000026,0.7050000000000001
E02004315,14069,9924.000000000002,2430.000000000001,2216.9999999999995,0.047642857142857147,10.16200000000001,-0.781
E02004316,6671,4204.0,1691.0,1238.0000000000002,0.24675,25.412666666666652,0.9225000000000001
E02004317,7202,4375.000000000001,2304.0000000000005,1089.999999999999,0.24059999999999998,19.900933333333338,1.0722
E02004318,6722,4123.000000000001,2033.9999999999995,1144.9999999999986,0.18987500000000002,20.562333333333328,0.52225
E02004319,8167,5170.999999999999,2103.0000000000005,1411.0000000000032,0.19690000000000002,17.52960000000002,0.705
E02004320,8703,5403.000000000002,2628.000000000001,1440.0000000000016,0.1416,13.282333333333321,0.359
E02004321,8164,5115.000000000001,2327.000000000002,1408.0,0.27599999999999997,24.363611111111098,1.4145
E02004322,8800,5189.000000000001,2270.0000000000014,1855.999999999999,0.39475,24.952777777777783,1.8553333333333333
E02004323,7488,4817.0,2003.0000000000014,1255.9999999999977,0.2353,19.541000000000018,1.1304
E02004324,5843,3620.999999999999,1643.9999999999989,1035.999999999999,0.3025,24.134583333333325,1.3405
E02004325,9147,5594.0,2123.999999999999,1948.000000000001,0.4383333333333333,25.233888888888885,1.9426666666666665
E02004326,6813,4268.0,1740.0000000000018,1251.000000000001,0.317875,25.993750000000002,1.38375
E02004327,5600,3464.9999999999995,1771.9999999999977,872.0000000000001,0.39949999999999997,28.33333333333335,1.79475
E02004328,7207,4422.999999999999,1757.0,1439.0000000000016,0.31766666666666665,20.796666666666667,1.3941666666666668
E02004329,6541,4009.000000000001,2168.9999999999995,951.0,0.22210000000000002,15.270000000000014,1.1056
E02004330,5987,3577.0000000000005,2084.0000000000014,881.9999999999986,0.324125,25.92866666666665,1.67025
E02004331,7318,4539.999999999999,1996.9999999999989,1302.9999999999984,0.30599999999999994,23.0636,1.323
E02004332,7486,4727.000000000001,1986.0000000000018,1344.0000000000018,0.254,23.91966666666665,0.9155000000000001
E02004333,6669,3881.999999999999,2408.0,938.9999999999997,0.1786,16.85713333333332,0.4598
E02004334,6969,4336.0,1934.0,1216.000000000001,0.2637,23.82346666666668,1.1666
E02004335,8122,5037.999999999999,1750.9999999999989,1796.9999999999995,0.3284,23.749533333333325,1.1606
E02004336,6616,3905.999999999998,2242.0,1064.0000000000007,0.343125,25.554583333333326,1.4492500000000001
E02004337,10942,6941.999999999999,2760.000000000001,1980.9999999999986,0.23516666666666666,16.736388888888882,0.9538333333333334
E02004338,7437,4812.0,1966.0000000000005,1227.000000000001,0.28020000000000006,28.994799999999998,1.2006000000000001
E02004339,7292,4215.0,2428.000000000002,1184.0000000000005,0.10125,14.190916666666684,0.03675
E02004340,10450,6349.0,2942.0000000000014,1865.999999999998,0.3406666666666667,30.716555555555548,1.3639999999999999
E02004341,8901,5461.0,2758.000000000001,1374.9999999999995,0.13166666666666668,12.188333333333352,0.46883333333333327
E02004342,5523,3257.0,1115.0000000000014,1343.0000000000014,0.44975,31.421250000000025,1.87825
E02004343,5600,3343.0000000000005,1628.9999999999995,1005.9999999999985,0.266375,20.314083333333322,1.1745
E02004344,7012,4063.000000000001,2363.0000000000005,1197.0000000000007,0.2743,19.688266666666657,1.1962
E02004345,12569,7355.0,4714.000000000002,1751.000000000001,0.17625,34.74850000000001,0.50225
E02004348,7881,4481.000000000002,3218.9999999999986,1014.9999999999978,0.1383,33.45413333333332,0.21680000000000002
E02004349,9410,5649.000000000001,2505.0,1846.0000000000007,0.3073333333333333,27.068944444444412,1.2138333333333333
E02004350,9838,5961.0,3099.0000000000014,1580.999999999999,0.19425,22.875277777777782,0.6848333333333333
E02004351,7188,4368.999999999999,2007.9999999999995,1341.0000000000011,0.3617,29.34346666666666,1.464
E02004352,8388,5189.0,2222.999999999999,1507.0,0.2907,28.86853333333334,1.2902
E02004353,7242,4257.0,2462.0,1100.9999999999986,0.1738,18.77526666666667,0.7712
E02004354,9241,5667.0,2592.0,1677.0000000000002,0.2519166666666666,25.029166666666686,0.8296666666666667
E02004355,7015,4249.000000000001,1830.0000000000002,1387.9999999999984,0.39099999999999996,26.858400000000017,1.7184000000000001
E02004356,7276,4464.999999999998,1905.0,1421.9999999999986,0.2831,24.29026666666666,0.8186000000000002
E02004357,7688,4591.0,1843.9999999999989,1671.000000000001,0.2919,25.446933333333323,0.6572
E02004358,8078,4418.0,2639.0,1536.0000000000016,0.25129999999999997,20.686333333333337,0.64
E02004359,7860,4408.0,2820.0,1302.9999999999986,0.2488,19.21373333333332,0.6567999999999999
E02004361,8290,4609.0,2569.9999999999995,1663.0000000000016,0.1502,10.250399999999999,-0.10600000000000001
E02004362,8838,5457.000000000004,2089.9999999999995,1772.9999999999995,0.1878,19.216133333333325,0.19760000000000003
E02004363,6946,4178.0,2300.999999999999,934.0000000000002,0.157125,13.898500000000018,0.20199999999999996
E02004364,8273,4810.0,2802.9999999999977,1280.0000000000005,0.1545,10.8494,0.033000000000000015
E02004365,8629,6321.000000000002,1366.0000000000023,1381.9999999999995,0.34575,31.911166666666677,1.1765
E02004366,7941,4713.0,2580.999999999999,978.9999999999986,0.2375,20.787666666666674,0.54975
E02004367,6820,3174.9999999999995,3583.0,638.9999999999995,0.101625,8.859083333333325,-0.15699999999999997
E02004368,8281,5117.000000000002,2160.0,1572.0,0.1735,21.492916666666673,0.151
E02004369,10067,5385.000000000002,4119.999999999998,1431.0,0.12925,21.97327777777778,0.009499999999999996
E02004370,8079,4916.000000000001,1728.9999999999993,1842.9999999999995,0.4125,39.36086666666665,1.564
E02004371,7151,4213.0,1721.0,1567.0000000000002,0.285375,32.124166666666675,0.7172499999999999
E02004372,7162,4295.0,1400.999999999999,1774.9999999999995,0.4625,40.85625,1.38075
E02004373,8687,5335.0,2312.9999999999986,1663.0000000000007,0.2353,29.92566666666666,0.5822
E02004374,7168,4557.0,2070.000000000001,1101.0000000000005,0.20390000000000003,33.238333333333344,0.40920000000000006
E02004375,8189,5263.999999999998,2178.999999999999,1301.999999999999,0.2694,31.44840000000002,0.6413999999999999
E02004376,6775,4794.999999999999,1474.0000000000007,951.9999999999995,0.313375,43.42391666666665,1.12175
E02004377,10879,6419.0,3447.0000000000014,1773.0000000000007,0.19866666666666666,27.50888888888888,0.5726666666666667
E02004378,8183,5587.999999999999,2092.9999999999995,1165.000000000001,0.3755,41.28300000000002,1.2004000000000001
E02004379,7817,4510.000000000002,2464.0000000000023,1392.0000000000002,0.10329999999999999,23.876199999999997,-0.7529999999999999
E02004380,9857,5428.999999999999,3534.999999999999,1644.999999999999,0.0728,20.63953333333332,-1.0984
E02004381,9280,5726.999999999999,2694.9999999999986,1504.0000000000014,0.17425000000000002,17.76822222222223,-0.15683333333333332
E02004382,6692,3677.0000000000005,2421.0,1099.9999999999993,0.15475,23.587000000000003,-0.41125
E02004383,7192,4316.000000000001,2093.0,1258.0,0.1311,13.724066666666662,-0.21559999999999996
E02004384,7437,4376.0,2393.0000000000005,1193.000000000002,0.1309,14.897933333333361,-0.2644
E02004385,7689,4448.999999999999,2626.000000000001,1233.0000000000002,0.1899,18.37373333333332,0.1262
E02004386,6812,3970.0000000000005,2095.0000000000014,1186.0,0.208875,23.295416666666647,0.19674999999999998
E02004387,6020,3715.000000000001,1111.9999999999995,1398.9999999999993,0.298,25.77683333333335,0.458
E02004388,8046,4839.999999999999,2300.999999999999,1468.9999999999998,0.226875,19.838666666666647,0.41475
E02004389,9329,4661.0,4363.000000000001,1196.0000000000002,0.09533333333333333,11.743111111111121,-0.4111666666666667
E02004390,8028,4124.000000000001,3306.0000000000005,1240.9999999999984,0.1524,12.818400000000002,-0.053000000000000026
E02004391,6480,3576.999999999999,2591.0,818.9999999999992,0.18350000000000002,15.392333333333324,0.21375
E02004392,9402,5309.0,3094.999999999999,1756.0000000000007,0.12816666666666668,29.5618888888889,-0.463
E02004393,6341,3355.0,2806.9999999999995,816.9999999999995,0.163375,33.26608333333333,-0.06449999999999999
E02004394,7937,4456.0,3073.999999999998,1189.0000000000002,0.1238,31.69393333333334,-0.2452
E02004395,7622,4222.000000000002,3126.999999999999,1018.9999999999999,0.2189,35.835666666666654,0.2104
E02004396,9472,4931.0,4132.999999999998,1249.9999999999982,0.13199999999999998,25.9394,-0.1668
E02004397,8407,4596.999999999999,2933.000000000001,1534.0000000000002,0.1371,26.016466666666663,-0.1488
E02004398,9635,5695.0,2396.9999999999995,2004.0000000000014,0.3125,29.148388888888885,0.9625
E02004399,8148,4299.999999999999,3367.000000000001,1105.000000000001,0.1754,17.836733333333342,0.395
E02004400,10539,4973.0,5648.0,1062.0000000000014,0.10521428571428572,16.595952380952387,-0.060285714285714276
E02004401,7745,3647.999999999998,4004.999999999999,848.0000000000003,0.12169999999999999,15.770399999999977,-0.10400000000000001
E02004402,8973,5155.000000000001,3436.0,1168.9999999999989,0.25329999999999997,26.59146666666664,0.7832
E02004403,6425,3701.000000000001,2109.9999999999986,1099.999999999999,0.09087500000000001,23.061999999999998,-1.0527499999999999
E02004404,6544,3815.9999999999995,2136.000000000001,1149.000000000001,0.065125,22.583333333333325,-1.25775
E02004405,6170,3345.999999999999,2063.9999999999995,1134.9999999999998,0.09683333333333333,12.22611111111111,-1.03
E02004406,7460,3968.999999999999,3027.999999999999,1098.9999999999977,0.077375,11.826749999999999,-1.031
E02004407,8094,4576.999999999998,3016.999999999999,1257.9999999999998,0.08180000000000001,20.274533333333338,-1.2635999999999998
E02004408,8633,5374.000000000001,2201.0,1693.0000000000011,0.1212,17.15973333333332,-0.5528000000000001
E02004409,5422,3106.999999999998,2046.999999999999,812.0000000000002,0.06949999999999999,30.3452222222222,-1.3876666666666668
E02004410,8191,4601.0,3077.000000000001,1273.9999999999982,0.073125,22.73191666666665,-1.4185
E02004411,8507,4943.000000000001,2636.9999999999995,1526.9999999999982,0.12350000000000001,13.215166666666674,-0.5548333333333334
E02004412,8283,4754.999999999999,2744.999999999999,1405.000000000001,0.1081,14.01139999999998,-1.0042
E02004413,7471,4275.000000000002,2636.0,1166.9999999999993,0.0976,22.36433333333334,-0.9006000000000001
E02004414,6618,4189.000000000002,1678.0000000000005,1185.9999999999989,0.11387499999999999,12.092249999999982,-0.61675
E02004415,6784,3927.999999999999,2418.0000000000023,1086.0000000000014,0.098,27.74091666666665,-0.99675
E02004416,6550,3762.9999999999995,2509.0000000000005,908.0000000000003,0.09540000000000001,32.772000000000006,-0.8855999999999999
E02004417,6544,3706.9999999999995,2224.9999999999995,1096.9999999999989,0.132875,14.269999999999975,-0.25575
E02004418,5807,3295.999999999999,1925.9999999999995,981.9999999999998,0.17575000000000002,17.9073333333333,-0.28675
E02004419,6538,3780.9999999999986,1869.000000000001,1260.9999999999993,0.25025000000000003,25.225583333333322,0.31799999999999995
E02004420,14464,7992.000000000003,5006.999999999998,2457.9999999999995,0.1292222222222222,22.645407407407422,-0.510888888888889
E02004421,9464,5361.000000000003,3156.0,1602.0000000000016,0.14325000000000002,16.619888888888884,-0.18766666666666668
E02004422,11429,6598.000000000003,3864.999999999999,1827.0000000000011,0.12749999999999997,18.834833333333346,-0.4801666666666667
E02004423,7724,4144.0,3260.000000000001,988.9999999999995,0.1092,12.615400000000008,-0.5953999999999999
E02004424,7130,4066.0,2060.999999999999,1430.0000000000011,0.041499999999999995,10.652933333333348,-1.3516
E02004425,7357,4454.000000000001,1947.0000000000002,1423.999999999999,0.09519999999999999,13.51786666666668,-0.8144
E02004426,8104,4838.999999999999,2215.0000000000014,1522.0000000000014,0.0785,10.773199999999994,-1.0236
E02004427,8105,4539.0,2554.0000000000027,1469.999999999999,0.0676,9.932800000000004,-1.0257999999999998
E02004428,7022,4189.000000000002,2009.0,1274.9999999999995,0.139375,17.20016666666668,-0.23725
E02004429,7638,4349.000000000002,2630.9999999999986,1185.0000000000002,0.0901,17.44166666666668,-0.6278
E02004430,8412,5174.999999999999,2054.0000000000005,1641.9999999999989,0.0781,13.83666666666664,-0.5578
E02004431,9782,6398.000000000002,1881.999999999999,1954.0000000000016,0.154,17.567466666666682,-0.17240000000000003
E02004432,6434,3780.0,1935.9999999999995,1111.9999999999998,0.12337499999999998,19.812833333333327,-0.56475
E02004433,8647,5423.0,2095.0000000000005,1649.0,0.19090000000000001,22.50746666666666,0.13740000000000002
E02004434,8541,5477.0,1891.0000000000016,1701.999999999999,0.2323333333333333,28.874944444444434,0.6240000000000001
E02004435,9889,6272.0,1710.9999999999977,2375.0000000000005,0.2262,25.18086666666668,0.352
E02004436,7830,4668.0,1581.000000000002,1912.0000000000002,0.40170000000000006,32.464600000000004,1.2028
E02004437,10201,6344.000000000001,2303.0000000000005,2132.999999999999,0.20299999999999999,20.182111111111116,0.36399999999999993
E02004438,9615,6008.999999999997,1810.9999999999998,2244.9999999999995,0.28979999999999995,24.9932,0.6839999999999999
E02004439,9924,6126.0,1243.0,2761.999999999999,0.3125,25.82326666666666,0.7806
E02004440,9291,5885.999999999998,1640.9999999999986,2128.0,0.2218,20.60233333333332,0.3008
E02004441,7853,4717.0,1978.999999999999,1624.000000000001,0.28700000000000003,27.316066666666682,0.6679999999999999
E02004442,8726,5319.0,1498.0000000000007,2205.0,0.36560000000000004,31.90846666666668,0.9334
E02004443,10779,7097.0,2028.000000000001,2128.9999999999995,0.14775000000000002,15.923222222222215,-0.2141666666666667
E02004444,9073,5771.000000000003,2180.000000000001,1691.0,0.09949999999999999,15.839444444444451,-0.5081666666666667
E02004445,8457,5319.000000000001,1807.9999999999995,1772.0000000000018,0.2505,27.56833333333334,0.6719999999999999
E02004446,7102,4271.0,2280.999999999999,1150.9999999999995,0.113875,29.076666666666675,-0.7762499999999999
E02004447,5953,3475.000000000001,2223.0,809.9999999999986,0.0795,33.793111111111095,-1.1186666666666667
E02004448,7987,4701.000000000002,2345.0000000000005,1480.0000000000005,0.12125,21.271250000000002,-0.7015000000000001
E02004449,8983,5520.999999999998,2278.999999999998,1655.9999999999977,0.19669999999999999,23.47713333333332,0.0422
E02004450,6251,3741.000000000002,2290.999999999999,856.9999999999995,0.1035,31.38533333333335,-0.7477499999999999
E02004451,9902,5799.000000000001,3061.000000000002,1730.0000000000007,0.11549999999999998,17.503333333333323,-0.5154
E02004452,9544,5585.000000000001,2944.9999999999977,1667.9999999999993,0.1055,17.451333333333334,-0.28683333333333333
E02004453,7633,4602.000000000001,1711.9999999999986,1655.0000000000014,0.24125000000000002,23.638916666666674,0.347
E02004454,9655,6229.0,2255.999999999999,1684.0000000000011,0.152,21.3,-0.02559999999999999
E02004455,8072,4957.000000000001,2062.999999999998,1458.999999999999,0.08449999999999999,13.774583333333343,-0.8180000000000001
E02004456,9764,6294.0,2056.0,1922.0,0.1945,20.948722222222216,0.09266666666666666
E02004457,10756,6702.999999999998,2511.9999999999977,2143.9999999999977,0.1782,20.647866666666662,0.025
E02004458,9493,5761.999999999999,2290.999999999999,1925.9999999999998,0.0867,13.55273333333334,-0.7684
E02004459,10558,6179.999999999998,3282.000000000001,1769.9999999999986,0.12925,19.437777777777786,-0.4748333333333334
E02004460,10103,6106.999999999997,2471.0000000000005,2033.9999999999995,0.17041666666666666,19.475611111111135,0.009666666666666657
E02004461,5676,3554.000000000002,1051.9999999999995,1285.9999999999995,0.225625,26.210916666666648,0.40475
E02004462,11805,7439.0,2604.999999999999,2289.0000000000005,0.15442857142857142,16.888380952380945,0.02314285714285715
E02004463,8368,4914.000000000002,2555.000000000001,1495.0,0.11710000000000001,20.99646666666664,-0.39520000000000005
E02004464,9924,5733.0,3424.999999999999,1602.9999999999982,0.09628571428571428,20.60661904761904,-0.9417142857142858
E02004465,6477,3691.0000000000014,2022.9999999999998,1169.0000000000014,0.08524999999999999,17.200833333333307,-0.9672499999999999
E02004466,8186,4939.999999999999,2019.999999999999,1703.0000000000002,0.14420000000000002,15.007866666666638,-0.5988
E02004467,8279,5026.999999999999,1838.0000000000011,1743.999999999999,0.1551,16.08933333333332,-0.19679999999999995
E02004468,10600,6021.999999999999,3097.000000000001,2027.000000000001,0.03575,8.368555555555567,-1.6580000000000001
E02004469,7329,4384.0,1913.0,1484.0,0.073625,17.893916666666648,-1.22825
E02004470,11961,8115.999999999998,2327.0000000000005,2050.000000000003,0.128375,13.588624999999986,-0.5495
E02004471,8446,5280.000000000002,2092.000000000002,1625.0,0.1488,14.928333333333324,-0.3346
E02004472,6146,3730.999999999999,1758.9999999999986,1093.0000000000002,0.065125,16.018,-1.2550000000000001
E02004473,7944,4585.999999999999,2284.0000000000014,1532.9999999999998,0.11039999999999998,18.827733333333338,-0.4194
E02004474,7984,4681.000000000001,2532.000000000001,1293.9999999999995,0.09590000000000001,18.41939999999998,-0.4042
E02004475,6633,3817.0,2058.0000000000005,1156.9999999999986,0.0955,15.906499999999976,-0.421
E02004476,8064,4773.000000000002,2429.9999999999995,1328.9999999999993,0.0678,15.024066666666661,-0.7978000000000001
E02004477,6058,3334.0000000000005,2346.0,897.0,0.070875,15.871833333333324,-0.8125
E02004478,6714,3958.999999999998,2097.0000000000005,1108.9999999999986,0.15062499999999998,21.808166666666676,-0.04874999999999999
E02004479,8028,4732.000000000003,2492.0000000000014,1324.0000000000007,0.0988,18.89940000000002,-0.465
E02004480,6967,4151.999999999999,1697.0000000000005,1494.0000000000002,0.19149999999999998,23.65593333333332,-0.0226
E02004481,6670,3420.999999999999,2862.000000000001,894.9999999999989,0.170375,29.31116666666668,0.07475000000000001
E02004482,8333,5007.0,2009.0000000000005,1729.0000000000007,0.2915833333333333,30.621333333333336,0.7388333333333335
E02004483,8079,4536.999999999999,2909.9999999999986,1285.0000000000007,0.1577,25.75533333333334,0.0706
E02004484,8270,4768.999999999999,2900.0000000000005,1262.0,0.17670000000000002,30.0012,0.24120000000000003
E02004485,10271,6124.000000000002,2182.000000000001,2420.0,0.1389,23.94993333333332,-0.6628000000000001
E02004486,8723,5104.000000000001,2458.0000000000005,1622.0000000000023,0.0691,9.186799999999995,-1.0532000000000001
E02004487,7930,4660.0,1954.9999999999998,1700.9999999999986,0.1749,19.149066666666663,-0.3866
E02004488,10278,6335.999999999999,2314.999999999998,2135.0000000000014,0.09128571428571429,12.672285714285715,-0.635
E02004489,9621,5846.999999999999,2121.000000000001,2018.0000000000002,0.1056,17.88773333333334,-0.7828
E02004490,7918,4926.999999999998,1670.0000000000005,1641.999999999999,0.27149999999999996,20.70593333333332,0.5871999999999999
E02004491,7408,4555.999999999999,1846.0,1411.0000000000002,0.0754,11.887466666666676,-0.9315999999999999
E02004492,9197,6165.999999999998,1769.0000000000014,1783.0000000000002,0.11475000000000002,12.284555555555537,-0.48233333333333334
E02004493,10430,6875.0,1961.9999999999993,2062.999999999998,0.16058333333333333,13.281055555555549,-0.14450000000000005
E02004495,8301,4773.0,2821.0000000000005,1342.000000000001,0.11483333333333334,20.074611111111118,-0.6593333333333334
E02004496,8184,4991.999999999998,1911.0000000000018,1645.0,0.0675,8.700066666666672,-0.9315999999999999
E02004497,7707,4308.000000000001,2647.999999999999,1237.0000000000005,0.07170000000000001,13.023199999999992,-1.0134
E02004498,9892,6095.0,2383.0000000000023,1905.0,0.18975,14.6598888888889,-0.10683333333333334
E02004499,6837,4130.0,1814.9999999999986,1274.9999999999995,0.0743,8.695333333333334,-0.8996000000000001
E02004500,9275,5267.000000000001,3062.0000000000005,1601.000000000001,0.0954,22.13099999999998,-0.9489999999999998
E02004501,6970,3937.0000000000005,2249.9999999999986,1288.0000000000025,0.1324,13.60240000000002,-0.636
E02004502,7204,4275.0,2477.0000000000014,1042.9999999999982,0.073625,28.70283333333332,-0.9085
E02004503,8002,4683.0,2235.0,1542.9999999999995,0.0787,17.995600000000003,-1.2338
E02004504,7946,4984.000000000001,2118.0000000000014,1441.9999999999993,0.09475,17.748555555555548,-0.7753333333333333
E02004505,6756,3870.999999999998,2307.0000000000005,1124.0,0.11737500000000001,26.15191666666665,-0.66825
E02004506,7315,4192.000000000002,2380.0,1278.0000000000007,0.08374999999999999,25.321083333333352,-0.72775
E02004507,9694,6442.0,1646.000000000002,1982.0000000000005,0.16033333333333333,13.936888888888888,0.2615
E02004508,6611,3786.000000000002,2166.9999999999986,1131.0,0.100375,16.7835,-0.41425
E02004512,11399,7639.000000000001,2408.0,1817.9999999999989,0.17608333333333334,17.919944444444436,0.26999999999999996
E02004513,11550,8418.999999999996,1525.0000000000002,1887.0000000000005,0.29142857142857137,29.847619047619055,1.0985714285714285
E02004514,5837,3422.0000000000005,1697.0000000000002,1092.0,0.11249999999999999,12.877749999999992,-0.246
E02004515,10002,6075.999999999999,2500.999999999999,1963.9999999999986,0.09558333333333331,23.832055555555552,-0.2785
E02004516,13347,9484.000000000002,1492.0000000000011,2702.9999999999995,0.21425,25.105291666666663,0.35712499999999997
E02004517,9911,5792.999999999998,2680.9999999999977,1956.999999999999,0.126,14.5478,-0.10979999999999998
E02004518,8081,5184.000000000001,1425.9999999999993,1702.0000000000005,0.091125,11.933500000000008,-0.56475
E02004519,7473,4192.0,2539.999999999999,1291.9999999999998,0.1002,9.93666666666666,-0.23500000000000001
E02004520,9807,6195.0,1179.0000000000011,2645.0000000000005,0.2105,16.468833333333333,0.5143333333333334
E02004521,9498,6069.999999999999,2235.9999999999986,1785.9999999999998,0.20125,22.6098888888889,0.4866666666666668
E02004522,8803,5591.000000000001,2417.000000000001,1255.000000000001,0.08049999999999999,15.683200000000022,-0.6394
E02004523,10551,6609.0,2040.0000000000007,2430.0,0.21466666666666667,19.28283333333332,0.5788333333333333
E02004524,8278,4832.000000000002,2817.0000000000014,1327.0000000000007,0.0853,24.29153333333334,-0.6128000000000001
E02004525,8303,4626.0,2865.0,1369.000000000001,0.11979999999999999,20.29733333333332,-0.21879999999999997
E02004526,7129,3733.0000000000005,3273.0000000000014,786.0000000000007,0.1078,20.05999999999998,-0.28600000000000003
E02004527,9252,5655.0,2726.9999999999973,1496.999999999999,0.1115,20.495200000000004,-1.3908
E02004528,8788,5326.0,2830.000000000001,1373.9999999999995,0.11829999999999999,22.228800000000017,-1.0357999999999998
E02004529,7394,4530.0,2295.0000000000014,1210.999999999999,0.11416666666666665,36.44466666666667,-1.3016666666666665
E02004530,7196,4028.000000000001,2104.0,1517.0000000000005,0.12575000000000003,18.085666666666675,-0.9435
E02004531,7121,4231.000000000001,1882.999999999999,1401.0000000000005,0.122,16.017999999999976,-0.95675
E02004532,6495,3921.9999999999986,1795.0000000000005,1153.9999999999977,0.107375,15.289333333333325,-1.3225
E02004533,7723,4643.0,2023.000000000001,1502.000000000001,0.1905,21.294,-0.14479999999999998
E02004534,8996,5653.000000000002,1846.9999999999989,1891.9999999999998,0.17459999999999998,22.61340000000002,-0.5393999999999999
E02004535,6302,3916.999999999999,1829.0000000000007,1039.0000000000005,0.17133333333333334,34.835,-0.407
E02004536,6084,3509.000000000001,1955.0000000000007,1039.0000000000002,0.08075,18.105999999999998,-1.3325
E02004537,9463,6260.0,1692.0000000000002,1978.0000000000005,0.20258333333333334,17.467555555555553,-0.15949999999999998
E02004538,9914,6125.999999999997,2602.0,1776.0000000000014,0.076,14.259888888888886,-1.4085
E02004539,7813,5048.0,1590.0000000000018,1536.0000000000011,0.14010000000000003,14.864133333333319,-0.5178
E02004540,6071,3817.0,1502.0000000000011,1100.0,0.07250000000000001,14.03041666666665,-1.565
E02004541,11768,7213.000000000002,2977.0,2192.0000000000005,0.08842857142857143,13.903619047619058,-1.2981428571428573
E02004542,6971,4270.999999999999,1932.9999999999973,1260.9999999999995,0.077,15.398583333333349,-1.3007499999999999
E02004543,7658,4699.0,1695.0000000000002,1639.0,0.152125,17.274083333333326,-0.90675
E02004544,12093,7712.999999999999,2151.0000000000014,2769.000000000002,0.12892857142857142,14.019000000000009,-0.5741428571428572
E02004545,7905,4885.000000000001,1666.999999999999,1751.0000000000018,0.2711,21.196,0.1186
E02004546,8430,5424.0,1703.0,1730.9999999999995,0.24050000000000002,20.20086666666668,0.0586
E02004547,10145,6592.0,1666.0000000000002,2369.9999999999977,0.22240000000000001,20.07573333333334,-0.036
E02004548,8888,5872.999999999997,1524.9999999999993,1902.0000000000014,0.0931,12.563733333333339,-0.9057999999999999
E02004549,8250,5082.999999999998,1766.9999999999995,1881.0000000000016,0.2257,19.8032,0.043
E02004550,9008,5553.999999999997,1829.9999999999993,1995.0000000000005,0.25458333333333333,22.036666666666648,0.14583333333333334
E02004551,7538,4561.0,1759.9999999999995,1627.0000000000005,0.23690000000000003,19.98246666666666,0.23559999999999998
E02004552,6521,4010.000000000001,1794.9999999999995,1202.9999999999993,0.175,19.131266666666683,-0.20459999999999998
E02004553,7877,4920.999999999999,1426.9999999999993,1813.000000000001,0.23399999999999999,18.8682,0.23559999999999998
E02004554,7789,4846.000000000002,1662.0000000000007,1677.0000000000005,0.2102,22.65493333333334,-0.18039999999999998
E02004555,6424,3745.0000000000014,2258.0,986.9999999999997,0.1,34.019833333333324,-0.7967500000000001
E02004556,7720,4285.000000000003,2712.000000000002,1274.9999999999982,0.0805,24.273,-0.9842500000000001
E02004557,9026,5505.0,2474.0000000000005,1666.9999999999986,0.1272,18.32986666666664,-0.316
E02004558,6968,4052.999999999999,2302.000000000001,1097.9999999999982,0.18675,22.98683333333335,-0.011499999999999993
E02004559,8369,4887.0,2737.0,1373.0,0.11725000000000001,14.147611111111113,-0.3245
E02004560,9318,5544.0,2886.9999999999977,1578.0000000000011,0.1484,32.05259999999998,-0.22940000000000005
E02004561,10556,6374.999999999998,3521.0000000000005,1587.000000000001,0.10057142857142856,26.960714285714285,-0.5298571428571429
E02004562,9187,5341.0,3116.9999999999977,1485.9999999999989,0.1416666666666667,18.03905555555555,-0.4423333333333333
E02004563,6759,3669.0000000000005,2671.0,969.0000000000002,0.09737499999999999,21.472,-0.69625
E02004564,8029,4734.000000000001,2667.0000000000005,1287.0000000000011,0.08379999999999999,15.27106666666666,-0.7522
E02004566,5710,3499.000000000001,1432.0000000000011,1101.0000000000007,0.235125,28.69133333333335,0.237
E02004567,8205,4781.000000000001,2614.0,1324.9999999999989,0.060899999999999996,12.00826666666668,-1.0286000000000002
E02004568,9273,5887.999999999999,1980.000000000002,1834.999999999999,0.11599999999999999,14.7908,-0.6318
E02004569,8943,5525.999999999999,2250.999999999999,1690.9999999999975,0.1385,19.890800000000002,-0.25179999999999997
E02004570,8710,4942.0,2807.000000000001,1538.000000000001,0.11533333333333334,13.416944444444448,-0.6111666666666667
E02004571,7784,4357.000000000002,2582.999999999999,1367.9999999999995,0.06949999999999999,11.855733333333323,-0.7737999999999999
E02004572,8134,4884.000000000001,2281.0,1533.0000000000002,0.1511,23.08453333333332,-0.2088
E02004573,6449,3915.000000000001,1826.9999999999995,1179.0000000000002,0.333625,43.29308333333332,0.98725
E02004574,8018,4557.000000000001,2112.9999999999986,1789.0000000000011,0.273875,31.451666666666675,0.7595
E02004575,12457,7399.000000000002,4057.999999999999,2028.9999999999995,0.1165,22.469428571428555,0.03842857142857147
E02004576,9213,5259.999999999999,3362.0,1366.9999999999998,0.144,27.9706111111111,0.4096666666666667
E02004577,6446,3927.9999999999986,1894.9999999999982,1143.0,0.111,21.450416666666676,0.031499999999999986
E02004578,7710,3741.0,3657.0,1054.0000000000014,0.22000000000000003,33.083800000000004,0.679
E02004579,8151,4640.000000000003,3119.999999999999,1168.9999999999964,0.14689999999999998,32.40086666666669,0.44139999999999996
E02004580,12611,6149.0,6022.000000000001,1581.999999999999,0.15487499999999998,24.02520833333334,0.291875
E02004581,9062,5236.0,3129.9999999999977,1442.000000000001,0.10987499999999999,20.441083333333324,0.07100000000000001
E02004582,7208,3793.9999999999995,3136.9999999999986,985.0,0.23299999999999998,26.758499999999998,0.7404999999999999
E02004583,9083,5131.0,3337.0,1363.0,0.16599999999999998,30.869333333333323,0.33999999999999997
E02004584,6540,3029.000000000001,3670.9999999999986,587.9999999999995,0.15387499999999998,25.417166666666652,0.49375
E02004585,9167,5139.000000000002,3083.9999999999995,1622.0000000000007,0.2299,28.98353333333332,0.7605999999999999
E02004586,8195,4400.0,3086.0000000000014,1383.9999999999982,0.28080000000000005,31.898666666666678,1.0366
E02004587,7853,4465.000000000001,2320.000000000001,1611.9999999999998,0.4029,34.06126666666666,1.4586000000000001
E02004588,7320,4360.000000000002,2104.0000000000005,1360.9999999999977,0.47475,48.136166666666675,2.156
E02004589,7483,4266.000000000002,2583.0000000000014,1238.9999999999995,0.2669,31.94720000000002,0.9346
E02004590,8434,4644.999999999999,3705.9999999999986,977.0000000000011,0.3704,47.681200000000004,1.3554
E02004591,7675,4483.000000000001,2267.999999999998,1446.0000000000014,0.057249999999999995,15.58866666666665,-2.0075000000000003
E02004592,13362,7851.999999999999,3751.000000000001,2564.999999999998,0.11607142857142858,10.927380952380961,-1.0274285714285714
E02004593,9091,5271.999999999999,2929.999999999999,1633.0000000000007,0.0673,23.88093333333334,-1.8208000000000002
E02004594,8690,5250.0,2467.9999999999973,1553.000000000003,0.08825,26.204000000000004,-1.26
E02004595,15153,9244.999999999998,3845.000000000001,2980.9999999999986,0.07828571428571429,17.336904761904773,-1.5594285714285714
E02004596,10690,6591.000000000001,2344.0,2353.0000000000005,0.10457142857142857,20.229761904761897,-1.2565714285714285
E02004597,9113,5577.000000000002,2315.000000000001,1798.999999999999,0.1244,13.954933333333306,-1.2356
E02004598,11141,6470.000000000001,3079.0,2159.0000000000014,0.08466666666666667,20.74,-1.5153333333333334
E02004599,7760,4607.000000000002,2323.0000000000023,1399.9999999999973,0.079625,25.709000000000003,-1.70175
E02004600,5598,3507.999999999999,1517.9999999999995,1001.9999999999998,0.1485,15.193750000000001,-0.39175
E02004601,6281,3347.000000000001,2257.999999999999,1041.0000000000005,0.059,7.179333333333334,-1.3607500000000001
E02004602,6686,4203.0,1498.9999999999995,1364.0000000000014,0.23349999999999999,17.987916666666674,0.25549999999999995
E02004603,8006,6038.000000000002,1248.0000000000005,1052.0,0.2004,19.903266666666646,0.3427999999999999
E02004604,8465,5346.999999999999,1465.9999999999995,2030.9999999999993,0.3115,23.043066666666657,0.5546
E02004605,5960,3646.999999999999,1309.9999999999993,1334.9999999999995,0.271375,21.398083333333325,0.49200000000000005
E02004606,10358,7331.0,1928.0000000000005,1662.0000000000005,0.1479285714285714,13.06647619047619,0.015857142857142847
E02004607,9645,6879.000000000002,2213.0,1167.999999999999,0.09300000000000001,15.764833333333334,-0.6428333333333334
E02004608,10090,6574.000000000002,2407.9999999999995,1399.0000000000005,0.088,16.672571428571427,-0.522
E02004609,7149,4317.0,2132.9999999999986,1218.0000000000011,0.07775,8.611083333333351,-0.8105
E02004610,7785,4486.0,2585.9999999999995,1131.0,0.0624,10.59553333333334,-1.1169999999999998
E02004611,12393,7401.000000000002,2919.999999999999,2676.999999999999,0.065625,8.216750000000005,-0.9918750000000001
E02004612,9276,5473.0,2842.999999999999,1652.0,0.0882142857142857,8.796285714285709,-0.9301428571428572
E02004613,6336,3474.0000000000005,2219.9999999999995,1054.0000000000014,0.036250000000000004,7.4175,-1.5945
E02004614,5557,3041.0,1794.9999999999995,1059.0000000000002,0.04783333333333334,7.272666666666666,-1.4113333333333333
E02004615,8731,4730.0,3575.0000000000014,1263.0000000000007,0.10710000000000001,20.68933333333332,-1.1378
E02004616,10050,5699.0,3758.0000000000027,1475.0000000000007,0.09883333333333334,22.271611111111117,-0.9440000000000001
E02004617,9492,5554.0,3039.999999999999,1623.9999999999998,0.08275,22.526111111111103,-0.9963333333333333
E02004618,7334,4326.000000000002,2512.0,1148.0000000000007,0.065875,35.47683333333332,-1.5775
E02004619,7195,4196.0,2709.0000000000027,1052.9999999999998,0.07875,34.662750000000024,-1.492
E02004620,8404,5052.0,2375.999999999998,1527.0,0.1002,11.394400000000006,-0.9028
E02004621,6176,3617.0000000000014,2162.0,773.0000000000009,0.148625,15.40833333333335,-0.371
E02004622,7673,4785.0,2100.999999999999,1221.0000000000002,0.1159,13.816199999999995,-0.45299999999999996
E02004623,9283,5214.999999999998,3212.9999999999986,1575.9999999999995,0.08850000000000001,18.077444444444435,-1.174
E02004624,6650,3851.0,2176.000000000002,1191.9999999999998,0.08249999999999999,21.547416666666653,-1.14525
E02004625,10372,5972.000000000001,3468.000000000001,1767.0000000000002,0.10328571428571429,21.146619047619048,-1.174
E02004626,9990,5871.999999999999,3421.0000000000005,1314.0,0.0833,34.45606666666666,-0.7272000000000001
E02004627,6637,3834.999999999998,2119.9999999999986,1195.9999999999984,0.15133333333333335,21.4962222222222,-0.5376666666666666
E02004628,8006,4748.0,2530.0,1368.9999999999989,0.1588,27.285466666666657,-0.1664
E02004629,12953,7895.999999999998,3754.999999999998,2282.9999999999986,0.20471428571428568,24.431380952380955,-0.044857142857142894
E02004630,6637,3872.0000000000005,2434.000000000001,936.9999999999999,0.1265,35.1275,-0.33349999999999996
E02004631,5043,2930.000000000001,2034.0000000000005,664.0000000000002,0.09566666666666668,32.1507777777778,-0.7050000000000001
E02004632,10859,6371.0,3556.000000000002,1805.9999999999973,0.19107142857142856,19.354047619047613,-0.14828571428571427
E02004633,8340,4895.999999999999,2898.0,1230.0000000000011,0.14500000000000002,30.004733333333313,-0.4532
E02004634,11617,7007.000000000001,3495.000000000001,1964.000000000001,0.16966666666666672,21.35766666666665,-0.1648333333333333
E02004635,7852,4517.999999999999,2574.0000000000005,1320.0000000000011,0.122,22.185533333333318,-0.769
E02004636,7763,4713.0,2340.0000000000005,1281.9999999999998,0.057499999999999996,7.913333333333325,-0.6064
E02004637,9550,6349.0,2309.000000000001,1446.999999999999,0.1731,19.748400000000007,0.8415999999999999
E02004638,5858,3548.999999999999,1543.0,1095.9999999999995,0.090375,10.59749999999999,-0.3145
E02004639,11882,8550.0,2132.999999999999,1626.0000000000005,0.26221428571428573,29.305238095238103,1.1632857142857145
E02004640,8774,5718.0,1308.0,2059.0000000000005,0.30629999999999996,39.587733333333325,0.8783999999999998
E02004641,7433,4063.9999999999964,2771.0000000000014,1147.0,0.08700000000000001,9.6104,-0.5631999999999999
E02004642,12336,7805.000000000002,2733.999999999998,2448.0,0.1527857142857143,17.05342857142857,0.01557142857142857
E02004643,8313,5404.000000000003,1386.0000000000007,1868.0,0.29710000000000003,34.349199999999996,0.8026
E02004644,9307,5935.000000000002,1948.9999999999995,1920.9999999999995,0.20966666666666667,24.789666666666665,0.39166666666666666
E02004645,9037,5633.0,2536.0,1599.0000000000018,0.07441666666666667,8.719944444444439,-0.5918333333333333
E02004646,9167,5651.999999999998,2172.0,1916.999999999999,0.2770000000000001,26.5613888888889,0.7791666666666667
E02004647,6352,3698.0,1946.9999999999993,1162.9999999999977,0.20237499999999997,22.14291666666668,0.39725
E02004648,5600,3178.0,1977.999999999999,862.0000000000019,0.126,17.34516666666665,0.17275000000000001
E02004649,7341,5071.000000000001,1324.9999999999986,1365.9999999999986,0.09425,10.835166666666693,-0.41725
E02004650,14817,9498.000000000002,2001.0000000000005,3810.999999999998,0.1532222222222222,14.86840740740741,0.2673333333333333
E02004651,11738,7379.0,2336.999999999999,2547.000000000001,0.11216666666666668,14.793499999999986,-0.4081666666666666
E02004652,6769,3594.0,2838.999999999999,994.9999999999984,0.068125,26.957749999999997,-1.07975
E02004653,8244,4901.000000000002,2528.999999999999,1490.0000000000005,0.0865,25.563999999999975,-0.93875
E02004654,11552,7031.999999999999,3471.9999999999986,1887.9999999999995,0.13033333333333333,16.114222222222235,-0.44783333333333336
E02004655,8164,4993.0,2225.000000000001,1428.999999999999,0.15439999999999998,20.33026666666668,-0.1984
E02004656,11423,7315.0,3014.0,1854.9999999999977,0.167,20.442666666666668,-0.132
E02004657,6837,4091.0,2073.000000000001,1181.9999999999998,0.0773,18.27926666666666,-0.7969999999999999
E02004658,6317,3793.000000000001,1974.9999999999993,1029.9999999999989,0.06125,14.464333333333352,-1.19925
E02004659,7191,4082.9999999999995,2529.000000000001,1211.0000000000011,0.08980000000000002,21.336533333333342,-0.8768
E02004660,6666,3480.9999999999986,2704.999999999999,1046.0000000000005,0.086625,19.367499999999975,-0.8420000000000001
E02004661,8758,5160.0,2923.999999999998,1414.9999999999993,0.12741666666666665,16.780666666666665,-0.5
E02004662,6783,4092.0000000000005,2173.0000000000014,1116.0,0.092125,25.62558333333335,-0.7245
E02004663,6513,3803.0,2194.0000000000005,1076.9999999999995,0.115625,19.666249999999998,-0.61825
E02004664,7524,4583.0,1924.9999999999986,1473.9999999999986,0.167375,21.196916666666674,-0.19600000000000004
E02004665,8746,5093.000000000002,2840.999999999998,1491.0000000000014,0.0873,18.19333333333332,-0.9064
E02004666,12212,7663.0,2829.9999999999986,2354.999999999998,0.10628571428571429,13.926952380952384,-0.7242857142857143
E02004667,10735,6189.999999999999,3717.0,1698.000000000001,0.16599999999999998,21.681761904761903,-0.33485714285714285
E02004668,9068,5018.999999999998,3621.0000000000005,1348.0000000000005,0.093,20.82239999999998,-1.1303999999999998
E02004669,7534,4300.999999999999,2610.000000000001,1224.9999999999977,0.074875,22.03433333333335,-1.1445
E02004671,7444,4327.0,2423.0,1305.9999999999993,0.126,18.86258333333335,-0.6835
E02004672,12527,7523.999999999999,3427.9999999999995,2343.9999999999995,0.096,9.91445833333333,-0.766125
E02004673,8209,4820.000000000002,2253.0000000000005,1643.9999999999977,0.128,18.128249999999973,-0.528
E02004674,12886,8072.999999999996,2786.0000000000005,2712.9999999999995,0.16221428571428573,12.84509523809524,-0.0052857142857142825
E02004675,7863,4665.0,2152.9999999999995,1544.9999999999998,0.09380000000000001,15.87666666666666,-0.44300000000000006
E02004676,8008,4798.0,2633.000000000001,1223.0000000000005,0.06358333333333334,17.362666666666673,-0.844
E02004677,7540,4424.0,2323.0,1381.0000000000005,0.0846,26.319733333333318,-1.0568
E02004678,7599,4566.0,2411.0,1233.9999999999989,0.0748,21.810399999999998,-0.9796000000000001
E02004679,11425,7115.999999999999,2553.0,2398.999999999998,0.093,16.533333333333328,-0.7262857142857143
E02004680,7826,5305.999999999999,1434.0000000000011,1538.9999999999995,0.05790000000000001,10.070999999999986,-0.8744
E02004681,15485,10053.000000000004,2011.0000000000018,3723.9999999999986,0.1865,18.884458333333324,0.332125
E02004682,8306,5433.999999999999,1749.9999999999989,1623.9999999999995,0.105875,12.494000000000018,-0.712
E02004683,8360,5568.000000000001,1614.999999999999,1546.9999999999989,0.1593,17.064200000000003,0.2012
E02004684,11921,8007.000000000002,1850.0,2507.999999999999,0.14121428571428574,16.26238095238094,0.16157142857142853
E02004685,7904,5729.999999999999,1418.0000000000011,1116.0000000000002,0.1233,16.2182,0.04240000000000001
E02004686,8927,6118.0,1594.0000000000018,1560.0000000000002,0.13230000000000003,15.66653333333332,-0.24199999999999994
E02004687,7714,4849.000000000001,1350.999999999999,1792.9999999999998,0.2097,23.045133333333336,0.24420000000000003
E02004688,7958,5004.0,1899.000000000001,1511.9999999999993,0.22610000000000002,20.29406666666666,0.42679999999999996
E02004689,5747,3101.999999999999,2167.000000000001,913.000000000001,0.0785,12.43891666666666,-0.8935
E02004690,8218,5281.999999999999,2009.9999999999982,1395.000000000001,0.0912,11.9232,-0.6274000000000001
E02004691,8044,4585.0,2900.999999999999,1286.9999999999995,0.07120000000000001,20.64326666666666,-1.091
E02004692,7186,3962.999999999999,2719.999999999999,1055.9999999999995,0.045799999999999993,8.615866666666665,-0.9136000000000001
E02004693,7345,4779.999999999999,1549.0000000000002,1446.000000000001,0.16960000000000003,15.138133333333347,0.09459999999999999
E02004694,7784,4579.0,2209.0000000000005,1510.9999999999989,0.077375,18.990000000000023,-0.85775
E02004695,8869,6091.0,1339.0000000000018,1825.0000000000002,0.05658333333333334,9.78744444444444,-0.8548333333333332
E02004696,7841,4649.0,2126.000000000001,1532.0000000000005,0.09175,16.1695,-0.9235
E02004697,6820,3958.9999999999986,2104.9999999999977,1229.0000000000005,0.066875,18.353500000000007,-1.19075
E02004698,6534,4033.0000000000014,1618.0000000000002,1241.000000000001,0.22287500000000002,16.03941666666665,0.25175000000000003
E02004699,11125,6601.999999999998,3548.000000000001,1767.0000000000002,0.08142857142857143,8.39752380952381,-0.9241428571428572
E02004700,7199,4778.999999999999,1078.999999999999,1664.0000000000005,0.15612499999999999,18.76283333333335,-0.22875
E02004702,8040,5182.000000000002,2019.0000000000005,1457.0000000000014,0.1316,16.971666666666657,-0.344
E02004703,12669,7270.000000000004,4342.000000000001,2082.0000000000014,0.06083333333333333,16.700500000000016,-1.2185
E02004704,6524,4034.000000000001,1883.0,1090.0000000000007,0.08675000000000001,19.687583333333322,-0.85275
E02004705,9827,5613.999999999998,2953.9999999999977,1829.0000000000014,0.0889,14.05233333333334,-0.9666
E02004706,7769,4420.999999999998,2651.999999999999,1296.0000000000005,0.0931,19.473000000000003,-0.8278000000000001
E02004707,11333,6314.999999999997,3951.9999999999973,1853.999999999999,0.0628,17.326000000000004,-1.6628
E02004708,9510,5691.0,2693.0000000000023,1725.0000000000011,0.14583333333333334,13.415055555555563,-0.46249999999999997
E02004709,8791,5159.000000000001,2771.0000000000014,1539.999999999999,0.08209999999999999,11.891000000000014,-1.1776
E02004710,6603,3942.000000000001,2132.000000000001,1087.0000000000002,0.10350000000000001,11.000749999999998,-0.8282499999999999
E02004712,8932,4764.0,2875.000000000001,1737.9999999999989,0.0403,6.464000000000001,-1.3442
E02004713,8063,4497.0,2547.999999999999,1552.9999999999995,0.06989999999999999,10.569666666666652,-0.8320000000000001
E02004714,7472,4276.000000000001,2596.0,1128.0000000000002,0.0655,7.213733333333332,-0.9545999999999999
E02004715,9199,5720.999999999999,2267.0000000000023,1766.9999999999982,0.1338,14.978133333333341,-0.1396
E02004716,8745,5305.0,2383.0,1634.000000000001,0.11683333333333334,14.540055555555549,-0.37433333333333324
E02004717,13350,8548.0,2224.000000000002,3037.9999999999995,0.204875,19.29558333333334,0.126625
E02004718,8718,6009.000000000001,1556.999999999999,1599.9999999999982,0.1923,20.46373333333334,0.0978
E02004719,11952,7311.999999999998,3113.999999999998,2269.9999999999995,0.07407142857142857,11.320333333333332,-0.7661428571428571
E02004720,11663,6969.0,3789.000000000001,1798.0000000000007,0.098,12.047095238095242,-0.5168571428571428
E02004721,12439,8065.000000000003,1671.9999999999998,3132.999999999999,0.0905,10.917428571428571,-0.7142857142857143
E02004722,7068,4111.0,2169.0,1285.9999999999989,0.1296,13.911066666666638,-0.14840000000000003
E02004723,9849,5802.999999999999,2963.9999999999995,1709.000000000001,0.06641666666666667,10.640888888888872,-0.7675
E02004724,9972,6383.0,2076.9999999999986,2066.0,0.15380000000000002,16.50753333333332,-0.22000000000000006
E02004725,5511,3269.999999999999,1776.000000000001,852.0000000000007,0.14783333333333334,15.596111111111133,-0.2383333333333333
E02004726,6123,3741.999999999999,1852.000000000001,1010.0000000000014,0.08900000000000001,13.890777777777766,-0.9326666666666666
E02004727,10238,6354.999999999998,2232.0,2163.000000000002,0.07039999999999999,10.024866666666652,-1.2018
E02004728,9072,5581.0,2502.9999999999995,1551.0,0.09958333333333334,11.442888888888879,-0.5466666666666667
E02004729,7241,4429.000000000001,2096.000000000001,1207.9999999999993,0.15899999999999997,15.793866666666679,-0.1652
E02004730,8619,4877.999999999999,3174.9999999999995,1330.9999999999986,0.06216666666666667,8.618611111111113,-1.0175
E02004731,7567,4477.000000000002,2515.0000000000014,1191.0000000000005,0.0548,8.09173333333334,-1.2314
E02004732,8833,5150.999999999998,2827.9999999999977,1554.9999999999995,0.07170000000000001,11.696799999999987,-1.2992
E02004733,8043,4868.0,2531.999999999999,1335.0,0.10310000000000001,13.988666666666655,-0.845
E02004734,10175,6307.999999999999,3191.999999999998,1492.000000000001,0.10628571428571429,11.657047619047631,-0.5385714285714285
E02004735,7353,4108.0,2812.999999999998,1088.0000000000005,0.05669999999999999,7.686200000000002,-1.0
E02004736,8059,4503.000000000001,2955.000000000002,1244.0000000000002,0.0855,10.1374,-0.9193999999999999
E02004737,7626,4769.0,1849.9999999999993,1469.9999999999984,0.21200000000000002,13.948333333333348,0.1608
E02004738,7210,4244.0,2422.0000000000005,1103.9999999999995,0.1092,12.350666666666674,-0.5144
E02004739,7592,4344.999999999998,2915.9999999999986,881.0000000000016,0.084875,10.836666666666675,-0.8135
E02004740,6934,3648.000000000002,2896.999999999999,1000.0000000000002,0.05689999999999999,7.465599999999998,-1.0434
E02004741,7548,4391.000000000001,2428.9999999999995,1292.0000000000005,0.19579999999999997,22.57613333333336,0.43699999999999994
E02004742,7069,4166.999999999999,2326.0000000000005,1211.0000000000005,0.20589999999999997,22.22306666666666,0.7121999999999999
E02004743,7361,4611.0,2020.0000000000002,1274.0,0.11179999999999998,22.41586666666668,-0.05939999999999999
E02004744,9734,6216.0,1199.000000000001,2556.9999999999995,0.2755833333333333,30.879722222222238,0.7364999999999999
E02004745,8402,5468.000000000002,1990.9999999999989,1502.9999999999995,0.23033333333333336,27.24016666666667,0.49399999999999994
E02004746,11213,6123.999999999998,4016.000000000002,1864.000000000001,0.0995,17.782142857142844,-0.265
E02004747,6474,4104.999999999998,1778.9999999999995,1047.9999999999986,0.175375,24.682750000000002,0.32975
E02004748,9466,6055.000000000001,2395.0000000000014,1674.0000000000007,0.3132857142857142,32.108761904761884,0.943
E02004749,7193,3854.0,2810.9999999999986,1095.9999999999998,0.0656,14.971133333333341,-0.4008
E02004750,7817,4771.0,2739.9999999999995,1117.9999999999993,0.11708333333333332,20.7376111111111,-0.007999999999999998
E02004751,8559,4996.0,2680.9999999999977,1425.0000000000005,0.09169999999999999,10.920733333333335,-1.6052
E02004752,7976,4763.0,2308.0000000000014,1448.000000000001,0.0523,9.29006666666666,-1.9792
E02004753,12068,7520.0,2992.0000000000005,2009.0,0.09178571428571428,12.254190476190468,-1.719142857142857
E02004754,7267,4123.999999999999,2309.9999999999995,1365.0000000000005,0.09062500000000001,20.070666666666675,-1.42625
E02004755,12170,7917.000000000003,2364.9999999999995,2405.0000000000027,0.06564285714285714,10.126571428571438,-2.0084285714285715
E02004756,9940,6313.999999999998,2249.9999999999986,2001.0000000000005,0.06770000000000001,10.196599999999995,-1.5146000000000002
E02004757,7860,4324.0,2677.000000000002,1367.0000000000011,0.0368,6.122066666666668,-2.2504
E02004758,9162,5499.000000000001,2444.999999999999,1700.9999999999998,0.09125000000000001,10.715833333333329,-1.3445
E02004759,8324,4856.0,2369.0,1544.9999999999995,0.0523,8.744,-2.1464
E02004760,10991,6663.0,2231.999999999999,2630.999999999999,0.08133333333333333,12.829055555555563,-1.6994999999999998
E02004761,6595,4028.000000000001,1669.9999999999989,1238.9999999999989,0.073375,14.8601666666667,-1.55525
E02004764,8188,4619.0,3221.9999999999995,1100.999999999999,0.1234,13.791466666666684,-0.2572
E02004765,6039,3643.9999999999995,1960.9999999999995,939.0000000000007,0.06925,10.562583333333343,-0.7755000000000001
E02004766,7135,4314.000000000001,1950.0000000000005,1278.0000000000018,0.22175,19.608,0.44100000000000006
E02004767,5785,3517.9999999999986,1201.0000000000005,1345.999999999998,0.33475,31.323,0.837
E02004768,5325,3259.0,1404.0000000000011,1035.0000000000002,0.205625,17.993666666666673,0.21875
E02004769,6372,3913.0000000000005,1171.0000000000007,1592.0000000000016,0.361375,31.788666666666675,0.91
E02004770,6817,4248.000000000001,1437.000000000001,1500.000000000001,0.34419999999999995,30.241066666666676,0.9927999999999999
E02004771,9073,5579.0,1953.9999999999993,2021.0000000000007,0.3135,30.829933333333344,0.788
E02004772,9138,5562.000000000001,2903.0000000000014,1417.0000000000014,0.12216666666666666,14.289555555555566,-0.3088333333333333
E02004774,10411,5567.999999999999,4255.999999999999,1498.0000000000023,0.11025,13.789388888888881,-0.6715
E02004775,10623,6359.000000000002,3341.0000000000005,1749.9999999999993,0.1495,16.114714285714303,0.017714285714285714
E02004776,5936,3108.000000000001,2769.0000000000014,675.0000000000006,0.10275000000000001,15.886333333333326,-0.19674999999999998
E02004777,5285,2688.0,2512.9999999999995,620.9999999999993,0.19033333333333333,21.370444444444434,0.12866666666666668
E02004778,6175,3278.0,2847.000000000001,742.9999999999998,0.150625,18.710083333333326,0.016249999999999994
E02004779,10928,6128.000000000002,4349.0,1503.0000000000014,0.09699999999999999,21.484428571428566,-0.8762857142857142
E02004780,5997,3520.0,1714.0000000000014,1133.9999999999998,0.17925000000000002,16.710583333333325,0.17674999999999996
E02004781,8028,5078.000000000001,2064.000000000001,1444.0000000000005,0.11339999999999999,12.35453333333334,-0.462
E02004782,7715,4573.0,2232.000000000001,1346.0,0.16840000000000002,16.757933333333337,0.17760000000000004
E02004783,7035,4423.999999999999,1859.9999999999998,1298.0,0.1045,12.79973333333332,-0.4116000000000001
E02004784,5562,3022.999999999999,2312.0000000000014,724.9999999999983,0.06824999999999999,17.159000000000027,-0.688
E02004785,5426,3047.0,2299.999999999998,636.9999999999997,0.071875,25.25575,-0.8047500000000001
E02004786,8221,5156.000000000002,2122.0000000000005,1507.0000000000002,0.11291666666666667,17.017166666666647,-0.42166666666666663
E02004787,7333,3877.9999999999995,3197.0,956.0000000000002,0.0865,10.5652,-0.6418
E02004788,7203,4100.000000000002,2517.0,1141.9999999999998,0.0806,15.165866666666663,-0.8174000000000001
E02004789,10646,6056.0,3386.9999999999986,1961.000000000003,0.16674999999999998,18.065055555555563,-0.266
E02004790,8146,4722.000000000003,2532.0,1403.000000000001,0.16160000000000002,16.182999999999993,-0.30999999999999994
E02004791,5556,3220.0000000000005,1446.0000000000002,1186.0000000000014,0.21875000000000003,21.882999999999974,0.2115
E02004792,8517,4718.999999999998,3310.9999999999995,1297.999999999999,0.11866666666666666,18.23244444444445,-0.5061666666666667
E02004793,7380,3827.999999999998,3211.9999999999995,1037.0,0.06625,15.475583333333326,-1.31825
E02004794,6940,3780.000000000001,2816.000000000002,1094.0000000000005,0.09230000000000001,19.3376,-0.9008
E02004795,8664,4680.0,3723.000000000001,1077.0000000000007,0.08820000000000001,20.005266666666664,-1.0166000000000002
E02004796,9639,4955.999999999999,4373.000000000002,1228.9999999999975,0.08566666666666667,14.344611111111101,-0.8728333333333333
E02004797,8051,4767.999999999998,2579.999999999999,1336.0000000000027,0.174,15.227866666666642,-0.5252
E02004798,6150,3543.9999999999995,1905.0000000000005,1102.0000000000014,0.24625,19.347250000000003,0.2735
E02004799,7921,4152.0,3326.0,1057.9999999999982,0.1478,14.03986666666668,-0.24180000000000001
E02004800,7217,3176.0000000000005,4362.0,553.0000000000001,0.064875,10.213333333333335,-0.95625
E02004801,7657,3421.0,4223.000000000001,834.9999999999999,0.062,11.442133333333347,-1.075
E02004802,6662,4232.0,1622.000000000001,1207.0000000000007,0.19975,27.41216666666665,-0.4145
E02004803,7387,4790.000000000001,1425.000000000001,1495.9999999999998,0.25020000000000003,28.511200000000002,-0.1936
E02004804,7077,4539.0,1768.999999999999,1169.9999999999995,0.0806,16.52366666666666,-1.0968
E02004805,8674,5521.000000000001,2238.9999999999995,1435.0000000000016,0.0617,12.501000000000008,-1.5798
E02004806,7980,5155.999999999998,1792.0000000000005,1543.0000000000005,0.08,13.961333333333325,-1.3694000000000002
E02004807,9601,6000.0,2210.9999999999995,1809.9999999999986,0.1345,17.466722222222234,-0.8185000000000001
E02004808,12555,8704.0,1937.0000000000005,2313.999999999999,0.10978571428571428,17.602714285714285,-0.6778571428571428
E02004809,11646,7921.999999999998,1154.9999999999998,2779.9999999999995,0.17558333333333334,20.75538888888892,-0.38999999999999996
E02004810,8308,5606.999999999999,1423.9999999999995,1668.0000000000011,0.15237499999999998,18.79041666666665,-0.6579999999999999
E02004811,7986,5105.0,2117.999999999999,1222.0000000000007,0.1549,20.41013333333334,-0.6663999999999999
E02004812,6658,4325.0,1590.9999999999995,1161.0000000000005,0.09412499999999999,15.338916666666675,-1.1165
E02004813,6469,4074.9999999999995,1547.9999999999986,1224.9999999999984,0.209625,23.88141666666665,-0.04824999999999999
E02004814,6952,4391.000000000001,1973.9999999999984,1116.0000000000005,0.071625,15.49933333333335,-0.8222499999999999
E02004815,7409,4748.999999999999,1152.0000000000014,1765.0000000000005,0.28099999999999997,25.9998,0.6626
E02004817,7455,4709.000000000002,1932.0,1241.9999999999995,0.1433,14.402200000000018,0.13160000000000002
E02004818,10240,6237.000000000003,3064.0000000000005,1569.0000000000014,0.07341666666666667,14.615833333333347,-0.7364999999999999
E02004819,7805,4828.0,2325.000000000002,1181.9999999999998,0.0853,9.332266666666666,-0.5966
E02004820,7519,4533.0,2138.0,1347.9999999999998,0.07375000000000001,27.73525,-0.83675
E02004821,5262,2893.0,1957.999999999999,951.999999999999,0.056999999999999995,26.5772222222222,-1.361
E02004822,8087,4741.0,2852.000000000002,1247.0000000000002,0.08009999999999999,32.05506666666666,-1.0668
E02004823,8666,4792.000000000001,3090.0000000000027,1414.9999999999993,0.07991666666666668,10.135111111111106,-0.8408333333333333
E02004824,5910,3097.000000000001,2566.000000000001,720.0000000000005,0.14075000000000001,14.003833333333347,-0.268
E02004825,10983,6131.000000000002,3849.999999999998,1887.999999999999,0.08525,13.860444444444449,-0.8045
E02004826,10165,5930.999999999998,3005.0,1886.0000000000005,0.08683333333333332,17.662611111111104,-0.8156666666666665
E02004827,7311,4671.999999999998,1684.0,1481.0000000000011,0.042100000000000005,8.080666666666666,-1.4426
E02004828,7758,4549.999999999998,2371.999999999999,1351.0,0.065,11.209666666666667,-0.87775
E02004829,6045,3544.000000000001,1664.0000000000005,1228.9999999999989,0.08633333333333333,25.6058888888889,-1.2346666666666666
E02004830,7067,4278.0,2002.9999999999989,1276.0,0.08725,16.837749999999975,-1.25475
E02004831,10870,6210.000000000003,2926.0,2133.9999999999986,0.0717,9.53733333333334,-1.1442
E02004832,8563,4678.999999999997,3266.999999999999,1289.0000000000016,0.08180000000000001,17.86913333333333,-1.052
E02004833,10255,6454.999999999998,2405.9999999999995,1845.999999999999,0.08483333333333333,7.386999999999997,-0.6779999999999999
E02004834,7764,5133.999999999996,1686.9999999999986,1298.9999999999998,0.1807,15.5258,0.2222
E02004835,10793,6987.0,2467.9999999999995,1594.9999999999995,0.08291666666666668,10.54105555555555,-0.285
E02004836,6997,5106.999999999998,1016.0000000000009,994.0000000000011,0.183625,20.982166666666664,0.19799999999999998
E02004837,8288,4911.0,2352.0,1542.0000000000002,0.065,8.792266666666668,-1.1738
E02004838,9952,5687.000000000001,2948.9999999999995,1970.9999999999977,0.0727,16.125733333333322,-1.348
E02004839,9080,5143.0,3131.0000000000005,1640.0000000000014,0.07210000000000001,24.49799999999998,-1.4284000000000001
E02004840,10562,6103.000000000001,3420.0000000000005,1822.0,0.09766666666666668,13.5128888888889,-0.9568333333333333
E02004841,12441,7911.999999999998,2897.0000000000005,2337.999999999999,0.11578571428571428,17.258952380952383,-0.455
E02004842,11920,7155.000000000002,3258.0,2283.999999999999,0.11900000000000001,18.05988888888888,-0.9135
E02004843,7180,4146.999999999998,2052.999999999999,1324.0,0.08574999999999999,15.952083333333324,-1.0887499999999999
E02004844,7503,4806.0,1498.9999999999995,1571.0,0.15960000000000002,23.17833333333334,-0.3836
E02004845,7956,4883.999999999998,2066.999999999999,1449.0000000000014,0.17725000000000002,23.226083333333325,-0.48224999999999996
E02004846,6346,3675.0,1924.0000000000005,1110.0,0.060875,9.924416666666675,-1.62
E02004847,10249,6307.000000000001,2131.000000000001,2329.000000000001,0.2085,22.97799999999998,-0.3546666666666667
E02004848,7789,4868.999999999998,1792.000000000001,1585.0000000000018,0.12375,18.433749999999975,-0.9892500000000002
E02004849,6867,4297.000000000002,1857.000000000001,1202.9999999999995,0.09437499999999999,14.499666666666673,-1.27375
E02004850,7373,4687.999999999999,1667.0,1472.9999999999995,0.19130000000000003,22.175266666666662,-0.2298
E02004851,5903,3603.9999999999995,1445.0000000000002,1206.000000000001,0.182875,21.90033333333333,-0.05550000000000001
E02004852,8078,4919.000000000002,1794.9999999999998,1686.9999999999995,0.18080000000000002,21.11613333333334,-0.44799999999999995
E02004853,6987,4260.999999999998,1617.999999999998,1439.9999999999995,0.20037500000000003,21.887583333333303,-0.1975
E02004854,8096,5178.999999999998,1831.0,1465.9999999999986,0.173625,21.030916666666677,-0.52875
E02004855,8672,5775.999999999999,1389.9999999999989,1830.0000000000018,0.27949999999999997,27.11606666666666,0.06999999999999999
E02004856,5808,3645.999999999999,1439.9999999999995,1121.999999999999,0.09137500000000001,24.7325,-0.7877500000000001
E02004857,6196,3654.9999999999995,1657.9999999999998,1183.9999999999998,0.07912500000000001,14.753,-1.15925
E02004858,5015,3009.000000000001,1247.999999999999,1005.9999999999991,0.12616666666666668,15.619666666666658,-0.9016666666666667
E02004859,5380,3114.000000000002,1776.0000000000007,954.0,0.04566666666666667,14.124888888888899,-1.7826666666666668
E02004860,5722,3731.9999999999995,994.9999999999993,1270.9999999999984,0.178875,22.375999999999976,-0.248
E02004861,5568,3098.9999999999986,1963.9999999999989,977.9999999999989,0.071125,21.144833333333324,-1.33875
E02004862,7744,4749.0,1756.9999999999995,1690.999999999999,0.23010000000000003,21.91333333333334,0.133
E02004863,8023,4972.000000000001,1552.999999999999,1860.000000000001,0.2676,23.55126666666668,0.5820000000000001
E02004864,6314,3728.0000000000005,1933.9999999999982,1123.0000000000005,0.042375,9.432583333333342,-1.683
E02004865,5564,3645.999999999999,1211.9999999999995,1064.0000000000005,0.16416666666666668,18.660888888888866,-0.24566666666666662
E02004866,6762,4214.0,1553.999999999999,1431.0000000000002,0.177,17.70758333333335,-0.06399999999999997
E02004867,6613,3814.0000000000005,1599.0,1524.9999999999995,0.104875,11.534250000000007,-1.0392500000000002
E02004868,7908,4800.000000000002,1502.999999999999,1958.0000000000005,0.215,17.076250000000023,0.07299999999999998
E02004869,5810,3521.9999999999995,1337.0000000000014,1254.9999999999993,0.08424999999999999,13.012916666666667,-1.026
E02004870,12069,7994.0,2237.9999999999995,2437.0000000000005,0.19178571428571425,16.75533333333333,-0.3008571428571428
E02004871,4985,3124.9999999999995,1145.0000000000007,980.0000000000007,0.16483333333333336,16.0107777777778,-0.2803333333333333
E02004872,7445,4357.000000000002,2125.0,1414.0000000000002,0.1186,11.514399999999991,-0.763
E02004873,11989,7889.000000000001,2428.999999999999,2282.9999999999995,0.091,12.962714285714295,-0.9339999999999999
E02004874,6035,3880.0000000000005,1374.0,1192.0,0.162625,15.0008333333333,-0.174
E02004875,10422,6612.0,1843.0000000000005,2365.000000000001,0.18666666666666668,15.087277777777773,-0.10866666666666665
E02004876,9456,5841.000000000003,2727.0000000000023,1492.9999999999995,0.06958333333333333,18.055277777777782,-1.1618333333333333
E02004877,5339,3140.0,1559.000000000001,1016.0000000000005,0.07250000000000001,14.779444444444431,-1.2933333333333332
E02004878,9554,5581.000000000001,2567.0000000000014,2003.9999999999982,0.10525000000000001,22.224222222222213,-1.1525
E02004880,11242,6974.999999999997,2484.0,2387.000000000001,0.07558333333333334,13.94438888888889,-1.5551666666666666
E02004881,7035,4388.0,1657.0000000000016,1307.9999999999982,0.09374999999999999,11.765083333333349,-1.2570000000000001
E02004882,8777,5438.0,1821.9999999999995,1799.0000000000018,0.08459999999999998,11.984933333333334,-1.3748
E02004883,6255,3780.0000000000005,1657.0,1186.0000000000007,0.095875,23.74225000000002,-1.21925
E02004884,10436,6979.000000000002,2104.000000000001,1907.9999999999998,0.12057142857142857,13.315571428571419,-0.9341428571428573
E02004885,8636,5448.000000000002,1967.9999999999998,1722.9999999999995,0.06166666666666667,9.494222222222222,-1.5374999999999999
E02004886,6692,4019.000000000001,1811.9999999999998,1333.0000000000005,0.10362500000000001,25.359916666666674,-1.0105
E02004887,7465,4436.0,2356.0000000000005,1277.9999999999989,0.08683333333333332,25.094444444444434,-1.390666666666667
E02004888,8847,5134.000000000001,2626.999999999999,1664.0,0.0948,10.99819999999999,-1.1308
E02004889,11307,6825.000000000001,2808.999999999998,2244.0,0.12958333333333336,15.173333333333316,-0.9380000000000001
E02004890,8400,5408.000000000001,2135.9999999999986,1425.9999999999995,0.0858,11.727733333333333,-1.0756000000000001
E02004891,7988,4719.999999999998,2142.9999999999995,1587.0000000000011,0.0852,13.057866666666687,-1.3602
E02004892,5957,3798.0000000000014,1201.0000000000005,1279.9999999999989,0.18137499999999998,15.290999999999988,-0.45825
E02004893,6003,4011.999999999999,986.9999999999993,1290.0,0.09466666666666666,11.2661111111111,-1.099
E02004894,9675,6191.000000000001,2180.0000000000005,1781.9999999999986,0.111,13.472333333333339,-1.0228333333333333
E02004895,9381,5573.000000000002,2493.999999999999,1701.0000000000018,0.10691666666666666,19.498500000000018,-1.2201666666666664
E02004896,8011,4696.999999999999,2621.999999999999,1220.9999999999993,0.0962,13.132933333333312,-0.7836000000000001
E02004897,6786,3974.0000000000005,1808.9999999999995,1311.000000000001,0.11,12.347499999999998,-0.8594999999999999
E02004898,7758,4692.0,1986.0000000000002,1490.9999999999995,0.2064,19.11053333333332,-0.033400000000000006
E02004899,5272,3238.0,1378.0000000000011,961.0000000000005,0.13225,23.168166666666675,-0.1785
E02004900,8189,4837.0,2232.0,1602.0000000000002,0.0731,12.70913333333334,-1.2431999999999999
E02004901,10433,6658.999999999998,1833.0000000000011,2365.0000000000027,0.2495,20.982266666666657,0.2638
E02004902,8121,5097.0,1501.0000000000018,1861.0000000000014,0.2091,19.79166666666666,-0.041199999999999994
E02004903,7798,4909.0,1562.9999999999989,1651.0000000000007,0.15575,16.379166666666677,-0.2465
E02004904,6808,4492.999999999999,1244.999999999999,1366.000000000001,0.187,17.578,-0.04425
E02004905,6558,3905.0,1755.0000000000014,1291.0,0.09125,17.84258333333335,-0.9949999999999999
E02004906,11045,7138.0,1868.0000000000023,2520.0000000000036,0.16774999999999998,16.24,-0.057
E02004907,10847,6534.0,2815.0000000000014,2102.0000000000005,0.10991666666666666,13.41444444444444,-0.7726666666666667
E02004908,10685,5999.999999999999,3282.0000000000014,1968.0000000000018,0.07958333333333334,10.802277777777784,-0.9896666666666666
E02004909,5783,3705.0,1321.000000000001,1116.9999999999995,0.12483333333333331,18.7271111111111,-0.5176666666666666
E02004910,11930,7012.000000000002,3145.0000000000014,2379.0000000000005,0.07533333333333332,10.286944444444451,-1.2858333333333334
E02004911,7030,4227.999999999999,1803.999999999999,1387.999999999999,0.186875,16.008916666666675,-0.12275000000000001
E02004912,10792,6854.999999999998,2790.0000000000014,1859.0,0.10878571428571429,11.254809523809529,-0.5848571428571429
E02004914,7996,5000.000000000002,1716.0,1640.0000000000016,0.1822,17.020999999999997,-0.2238
E02004915,5579,3504.000000000001,1240.9999999999986,1076.0000000000002,0.19575,15.906166666666676,-0.023999999999999994
E02004916,7452,4297.000000000001,2220.9999999999995,1359.9999999999993,0.12119999999999997,11.393999999999988,-0.8815999999999999
E02004917,6324,3692.0000000000005,1933.0000000000005,1127.000000000001,0.2012,16.34433333333333,-0.256
E02004918,8158,5554.000000000001,1395.0000000000016,1586.999999999999,0.0984,12.094666666666646,-0.7114
E02004919,7639,4797.999999999998,1690.9999999999995,1569.0000000000005,0.1257,9.902400000000007,-0.4824
E02004920,11560,6861.000000000001,3211.000000000001,2125.0000000000027,0.13258333333333336,11.550388888888898,-0.7026666666666667
E02004921,8007,4798.000000000001,2007.000000000001,1586.9999999999995,0.06220000000000001,7.318133333333333,-1.3106
E02004922,10294,6119.000000000002,2985.000000000002,1946.0000000000005,0.11216666666666665,22.014,-0.8283333333333333
E02004923,10579,6245.999999999998,3275.000000000001,1876.999999999999,0.09391666666666666,15.438611111111115,-1.0395
E02004924,7697,4476.0,1606.0,1962.0000000000011,0.057100000000000005,5.398733333333334,-1.6350000000000002
E02004925,7950,4590.0,1575.000000000002,2036.0000000000002,0.0886,5.995333333333332,-1.2624
E02004926,8259,4637.0,2115.0000000000005,1907.999999999999,0.0395,6.7898,-1.8742
E02004927,6836,3764.9999999999995,1949.9999999999995,1509.0000000000005,0.091625,12.822999999999993,-1.34475
E02004928,6823,3887.000000000001,1893.0000000000007,1447.0,0.03875,7.297083333333324,-2.0015
E02004929,6284,3460.0,1916.9999999999995,1279.9999999999993,0.09937499999999999,19.069166666666653,-1.17025
E02004930,6942,4143.999999999998,1730.9999999999998,1466.9999999999977,0.089625,9.720083333333333,-1.20725
E02004931,7134,4109.000000000002,1580.0000000000016,1730.0,0.0915,4.553666666666665,-1.0250000000000001
E02004932,7719,4702.0,1486.000000000001,1786.0000000000002,0.17075,11.21658333333334,-0.18225000000000002
E02004933,6846,4029.9999999999995,1557.9999999999993,1563.9999999999995,0.041249999999999995,7.573333333333336,-1.94575
E02004934,7752,5242.0,1239.9999999999984,1549.000000000001,0.099,11.216666666666661,-0.9855
E02004935,9009,6568.0,1265.0000000000011,1572.0000000000002,0.10279999999999997,13.403333333333341,-0.7867999999999999
E02004936,6663,4142.0,1092.000000000001,1631.0000000000014,0.064,7.486916666666675,-1.3345
E02004937,7298,4075.000000000001,2234.000000000001,1375.0000000000005,0.04575,9.607333333333333,-1.6255
E02004939,6681,3975.9999999999995,1526.9999999999986,1465.999999999999,0.164375,10.544250000000016,-0.46799999999999997
E02004940,7721,4823.999999999998,1397.9999999999998,1761.0000000000005,0.17839999999999998,12.309866666666673,-0.5561999999999999
E02004941,9821,6193.999999999999,2084.9999999999995,2022.0,0.154,15.810944444444432,-0.5441666666666666
E02004942,6491,3777.0,1861.999999999999,1230.0000000000018,0.123,13.479,-0.6220000000000001
E02004943,8479,4922.999999999999,2652.999999999999,1477.0000000000005,0.07899999999999999,13.137733333333347,-1.0762
E02004944,8336,5369.000000000001,1270.000000000001,1957.0000000000002,0.1849,19.434466666666683,-0.03180000000000001
E02004945,12174,7747.999999999998,2746.999999999999,2351.000000000002,0.14075000000000001,15.183999999999983,-0.20966666666666667
E02004946,6382,4086.000000000001,1432.9999999999986,1278.0000000000016,0.204625,21.27575,0.2215
E02004948,6131,3856.000000000001,1478.0000000000011,1173.0000000000002,0.1895,19.27391666666665,0.2045
E02004949,8864,5526.0,2052.0000000000014,1734.9999999999982,0.2008,19.38446666666668,0.2894
E02004950,6839,4295.000000000001,1351.9999999999995,1514.0,0.163,15.924166666666675,0.0935
E02004951,8238,5375.0,1400.9999999999982,1798.9999999999995,0.2509,19.12773333333332,0.44820000000000004
E02004952,6811,4403.0,1532.0000000000002,1292.0000000000014,0.1719,15.709800000000019,0.29179999999999995
E02004953,6484,4141.999999999999,1206.9999999999995,1448.9999999999977,0.21525,18.15266666666665,0.20525
E02004954,7102,4495.000000000001,1508.999999999999,1512.9999999999998,0.1885,20.861166666666676,0.273
E02004955,5920,3708.0,1446.0000000000005,1150.0000000000002,0.1565,16.802583333333324,0.07299999999999998
E02004956,9063,5542.000000000001,2311.0000000000023,1694.0000000000016,0.109,18.314888888888884,-0.9086666666666665
E02004957,10850,6774.999999999999,2119.0000000000027,2458.000000000001,0.1445,14.383500000000017,-0.44450000000000006
E02004958,7759,4610.0,2171.9999999999986,1521.000000000001,0.07975,13.958749999999991,-1.11425
E02004959,6112,3612.0,1891.9999999999993,1007.0000000000005,0.036,11.82266666666666,-1.4095000000000002
E02004960,5850,3393.0,1608.0000000000002,1158.9999999999993,0.0435,9.719499999999993,-1.6962499999999998
E02004961,9750,5760.0,2417.999999999999,2065.0,0.05275,8.546500000000005,-1.332
E02004962,9032,5716.999999999999,1982.0000000000016,1777.9999999999975,0.0975,12.077666666666653,-0.8336
E02004963,7684,4772.000000000001,1577.999999999999,1653.9999999999995,0.15849999999999997,16.69875,-0.6305000000000001
E02004964,5725,3589.0000000000005,1205.9999999999989,1254.9999999999995,0.15875,20.19775,-0.19325
E02004965,6956,4045.0,1964.9999999999993,1293.0000000000011,0.12537500000000001,14.375666666666667,-0.768
E02004966,7300,4422.999999999998,2210.0000000000014,1143.000000000001,0.034375,10.145750000000007,-1.6869999999999998
E02004967,8098,5371.0,1324.0000000000014,1742.0000000000011,0.220625,18.424500000000002,0.29675000000000007
E02004968,7760,4791.0,1583.9999999999998,1726.0000000000005,0.18862500000000001,21.167166666666674,-0.027749999999999997
E02004969,7229,4512.999999999998,1585.9999999999998,1520.0000000000007,0.1345,16.18673333333332,-0.4746
E02004970,8431,5102.0,1729.999999999999,1947.9999999999989,0.2354,18.77933333333334,0.08339999999999999
E02004971,8630,5527.000000000002,1429.0000000000002,1932.9999999999986,0.18869999999999995,18.62160000000002,-0.24300000000000002
E02004972,6228,3948.0000000000005,1461.999999999999,1187.0,0.08349999999999999,14.140750000000018,-1.1195
E02004973,8797,6171.000000000002,947.0000000000005,1915.000000000001,0.16412500000000002,25.354500000000026,-0.42074999999999996
E02004974,9145,5694.999999999999,2108.0000000000014,1746.000000000001,0.09190000000000001,12.721533333333321,-0.8442000000000001
E02004975,8271,5066.000000000001,1931.0000000000018,1661.0000000000002,0.06725,9.526999999999994,-1.3817499999999998
E02004976,11857,8742.999999999998,1236.0000000000018,2249.0,0.1962142857142857,25.152095238095246,0.025714285714285707
E02004977,9152,6340.000000000002,1002.9999999999997,2038.0000000000007,0.1749,26.075799999999997,-0.31579999999999997
E02004978,10264,6734.0,1414.0000000000016,2330.999999999998,0.23900000000000002,18.421777777777766,0.2718333333333333
E02004979,7279,4651.0,1641.9999999999989,1389.9999999999998,0.116875,17.333333333333325,-0.88725
E02004980,6358,3771.999999999999,2094.0,1027.9999999999989,0.050624999999999996,10.563333333333325,-1.4655
E02004981,8154,4982.999999999999,1939.0,1636.0000000000007,0.11120000000000001,14.581200000000013,-0.553
E02004982,6060,3574.0,1614.0,1253.999999999999,0.10874999999999999,9.986249999999982,-0.8167500000000001
E02004983,6144,3766.0000000000005,1428.000000000001,1271.0000000000005,0.168625,13.37375,-0.07775
E02004984,6253,4049.0,1725.0000000000005,1051.0000000000005,0.14600000000000002,14.643749999999983,0.024750000000000008
E02004985,7012,4050.000000000002,2281.000000000002,1144.9999999999993,0.105375,9.460583333333336,-0.6537499999999999
E02004986,9063,6186.0,1157.0000000000005,2041.0000000000018,0.24375000000000002,17.456166666666668,0.44566666666666666
E02004987,7894,5002.999999999996,1462.0000000000023,1776.9999999999993,0.15537499999999999,12.278416666666658,-0.31999999999999995
E02004988,8031,5142.000000000001,1419.0000000000002,1800.000000000001,0.1705,14.2698,0.057600000000000005
E02004989,12207,8770.0,1533.9999999999998,2092.9999999999986,0.15058333333333332,14.319277777777783,-0.07416666666666667
E02004990,7393,4814.0,1644.0000000000014,1307.999999999998,0.163375,17.74075,-0.50675
E02004991,8314,5867.0,1146.0000000000005,1633.999999999999,0.1985,16.83116666666665,0.096
E02004992,10118,7512.000000000002,1180.999999999999,1657.000000000001,0.1621,18.209066666666658,-0.2042
E02004994,6232,3726.0000000000014,1807.9999999999993,1076.000000000001,0.04775,14.546333333333324,-1.706
E02004995,5598,3293.000000000001,1851.9999999999986,903.0000000000002,0.052333333333333336,14.952222222222199,-1.6306666666666667
E02004996,8470,4850.000000000001,2374.9999999999995,1719.0000000000005,0.14766666666666664,23.91994444444445,-0.3945
E02004997,8534,4830.0,3007.000000000001,1389.999999999999,0.13999999999999999,30.465833333333332,-0.3448333333333333
E02004998,6880,4033.9999999999995,2018.999999999999,1229.9999999999998,0.106625,12.858249999999977,-0.585
E02005000,12346,8233.000000000002,2002.0000000000027,2511.0000000000027,0.22466666666666665,23.23905555555555,0.1758333333333333
E02005001,9993,6058.000000000001,2559.999999999999,1926.9999999999989,0.12266666666666669,15.840166666666669,-0.25816666666666666
E02005002,10298,6379.0,2102.0000000000014,2291.0,0.227,22.691055555555568,0.023666666666666673
E02005003,9384,5898.000000000002,1512.999999999998,2298.000000000001,0.2777,27.283133333333318,0.3248
E02005004,11854,7778.0,1988.0000000000014,2545.000000000001,0.16243749999999998,15.26070833333333,-0.20862499999999998
E02005005,10907,6544.000000000001,2792.000000000002,2284.9999999999995,0.11233333333333334,24.29394444444445,-0.4965
E02005006,6434,3631.0000000000014,2279.000000000001,1088.9999999999995,0.12474999999999999,33.89733333333333,-0.59775
E02005007,9613,5671.999999999998,2871.000000000001,1745.0,0.12779999999999997,25.667533333333335,-0.37200000000000005
E02005008,8804,4517.0,3840.0,1234.9999999999989,0.13141666666666668,22.806166666666645,-0.453
E02005009,6129,3449.0,2218.000000000001,963.9999999999991,0.12825,33.728,-0.46125000000000005
E02005010,7541,4603.0,2297.000000000001,1208.0000000000002,0.25549999999999995,27.929133333333322,0.5469999999999999
E02005011,7507,3865.0000000000005,3504.999999999999,881.9999999999997,0.116625,15.03566666666665,-0.28650000000000003
E02005012,9049,5237.999999999997,3022.9999999999986,1453.0000000000011,0.202,21.71573333333334,0.1446
E02005013,8122,4544.000000000001,3067.0000000000014,1234.0000000000016,0.20759999999999995,19.56153333333334,0.2318
E02005014,8360,4331.0,3736.999999999998,1136.9999999999993,0.0766,12.10666666666668,-0.6272
E02005015,9903,5807.0,2783.999999999998,1973.0,0.138,15.62966666666664,-0.21239999999999998
E02005016,7811,4475.999999999998,2646.0000000000005,1316.0000000000002,0.1585,14.035466666666645,-0.3854
E02005017,6633,3999.999999999999,2182.0000000000014,993.0000000000013,0.1279,16.811066666666658,-0.5478
E02005018,8735,4946.999999999999,3087.999999999999,1432.0000000000014,0.1479,17.52606666666668,-0.24159999999999998
E02005019,6790,4014.9999999999977,2112.000000000001,1150.9999999999977,0.150375,25.59816666666665,-0.24874999999999997
E02005020,7459,4462.999999999999,2156.0000000000014,1344.0000000000005,0.20950000000000002,23.391333333333343,-0.04540000000000002
E02005021,11307,7761.0,2247.9999999999986,1418.9999999999993,0.0693,17.1988,-0.877
E02005022,8046,5762.999999999998,1309.0000000000005,1262.000000000002,0.20949999999999996,23.551466666666663,0.030000000000000027
E02005023,9855,6845.0,1212.0000000000007,1926.000000000002,0.32589999999999997,27.918133333333337,1.0151999999999999
E02005025,10060,6823.0,2210.999999999999,1313.999999999998,0.12190000000000001,15.918666666666661,-0.5246000000000001
E02005026,8153,4982.999999999997,2130.0000000000005,1586.0,0.136625,26.530666666666647,-0.533
E02005027,5571,3210.999999999999,1965.9999999999986,876.9999999999989,0.109625,22.68633333333335,-0.42325
E02005028,14647,9206.0,1225.0000000000005,4346.999999999999,0.19999999999999996,18.368222222222215,0.24877777777777776
E02005029,15894,10646.0,1449.999999999999,4125.999999999999,0.11714285714285715,14.432380952380953,-0.36757142857142855
E02005030,12613,8396.0,1871.0000000000011,2748.000000000001,0.13858333333333334,17.848333333333333,-0.3283333333333333
E02005031,8180,5284.999999999998,1314.9999999999998,1887.0000000000005,0.22030000000000002,23.39773333333334,0.26940000000000003
E02005032,9810,6579.999999999999,1483.999999999998,2140.9999999999977,0.1619,23.705533333333342,0.032200000000000006
E02005033,7631,4969.999999999998,1254.0,1728.9999999999995,0.18675,22.704166666666676,0.294
E02005034,7626,4640.000000000002,1893.9999999999993,1474.9999999999998,0.0651,13.632333333333335,-0.7292
E02005035,8691,5171.999999999999,1947.9999999999993,1906.9999999999989,0.1044,18.5964,-0.2866000000000001
E02005036,6828,4214.0,1217.0,1654.000000000001,0.237625,23.56025,0.41925
E02005037,7124,4125.000000000001,2177.9999999999986,1274.0000000000005,0.06999999999999999,12.171666666666642,-0.67025
E02005038,6086,3468.999999999999,1867.999999999999,1096.9999999999984,0.092,19.823000000000025,-0.4255
E02005039,6806,4077.9999999999986,1782.0000000000018,1379.0000000000005,0.1578,27.371800000000018,0.1734
E02005040,6874,3892.999999999998,2455.999999999998,1089.999999999999,0.076625,17.79683333333335,-0.71075
E02005041,7383,4334.0,2629.0,1113.0,0.14137499999999997,26.677333333333323,-0.5237499999999999
E02005042,9048,5093.0,3558.0000000000005,1269.0000000000005,0.15899999999999997,20.834666666666642,-0.23479999999999998
E02005043,7179,4084.0,2735.999999999998,1003.0,0.1766,17.24353333333334,0.0644
E02005044,6024,3504.000000000001,2584.9999999999995,607.0000000000013,0.143375,23.600333333333353,-0.10975000000000001
E02005045,9431,5461.999999999999,2622.0,1946.0000000000011,0.20099999999999998,20.41327777777777,0.206
E02005046,9281,5654.000000000003,1856.9999999999993,2149.0,0.1984,27.21033333333334,0.074
E02005047,7538,4181.000000000002,2675.9999999999986,1266.9999999999998,0.2203,21.063600000000022,0.3054
E02005048,6669,3832.9999999999986,2609.0,925.9999999999991,0.1145,26.019750000000023,-0.32775
E02005049,6926,3487.0,3330.999999999999,891.999999999999,0.10112499999999999,19.864166666666677,-0.51675
E02005050,10039,5776.0,3318.0,1681.0000000000007,0.098,17.04426666666668,-0.4628
E02005051,13569,8602.000000000002,2476.000000000001,3132.9999999999995,0.3263125,29.407291666666673,0.787
E02005052,8551,5173.000000000001,2208.0,1651.0000000000007,0.2763,34.64979999999998,0.52
E02005053,9125,5879.000000000001,1797.9999999999982,1911.9999999999986,0.32730000000000004,37.70733333333334,0.7564
E02005054,6783,3901.000000000002,2571.0,986.000000000001,0.108875,22.3185,-0.361
E02005055,8388,5325.0,1132.000000000001,2225.000000000001,0.295375,29.84825,0.44525
E02005056,10011,6717.000000000002,1785.0000000000014,1911.000000000001,0.2915,33.87533333333335,0.6258333333333334
E02005057,11283,7120.999999999997,2024.999999999999,2586.0,0.2051,23.87166666666666,0.11540000000000002
E02005058,7953,4870.0,1552.0000000000007,1890.0000000000011,0.22240000000000001,26.243066666666657,0.2672
E02005059,9585,5963.0,2442.999999999999,1771.9999999999995,0.10966666666666668,19.01844444444445,-0.41
E02005060,8873,5388.0,1933.0,1939.9999999999995,0.18325,19.3025,0.10566666666666669
E02005061,7521,4500.999999999999,1634.0,1665.9999999999995,0.25579999999999997,20.853,0.7062
E02005062,7064,4119.0,1766.0,1522.0000000000005,0.14629999999999999,16.590600000000002,-0.15240000000000004
E02005063,7550,4582.000000000001,1763.9999999999995,1636.0000000000014,0.176625,19.194500000000023,-0.15649999999999997
E02005064,6653,3798.0000000000005,2237.9999999999995,1084.0000000000014,0.09670000000000001,21.8764,-0.5047999999999999
E02005065,8368,5080.999999999999,1547.999999999998,2027.999999999999,0.2624,23.64786666666664,0.5436
E02005066,7629,4196.0,2781.0,1215.0000000000002,0.071,16.30146666666666,-0.725
E02005067,5992,3466.000000000002,1888.999999999999,1086.000000000001,0.07487500000000001,23.211916666666674,-0.7120000000000001
E02005068,7319,4707.0,1765.9999999999995,1372.9999999999982,0.078625,20.740583333333348,-0.9352499999999999
E02005069,9378,5678.0,2348.0000000000014,1805.0000000000005,0.09900000000000002,16.11866666666668,-0.7702
E02005070,10091,5574.000000000003,3280.0000000000005,1785.9999999999982,0.06316666666666666,10.163666666666677,-0.8923333333333333
E02005071,12813,9399.0,1794.9999999999993,2085.0,0.2418571428571429,28.42609523809524,0.318
E02005072,8101,4598.999999999999,2434.0,1548.0000000000002,0.05840000000000001,10.334866666666665,-1.0173999999999999
E02005073,12420,8609.000000000004,1974.999999999999,2339.9999999999986,0.16691666666666669,22.857555555555567,0.17366666666666666
E02005074,8033,4456.999999999999,2700.0000000000014,1400.999999999999,0.07239999999999999,13.259866666666678,-0.9087999999999999
E02005075,11110,7029.999999999997,1997.9999999999982,2460.9999999999995,0.15183333333333335,18.162388888888902,-0.16116666666666668
E02005076,10192,6768.0,1543.0,2241.000000000001,0.1983,22.77753333333334,0.10120000000000003
E02005077,8174,4883.0,1997.999999999999,1635.0000000000007,0.19340000000000002,20.1908,0.08659999999999998
E02005078,10100,5813.0,3307.0000000000014,1771.9999999999993,0.14300000000000002,27.74466666666666,-0.38259999999999994
E02005079,9205,5202.999999999998,2758.999999999999,1801.9999999999986,0.0906,16.3858,-0.7882
E02005080,12381,7300.0,2450.9999999999995,3142.000000000001,0.3186875,27.053208333333338,0.688875
E02005081,7133,4031.999999999998,2532.0,1124.9999999999998,0.11837500000000001,26.278916666666674,-0.4675
E02005082,12634,7699.999999999999,2919.0000000000014,2767.999999999998,0.1437142857142857,22.456285714285716,-0.3242857142857143
E02005083,8304,4806.0,2384.000000000001,1632.0,0.12562500000000001,22.12975,-0.504
E02005084,7868,4634.999999999999,2385.000000000002,1470.0000000000005,0.139625,32.55525,-0.6005
E02005085,8211,5068.0,2176.000000000001,1579.9999999999973,0.12987500000000002,30.026166666666676,-0.566
E02005086,7102,4221.000000000002,1985.0,1282.9999999999982,0.126,19.6409166666667,-0.43274999999999997
E02005087,7097,4111.000000000001,2187.000000000002,1314.9999999999995,0.1169,21.15126666666666,-0.5364
E02005088,9926,5942.0,2304.0,2190.999999999998,0.2743333333333334,25.47611111111108,0.4403333333333333
E02005089,6992,4236.000000000001,1882.0,1296.0,0.10450000000000001,19.53416666666665,-0.962
E02005090,5872,3112.999999999999,2325.000000000001,875.0000000000007,0.08825,18.648916666666675,-0.7742500000000001
E02005091,6822,3982.0000000000005,2152.999999999999,1184.9999999999998,0.11287499999999999,26.17116666666667,-0.73775
E02005093,6057,3401.000000000001,2236.9999999999986,943.9999999999995,0.11524999999999999,28.297749999999976,-0.5765
E02005094,9854,5984.0,2434.9999999999986,1966.0000000000025,0.09250000000000001,22.79555555555555,-0.8796666666666667
E02005095,7527,4234.000000000001,2232.999999999999,1534.0000000000002,0.0803,15.914133333333359,-1.2272
E02005096,9992,5913.000000000002,2294.0000000000014,2267.0,0.13766666666666663,16.309833333333334,-0.39283333333333337
E02005097,9690,5333.0,2388.0,2314.999999999999,0.04016666666666667,9.614388888888882,-1.6536666666666668
E02005098,10236,5679.999999999998,2845.999999999999,2030.9999999999995,0.0635,14.683888888888886,-1.1716666666666666
E02005099,7978,4757.0,2361.9999999999995,1431.0,0.0996,26.692200000000003,-1.1034
E02005100,10064,5909.999999999999,2587.0,2116.9999999999973,0.15108333333333332,23.450722222222215,-0.3176666666666667
E02005101,7006,4105.0,2123.999999999998,1306.0,0.086375,33.4435,-1.02525
E02005102,6225,3403.9999999999995,2680.0,792.0000000000007,0.108625,27.15841666666665,-0.44525000000000003
E02005103,9988,6047.0,2391.0,1989.0000000000016,0.1598,15.95353333333332,0.1254
E02005104,7953,4654.0,2245.9999999999995,1605.0000000000007,0.2843,24.70466666666668,0.658
E02005105,7629,4847.0,1345.9999999999995,1773.9999999999986,0.3234,30.407066666666672,0.8062000000000001
E02005106,10076,6370.0,2276.9999999999995,1975.9999999999986,0.21008333333333337,18.990444444444453,0.289
E02005107,13311,7968.999999999998,3910.999999999999,2251.0000000000027,0.1376875,15.383291666666661,-0.062249999999999986
E02005109,6622,3347.9999999999986,3151.999999999999,785.9999999999992,0.069875,15.934166666666673,-0.63
E02005110,7391,4204.0,2656.0000000000014,1223.0,0.123,27.325416666666676,-0.06475
E02005111,7300,3767.999999999999,3203.999999999999,931.9999999999998,0.1998,25.764333333333344,0.33999999999999997
E02005112,7022,3824.000000000002,3025.9999999999995,896.0000000000011,0.19839999999999997,37.451666666666675,0.3888
E02005113,7288,3859.000000000002,3107.9999999999986,1021.0,0.16624999999999998,26.135083333333327,0.29674999999999996
E02005114,6273,3529.000000000001,2323.0000000000005,1008.9999999999986,0.22000000000000003,36.004916666666645,0.5249999999999999
E02005115,6669,4158.0,1039.9999999999984,1715.999999999999,0.4075,50.17850000000001,1.00675
E02005116,6575,3936.9999999999986,1438.0,1550.0000000000014,0.43325,42.15325,1.2725
E02005117,6652,3786.999999999999,2397.000000000002,1045.9999999999993,0.17325,24.008166666666675,0.33375000000000005
E02005118,10996,6786.0,2571.0000000000023,2292.9999999999986,0.19535714285714287,25.929476190476187,0.2572857142857143
E02005119,6776,4016.0000000000014,1886.0,1342.999999999999,0.231,31.64408333333335,0.49825
E02005120,9760,6622.000000000002,2742.999999999999,1212.9999999999986,0.2165,42.25040000000002,0.8230000000000001
E02005121,14195,9127.000000000002,2457.9999999999995,3204.9999999999995,0.1633125,19.66795833333334,0.06987499999999999
E02005122,8039,4827.999999999999,2273.9999999999995,1460.9999999999982,0.1295,25.098933333333356,-0.2646
E02005123,13110,8139.000000000003,2771.0000000000014,2820.0000000000027,0.16121428571428573,21.475523809523818,-0.004571428571428592
E02005124,9183,5733.999999999999,1915.0000000000011,1922.0000000000014,0.31510000000000005,31.808533333333322,0.857
E02005125,8601,5324.999999999999,1845.999999999999,1875.9999999999998,0.20429999999999998,22.432866666666637,0.26020000000000004
E02005126,8117,4650.000000000001,2368.0000000000014,1520.000000000001,0.14689999999999998,18.736000000000004,-0.07919999999999999
E02005127,9000,5238.0,2665.9999999999995,1606.0,0.10241666666666667,16.69666666666667,-0.3588333333333333
E02005128,9622,5763.0,2614.999999999998,1865.9999999999977,0.16599999999999998,16.99811111111112,-0.05633333333333331
E02005129,11823,7124.0,3311.9999999999995,2117.9999999999986,0.18958333333333333,21.94783333333333,-0.10766666666666665
E02005130,9911,6024.999999999999,2687.000000000001,1817.9999999999982,0.1559,33.736000000000004,-0.23640000000000003
E02005131,5876,3493.0000000000014,1950.9999999999995,956.0000000000006,0.1295,30.220749999999974,-0.52125
E02005132,10622,6734.000000000004,2115.9999999999986,2312.0,0.4166666666666667,44.36366666666665,1.2531666666666668
E02005133,8634,4584.999999999998,3653.000000000002,1190.0000000000011,0.13169999999999998,16.54586666666666,-0.23339999999999997
E02005134,7872,5244.000000000002,1383.0000000000014,1632.9999999999989,0.3486,37.43633333333334,1.0493999999999999
E02005135,7905,4871.0,1769.9999999999989,1662.9999999999995,0.2722,28.24333333333332,0.6103999999999999
E02005136,7968,4639.000000000001,2459.0,1442.9999999999982,0.1868,20.497799999999998,0.2994
E02005137,7601,4464.0,1802.0000000000005,1739.000000000001,0.4001,30.02200000000002,1.0852
E02005138,8906,5063.0,3024.9999999999995,1411.000000000001,0.22810000000000002,22.2666,0.38839999999999997
E02005139,8923,4355.999999999997,4334.0,1056.0000000000002,0.1486,22.495533333333338,0.004799999999999999
E02005140,7506,3933.0,3075.0000000000014,1088.9999999999989,0.1272,14.453333333333347,-0.3102
E02005141,6970,3934.000000000001,2605.0000000000014,1074.0000000000007,0.15340000000000004,21.24213333333332,-0.06339999999999998
E02005142,7327,4082.0000000000005,2667.000000000001,1132.0000000000005,0.2202,20.74733333333332,0.3516
E02005143,8267,4922.0,2239.0,1630.0000000000002,0.2217,22.3666,0.21580000000000005
E02005144,8933,5450.000000000002,1899.9999999999995,2026.9999999999984,0.40939999999999993,31.544800000000002,1.2002000000000002
E02005145,8185,4773.999999999999,2686.000000000002,1395.9999999999998,0.1876,25.17193333333334,0.10099999999999998
E02005146,8273,5172.0,1668.9999999999986,1746.0000000000005,0.2354,28.265533333333337,0.4622
E02005147,8901,5581.999999999999,2430.0,1499.9999999999984,0.36860000000000004,33.91100000000002,0.9966000000000002
E02005148,7890,4280.0,3092.000000000001,1155.9999999999998,0.14240000000000003,17.16046666666668,-0.1302
E02005149,12398,7853.000000000002,2862.000000000001,2436.0000000000027,0.0961875,20.310875000000003,-0.5238750000000001
E02005150,11942,7547.999999999998,2505.9999999999986,2533.0000000000014,0.15607142857142858,18.002809523809514,-0.19157142857142856
E02005151,12887,7714.999999999998,3436.000000000003,2499.000000000002,0.1295,14.875291666666664,-0.535625
E02005153,9546,5472.999999999999,2601.0,2035.0000000000007,0.14450000000000002,15.155600000000002,-0.5192
E02005154,11731,6803.000000000001,3276.000000000002,2365.9999999999973,0.09499999999999999,20.369722222222233,-1.0534999999999999
E02005155,12884,7827.0,2528.999999999996,2994.000000000002,0.07428571428571429,14.43790476190475,-1.036
E02005156,7244,4211.0,2343.000000000002,1179.9999999999998,0.138375,22.235583333333324,-0.696
E02005157,6789,3724.000000000001,2054.0000000000005,1359.0000000000014,0.1907,16.051600000000015,-0.132
E02005158,6589,3806.9999999999986,1977.9999999999986,1200.999999999999,0.0685,11.186666666666675,-1.13525
E02005159,7672,4174.999999999999,2414.0000000000005,1481.0,0.1255,11.931266666666687,-0.6312
E02005160,12708,7965.000000000001,2551.0000000000005,2567.0,0.12471428571428571,14.207666666666668,-0.5589999999999999
E02005161,8639,5637.0,1701.9999999999995,1806.0000000000014,0.1155,12.144866666666662,-0.651
E02005162,10795,6431.0,2997.0,2007.0000000000005,0.14085714285714285,18.25280952380953,-0.3535714285714286
E02005163,8003,4803.0,1830.9999999999995,1728.000000000001,0.1034,13.711466666666666,-0.5720000000000001
E02005164,9119,5646.000000000001,1823.9999999999993,2030.999999999999,0.15040000000000003,13.595733333333328,-0.2144
E02005165,7467,4262.999999999998,2427.9999999999995,1325.0,0.09669999999999998,20.71939999999998,-0.3952
E02005166,6875,4323.0,1288.0,1569.0,0.246375,21.16041666666665,0.6005
E02005167,7783,4184.0,2355.0,1655.9999999999993,0.0583,16.269999999999996,-1.0654
E02005168,7646,4571.000000000001,1856.9999999999995,1588.000000000001,0.058625,12.668083333333342,-0.91425
E02005169,9195,6454.0,1609.0000000000011,1520.9999999999995,0.1321,16.63273333333334,-0.596
E02005170,9915,5973.0,2270.0000000000005,2085.000000000002,0.0901,12.952266666666674,-0.7160000000000001
E02005171,6152,3756.000000000002,1443.0000000000014,1238.0000000000023,0.211375,22.56291666666665,0.175
E02005172,8345,4906.999999999999,2413.0000000000005,1631.0,0.0865,35.44066666666666,-1.1073999999999997
E02005173,8454,4996.999999999998,2412.9999999999995,1566.9999999999998,0.057699999999999994,11.107999999999993,-1.283
E02005174,7731,4183.999999999998,2488.999999999999,1506.000000000001,0.1618,24.409999999999975,-0.49219999999999997
E02005175,8695,4755.0,2711.000000000001,1713.9999999999995,0.12350000000000001,27.40886666666666,-0.7162
E02005176,9176,5461.0,2457.0,1860.0000000000011,0.20066666666666666,22.934833333333348,0.44416666666666665
E02005177,6930,4113.000000000002,1570.9999999999986,1537.9999999999982,0.29225,41.41691666666667,0.82825
E02005178,12095,7730.999999999999,1195.0,3281.999999999999,0.4008333333333333,54.904888888888905,1.1068333333333331
E02005179,9464,5688.000000000001,2431.000000000001,1978.0000000000014,0.309,33.21366666666667,1.2091666666666667
E02005180,7182,4254.0,2304.000000000002,1199.000000000001,0.1179,14.37526666666667,0.4058
E02005181,6784,4193.999999999998,1635.999999999998,1314.999999999999,0.283875,32.45916666666665,1.14775
E02005182,6382,3945.0,1419.9999999999989,1319.9999999999995,0.367375,46.47908333333333,1.57325
E02005183,5990,3605.999999999999,1854.0,992.000000000002,0.257625,22.088916666666677,1.1297499999999998
E02005184,5028,2842.0000000000005,1952.0,682.9999999999994,0.093875,23.237333333333325,0.07975
E02005185,9740,6170.0,1812.0000000000016,2219.0000000000005,0.41758333333333336,42.982277777777746,1.7314999999999998
E02005186,6260,3973.0000000000023,1677.0000000000002,1072.0000000000016,0.132375,19.45375,0.32399999999999995
E02005189,5225,3117.9999999999995,1436.0000000000005,1044.999999999999,0.304125,21.96183333333335,1.2037499999999999
E02005190,6116,3698.9999999999995,2102.999999999999,879.9999999999998,0.07875,23.332500000000003,-0.57975
E02005191,9992,6024.000000000002,2820.999999999998,1848.9999999999989,0.10375000000000001,10.489611111111122,-0.07066666666666667
E02005192,8980,5772.999999999998,2092.000000000001,1708.9999999999995,0.0825,10.186466666666673,-0.3336
E02005193,8985,5149.0,2881.000000000002,1526.9999999999989,0.09100000000000001,11.317444444444442,-0.17016666666666666
E02005194,7971,4896.000000000001,2266.0,1361.0000000000016,0.19980000000000003,19.2366,0.5662
E02005195,7937,5247.999999999999,2195.0000000000014,1046.9999999999995,0.071375,19.427,-0.18375
E02005196,11377,6733.0,2821.000000000001,2350.0000000000005,0.13278571428571428,9.36128571428571,0.368
E02005197,7190,4572.000000000001,1621.0000000000023,1443.0,0.24325000000000002,20.837583333333324,0.9177500000000001
E02005198,9787,6120.999999999999,2348.000000000001,1865.0,0.2129,19.759599999999995,0.6140000000000001
E02005199,7583,4368.0,2562.0,1196.0,0.0693,16.44159999999998,-0.3034
E02005200,9162,5932.0,1813.9999999999986,1826.0,0.22270000000000004,16.741266666666665,0.6838
E02005201,8263,5039.0,2271.9999999999995,1473.0000000000002,0.156,20.929533333333342,0.41900000000000004
E02005202,10055,6022.999999999998,3118.999999999998,1647.000000000003,0.1045,17.806933333333323,-0.152
E02005203,8786,5241.0,2766.000000000001,1533.0000000000007,0.1322,18.40553333333334,0.1734
E02005204,12899,8037.0,3580.000000000001,2225.0,0.1477142857142857,15.706904761904772,0.09985714285714285
E02005205,6731,4088.0000000000023,2119.0,1054.9999999999993,0.12575,17.426166666666674,-0.21325
E02005206,7776,4509.000000000001,2566.000000000002,1380.9999999999989,0.20790000000000003,17.827866666666665,0.4244
E02005207,8768,4716.000000000002,3707.999999999999,1194.000000000001,0.1204,14.141666666666655,-0.146
E02005208,10113,5939.0,4087.9999999999986,1143.0000000000011,0.20428571428571426,22.773619047619043,0.7067142857142856
E02005209,9153,5386.000000000002,3140.000000000001,1420.0000000000002,0.13290000000000002,18.17306666666666,0.021199999999999997
E02005210,10345,5381.000000000001,4704.999999999996,1265.9999999999993,0.10757142857142857,15.414714285714288,-0.06842857142857141
E02005211,8419,4717.999999999998,3625.0000000000005,1017.0000000000013,0.09966666666666667,15.652500000000005,-0.27649999999999997
E02005212,11011,6737.999999999997,2960.9999999999995,1998.9999999999977,0.21614285714285714,30.188571428571443,0.8022857142857144
E02005213,11471,7037.000000000001,2938.9999999999973,2218.9999999999986,0.2119285714285714,25.042571428571442,0.7267142857142856
E02005214,6700,4148.0,1752.9999999999989,1200.0000000000002,0.23290000000000002,27.64466666666666,0.8583999999999999
E02005215,12757,7821.999999999999,3131.000000000001,2519.000000000001,0.2870625,30.117625,1.0413750000000002
E02005216,5442,3370.999999999999,1269.999999999999,1105.999999999999,0.32825,32.9475,1.10875
E02005217,13551,8112.999999999998,1698.0000000000002,3849.000000000002,0.4176428571428571,47.540857142857135,1.310142857142857
E02005218,7490,4634.0,1920.9999999999995,1393.9999999999982,0.25170000000000003,26.759599999999995,1.1028
E02005219,8761,5461.999999999998,2349.000000000001,1532.0000000000007,0.19908333333333336,23.46438888888888,0.5158333333333333
E02005220,6032,3535.0000000000005,2101.0000000000005,858.9999999999989,0.1325,22.807666666666652,0.27175
E02005221,9911,5690.999999999998,3669.0,1473.9999999999998,0.11578571428571428,22.544333333333345,-0.0692857142857143
E02005222,6195,3538.0,2459.0000000000005,855.9999999999993,0.065625,28.931333333333328,-0.605
E02005223,7300,3981.999999999999,3005.9999999999986,1011.0000000000018,0.0737,15.175666666666661,-0.3414
E02005224,5249,2587.000000000001,2582.0,557.9999999999997,0.13187500000000002,14.30975,0.419
E02005225,6222,3602.0,2017.9999999999998,1064.9999999999977,0.08462499999999999,15.937000000000026,-0.43775
E02005226,7357,4467.0,1853.0000000000002,1475.0000000000011,0.39390000000000003,38.79926666666667,1.612
E02005228,5804,3474.999999999999,1616.0000000000002,1157.0000000000007,0.216375,25.8045,0.65375
E02005229,5720,3767.0000000000005,1163.0000000000002,1109.000000000001,0.38175000000000003,40.25991666666667,1.5772499999999998
E02005230,6574,3793.0,2124.000000000001,1145.9999999999986,0.32999999999999996,27.689333333333323,1.09825
E02005231,8359,5419.999999999998,1782.0000000000002,1646.9999999999982,0.29290000000000005,28.27753333333332,0.9410000000000001
E02005233,7790,5230.999999999998,1464.999999999998,1512.0000000000005,0.1885,15.767583333333334,0.44225
E02005234,9794,8042.0,1024.0000000000005,912.9999999999998,0.11320000000000001,25.65826666666668,0.5652000000000001
E02005235,5210,4219.0,633.9999999999993,523.0000000000002,0.09283333333333332,27.221000000000004,0.006666666666666672
E02005236,13447,7905.000000000002,3959.9999999999995,2529.9999999999995,0.19578571428571429,21.7191904761905,0.5497142857142857
E02005237,10362,6746.999999999999,2466.9999999999995,1690.0000000000018,0.13941666666666666,16.49800000000001,0.033666666666666734
E02005238,5745,3574.999999999999,1422.0,1101.9999999999998,0.121375,15.611999999999973,0.21825
E02005239,11228,8503.0,2081.0,1109.9999999999982,0.063125,21.389250000000008,-0.432
E02005240,5448,3269.0,1444.9999999999995,1054.9999999999995,0.172,27.74866666666665,0.39725000000000005
E02005241,5545,3443.999999999999,1599.0000000000007,886.9999999999997,0.141625,33.893499999999975,0.16724999999999998
E02005242,6126,3668.999999999999,1932.9999999999993,1069.9999999999998,0.142625,30.255416666666676,0.154
E02005245,6939,4163.0,2307.000000000001,1102.9999999999998,0.090875,29.966166666666677,-0.23249999999999998
E02005246,5510,3503.0,1282.0,1043.0000000000005,0.32066666666666666,36.84944444444444,0.969
E02005247,9959,5722.0,3495.0,1549.0000000000018,0.09308333333333334,24.057333333333318,-0.36599999999999994
E02005248,7780,4638.000000000002,1276.0,2074.9999999999986,0.410625,52.91341666666668,0.88275
E02005249,10726,6541.999999999998,1745.0000000000023,2751.9999999999995,0.40625,54.39422222222223,0.9906666666666665
E02005250,9590,5779.0,1297.0000000000007,2671.9999999999977,0.356875,51.935583333333305,0.50025
E02005251,7423,4205.0,1797.000000000001,1722.0,0.26,26.407083333333325,0.48
E02005252,10398,6089.999999999999,2266.9999999999995,2473.0000000000005,0.2846666666666667,36.624444444444435,0.43616666666666665
E02005253,7605,4576.999999999999,2071.000000000002,1402.999999999999,0.10316666666666667,14.347555555555532,-0.04733333333333332
E02005254,10846,6540.999999999999,2494.9999999999986,2378.000000000001,0.0743,13.279933333333341,-0.12540000000000004
E02005255,9645,5639.0,2871.000000000001,1772.9999999999995,0.09216666666666666,10.427833333333334,-0.11866666666666666
E02005256,6911,4390.0,1893.9999999999998,1162.9999999999986,0.09280000000000001,9.181333333333333,0.16099999999999998
E02005257,6111,3581.999999999999,1711.9999999999986,1196.9999999999995,0.339625,19.669999999999973,1.5625
E02005258,8407,4951.000000000001,2434.0,1503.0000000000014,0.13709999999999997,15.060800000000015,0.17640000000000003
E02005259,10721,6529.999999999999,2252.0,2437.000000000001,0.2748333333333333,21.195888888888884,0.9986666666666668
E02005260,6749,4033.999999999999,2046.0000000000007,1144.9999999999986,0.12079999999999999,13.6206,0.21180000000000004
E02005261,10312,6338.999999999999,1847.9999999999989,2529.0000000000005,0.3678333333333333,28.274666666666665,1.4113333333333333
E02005262,7850,5244.999999999998,1586.999999999999,1553.999999999999,0.12625,12.109083333333341,0.10350000000000001
E02005263,7405,5204.000000000001,942.0000000000002,1441.9999999999989,0.284875,41.14191666666665,1.1155000000000002
E02005264,12738,9576.0,1427.9999999999982,2056.999999999998,0.2158571428571429,32.170095238095236,1.1108571428571428
E02005265,10922,6903.000000000001,2552.0000000000005,2138.999999999999,0.23007142857142857,20.866952380952373,0.8498571428571429
E02005266,9186,6048.0,1061.0000000000005,2346.0000000000005,0.37975000000000003,39.739,1.46325
E02005267,6345,4657.0,655.9999999999984,1120.9999999999998,0.2881666666666667,38.886666666666635,1.4733333333333334
E02005268,9583,6149.999999999999,1479.9999999999989,2284.9999999999986,0.3130833333333333,32.59494444444445,0.9471666666666666
E02005269,10533,8198.0,1298.9999999999998,1445.9999999999995,0.2653571428571429,30.71780952380953,1.4674285714285715
E02005270,7503,4275.0,2767.9999999999977,1184.000000000001,0.0646,34.408533333333324,-1.2154
E02005271,8409,4991.000000000001,2522.9999999999986,1454.000000000001,0.1051,11.591733333333355,-0.633
E02005272,9248,5635.999999999998,2527.9999999999986,1699.9999999999993,0.1379,14.21126666666666,-0.048800000000000045
E02005273,6134,3679.9999999999986,2111.000000000001,922.0000000000013,0.0775,21.69908333333333,-0.90225
E02005274,8042,4768.999999999999,2594.999999999999,1314.0000000000005,0.0826,19.516933333333338,-0.9502
E02005275,5956,3531.0,1788.9999999999989,1057.9999999999995,0.12625,15.372416666666673,-0.16025
E02005276,9026,5415.000000000001,2748.9999999999986,1501.9999999999989,0.07830000000000001,13.013199999999987,-0.666
E02005277,8822,5057.999999999998,3287.9999999999995,1308.9999999999977,0.0635,15.955500000000006,-1.0026666666666666
E02005278,7935,4919.999999999999,2144.000000000001,1403.0000000000002,0.10337500000000001,24.752416666666676,-0.19725
E02005279,10414,6425.999999999998,2387.0,2128.9999999999995,0.24307142857142858,30.27771428571427,0.6211428571428571
E02005280,11267,6963.0,2552.999999999999,2409.0000000000014,0.25958333333333333,29.0873888888889,0.7901666666666666
E02005281,8983,5491.999999999998,2207.9999999999995,1799.9999999999977,0.2145,25.92313333333334,0.515
E02005284,6117,3535.9999999999986,1857.0,1076.9999999999989,0.1155,18.390916666666673,0.04175000000000001
E02005285,6271,3766.0,1936.000000000002,1019.9999999999995,0.103875,24.8505,-0.02050000000000001
E02005286,7756,4747.0,2173.999999999999,1395.0000000000011,0.19587500000000002,26.139749999999975,0.4275
E02005287,5369,3114.0,1674.999999999999,969.9999999999998,0.059375,6.1572499999999994,-0.795
E02005288,5975,3524.0000000000014,2030.0000000000005,914.0000000000001,0.10300000000000001,18.207916666666648,-0.23199999999999998
E02005289,5971,3405.0000000000005,2134.0000000000005,952.9999999999983,0.064625,5.487666666666668,-0.6375
E02005290,7073,4576.999999999999,1856.0000000000005,1130.0000000000016,0.09169999999999998,12.412533333333332,-0.36019999999999996
E02005291,5735,3536.000000000001,1620.0,996.9999999999973,0.13733333333333334,16.074333333333332,-0.05199999999999999
E02005292,5638,3382.0,1516.0000000000007,1100.9999999999998,0.258375,15.25083333333335,0.5535
E02005293,5444,3187.0,1675.0000000000005,909.9999999999995,0.169875,17.563583333333323,0.30600000000000005
E02005294,7263,4604.0,1600.999999999999,1401.9999999999995,0.17112500000000003,17.8183333333333,0.25725
E02005295,7626,4822.0,2030.0000000000005,1270.000000000001,0.1295,14.499133333333319,-0.0034000000000000254
E02005296,6178,3416.0000000000005,2209.0,1033.999999999999,0.065625,11.84699999999999,-0.68525
E02005297,8399,4808.000000000001,3006.9999999999986,1262.999999999999,0.0757,12.7784,-0.6504
E02005298,8694,5452.999999999999,2129.000000000001,1648.000000000001,0.1135,12.641733333333331,0.0652
E02005299,7407,4896.000000000001,1532.0000000000002,1343.000000000001,0.155125,15.61425,0.385
E02005300,5107,3061.000000000001,1500.0000000000005,933.0000000000002,0.1655,12.924333333333344,-0.04766666666666667
E02005301,6045,3731.0,1827.0000000000011,952.9999999999999,0.22649999999999998,17.25216666666665,0.59375
E02005302,7717,4651.000000000001,2095.0000000000005,1441.9999999999989,0.08962500000000001,9.22516666666666,-0.191
E02005303,6560,3990.999999999999,1556.0000000000023,1383.0,0.30575,22.111833333333323,0.8590000000000001
E02005304,9214,5448.999999999998,3020.0000000000005,1492.000000000001,0.09883333333333334,14.061666666666676,-0.43500000000000005
E02005305,8189,4907.000000000001,3000.0,1153.9999999999995,0.1549,20.962533333333337,0.12520000000000003
E02005306,7612,4470.0,2800.000000000001,1109.0000000000005,0.114375,26.54291666666665,-0.19774999999999998
E02005307,9757,5931.0,2781.999999999998,1688.0000000000005,0.1264,13.2058,-0.036
E02005308,6541,3751.000000000001,2429.000000000001,926.9999999999998,0.0668,16.91106666666668,-0.5210000000000001
E02005309,9038,5446.999999999999,2795.000000000001,1485.0000000000002,0.10383333333333335,11.671888888888889,-0.22083333333333333
E02005310,10377,7480.999999999998,2187.9999999999973,1005.0000000000001,0.10130000000000002,15.061866666666655,-0.04759999999999999
E02005311,6965,4344.000000000001,2108.0000000000005,862.9999999999994,0.06283333333333334,22.2031111111111,-0.6686666666666667
E02005312,6457,4105.0,1942.0000000000005,1031.0,0.1585,12.769583333333342,0.18225
E02005313,8853,5647.0,1624.0000000000005,2020.999999999999,0.3609166666666667,25.682388888888866,1.0896666666666666
E02005314,6434,4131.000000000002,1667.0000000000016,1070.9999999999995,0.234625,22.82858333333335,0.81125
E02005315,8123,4448.999999999999,3158.0,1219.9999999999998,0.07366666666666666,12.118888888888895,-0.574
E02005316,6716,4184.999999999998,1299.0000000000018,1517.9999999999995,0.304125,22.0365833333333,0.8925
E02005317,7394,4765.000000000002,1308.0000000000005,1636.999999999998,0.394,33.126000000000005,1.1172
E02005318,7690,4612.000000000002,2347.999999999999,1259.0000000000007,0.1322,15.155733333333334,-5.551115123125783e-18
E02005319,8218,5213.0,2243.999999999999,1402.999999999999,0.39075,38.5746111111111,1.6635
E02005320,5953,3405.999999999999,1865.0,1111.9999999999995,0.216,22.718583333333328,0.89075
E02005321,6286,3301.0,2310.0,1081.0000000000007,0.30162500000000003,22.59883333333336,1.23075
E02005322,10573,5613.000000000001,4668.0,1404.9999999999998,0.15914285714285717,22.087190476190482,0.5098571428571429
E02005323,7573,4553.000000000001,2066.9999999999995,1423.9999999999998,0.2766,21.258200000000002,0.9109999999999999
E02005324,7848,4661.0,2422.999999999999,1261.0000000000002,0.09616666666666666,18.325,-0.278
E02005325,9518,5059.0,3959.0000000000023,1371.0000000000014,0.1044,13.870666666666674,-0.091
E02005326,8376,4691.000000000001,3380.000000000001,1069.0000000000014,0.23716666666666666,21.523722222222215,0.9699999999999999
E02005327,7070,4152.999999999999,2420.9999999999977,1189.0000000000005,0.10116666666666667,22.869555555555568,-0.18966666666666665
E02005328,7790,4327.000000000001,3210.999999999999,1047.9999999999989,0.1255,10.824666666666676,0.26080000000000003
E02005329,9498,5777.0,2656.0000000000014,1713.0000000000007,0.20460000000000003,17.48193333333332,0.6232
E02005330,9070,5103.999999999998,3481.999999999999,1310.9999999999982,0.09658333333333334,10.269722222222228,0.07783333333333335
E02005331,8629,4918.0,2987.0000000000005,1344.9999999999989,0.13169999999999998,12.949000000000007,0.1956
E02005332,8522,4839.0,3275.9999999999995,1167.0000000000005,0.08760000000000001,9.696533333333331,-0.1694
E02005334,6054,3821.0000000000005,1409.9999999999984,1165.0000000000018,0.08274999999999999,12.569666666666667,-0.7135
E02005335,7594,4305.0,2477.999999999999,1363.0,0.082,13.60266666666666,-0.7871999999999999
E02005336,7511,4942.999999999998,1326.0000000000007,1614.9999999999998,0.147,13.495666666666676,-0.51225
E02005337,10206,6298.0,2575.0000000000014,1932.999999999999,0.13342857142857145,16.590142857142872,-0.5605714285714286
E02005338,11850,7375.999999999996,2751.000000000002,2348.000000000001,0.12866666666666668,13.610499999999988,-0.4971666666666667
E02005339,8640,5298.999999999998,2342.0000000000014,1522.000000000002,0.0875,11.90593333333334,-0.642
E02005340,9137,5410.999999999999,2762.0,1573.0000000000007,0.12109999999999999,14.23213333333334,-0.5212000000000001
E02005341,7752,4903.000000000001,1753.0000000000002,1512.0,0.11274999999999999,13.152416666666683,-0.7035
E02005342,7436,4328.000000000002,2284.0000000000005,1391.9999999999998,0.11199999999999999,17.36073333333332,-0.6106
E02005343,7919,4544.000000000001,2385.000000000001,1453.9999999999986,0.0955,13.704916666666675,-0.9139999999999999
E02005344,9318,5513.000000000001,2606.0000000000005,1797.0,0.1093,20.694266666666678,-0.45359999999999995
E02005345,6506,4021.0,1908.000000000001,1088.9999999999986,0.133,13.271000000000035,-0.49533333333333335
E02005346,12745,9174.000000000002,1946.0000000000005,2181.0,0.265,21.987380952380956,0.8031428571428572
E02005347,11143,9136.999999999998,1360.0,929.9999999999999,0.1405833333333333,21.67844444444445,0.3825
E02005348,5624,3371.0000000000005,1987.0000000000011,729.0000000000009,0.111375,10.75825,-0.41274999999999995
E02005349,8222,5052.0,2218.0,1457.0,0.13575,12.564999999999992,-0.056249999999999994
E02005350,6904,4264.999999999999,1986.9999999999989,1124.999999999999,0.13475,13.562916666666675,0.14225
E02005351,11354,9112.0,1303.0000000000023,1142.9999999999984,0.076375,15.62700000000001,-0.608
E02005352,6225,3740.9999999999977,2015.999999999998,999.9999999999995,0.0565,18.952416666666675,-1.155
E02005353,10900,7153.0,1973.0000000000018,2205.0000000000014,0.18635714285714286,17.40566666666665,-0.024428571428571418
E02005354,10220,6121.999999999999,2935.0000000000023,1762.9999999999998,0.06028571428571428,7.147904761904761,-0.8105714285714285
E02005355,7410,4399.000000000002,2091.0,1376.0000000000005,0.11225,14.444250000000007,-0.33425000000000005
E02005356,7315,4283.999999999998,2395.9999999999995,1186.000000000002,0.084875,12.452416666666657,-0.78
E02005357,8526,5361.999999999997,1929.9999999999998,1680.0000000000005,0.152375,18.33375,-0.30425
E02005358,12444,7759.999999999999,3017.999999999999,2441.9999999999977,0.11950000000000001,13.626499999999988,-0.38983333333333325
E02005359,7881,4614.999999999998,2234.0000000000005,1520.0000000000016,0.088375,13.270916666666675,-0.77125
E02005360,6152,3491.0,2203.999999999999,980.9999999999987,0.0615,17.86891666666665,-1.01275
E02005361,6211,3908.0000000000005,1772.000000000001,1003.9999999999998,0.12,13.83375,-0.34725
E02005362,7189,4256.999999999997,1975.000000000001,1369.999999999999,0.134125,13.601000000000026,-0.16525
E02005363,9240,5480.999999999998,2608.000000000001,1735.9999999999995,0.0994,11.092466666666681,-0.7886000000000001
E02005364,5271,3348.9999999999986,1380.9999999999986,903.0,0.10233333333333333,12.32300000000001,-0.59
E02005365,9955,6016.0,2895.000000000001,1772.000000000001,0.15808333333333333,17.356388888888883,-0.05666666666666664
E02005366,7829,4672.999999999998,2132.9999999999986,1479.9999999999986,0.128125,13.189583333333324,-0.351
E02005368,6529,3849.000000000001,2317.9999999999995,982.9999999999982,0.0695,29.911222222222236,-1.3419999999999999
E02005369,13000,7599.000000000003,3658.9999999999977,2501.9999999999986,0.09371428571428572,13.487809523809522,-0.8652857142857143
E02005370,9870,6171.000000000001,2512.999999999998,1847.0000000000002,0.0766,11.528933333333324,-0.9570000000000001
E02005371,11249,6866.000000000002,3299.000000000002,1901.999999999999,0.08064285714285714,21.064238095238117,-0.8912857142857142
E02005372,10506,6402.0,3329.0,1679.9999999999984,0.073,22.9465,-1.25
E02005373,12699,7741.0,3556.9999999999986,2224.0000000000005,0.07485714285714286,8.10280952380953,-0.896
E02005374,6721,3999.999999999999,2024.9999999999995,1008.0000000000013,0.162375,15.537500000000001,0.103
E02005375,9615,5782.000000000002,2665.0000000000005,1676.9999999999995,0.0841,9.4252,-0.6352
E02005376,11113,6709.0,3095.999999999999,1977.0000000000032,0.1089,12.761866666666666,-0.6656000000000001
E02005377,8994,5208.0,2793.0,1596.9999999999998,0.12341666666666666,18.710000000000004,-0.45249999999999996
E02005378,5388,3148.0,1611.0000000000016,968.9999999999991,0.08966666666666667,14.154555555555556,-1.02
E02005379,6109,3563.0,1889.9999999999995,1078.9999999999984,0.136125,14.487416666666658,-0.238
E02005380,8826,5064.999999999998,3031.9999999999977,1447.000000000001,0.10230000000000002,22.791666666666643,-0.6215999999999999
E02005381,9008,5014.000000000001,2984.000000000001,1619.9999999999995,0.11320000000000001,19.829,-0.2742
E02005382,10694,6565.000000000001,2951.0000000000005,1901.0,0.17675,17.25716666666668,0.05250000000000001
E02005383,9143,5631.0,2525.0,1594.000000000001,0.1679166666666667,18.426833333333335,0.15333333333333332
E02005384,7548,4568.0,2408.999999999999,1209.000000000001,0.08637500000000001,15.979750000000026,-0.5815
E02005385,6749,4010.000000000001,2184.000000000001,1059.0000000000023,0.07425,8.799166666666668,-0.58275
E02005386,9107,6022.0,2103.000000000001,1484.000000000001,0.17930000000000001,22.91326666666668,0.2274
E02005387,9932,6377.0,2231.9999999999986,1944.9999999999973,0.1456666666666667,13.088000000000001,-0.0795
E02005388,6196,3933.0000000000014,1512.9999999999993,1122.999999999999,0.169375,14.839666666666657,-0.03275
E02005389,6085,3462.9999999999986,1986.0000000000005,972.9999999999989,0.1575,13.828583333333349,0.033
E02005390,10536,6208.999999999998,3207.000000000002,1904.9999999999995,0.0675,8.454888888888883,-0.8003333333333332
E02005391,9852,5759.0,3379.000000000001,1559.0000000000011,0.09149999999999998,21.813499999999987,-0.7711666666666667
E02005392,9501,5597.0,2867.000000000002,1617.9999999999989,0.0962,12.332866666666671,-0.6482000000000001
E02005393,7491,4568.999999999999,2259.0,1261.0000000000005,0.11099999999999999,21.290916666666675,-0.49175
E02005394,9689,5721.000000000001,2542.9999999999986,1988.999999999999,0.21041666666666667,19.611444444444434,0.12633333333333333
E02005395,8946,5516.999999999997,2736.0,1420.9999999999989,0.1578,17.143,-0.32460000000000006
E02005396,6925,4031.9999999999995,2616.9999999999995,1009.9999999999991,0.088,31.62050000000002,-0.7867500000000001
E02005397,9553,6020.999999999998,2602.999999999999,1571.0000000000005,0.10825,18.779055555555555,-0.4076666666666666
E02005398,7166,4695.0,1905.999999999999,1033.9999999999989,0.082625,18.13275,-0.6492499999999999
E02005399,8581,5309.999999999998,2104.0,1653.0000000000002,0.10999999999999999,11.639266666666668,-0.3034
E02005400,5901,3434.0000000000005,2013.9999999999995,925.9999999999997,0.1375,21.376833333333323,0.05175000000000001
E02005401,6649,4039.000000000001,2018.9999999999986,1111.000000000001,0.09025,23.832583333333325,-0.5995
E02005402,6783,3841.9999999999986,2133.999999999999,1217.9999999999984,0.1055,11.362333333333336,-0.298
E02005403,6607,4083.9999999999995,2094.999999999999,951.0000000000007,0.11975,17.83341666666665,-0.06375
E02005404,8980,5685.000000000002,2322.000000000002,1617.999999999998,0.1422,24.054066666666678,-0.10400000000000001
E02005405,7310,4275.999999999998,2052.000000000001,1386.999999999999,0.2419,24.231933333333323,0.5186
E02005406,7888,5175.999999999997,1535.9999999999995,1567.000000000002,0.203,25.548,0.60025
E02005407,11846,7743.000000000003,2329.0000000000005,2359.0000000000005,0.11510000000000001,12.88793333333334,-0.34140000000000004
E02005408,8100,5097.000000000001,2175.000000000001,1362.0000000000011,0.13487500000000002,22.05675,-0.207
E02005409,12302,7602.0,3077.9999999999964,2365.0,0.13391666666666666,19.57550000000002,-0.1695
E02005412,8942,5072.999999999998,2633.0000000000014,1782.9999999999982,0.14583333333333334,12.674499999999986,-0.30316666666666664
E02005414,8270,4919.999999999999,2187.000000000001,1615.0,0.227,18.060200000000002,0.5648
E02005415,8020,5013.0,1908.0000000000011,1521.0,0.2044,21.039000000000023,0.40680000000000005
E02005416,9257,5323.0,3096.999999999999,1506.0,0.09166666666666667,11.418333333333337,-0.5116666666666666
E02005417,7673,4527.0,2803.0,1074.9999999999998,0.1685,32.772800000000004,0.18960000000000002
E02005418,11081,7035.0,2058.0000000000023,2463.999999999998,0.3244166666666667,42.93738888888888,0.674
E02005419,8684,5966.0,1453.000000000001,1689.9999999999984,0.2728,44.77499999999998,0.3392
E02005420,8798,5327.999999999998,2113.0000000000005,1782.9999999999995,0.26070000000000004,31.172133333333342,0.4976
E02005422,6628,3856.999999999999,2277.0000000000005,1090.0000000000005,0.17116666666666666,32.359555555555566,-0.009666666666666669
E02005423,10390,5966.000000000001,3130.9999999999986,2010.9999999999995,0.2203,31.080599999999997,0.30860000000000004
E02005424,10447,5854.000000000002,4110.000000000001,1515.9999999999993,0.12521428571428572,21.562380952380956,0.076
E02005425,6664,3775.999999999999,2674.0000000000014,951.0000000000008,0.156,30.6191111111111,0.075
E02005426,10727,6142.0,3221.0,2091.0000000000005,0.2461428571428572,16.782619047619058,0.8235714285714286
E02005427,6893,4083.000000000001,2388.999999999999,983.0000000000015,0.201125,20.767499999999977,0.39449999999999996
E02005428,8486,4589.999999999998,3823.0000000000036,1079.9999999999993,0.335125,37.15025,1.25875
E02005429,6260,2845.999999999999,3870.0000000000005,496.9999999999999,0.25133333333333335,28.344888888888903,1.0303333333333333
E02005430,7154,4041.0,2983.999999999998,910.0000000000009,0.13016666666666665,34.935,-0.14333333333333334
E02005431,8993,4975.0,3738.9999999999986,1222.000000000001,0.2198,33.48753333333334,0.571
E02005432,7983,4486.0,3333.999999999999,1096.9999999999995,0.13575,33.52983333333333,-0.05500000000000001
E02005433,6991,3685.9999999999995,3560.999999999999,679.0,0.312875,46.49283333333332,1.29475
E02005434,7715,4404.999999999997,2670.0,1262.9999999999986,0.20450000000000002,19.34608333333335,0.488
E02005435,7891,4509.000000000002,2979.0000000000014,1177.9999999999998,0.2676,28.08739999999998,1.1046
E02005436,8372,4611.000000000001,3239.999999999998,1254.0000000000002,0.21175,28.206555555555553,0.6789999999999999
E02005437,6357,4046.999999999999,1841.0,961.9999999999998,0.38612499999999994,40.17099999999998,1.47375
E02005438,7098,3894.000000000002,2376.0000000000014,1306.0000000000005,0.354125,27.389500000000023,1.19325
E02005439,12143,7038.0,4072.000000000002,1927.0000000000014,0.13399999999999998,21.74271428571431,0.10928571428571429
E02005440,5620,3220.0,2170.9999999999995,797.0000000000005,0.30374999999999996,43.46775,0.8267500000000001
E02005441,8606,4945.0,3449.999999999999,1173.0000000000002,0.164375,36.09216666666667,0.174
E02005442,6591,4150.000000000001,1236.0000000000007,1505.999999999997,0.38349999999999995,33.06841666666665,1.3857499999999998
E02005443,7532,4650.999999999998,1915.9999999999998,1419.9999999999998,0.213625,21.62275,0.70675
E02005444,13338,9017.999999999998,3136.0000000000027,1883.0000000000007,0.11507142857142857,21.121571428571436,0.23514285714285713
E02005445,12666,8870.000000000002,1707.9999999999995,2550.0000000000036,0.2974285714285715,33.594380952380945,1.1132857142857142
E02005446,10559,9350.999999999998,912.9999999999999,552.0000000000006,0.1012,28.792466666666662,0.6278
E02005447,8376,6593.0,922.000000000001,1118.000000000002,0.199375,41.892166666666675,0.883
E02005448,7203,4517.999999999999,1481.9999999999995,1553.9999999999982,0.2891,25.87513333333332,0.9804
E02005449,9148,6659.999999999999,1575.0000000000005,1249.0000000000002,0.1377,26.2706,0.37059999999999993
E02005450,8526,5033.0,2847.0000000000005,1290.0,0.11883333333333333,15.458777777777799,0.023166666666666665
E02005451,7904,5049.0,1503.9999999999993,1735.0000000000016,0.3678,33.54726666666666,1.2616
E02005452,11121,6685.000000000001,3323.9999999999995,1896.0000000000002,0.154,18.008874999999996,0.20675
E02005453,10819,6248.0,3861.0000000000027,1578.9999999999975,0.07241666666666667,11.875,-0.8891666666666667
E02005455,14741,9029.0,3981.0000000000005,2731.999999999999,0.09337500000000001,17.905166666666666,-0.488125
E02005456,11472,7015.0,2938.0000000000027,2176.9999999999986,0.12666666666666668,12.73638888888889,-0.2776666666666667
E02005457,8781,5094.000000000003,2855.0000000000014,1489.9999999999998,0.1363,19.766199999999998,-0.34600000000000003
E02005458,6806,3820.000000000001,2643.0,940.9999999999989,0.10325000000000001,23.139166666666704,-0.7625
E02005459,8537,4999.000000000003,2900.9999999999986,1401.9999999999993,0.19300000000000003,29.704916666666676,0.05275
E02005460,6404,4215.999999999999,1510.9999999999995,1050.9999999999989,0.07675,18.34241666666665,-0.49375
E02005461,6428,3626.999999999998,2726.0,743.0,0.11616666666666668,21.615333333333336,-0.629
E02005462,10036,6156.000000000001,2608.999999999999,1861.000000000001,0.22820000000000001,19.080799999999993,0.23759999999999998
E02005463,9972,6177.0,2337.000000000001,1947.9999999999993,0.105,12.331277777777766,-0.5095
E02005464,8774,4979.000000000002,3396.000000000002,1193.9999999999995,0.1346,25.330999999999996,-0.24359999999999998
E02005465,8963,5120.999999999999,3197.9999999999995,1477.0000000000018,0.1601,26.212933333333343,-0.06080000000000001
E02005466,6936,3930.000000000001,2519.0,1109.000000000001,0.15916666666666668,34.3688888888889,-0.08633333333333333
E02005467,7824,4530.000000000002,2517.9999999999986,1339.9999999999977,0.177,21.90941666666665,0.060500000000000005
E02005468,7802,4546.0,2725.000000000002,1212.0000000000014,0.1426,27.357333333333322,-0.10479999999999998
E02005469,8249,4885.0,2395.999999999998,1561.9999999999982,0.15175,28.530666666666676,-0.26875000000000004
E02005470,12969,8231.000000000002,2924.999999999999,2432.0000000000036,0.1317857142857143,20.431809523809516,-0.3614285714285715
E02005471,9376,5678.0,2523.0000000000014,1675.9999999999993,0.2121,28.2712,0.0226
E02005472,10014,5658.0,3593.999999999999,1585.9999999999984,0.21150000000000002,32.92455555555555,0.44766666666666666
E02005473,9950,5993.0,2693.9999999999995,1761.999999999999,0.13791666666666666,21.9855,-0.32783333333333337
E02005474,7319,4297.999999999997,2695.999999999998,1064.9999999999995,0.14049999999999999,35.21444444444443,-0.082
E02005475,7562,4601.0,2063.000000000001,1364.9999999999995,0.14533333333333334,24.951555555555533,-0.41300000000000003
E02005476,7210,4168.999999999999,2572.0000000000014,1126.0000000000027,0.11,25.603249999999996,-0.7025
E02005477,9297,5027.000000000002,3708.999999999999,1370.0,0.11450000000000002,17.332833333333326,-0.8375
E02005478,10086,5720.000000000002,3145.0000000000005,1893.9999999999993,0.20357142857142857,17.611238095238114,0.10442857142857144
E02005479,10021,6125.999999999998,2818.0,1725.0000000000014,0.1065,11.208944444444446,-0.299
E02005480,7538,4536.0,1344.0000000000018,1893.999999999999,0.3416,24.068200000000022,0.6668000000000001
E02005481,12250,7967.999999999996,2591.0000000000005,2297.9999999999995,0.19266666666666668,21.33416666666668,0.055333333333333325
E02005482,9559,5656.000000000001,3253.999999999999,1492.999999999998,0.09380000000000001,20.40986666666666,-0.7734
E02005483,7831,4520.0,2681.999999999999,1269.0000000000005,0.13075,26.918666666666674,-0.4235
E02005484,7231,4302.999999999999,2402.0,1161.0000000000014,0.140875,29.1965,-0.5165
E02005485,8687,5120.0,2291.000000000001,1755.0,0.09583333333333333,9.527333333333317,-0.5811666666666666
E02005486,9620,5586.000000000001,2680.0000000000014,1871.0000000000007,0.14658333333333334,11.856055555555566,-0.2031666666666667
E02005487,9757,5625.000000000001,3550.9999999999995,1491.9999999999982,0.0747,18.28753333333334,-1.0382
E02005488,7165,4108.999999999998,2372.999999999998,1254.9999999999989,0.139625,14.010583333333326,-0.537
E02005489,7339,4412.999999999999,2259.000000000001,1235.0000000000016,0.0955,13.238933333333332,-0.8076000000000001
E02005490,9089,5513.000000000001,2500.0,1605.0000000000018,0.17400000000000002,15.46633333333335,-0.07933333333333333
E02005491,11548,6765.000000000003,3595.0000000000005,1984.0000000000002,0.10007142857142858,14.420190476190484,-0.7884285714285715
E02005492,9954,5766.999999999998,3697.999999999998,1522.9999999999986,0.1407,24.16099999999998,-0.2524
E02005493,10243,6096.000000000001,3245.0000000000014,1693.0000000000002,0.12816666666666668,21.56733333333332,-0.10833333333333335
E02005494,9817,5580.000000000002,3570.0000000000023,1534.0000000000016,0.1889,25.037333333333343,0.006199999999999967
E02005495,10663,6756.000000000002,2570.0000000000005,2041.9999999999998,0.36925,37.3836111111111,1.0301666666666667
E02005496,6306,3865.0000000000014,2194.9999999999986,895.9999999999995,0.149125,31.649416666666674,-0.169
E02005497,7529,4386.000000000001,1699.9999999999993,1787.0000000000007,0.3888750000000001,30.124416666666676,1.12025
E02005498,7607,4166.000000000002,3283.0000000000023,955.0000000000001,0.11399999999999999,31.290916666666675,-0.253
E02005499,8850,5127.0,2750.9999999999964,1600.000000000001,0.113375,16.19875,-0.39875
E02005500,7470,4503.000000000001,2520.999999999998,1149.0000000000016,0.094,18.11940000000002,-0.4934
E02005501,8421,4651.000000000001,2965.999999999999,1420.0000000000011,0.0687,11.629199999999999,-0.6082
E02005502,9928,5697.999999999999,3350.0,1617.000000000001,0.12469999999999999,20.593466666666657,-0.21300000000000002
E02005503,7733,4439.000000000002,2733.0,1188.0000000000002,0.13025,33.54666666666665,-0.529
E02005504,9299,5159.999999999999,3680.000000000001,1401.0000000000002,0.139,35.10233333333335,-0.44475000000000003
E02005505,7795,4389.999999999998,2512.0000000000005,1357.9999999999989,0.157,18.437083333333327,-0.23475000000000001
E02005506,7090,4031.999999999999,2502.000000000001,1118.9999999999995,0.11825000000000001,24.275750000000002,-0.5102500000000001
E02005507,11684,6868.000000000004,3549.000000000001,1960.0000000000023,0.1968333333333333,19.5653888888889,0.001833333333333335
E02005508,7363,4207.000000000001,2718.0000000000005,1128.9999999999986,0.10699999999999998,29.34526666666668,-0.5394
E02005509,9002,4756.000000000001,3517.000000000001,1418.9999999999986,0.20433333333333337,25.592944444444445,0.25900000000000006
E02005510,7374,4103.0,3020.999999999999,978.9999999999999,0.1306,27.612866666666662,-0.23479999999999998
E02005511,9230,5294.0,3246.000000000001,1359.0000000000018,0.1472,27.823666666666657,-0.07200000000000002
E02005512,9991,6321.999999999999,2819.999999999999,1647.0000000000018,0.12066666666666666,31.427666666666653,-0.3038333333333333
E02005513,10934,6531.999999999998,3133.9999999999986,1919.0000000000014,0.14291666666666666,18.010111111111115,-0.22950000000000004
E02005514,7015,4071.999999999999,2574.000000000002,1064.0000000000005,0.135,33.13125,-0.12100000000000001
E02005515,6483,3848.0,2107.0000000000005,1033.000000000001,0.09049999999999998,28.9197777777778,-0.7753333333333333
E02005516,7214,4086.0000000000005,2569.0,1170.000000000001,0.09612499999999999,33.7951666666667,-0.653
E02005517,5920,3712.000000000001,1100.0000000000011,1327.0000000000005,0.2813333333333334,32.8441111111111,0.5336666666666666
E02005518,10703,6933.0,2580.0,1834.0000000000002,0.11066666666666668,20.61216666666665,-0.29050000000000004
E02005519,8629,5414.999999999998,1764.0000000000014,1861.0000000000005,0.2529,30.742399999999996,0.3626
E02005520,9009,4816.999999999999,3450.9999999999977,1437.999999999999,0.14089999999999997,18.340133333333334,-0.6786
E02005521,8642,5027.0,3024.000000000002,1278.0000000000007,0.11408333333333336,35.857222222222234,-0.6230000000000001
E02005522,5615,3244.9999999999995,1977.0000000000005,888.0,0.109625,23.737666666666676,-0.5285000000000001
E02005523,8939,5461.000000000001,2414.000000000001,1651.999999999999,0.1187,23.841866666666657,-0.5701999999999999
E02005524,5413,3100.000000000001,1944.0000000000005,845.9999999999995,0.105125,17.71983333333335,-0.519
E02005525,10035,6079.0,2853.9999999999977,1695.0000000000018,0.087,11.508476190476179,-0.6967142857142858
E02005526,5393,3117.0,1701.0000000000005,921.999999999999,0.105375,12.745166666666675,-0.509
E02005527,9266,5308.0,2893.0,1662.0000000000005,0.1156,17.72446666666666,-0.6486000000000001
E02005528,8747,5188.0,2758.000000000001,1428.9999999999986,0.0964,12.912133333333319,-0.9715999999999999
E02005529,5716,3163.999999999999,2283.000000000001,786.9999999999995,0.127375,15.468,-0.20775000000000002
E02005530,5651,3300.000000000001,1832.999999999999,905.0000000000017,0.10216666666666667,12.03666666666669,-0.6176666666666667
E02005531,5321,3174.999999999998,1722.0,876.0000000000001,0.12887500000000002,15.455166666666674,-0.35224999999999995
E02005532,9935,5936.999999999998,2917.000000000002,1702.9999999999993,0.09508333333333334,14.323333333333332,-0.7426666666666666
E02005533,9296,5285.999999999998,3262.9999999999973,1464.0000000000005,0.10533333333333333,22.247611111111098,-0.6395
E02005534,7334,4297.000000000001,2542.999999999998,1059.9999999999989,0.1012,12.299066666666654,-0.6527999999999999
E02005535,7169,4494.999999999998,1924.0000000000005,1202.0000000000002,0.10062499999999999,13.260833333333357,-0.673
E02005536,6286,3597.000000000001,2270.0,924.9999999999989,0.11174999999999999,21.348,-0.5592499999999999
E02005537,6118,3522.999999999998,2225.0,905.0000000000002,0.146625,24.981,-0.404
E02005538,9657,5428.0,4085.0000000000014,1134.9999999999993,0.14608333333333332,35.54177777777778,0.12483333333333335
E02005539,8156,4584.0,3160.999999999998,1163.0000000000014,0.13979999999999998,31.92193333333332,-0.0346
E02005540,8718,4796.000000000001,3694.999999999999,1097.9999999999993,0.17975,19.87644444444445,0.3436666666666666
E02005541,5809,3340.0,1855.0,1021.0000000000002,0.31125,31.898166666666675,0.89925
E02005542,7113,4551.000000000001,1499.0,1439.9999999999984,0.44337499999999996,45.42541666666665,1.3525
E02005543,9396,5978.000000000001,1679.0000000000002,2142.999999999999,0.5172000000000001,50.240466666666656,1.5676
E02005544,7207,4556.000000000002,1377.0000000000007,1596.000000000001,0.34525,40.753416666666645,0.9892500000000001
E02005545,6444,3582.0000000000005,2444.0000000000005,950.0000000000009,0.134625,17.760500000000025,-0.06650000000000003
E02005546,7840,4862.999999999999,2084.000000000002,1440.9999999999998,0.33799999999999997,30.40833333333332,0.9161999999999999
E02005547,8429,5061.999999999999,2642.999999999999,1316.0000000000002,0.1827,24.90259999999998,0.08180000000000001
E02005548,7497,4334.000000000002,2062.9999999999977,1514.0000000000002,0.3056,22.806666666666665,0.8278000000000001
E02005549,5524,3182.9999999999995,2156.0000000000005,776.0000000000002,0.14875,31.841,0.1405
E02005550,8044,4685.999999999999,2481.999999999999,1410.000000000001,0.16716666666666666,20.069555555555535,-0.014666666666666682
E02005551,5185,2480.0,2862.999999999999,464.0,0.169625,27.597250000000003,0.55
E02005552,6620,3498.000000000001,3055.9999999999986,761.9999999999991,0.15425,40.3675,0.15
E02005553,8592,4246.000000000001,4355.000000000001,905.0000000000005,0.14008333333333334,25.213166666666666,0.3436666666666666
E02005554,7074,3554.0,3214.0000000000005,963.000000000002,0.13899999999999998,27.34374999999997,0.08025
E02005555,6873,3741.9999999999995,2588.000000000001,1067.0000000000016,0.07289999999999999,13.571666666666662,-0.3046
E02005556,7646,4646.000000000001,2285.999999999998,1323.0,0.1116,15.25173333333334,0.2324
E02005557,7015,4416.999999999999,1136.0000000000011,1706.9999999999986,0.3235,35.2305,1.0979999999999999
E02005558,7447,4260.000000000001,2638.9999999999995,1204.9999999999995,0.15612499999999999,35.28550000000003,0.25
E02005559,7429,4591.0,1866.9999999999986,1384.0000000000002,0.19075,27.052916666666675,0.7172499999999999
E02005560,9119,5746.000000000001,1571.9999999999986,2102.000000000001,0.21475,21.649833333333348,0.5305
E02005561,10816,7043.000000000002,2301.9999999999986,2012.0000000000007,0.28564285714285714,32.78828571428571,0.9808571428571428
E02005562,7563,4320.000000000001,2826.999999999999,1110.9999999999982,0.131625,33.623,0.006749999999999999
E02005563,8273,4886.000000000001,2611.000000000001,1413.9999999999995,0.1679,36.77573333333334,0.3814
E02005564,10159,6181.0,3122.000000000002,1617.0000000000025,0.107,29.74416666666666,0.061166666666666675
E02005565,7398,4464.999999999999,2308.0,1213.9999999999982,0.15750000000000003,34.79316666666668,0.21350000000000002
E02005566,10555,6269.999999999998,3467.000000000001,1782.0000000000002,0.16841666666666666,37.91772222222223,0.334
E02005567,11356,6198.0,4054.999999999999,1845.9999999999998,0.1518125,16.74262499999999,0.344125
E02005568,7700,4501.000000000001,2872.0000000000005,1119.0000000000018,0.13166666666666668,36.54022222222223,-0.06066666666666667
E02005569,8900,5397.999999999999,2520.0000000000005,1648.9999999999998,0.1207,43.52440000000002,-0.054400000000000004
E02005570,6953,3376.0,3464.0000000000014,847.0,0.139875,19.90925000000002,-0.118
E02005571,5898,3072.0000000000005,2772.000000000001,724.0000000000008,0.16112500000000002,36.0854166666667,-0.19174999999999998
E02005572,7477,3903.9999999999995,3458.000000000001,868.0000000000009,0.19758333333333333,25.750111111111096,0.39766666666666667
E02005573,5774,2638.999999999999,2878.000000000001,746.9999999999995,0.15366666666666665,26.70866666666667,-0.37000000000000005
E02005574,6895,3778.0,3164.999999999999,821.0000000000002,0.136125,29.914416666666675,-0.267
E02005575,7027,3789.000000000001,3092.999999999999,941.9999999999993,0.12233333333333334,35.2092222222222,-0.6046666666666667
E02005576,6687,3519.999999999999,3069.0,831.0000000000013,0.166375,28.917999999999978,0.201
E02005577,6037,3398.0,2393.0,834.9999999999993,0.14883333333333335,39.6652222222222,-0.19633333333333333
E02005578,6012,3556.999999999999,2042.9999999999995,924.9999999999981,0.14983333333333335,37.724,-0.24233333333333337
E02005580,8146,4520.999999999999,2997.999999999998,1248.9999999999995,0.17320000000000002,20.8258,0.19340000000000002
E02005581,7985,4915.000000000001,2849.999999999999,1116.9999999999989,0.1167,33.5734,-0.2658
E02005582,6768,3761.999999999999,2704.999999999999,931.0000000000006,0.19,33.69641666666668,-2.7755575615628914e-17
E02005583,8557,4466.000000000001,4190.000000000001,918.0000000000011,0.1491,30.475466666666684,-0.1044
E02005584,10943,7143.0,2195.999999999998,2126.000000000002,0.24949999999999997,26.0148888888889,0.4391666666666667
E02005585,11198,7397.999999999998,1886.9999999999986,2309.9999999999986,0.3228571428571429,29.743809523809528,0.9277142857142857
E02005586,10249,7602.0,1459.0000000000002,1606.9999999999995,0.17916666666666667,23.729611111111115,0.36999999999999994
E02005587,10268,6422.0,2421.000000000001,1978.9999999999986,0.26471428571428574,26.8972380952381,0.8135714285714286
E02005588,13200,8920.0,2278.9999999999995,2487.000000000002,0.23485714285714285,23.16819047619047,0.6861428571428572
E02005589,12213,8219.000000000002,1957.0000000000014,2396.9999999999995,0.28285714285714286,27.672142857142855,0.7451428571428572
E02005592,9157,6669.999999999998,1659.9999999999993,1232.999999999999,0.07091666666666667,19.71144444444445,-0.47350000000000003
E02005593,11073,8584.0,1377.9999999999995,1304.0000000000002,0.19129999999999997,23.35533333333334,0.3048
E02005594,10993,7597.000000000002,2658.000000000002,1388.0000000000005,0.14978571428571427,17.811619047619057,0.04414285714285716
E02005595,9500,5400.999999999998,3318.0000000000005,1381.9999999999998,0.08658333333333333,12.607277777777783,-0.8815
E02005596,10021,6233.000000000001,2246.0,2011.9999999999986,0.28475,25.6786111111111,0.6921666666666666
E02005598,10367,6126.000000000001,2724.999999999999,2087.000000000001,0.10108333333333332,15.136777777777768,-0.6739999999999999
E02005599,7591,4259.0,2159.0,1518.0,0.12962500000000002,13.001249999999999,-0.6459999999999999
E02005600,6380,3413.9999999999986,2133.9999999999986,1183.0000000000007,0.10037499999999999,28.035,-0.818
E02005601,5553,3090.000000000001,2200.000000000001,713.9999999999999,0.12587500000000001,13.232249999999993,-0.34725000000000006
E02005602,12979,7488.0,4212.999999999998,2277.0000000000005,0.089375,16.71133333333332,-0.8034999999999999
E02005603,13320,8115.0,2828.000000000002,2936.0,0.12457142857142858,12.785904761904758,-0.7982857142857142
E02005604,8916,5059.999999999998,3108.9999999999986,1385.9999999999977,0.13116666666666665,21.225666666666687,-0.5661666666666667
E02005605,10761,6229.000000000001,3515.000000000002,1899.0,0.09278571428571428,22.010095238095243,-0.8048571428571429
E02005606,5921,3518.0000000000005,2135.0000000000005,813.9999999999999,0.11012499999999999,33.90175,-0.60675
E02005607,11789,6964.999999999998,3746.0000000000023,2008.0000000000002,0.10775000000000001,27.711277777777784,-0.7341666666666667
E02005608,7747,4450.000000000002,2959.9999999999986,1085.9999999999982,0.11749999999999998,29.505799999999976,-0.42779999999999996
E02005609,7682,4209.000000000001,2844.000000000001,1246.9999999999995,0.13837500000000003,24.157166666666672,-0.483
E02005610,8226,4816.0,3167.9999999999995,1113.000000000002,0.11041666666666666,31.032944444444436,-0.6166666666666667
E02005611,10980,6417.000000000002,3665.0000000000023,1684.9999999999989,0.14614285714285713,18.148714285714284,-0.413
E02005612,7285,4545.000000000001,2038.9999999999995,1300.0,0.136,20.744166666666647,-0.08675
E02005613,9224,5964.000000000002,2080.999999999999,1777.0000000000005,0.2021666666666667,23.15533333333335,0.49500000000000005
E02005614,14377,9320.999999999998,2241.000000000001,3373.9999999999995,0.136125,16.627166666666675,-0.05787500000000004
E02005615,9472,5830.000000000002,2433.000000000001,1862.9999999999984,0.20733333333333334,22.315444444444438,0.42333333333333334
E02005616,5939,3923.000000000001,1135.0000000000014,1199.9999999999998,0.276,24.584083333333353,0.7602500000000001
E02005617,11358,7284.0,2070.999999999999,2527.9999999999995,0.30392857142857144,29.2107619047619,0.9342857142857142
E02005619,6373,3795.999999999999,2108.9999999999995,1020.0000000000014,0.07150000000000001,31.988222222222202,-1.237
E02005620,8606,5215.999999999998,2423.0000000000005,1611.0,0.0844,17.171466666666667,-0.9728
E02005621,8716,5345.999999999999,2831.000000000002,1239.0000000000005,0.0832,26.063066666666664,-0.7014
E02005622,10040,6012.000000000002,2976.9999999999977,1850.0000000000005,0.0671,20.35173333333332,-1.1725999999999999
E02005623,12401,7457.000000000002,3064.000000000001,2536.000000000001,0.09049999999999998,15.21922222222223,-0.7968333333333333
E02005624,11470,7570.000000000002,2214.0,2253.0,0.12149999999999998,14.705000000000014,-0.2787142857142857
E02005625,9309,5631.000000000001,2540.0000000000005,1584.9999999999989,0.16990000000000002,19.4892,0.008999999999999985
E02005626,7125,4576.000000000002,1294.999999999999,1551.9999999999998,0.22025,23.88725,0.42424999999999996
E02005627,7761,4578.999999999999,2485.999999999999,1312.0000000000018,0.11449999999999999,20.829083333333326,-0.5275
E02005628,8495,5200.0,2621.0000000000005,1404.9999999999995,0.09862500000000002,23.037999999999997,-0.7355
E02005629,6524,3781.999999999999,2258.0000000000014,1125.0000000000007,0.10899999999999999,24.968666666666667,-0.7293333333333333
E02005630,10641,5749.000000000002,3490.0000000000005,1905.0000000000023,0.08316666666666665,17.834,-0.9085
E02005631,11277,6933.999999999998,3014.000000000002,2011.0,0.09516666666666666,21.225333333333335,-0.5535
E02005632,6477,3727.000000000001,2144.000000000002,1074.0,0.10916666666666668,21.434444444444466,-0.19466666666666665
E02005633,10135,6085.0,2725.9999999999995,1940.0,0.12791666666666665,17.62955555555553,-0.06833333333333336
E02005634,9464,5900.000000000001,2330.0,1805.0000000000014,0.16199999999999998,17.796599999999977,0.2044
E02005635,9445,5696.999999999996,2439.999999999999,1791.9999999999998,0.1179,14.328866666666674,-0.24819999999999998
E02005636,12321,7412.000000000002,3057.0,2453.0000000000005,0.15533333333333332,15.48016666666665,-0.0515
E02005637,9336,5927.000000000001,2105.000000000002,1764.9999999999995,0.2203,25.17913333333334,0.5236000000000001
E02005638,9869,5855.999999999998,3024.0,1637.0000000000007,0.07933333333333334,10.706055555555556,-0.48500000000000004
E02005639,5838,3454.000000000002,2060.999999999999,855.0,0.09849999999999999,25.65988888888887,-0.5593333333333333
E02005640,11830,6999.000000000002,3166.000000000001,2297.9999999999986,0.1265625,17.468999999999998,-0.038875
E02005641,8825,5326.000000000002,2365.0,1691.0000000000005,0.1773,22.01073333333334,-0.06860000000000002
E02005642,8416,5142.999999999999,2346.9999999999977,1453.9999999999995,0.1044,11.741266666666686,-0.1794
E02005643,8687,5420.0,1549.0000000000002,2078.999999999999,0.3157,26.15533333333334,0.9018
E02005644,9190,6394.0,1138.9999999999993,1926.0000000000018,0.24212500000000003,30.514,0.7162499999999999
E02005645,12887,8161.999999999998,2835.000000000002,2410.0000000000005,0.19785714285714287,17.602904761904764,0.4152857142857143
E02005646,6494,3681.0000000000005,2084.000000000001,1091.0000000000011,0.09169999999999999,12.2244,-0.2818
E02005647,7735,4734.0,1916.0000000000018,1487.9999999999986,0.2065,18.37933333333335,0.39899999999999997
E02005648,10064,6091.999999999999,2407.000000000002,2064.0000000000005,0.09240000000000001,9.774666666666654,-0.4494000000000001
E02005650,7144,4470.999999999998,1637.0000000000002,1338.0000000000018,0.1225,15.959999999999999,-0.32975
E02005651,6471,3783.999999999998,2238.9999999999986,947.0000000000007,0.08712500000000001,15.041999999999998,-0.5700000000000001
E02005652,6782,3882.0,2071.0,1208.0000000000007,0.12062500000000001,16.04158333333335,-0.19474999999999995
E02005653,9022,5710.999999999998,1310.0000000000018,2292.9999999999995,0.24530000000000002,25.71933333333336,0.2954
E02005654,8763,5565.999999999999,1476.9999999999995,2045.9999999999998,0.22759999999999997,22.791133333333317,0.20239999999999997
E02005655,6411,3576.0,2072.0,1147.0,0.137625,16.275416666666676,-0.22675000000000003
E02005656,6700,4186.0,1079.000000000001,1617.0000000000007,0.2935,26.701999999999998,0.437
E02005657,6677,4154.000000000002,2018.000000000001,1052.9999999999993,0.110375,16.584250000000026,-0.34725000000000006
E02005658,6977,4622.0,959.9999999999991,1603.9999999999998,0.254,25.784750000000027,0.42275
E02005659,6057,3504.000000000001,1658.9999999999995,1226.9999999999986,0.15,13.177222222222232,0.09033333333333332
E02005660,6573,4037.0,1444.9999999999995,1435.9999999999995,0.284125,24.51933333333335,0.65575
E02005661,7107,4506.999999999997,1090.0000000000007,1702.000000000001,0.24737499999999998,22.999416666666647,0.43125
E02005662,6868,4464.999999999999,1514.9999999999986,1253.9999999999986,0.13575,20.111,-0.04325000000000001
E02005663,5439,3341.0,1469.999999999999,953.0000000000002,0.07200000000000001,13.793583333333348,-0.7575000000000001
E02005664,6259,4253.000000000001,1228.9999999999993,1068.9999999999982,0.19887500000000002,26.53983333333335,0.5825
E02005665,8413,5435.0,1923.0000000000018,1556.9999999999982,0.1359,17.82066666666666,-0.43879999999999997
E02005666,9139,5831.0,1187.0,2364.0000000000005,0.32499999999999996,28.175333333333363,0.7058
E02005667,6894,4117.0,1780.9999999999995,1414.0000000000002,0.19925,18.32341666666665,0.45525
E02005668,6646,3849.999999999998,1999.9999999999998,1181.000000000001,0.10799999999999998,13.124749999999974,-0.29925
E02005669,6092,3493.9999999999995,1977.0000000000002,1067.999999999999,0.05575000000000001,11.1845,-1.208
E02005670,9777,7235.000000000002,890.0000000000002,1906.9999999999995,0.29600000000000004,33.3158,0.8300000000000001
E02005671,7975,5689.0,1171.0000000000027,1377.9999999999986,0.156125,26.127000000000002,-0.10500000000000001
E02005672,8893,6732.0,735.9999999999999,1590.000000000001,0.20337499999999997,33.59908333333335,0.29350000000000004
E02005673,7848,5214.0,1602.0000000000005,1411.0000000000002,0.1655,26.974499999999978,0.06774999999999999
E02005674,9507,6838.000000000001,1438.9999999999993,1556.9999999999995,0.1956,24.459933333333343,0.8867999999999998
E02005675,6582,4119.0,1018.9999999999986,1682.9999999999993,0.243875,20.75625,0.3885
E02005676,6325,4067.9999999999995,1185.9999999999986,1366.0,0.19375,18.346083333333326,0.07874999999999999
E02005677,10371,7083.999999999999,1634.9999999999998,1877.000000000002,0.12589999999999998,20.76106666666668,-0.24480000000000005
E02005679,9113,6014.999999999998,1858.999999999999,1833.0000000000018,0.06933333333333333,11.62166666666666,-0.8503333333333334
E02005680,8741,5495.999999999999,1485.9999999999982,2033.0,0.0793,10.354999999999993,-0.8134
E02005681,8567,4900.999999999998,2746.9999999999995,1521.0000000000007,0.0992,17.06413333333332,-0.5658
E02005682,7632,4491.000000000002,2361.9999999999995,1402.0000000000007,0.09075,19.70808333333335,-1.0074999999999998
E02005683,15047,9284.0,3498.0000000000014,3022.9999999999973,0.083875,16.708708333333337,-0.6825
E02005684,8652,5112.0,2807.0,1471.0,0.0663,21.030533333333345,-1.1482
E02005685,10464,6650.000000000002,2494.0,1978.0000000000014,0.1147,15.525266666666642,-0.5751999999999999
E02005686,7859,4552.0,2612.999999999998,1281.999999999998,0.0761,21.81913333333334,-0.8062000000000001
E02005687,6684,4132.999999999998,1924.9999999999982,1153.0,0.06916666666666667,27.356222222222232,-1.2766666666666666
E02005688,9912,6041.999999999999,2597.0000000000027,1874.0000000000027,0.0908,17.62486666666666,-0.7657999999999999
E02005689,10950,6947.000000000001,2205.9999999999977,2328.999999999998,0.056666666666666664,10.50722222222221,-0.9543333333333334
E02005690,5499,3478.9999999999995,1462.000000000001,930.9999999999986,0.10599999999999998,17.41733333333335,-0.41525
E02005691,6675,4081.0,2119.999999999999,998.9999999999997,0.07066666666666667,23.48944444444443,-1.2129999999999999
E02005692,7256,4362.000000000001,2165.9999999999995,1200.0000000000014,0.155625,20.72391666666665,-0.10225
E02005693,8711,5322.0,1846.9999999999995,1946.9999999999993,0.2334,20.66686666666668,0.13639999999999997
E02005694,7508,4555.0,2301.0,1200.0000000000005,0.0751,13.175333333333318,-0.5396
E02005695,10388,7150.999999999998,1547.0000000000007,2089.0000000000014,0.1821,24.16366666666666,0.1648
E02005696,6343,3812.999999999999,1225.0,1518.0000000000007,0.29925,25.43725,0.7404999999999999
E02005697,7192,4682.000000000002,1656.0,1217.9999999999986,0.2713,25.672866666666657,0.8408
E02005698,6065,3517.0000000000005,1594.0,1254.9999999999984,0.209625,19.495083333333298,0.17375
E02005699,9428,6202.999999999999,1581.000000000001,2039.0000000000016,0.21750000000000003,19.98906666666666,0.374
E02005700,10267,6007.999999999998,3406.0,1663.999999999998,0.09508333333333334,17.087333333333333,-0.4645000000000001
E02005701,11236,6636.999999999999,3449.000000000002,1934.0000000000005,0.11808333333333333,20.100777777777783,-0.2995
E02005702,6920,3937.9999999999986,2797.999999999999,944.9999999999999,0.075,20.563666666666656,-0.6075
E02005703,6757,4003.0,2481.9999999999995,889.9999999999992,0.173375,18.59966666666666,0.43875
E02005704,12775,7483.999999999999,5074.000000000001,1763.0000000000005,0.1704285714285714,22.190571428571413,0.14828571428571427
E02005705,7686,4272.0,3382.0000000000005,1004.999999999999,0.100625,30.029500000000024,-0.48474999999999996
E02005706,9227,5264.0,3118.9999999999964,1577.0000000000002,0.23108333333333334,27.434722222222216,0.6459999999999999
E02005707,7006,3870.0,3023.9999999999986,899.0000000000006,0.11420000000000001,25.043066666666657,-0.0834
E02005708,10078,5535.000000000002,4669.000000000002,1175.9999999999998,0.12474999999999999,34.76422222222222,-0.3426666666666666
E02005709,6909,4203.000000000002,1563.0000000000007,1532.0000000000007,0.4475,26.60416666666668,2.101
E02005710,9408,5881.0,2536.0,1601.999999999998,0.2711666666666667,21.161055555555578,1.3081666666666667
E02005711,7864,4533.000000000001,2258.9999999999995,1555.000000000001,0.3298,19.648466666666682,1.1416
E02005712,9752,6195.000000000001,2041.0000000000011,2095.000000000001,0.18849999999999997,14.793666666666645,0.595
E02005713,6252,3715.000000000001,2263.0,900.9999999999977,0.066,8.464166666666657,-0.3665
E02005715,9544,5845.999999999999,2395.9999999999995,1810.0,0.26030000000000003,19.55886666666666,0.8134
E02005717,7418,4244.999999999999,2891.0,1007.9999999999986,0.15489999999999998,15.22666666666666,0.30419999999999997
E02005718,6217,3398.0000000000005,2618.0,756.9999999999997,0.10229999999999999,11.11233333333334,0.178
E02005719,8181,5159.0,2388.0,1251.0000000000011,0.2004,17.31893333333334,0.6125999999999999
E02005720,12219,7720.999999999999,3978.0000000000027,1681.0000000000005,0.19492857142857142,24.258142857142854,0.6712857142857143
E02005721,5567,3402.9999999999995,1876.9999999999993,862.0000000000001,0.16116666666666665,15.542444444444442,0.302
E02005722,9990,6039.999999999999,3219.0000000000023,1669.0000000000007,0.0789,22.696733333333338,-0.5494
E02005723,6048,3324.999999999999,2407.0,887.0000000000002,0.217125,15.60058333333335,0.7335
E02005724,6572,3510.0,2537.0,1076.0000000000002,0.06225,6.525250000000001,-0.49650000000000005
E02005725,7426,3980.0,2846.999999999999,1191.0000000000005,0.0845,10.80725,-0.6775
E02005726,8098,4573.000000000001,2847.000000000001,1313.9999999999995,0.0481,15.84060000000002,-0.9502
E02005727,5978,3548.0000000000014,2373.9999999999995,809.9999999999993,0.121625,39.27091666666667,-0.35975
E02005728,6849,3875.000000000002,2748.000000000001,969.0000000000003,0.1577,32.86106666666666,0.2144
E02005729,5618,3252.0,1994.9999999999986,850.9999999999993,0.10112499999999999,21.604083333333325,-0.27325
E02005730,12870,7174.000000000001,4935.0,1915.0,0.1342142857142857,13.886285714285716,-0.15757142857142853
E02005731,10792,6600.000000000001,3064.999999999998,1820.9999999999986,0.1638,13.118333333333329,0.12480000000000002
E02005733,8349,4735.0,3267.0000000000005,1270.999999999999,0.09800000000000002,34.42855555555555,-0.3383333333333334
E02005734,5837,3392.9999999999995,2028.9999999999986,992.0000000000002,0.310875,30.44583333333335,1.2615
E02005735,7113,4469.0,1610.9999999999995,1458.000000000001,0.40800000000000003,29.94326666666666,1.5044
E02005736,8950,5437.0,2146.999999999999,1853.999999999999,0.34687500000000004,20.538666666666668,1.272
E02005739,9044,5373.999999999998,2993.000000000001,1439.9999999999995,0.20783333333333334,19.549833333333314,0.6638333333333334
E02005740,10088,6225.0,2832.0,1760.000000000001,0.2742142857142857,23.454857142857144,1.0574285714285714
E02005741,8493,5086.999999999998,2796.0000000000005,1332.9999999999995,0.15783333333333333,13.457666666666674,0.361
E02005742,7598,4305.999999999999,3085.000000000001,1040.9999999999989,0.09412499999999999,28.36491666666665,-0.96025
E02005744,7862,4354.999999999999,3331.0,978.000000000002,0.087,26.41016666666665,-0.8907500000000002
E02005746,6876,4098.0,2273.0,1094.0000000000016,0.13387500000000002,13.861666666666675,-0.15975
E02005747,6867,4308.0,1806.0000000000005,1173.9999999999995,0.1972,21.897199999999998,0.34299999999999997
E02005748,8116,4825.999999999998,2665.999999999999,1357.0000000000002,0.08325,24.92883333333335,-0.62525
E02005749,10141,5797.0,3414.0,1659.9999999999989,0.10483333333333333,18.62633333333333,-0.2671666666666667
E02005750,7771,4450.000000000001,3009.999999999999,1027.9999999999993,0.1484,24.049866666666638,-0.7006
E02005751,8643,4624.999999999998,3866.0,1057.0,0.0708,20.659066666666686,-1.1576000000000002
E02005752,7176,4321.999999999998,2526.000000000001,1015.9999999999997,0.09275,31.751333333333324,-0.9315
E02005754,7460,4173.000000000001,3101.000000000001,971.0000000000013,0.058499999999999996,14.306066666666657,-0.9358000000000001
E02005755,6853,4031.0000000000005,2465.9999999999986,987.0,0.11350000000000002,21.21733333333335,-0.79
E02005756,6480,3972.000000000001,2020.9999999999995,1021.9999999999987,0.06416666666666666,30.869444444444436,-1.2076666666666667
E02005757,8696,5240.000000000002,3067.999999999998,1208.9999999999982,0.0985,21.30553333333333,-0.8987999999999999
E02005758,9801,5756.999999999999,3065.000000000002,1700.0000000000002,0.1452,23.05353333333332,-0.531
E02005759,9549,5292.0,3616.0,1498.9999999999995,0.1004,18.64946666666666,-0.8294
E02005760,6229,3938.0,1967.9999999999986,937.0000000000026,0.06533333333333334,24.61255555555557,-1.0113333333333332
E02005761,5511,3107.000000000001,2082.0,858.9999999999998,0.078,35.227,-0.9837499999999999
E02005762,6498,3846.000000000001,1891.999999999999,1070.000000000001,0.092625,13.262749999999983,-0.7345
E02005763,6761,3908.000000000001,2180.000000000001,1215.0000000000007,0.082625,28.909833333333324,-0.8740000000000001
E02005764,10435,6115.000000000002,3427.999999999999,1642.0,0.14107142857142857,18.528047619047644,-0.33314285714285713
E02005765,7675,4540.0,2666.0000000000005,1181.9999999999982,0.105,21.483999999999998,-0.7832500000000001
E02005766,6024,3453.999999999998,2346.999999999998,826.0000000000007,0.1,31.262749999999997,-0.9924999999999999
E02005767,7592,4341.0,2590.9999999999986,1308.0000000000016,0.05925,17.444416666666676,-1.22875
E02005768,8590,4753.999999999999,1894.0,1629.9999999999986,0.0719,13.739066666666664,-0.9800000000000001
E02005769,7058,4122.999999999997,2223.9999999999973,1150.0000000000007,0.15175,18.169500000000028,-0.03525000000000001
E02005770,9078,5529.0,2724.999999999999,1499.0000000000027,0.0982142857142857,15.72942857142857,-0.43628571428571433
E02005771,7663,4927.000000000001,1781.9999999999998,1459.0000000000007,0.1396,15.740133333333342,-0.274
E02005772,6044,3355.000000000001,2285.999999999999,912.9999999999997,0.062125,12.449166666666667,-0.8205
E02005773,9165,6081.000000000003,2178.000000000001,1471.9999999999993,0.19616666666666668,22.299111111111117,0.428
E02005774,9629,6084.000000000002,2521.0000000000005,1661.9999999999982,0.13525,15.798833333333334,0.04483333333333334
E02005775,9315,6417.0,2519.9999999999995,1018.9999999999998,0.09583333333333334,19.701111111111118,-0.31750000000000006
E02005776,9153,5201.0,2730.9999999999995,1879.9999999999989,0.07209999999999998,26.03066666666668,-1.0353999999999999
E02005777,8328,4699.0,2664.000000000001,1543.999999999999,0.06383333333333334,8.190444444444445,-0.8681666666666666
E02005778,6242,3629.0,2289.9999999999995,971.0000000000007,0.06775,28.940583333333326,-1.1795
E02005779,7481,4520.999999999998,2488.999999999999,995.9999999999995,0.059899999999999995,15.669799999999999,-0.9736
E02005780,11440,6288.000000000002,3532.0,2162.999999999998,0.06014285714285713,7.783571428571421,-1.2128571428571429
E02005781,6224,3402.000000000001,2196.9999999999995,1140.000000000001,0.053,17.650666666666673,-1.1517499999999998
E02005782,7459,4317.999999999998,3053.999999999999,931.9999999999993,0.07941666666666668,31.890333333333317,-0.5488333333333333
E02005783,8008,4590.000000000001,3085.0,1095.0000000000007,0.12983333333333333,15.037666666666667,-0.44700000000000006
E02005784,5956,3607.0000000000005,1785.0000000000007,963.0000000000017,0.10250000000000001,21.594833333333302,-0.29
E02005785,14308,9721.000000000004,1770.0000000000014,3171.000000000002,0.1285714285714286,19.98657142857144,0.23214285714285707
E02005786,5766,3366.999999999999,2525.0000000000014,623.9999999999993,0.0651,42.96273333333333,-1.0244
E02005787,8611,4844.0,3526.9999999999995,1172.0000000000005,0.08141666666666666,30.49577777777775,-0.765
E02005788,6465,3640.000000000001,2643.999999999999,863.9999999999997,0.114875,31.47341666666665,-0.654
E02005789,10737,5779.0,4586.0,1322.0000000000011,0.13366666666666666,21.94905555555555,-0.5068333333333334
E02005790,7126,3916.0000000000005,2749.0,1079.0000000000002,0.10300000000000001,31.234083333333352,-0.9132499999999999
E02005791,6855,4095.9999999999995,2294.9999999999977,1113.0000000000011,0.14225,39.02775,-0.3865
E02005794,9226,5336.0,3417.999999999999,1382.0000000000002,0.08680000000000002,33.6452,-0.9053999999999999
E02005795,6949,4055.000000000001,2748.999999999999,859.9999999999997,0.204875,24.45475,0.6907499999999999
E02005796,6439,3686.0,2603.9999999999995,840.9999999999992,0.131375,43.188416666666676,-0.05975
E02005797,6124,3599.000000000001,2064.0000000000005,1036.999999999999,0.19649999999999998,30.017583333333352,0.3645
E02005798,8168,4407.000000000001,3571.0,1038.9999999999982,0.11090000000000003,30.24146666666668,-0.174
E02005799,9414,4945.999999999999,3763.999999999999,1454.0000000000011,0.12175000000000001,15.701444444444448,0.02516666666666667
E02005800,7443,4824.0,2042.0000000000014,1160.9999999999998,0.34600000000000003,42.9375,1.3215000000000001
E02005801,5607,3246.0000000000005,1544.000000000001,1170.9999999999989,0.3125,26.18558333333335,1.09175
E02005802,7878,5065.999999999999,1742.9999999999986,1495.0000000000007,0.21280000000000002,34.868866666666655,0.5014000000000001
E02005803,9256,5416.0,3123.000000000001,1468.0,0.1928333333333333,22.53933333333333,0.6774999999999999
E02005804,7741,4910.0,2994.000000000001,669.9999999999995,0.24630000000000002,32.51046666666666,1.145
E02005805,7801,4427.0,3074.0000000000014,1088.9999999999998,0.1352,19.030266666666662,0.23479999999999998
E02005806,8283,4897.000000000001,1843.0000000000002,1965.9999999999998,0.2846,27.334400000000024,0.8682000000000001
E02005807,6513,3550.000000000001,2533.999999999999,1013.0000000000002,0.11425,23.591,0.005000000000000011
E02005808,11439,5883.999999999999,5361.999999999997,1446.9999999999998,0.18385714285714286,25.152904761904775,0.42871428571428577
E02005809,7413,4393.999999999999,2391.0,1232.999999999999,0.1052,18.171066666666658,-0.48599999999999993
E02005810,9626,5852.999999999996,2695.999999999998,1739.999999999998,0.0646,26.43693333333332,-1.0396
E02005811,9963,6026.000000000001,2920.0000000000014,1721.9999999999998,0.07966666666666668,19.47883333333335,-0.7171666666666668
E02005812,11859,7487.999999999998,2710.0000000000023,2380.0000000000023,0.1072142857142857,12.865999999999996,-0.4562857142857143
E02005813,13320,8805.000000000002,2375.999999999998,2806.9999999999986,0.23299999999999998,22.712370370370365,0.39855555555555555
E02005814,7133,4125.000000000001,2292.0000000000014,1248.9999999999995,0.139875,14.998916666666657,-0.27775
E02005815,8806,5212.0,2930.9999999999995,1447.9999999999989,0.0804,14.925066666666671,-0.7298000000000001
E02005816,8868,5593.0,2531.0000000000005,1428.0,0.0992,21.3114,-0.47939999999999994
E02005817,7626,4576.0,2363.0000000000005,1297.9999999999998,0.11812500000000001,20.361166666666648,-0.628
E02005818,8999,5533.0,2642.0000000000005,1586.9999999999995,0.10699999999999998,28.129083333333327,-0.667
E02005819,6420,3810.000000000002,2019.0000000000005,1106.9999999999995,0.2425,25.237666666666676,0.44275
E02005820,5517,3258.0000000000005,1860.9999999999989,810.0000000000003,0.1635,16.24175,0.36025
E02005821,6747,4121.000000000001,1651.9999999999995,1331.000000000001,0.28475,22.45691666666665,0.7935
E02005822,10245,6597.999999999999,2006.0000000000023,2144.0000000000023,0.2739,25.755866666666662,1.0055999999999998
E02005823,7819,4665.000000000001,1981.0000000000018,1549.999999999999,0.3858,27.808399999999978,1.598
E02005824,9779,6140.0,2685.0000000000014,1605.9999999999984,0.17725,18.029999999999994,0.3781666666666667
E02005825,7759,4627.999999999999,2133.999999999999,1482.000000000001,0.2434,21.26719999999998,0.7178
E02005826,6263,3811.999999999998,1392.9999999999989,1413.0000000000002,0.35225,26.719749999999976,1.08175
E02005827,9497,5985.999999999999,2371.999999999999,1705.9999999999982,0.1486,15.828466666666674,0.207
E02005828,7768,4651.000000000003,2358.000000000001,1327.0,0.16362500000000002,19.735166666666675,0.295
E02005829,6478,3878.9999999999995,2059.0,1045.9999999999998,0.18175000000000002,22.980833333333326,0.37474999999999997
E02005830,5961,3592.000000000001,2067.0,831.9999999999997,0.1515,23.45683333333332,0.12425
E02005831,10617,6633.999999999998,2383.9999999999995,2126.999999999999,0.1535625,12.482624999999988,0.21425
E02005832,9458,6152.999999999999,2095.000000000002,1698.9999999999982,0.2412,27.1118,0.5372
E02005833,7567,4500.0,2370.000000000001,1268.9999999999986,0.11679999999999999,13.4612,-0.05319999999999999
E02005834,9206,5681.999999999999,1918.000000000001,2017.9999999999995,0.2617,21.81599999999998,0.9805999999999999
E02005835,11467,6988.0,3067.000000000001,2151.999999999999,0.20983333333333332,22.407444444444433,0.3598333333333333
E02005836,9431,5382.999999999999,3329.000000000001,1466.9999999999982,0.119,25.34433333333332,-0.2412
E02005837,7754,4799.999999999999,2614.999999999999,1039.0000000000005,0.1065,27.726777777777766,-0.41733333333333333
E02005838,8582,4951.000000000001,2693.0000000000023,1561.9999999999995,0.22408333333333333,24.055111111111085,0.4443333333333333
E02005839,6441,3792.000000000001,2218.0000000000005,956.9999999999995,0.184875,15.70433333333335,0.16025
E02005840,9887,6408.000000000001,2005.0000000000011,1985.9999999999995,0.1347,15.416333333333332,-0.045799999999999993
E02005842,9048,5341.999999999999,2771.9999999999995,1559.0000000000016,0.19775,20.8947222222222,0.2263333333333333
E02005843,7380,4777.999999999998,1671.9999999999995,1422.0000000000018,0.18350000000000002,20.59658333333333,0.18074999999999997
E02005844,8931,5475.999999999998,2293.999999999999,1745.0000000000002,0.187,20.52113333333336,0.21660000000000004
E02005846,6921,4387.0,1370.0,1480.0000000000023,0.376375,39.2535,1.29525
E02005847,7051,4408.999999999998,1980.9999999999977,1140.0000000000011,0.187375,21.939083333333325,0.05074999999999996
E02005848,6412,3770.999999999999,2141.999999999999,1005.9999999999992,0.15599999999999997,25.033749999999998,-0.012500000000000011
E02005849,9642,5672.0,3253.0,1542.9999999999984,0.13624999999999998,35.0368888888889,-0.1486666666666667
E02005850,6594,3875.9999999999995,2274.999999999999,1033.9999999999995,0.1402,17.774066666666698,0.14100000000000001
E02005851,6369,3775.9999999999995,1753.0000000000005,1253.0000000000014,0.3125,22.673833333333324,0.84575
E02005852,8435,4913.000000000003,2957.999999999998,1231.000000000001,0.10640000000000001,13.098666666666654,-0.3002000000000001
E02005853,9152,5541.000000000001,2724.999999999998,1537.9999999999989,0.15716666666666665,14.310277777777785,-0.038499999999999986
E02005856,7235,4016.999999999999,2594.0,1153.0000000000002,0.07,8.598133333333335,-0.9506
E02005857,6227,3772.999999999998,1524.9999999999986,1253.9999999999995,0.223875,18.63016666666665,0.09675000000000002
E02005858,8296,5659.000000000002,1660.9999999999998,1356.0000000000023,0.1517,12.472533333333345,-0.1918
E02005859,9368,5817.999999999999,2297.000000000002,1786.9999999999993,0.1748333333333333,16.223888888888894,0.025000000000000005
E02005860,9631,7041.999999999998,1928.0000000000011,1084.9999999999993,0.1157,16.652666666666658,0.0742
E02005861,5512,3765.9999999999995,1220.9999999999993,862.0000000000006,0.145125,15.609750000000025,-0.07925000000000001
E02005862,7596,4528.0,2027.999999999999,1466.9999999999993,0.1814,12.654133333333338,0.11080000000000004
E02005863,7606,4423.999999999999,2496.0,1217.0,0.07880000000000001,10.74926666666666,-0.5501999999999999
E02005864,8153,5077.0,2258.000000000002,1424.0,0.057600000000000005,7.371933333333324,-0.8245999999999999
E02005865,8627,4901.999999999999,2931.9999999999995,1400.999999999999,0.07409999999999999,12.083933333333325,-0.8412
E02005866,9272,5231.000000000001,3196.0000000000005,1646.9999999999989,0.14425,14.528777777777778,-0.2946666666666667
E02005868,7401,4411.0,2075.9999999999986,1337.000000000001,0.1596,10.02246666666666,-0.194
E02005869,5883,3601.0000000000005,1390.9999999999993,1197.999999999999,0.27375,18.2775,0.6337499999999999
E02005870,6656,4208.999999999999,1490.0000000000018,1320.0000000000005,0.243625,20.97433333333335,0.30575
E02005871,7104,4217.000000000001,2382.000000000001,1071.9999999999989,0.1115,8.872533333333333,-0.44400000000000006
E02005872,6829,3829.9999999999995,2265.0,1181.999999999999,0.06816666666666667,12.124333333333334,-1.019
E02005873,10071,5791.000000000001,3277.0,1676.0,0.078,9.50071428571429,-0.7244285714285714
E02005874,8390,5207.999999999999,2475.9999999999986,1364.9999999999998,0.08991666666666666,8.650888888888884,-0.5443333333333333
E02005875,8284,5222.999999999998,1872.0,1656.0000000000007,0.1552,14.525400000000015,-0.0742
E02005876,8730,5273.999999999999,2437.0,1578.9999999999989,0.15191666666666667,13.572555555555546,-0.10816666666666667
E02005877,7391,4672.000000000001,1819.9999999999995,1327.0000000000023,0.17350000000000002,15.573000000000022,-0.008200000000000008
E02005878,9688,6145.000000000001,2668.000000000001,1548.9999999999973,0.20692857142857143,16.733190476190472,0.12642857142857142
E02005879,7263,4945.999999999998,1371.9999999999989,1349.9999999999973,0.22669999999999998,19.304599999999994,0.38280000000000003
E02005880,6397,3743.9999999999977,1768.0000000000005,1315.9999999999998,0.28537500000000005,29.759666666666675,0.9745000000000001
E02005881,6234,3795.0,1685.0,1207.9999999999995,0.259375,26.713583333333347,0.9635
E02005882,7846,4557.999999999998,2666.0000000000005,1269.9999999999995,0.1443,12.320400000000006,0.29300000000000004
E02005883,8285,5207.000000000001,1955.0000000000016,1690.9999999999993,0.2904,23.08933333333332,0.97
E02005884,6012,3759.0000000000014,1860.0000000000005,943.9999999999982,0.17,17.8305,0.4395
E02005885,9111,5515.0,2562.0000000000014,1662.9999999999995,0.2408,19.077866666666658,0.7136
E02005886,11377,6960.000000000002,3036.0,2183.0000000000023,0.15885714285714284,14.396380952380957,0.3534285714285715
E02005887,10280,6893.000000000001,2027.0000000000025,1866.0000000000014,0.29891666666666666,31.178444444444434,1.0173333333333334
E02005888,8525,5704.999999999998,1613.0000000000002,1677.9999999999995,0.3613,35.11233333333334,1.3448
E02005889,10775,6590.999999999998,2875.0000000000005,2058.999999999999,0.22107142857142856,17.620047619047643,0.5235714285714286
E02005890,6541,3988.0000000000005,2051.0000000000014,1018.999999999999,0.09775,13.571333333333325,0.14
E02005891,6370,4040.000000000002,1437.000000000001,1253.9999999999998,0.404125,30.970000000000002,1.424
E02005892,13317,8213.0,3575.0000000000023,2328.0000000000005,0.07475000000000001,10.072208333333341,-0.30525
E02005893,11548,7228.000000000001,2964.0,2106.0000000000005,0.24000000000000002,21.019095238095243,0.9828571428571429
E02005894,12158,7491.999999999998,2915.9999999999995,2396.9999999999986,0.16335714285714284,16.397809523809503,0.3174285714285715
E02005895,8180,4602.999999999998,3167.9999999999986,1215.9999999999984,0.0935,27.074933333333338,-0.5075999999999999
E02005896,7797,4297.0,3100.999999999998,1108.9999999999984,0.09462500000000001,20.243666666666698,-0.5275000000000001
E02005897,9336,5402.999999999999,3107.9999999999986,1573.0000000000011,0.12190000000000001,17.484333333333318,-0.27619999999999995
E02005898,11298,7171.000000000002,2869.9999999999986,2058.0000000000005,0.21378571428571427,19.56957142857143,0.5834285714285714
E02005899,11893,7910.000000000002,2608.0000000000027,2092.000000000003,0.24285714285714285,26.88509523809524,0.4904285714285715
E02005900,7610,4165.000000000001,2862.0000000000005,1067.9999999999986,0.08399999999999999,11.25958333333335,-0.676
E02005901,9676,6059.000000000003,2412.000000000001,1781.0,0.1916,19.778133333333336,0.11420000000000004
E02005902,8388,4917.000000000001,2392.999999999999,1630.9999999999982,0.2725,20.75000000000002,0.5496000000000001
E02005903,10546,6204.000000000001,3267.999999999998,1820.999999999998,0.1507857142857143,14.185571428571413,0.031142857142857146
E02005904,9731,5800.000000000002,2868.0,1756.0000000000007,0.09435714285714285,16.820857142857147,-0.4852857142857143
E02005905,6895,4316.000000000003,2403.0,815.0,0.053875,18.343166666666676,-0.716
E02005906,7386,4510.000000000001,2550.000000000002,1028.0000000000007,0.07116666666666667,17.886777777777798,-1.3093333333333332
E02005907,10475,5990.999999999996,2887.0000000000014,2139.000000000001,0.11850000000000001,8.480333333333332,-0.8833333333333333
E02005908,9433,5189.999999999998,3287.999999999999,1578.0000000000007,0.08900000000000001,10.332500000000012,-1.049
E02005909,8419,5369.999999999998,1644.9999999999986,1736.9999999999995,0.059399999999999994,12.221533333333346,-1.3
E02005910,9192,6487.000000000002,1489.9999999999989,1531.9999999999989,0.09299999999999999,16.2118888888889,-0.5578333333333333
E02005911,8619,5370.999999999998,2110.0000000000014,1687.0000000000014,0.0695,6.6621333333333395,-1.1896
E02005912,9596,5720.000000000001,2693.000000000002,1791.0000000000014,0.07880000000000001,5.8228,-0.9808000000000001
E02005913,9209,5391.999999999998,2196.9999999999995,2015.999999999999,0.11850000000000001,6.816166666666665,-0.7758333333333334
E02005914,8294,5087.999999999999,2094.000000000001,1622.000000000002,0.14619999999999997,14.755266666666671,-0.12240000000000002
E02005915,5770,3284.000000000001,2124.9999999999995,909.0000000000003,0.08,21.404555555555564,-1.155
E02005916,7918,4682.0,2207.000000000001,1497.000000000001,0.103,8.705666666666666,-0.85825
E02005917,6069,3218.000000000001,2460.0,931.9999999999998,0.04650000000000001,14.998555555555557,-1.7706666666666668
E02005918,5139,2855.999999999999,1823.9999999999998,811.9999999999994,0.123625,11.217083333333342,-0.8514999999999999
E02005919,7353,4635.0,1847.0,1273.9999999999986,0.11716666666666668,17.974,-1.0046666666666666
E02005920,8893,5154.0,2820.999999999998,1600.0,0.056999999999999995,14.442999999999975,-1.51
E02005921,7290,4455.000000000001,2164.9999999999986,1291.999999999998,0.0727,29.068600000000004,-1.1452
E02005922,9131,6083.0,1552.0000000000011,1880.0,0.1145,14.82153333333334,-0.6342000000000001
E02005923,5986,3843.0,1067.9999999999998,1261.0000000000011,0.198125,23.88716666666665,-0.03649999999999999
E02005924,13183,9422.999999999998,1994.999999999999,2314.9999999999995,0.159,22.54879166666666,-0.19225
E02005925,8962,5464.999999999999,1668.9999999999986,2137.000000000001,0.2385833333333333,27.084277777777785,0.15233333333333335
E02005926,9263,5354.999999999998,2967.0000000000005,1492.0000000000014,0.1071,12.881266666666665,-0.8076000000000001
E02005927,5855,3659.0,1486.000000000001,1040.9999999999989,0.09062500000000001,11.627916666666675,-0.62925
E02005928,11313,6568.0,2870.0,2369.000000000001,0.08766666666666667,13.371722222222234,-1.2258333333333333
E02005929,7482,4288.0,2494.0,1301.9999999999998,0.0776,29.122333333333337,-1.309
E02005930,9527,5708.000000000002,2488.0,1906.9999999999986,0.08108333333333333,20.989166666666666,-1.1106666666666667
E02005931,11764,7614.999999999999,2298.000000000002,2462.999999999999,0.07835714285714286,22.92366666666667,-1.0492857142857144
E02005932,6636,4620.0,1037.9999999999998,1253.9999999999995,0.076,10.973750000000008,-0.86775
E02005933,7805,5136.0,1761.0000000000005,1374.0000000000014,0.1058,15.153133333333335,-0.5954
E02005934,8863,5565.0,2412.999999999999,1528.0000000000002,0.11616666666666668,16.200611111111133,-0.6651666666666666
E02005935,8791,6041.999999999999,1507.000000000001,1607.0,0.0988,13.71386666666666,-0.5056
E02005936,13005,8023.000000000002,2863.0000000000005,2855.000000000002,0.0985,21.889916666666668,-0.7973750000000001
E02005937,6659,3932.000000000001,2240.999999999999,967.000000000001,0.10289999999999999,12.509799999999988,-0.695
E02005938,5728,3568.0000000000005,1543.9999999999995,976.9999999999993,0.099125,11.79058333333335,-0.99425
E02005939,6946,4141.0,2035.9999999999989,1207.999999999999,0.081875,14.114916666666648,-1.0812499999999998
E02005940,6312,3619.000000000001,1897.9999999999986,1174.9999999999998,0.105,12.69208333333335,-1.2925
E02005941,7167,4046.0000000000014,1717.9999999999995,1504.0000000000005,0.07275,14.35458333333335,-1.7647499999999998
E02005942,6318,4091.999999999999,1559.9999999999993,924.0000000000003,0.022666666666666665,12.0471111111111,-2.166333333333333
E02005943,7383,4681.999999999998,1553.000000000001,1368.9999999999995,0.077875,12.467583333333323,-1.353
E02005944,8554,5603.000000000001,1398.9999999999989,1881.000000000001,0.22437500000000002,24.328666666666674,0.0010000000000000009
E02005945,11210,8154.0,2087.9999999999995,1382.0000000000002,0.05583333333333334,12.087666666666665,-1.2636666666666667
E02005946,8491,5555.0,1796.9999999999995,1548.999999999999,0.0897,13.7596,-1.1199999999999999
E02005947,18206,16624.000000000004,983.9999999999995,768.9999999999995,0.039375,20.58575,-1.14
E02005948,6462,4916.0,1016.9999999999998,805.0000000000002,0.067125,18.172833333333323,-1.0314999999999999
E02005949,7630,5692.0,891.9999999999998,1183.9999999999989,0.166875,21.907749999999975,0.03749999999999999
E02005950,11376,9380.999999999998,1243.999999999999,920.9999999999999,0.08378571428571428,22.319714285714273,-0.30614285714285716
E02005951,5486,3846.9999999999986,1029.000000000001,854.0000000000003,0.11175,17.709250000000026,-0.5442500000000001
E02005953,6014,4504.999999999999,852.0000000000006,884.0000000000005,0.10333333333333333,17.516666666666666,-0.8610000000000001
E02005954,10371,7035.0,2108.0,1768.000000000001,0.13216666666666668,18.679333333333332,-0.4928333333333333
E02005955,11359,7495.999999999999,1821.9999999999989,2452.0,0.23500000000000001,26.702222222222215,0.05399999999999996
E02005956,6585,4273.999999999997,1197.9999999999989,1396.9999999999993,0.25025000000000003,28.85925,0.36724999999999997
E02005957,6802,4556.000000000001,944.0000000000011,1533.9999999999998,0.27974999999999994,29.43516666666668,0.46375
E02005958,5324,3274.999999999999,1523.0000000000005,925.9999999999995,0.066125,11.911999999999976,-1.1912500000000001
E02005959,5910,3627.0000000000014,1849.9999999999989,911.9999999999987,0.071625,21.467333333333325,-1.5265
E02005960,8050,4548.000000000001,2196.999999999999,1678.9999999999995,0.091125,12.353083333333315,-1.05325
E02005961,6800,4079.000000000001,2129.0000000000014,1083.9999999999989,0.07970000000000001,19.305200000000003,-1.2198
E02005962,10336,6129.000000000002,2935.0,1925.0000000000032,0.0732,19.182,-1.3663999999999998
E02005963,8280,5017.0,2554.0,1343.9999999999993,0.10275,24.338277777777787,-0.7846666666666667
E02005964,7525,4469.999999999999,2451.000000000002,1231.0,0.0745,19.4996,-1.3676
E02005965,5521,3262.0000000000005,1818.000000000001,924.0000000000005,0.07833333333333332,26.79644444444447,-1.6460000000000001
E02005966,8168,5880.0,1013.0000000000002,1568.0000000000025,0.0711,9.446333333333346,-1.3516
E02005967,9715,6336.0,1574.0000000000016,2099.0000000000023,0.11689999999999998,12.538533333333344,-0.8106
E02005968,8460,5345.0,1892.999999999999,1659.0000000000007,0.0743,17.09353333333332,-1.3405999999999998
E02005969,9909,5831.999999999999,2802.0,1820.0,0.09516666666666666,11.864888888888883,-0.9716666666666667
E02005970,5622,3940.0000000000005,1041.0000000000005,954.9999999999997,0.14700000000000002,15.41608333333335,-0.484
E02005971,6376,3980.000000000001,1608.0000000000014,1154.0000000000011,0.11549999999999999,11.625083333333325,-0.70825
E02005972,12582,7538.999999999996,2742.0000000000027,2846.0,0.089,14.667952380952382,-1.2934285714285714
E02005973,5965,3397.000000000001,2067.0000000000005,904.9999999999992,0.09283333333333332,12.250444444444433,-1.1636666666666666
E02005974,6395,3834.0,1908.9999999999989,1049.9999999999995,0.073,9.479416666666658,-1.4497499999999999
E02005975,8325,4606.0,2717.9999999999995,1502.9999999999984,0.05925,16.522166666666667,-1.61
E02005976,6460,3654.9999999999986,2114.000000000001,1112.9999999999998,0.048375,19.091333333333324,-2.0235000000000003
E02005977,6122,3364.9999999999986,2005.000000000001,1149.999999999999,0.073375,11.75900000000001,-1.337
E02005978,7709,4527.0,2513.000000000001,1240.0000000000005,0.06987499999999999,13.588916666666666,-1.52125
E02005979,10421,6617.999999999998,2658.0000000000023,1716.9999999999982,0.07141666666666667,11.921666666666672,-1.4024999999999999
E02005980,12077,6772.999999999999,3077.999999999999,2578.0000000000023,0.08335714285714287,15.57852380952383,-1.1242857142857143
E02005981,8543,5252.999999999999,2513.999999999999,1500.0000000000007,0.04591666666666666,7.564388888888889,-1.3576666666666668
E02005982,5736,3475.9999999999986,1582.0000000000007,1061.000000000001,0.078875,8.711333333333343,-1.16775
E02005983,11036,7084.999999999999,2659.9999999999995,1803.0,0.13342857142857142,13.535952380952386,-0.48300000000000004
E02005984,9621,5795.000000000001,2608.000000000001,1898.0000000000018,0.08024999999999999,17.91375,-1.4365
E02005985,7835,4705.0,2104.9999999999977,1437.0,0.1597,17.41199999999998,-0.5958
E02005986,9867,5914.999999999999,2591.9999999999986,1886.9999999999995,0.1423,17.705333333333336,-0.7032
E02005987,10665,6460.0,2514.9999999999995,2329.000000000003,0.11366666666666665,16.224222222222217,-0.9391666666666666
E02005988,9645,5902.999999999999,2196.999999999998,2089.000000000001,0.1045,14.894733333333358,-0.8628
E02005991,10385,6270.999999999998,2918.000000000002,1801.9999999999986,0.10507142857142857,11.929380952380958,-0.8145714285714286
E02005992,14301,8635.0,3321.000000000002,3150.000000000001,0.1020625,16.096999999999998,-1.007375
E02005993,7323,4227.999999999999,2261.0,1265.000000000001,0.1235,16.17641666666665,-0.39799999999999996
E02005994,6080,3479.9999999999995,1989.9999999999995,1080.9999999999989,0.08225,30.274166666666677,-1.0782500000000002
E02005995,6396,3611.0,2351.9999999999995,988.0000000000013,0.082,23.93388888888887,-1.4389999999999998
E02005996,9086,5295.000000000002,2764.000000000003,1582.0000000000005,0.07325,18.128888888888884,-1.3118333333333334
E02005997,6075,3446.000000000002,2192.0,996.9999999999997,0.087625,17.676666666666648,-1.1360000000000001
E02005998,7334,4179.999999999999,2335.000000000002,1339.9999999999993,0.07225,12.576333333333325,-1.28725
E02005999,6907,4042.999999999998,2252.0000000000023,1161.0,0.08600000000000001,18.467583333333327,-1.2765
E02006000,11605,7106.0,3078.9999999999995,2066.9999999999986,0.0954375,11.04749999999999,-0.8151250000000001
E02006001,7561,4805.000000000001,1523.0000000000002,1628.9999999999986,0.144875,14.940916666666682,-0.8689999999999999
E02006002,10855,6682.000000000002,3033.999999999999,1755.0000000000014,0.13125,14.292666666666667,-0.4816666666666667
E02006003,6085,3610.0000000000005,1885.999999999999,1051.999999999999,0.11850000000000001,14.842749999999992,-0.79675
E02006004,8146,5535.0,2106.9999999999995,1051.0000000000007,0.07475000000000001,26.860833333333325,-1.1425
E02006005,10230,6705.999999999997,1455.0,2465.9999999999995,0.0937,12.03413333333332,-0.876
E02006006,5678,3500.0000000000005,1583.999999999999,1009.9999999999995,0.10425,13.697333333333342,-0.6275
E02006007,7617,4408.000000000001,2482.0,1357.0000000000007,0.08275,22.3494166666667,-1.23625
E02006008,10762,6657.000000000002,2765.000000000001,1979.0000000000018,0.12316666666666669,17.603666666666665,-0.412
E02006009,8281,5407.0,2257.0,1035.0000000000002,0.092125,19.880666666666652,-0.522
E02006010,11863,6757.999999999998,4225.000000000002,1928.9999999999995,0.1452142857142857,25.37361904761904,-0.38957142857142857
E02006011,5566,3057.0000000000005,2087.000000000001,796.000000000001,0.128,13.694499999999993,-0.27525
E02006012,6190,3505.999999999999,2442.000000000001,778.0000000000003,0.136125,21.45608333333335,-0.272
E02006013,7988,4574.999999999999,3064.000000000001,1097.0,0.10679999999999998,37.90793333333333,-0.5711999999999999
E02006014,10119,5715.999999999999,3954.0000000000005,1453.0000000000005,0.1349,36.99066666666666,-0.6464
E02006015,10115,6030.000000000002,3244.0,1645.9999999999998,0.17725,18.5387777777778,-0.0033333333333333457
E02006016,8298,4852.999999999999,3012.0,1207.999999999999,0.12169999999999999,32.46953333333332,-0.39859999999999995
E02006017,8137,4606.0,2976.9999999999986,1240.9999999999998,0.12009999999999998,26.453600000000023,-0.5286
E02006018,12651,7297.000000000001,3809.000000000001,2292.0000000000005,0.1692857142857143,19.677714285714284,0.002571428571428574
E02006019,6299,3557.0,2182.9999999999995,943.0,0.1735,19.759583333333325,0.216
E02006020,7664,4945.000000000002,2142.9999999999977,1183.999999999999,0.10089999999999999,34.74933333333332,-0.1994
E02006021,8762,5255.0,2888.0000000000023,1461.999999999998,0.0965,30.416733333333344,-0.6522
E02006022,6161,3781.999999999999,1900.0000000000002,989.0000000000002,0.10112499999999999,30.99533333333335,-0.404
E02006023,10259,5934.0,3264.999999999999,1870.9999999999995,0.16007142857142856,26.081714285714288,-0.11585714285714288
E02006024,9981,6028.000000000004,2751.9999999999995,1856.0,0.20666666666666664,20.020333333333316,0.2698333333333333
E02006025,9885,6017.000000000003,2984.0,1504.0000000000007,0.16466666666666666,21.939833333333336,0.056
E02006026,7472,4339.0,2508.9999999999977,1261.0000000000016,0.1147,26.009133333333317,-0.4344
E02006027,5585,3147.000000000001,2150.000000000001,824.0000000000013,0.10649999999999998,35.62058333333332,-0.4865
E02006028,9964,5792.0,3404.9999999999995,1558.0000000000005,0.11033333333333332,27.228555555555563,-0.48299999999999993
E02006029,8322,4995.000000000003,1888.9999999999986,1830.9999999999998,0.2508,24.1316,0.5074000000000001
E02006030,9221,6052.999999999998,1925.0000000000007,1738.9999999999986,0.16720000000000002,20.27506666666666,0.08859999999999998
E02006031,7977,5304.000000000001,2058.0,1213.0000000000005,0.162375,17.4215833333333,0.2415
E02006032,8684,5245.0,2316.0000000000023,1708.0000000000014,0.21508333333333332,19.737388888888884,0.40399999999999997
E02006033,8517,5447.000000000001,2802.0,987.0000000000003,0.10916666666666668,15.3978888888889,0.114
E02006034,10816,6531.0,2952.0000000000014,2015.999999999999,0.09450000000000001,10.59227777777778,-0.32816666666666666
E02006035,6050,3331.0,2407.999999999998,826.0000000000002,0.12325,12.584666666666669,-0.152
E02006036,7117,4461.000000000001,2217.9999999999995,1036.0000000000007,0.127875,15.534750000000017,-0.0335
E02006037,9945,5615.0,2963.000000000001,1796.0,0.11191666666666666,13.919055555555573,-0.5056666666666666
E02006038,8517,4898.999999999998,2788.0000000000014,1449.0000000000011,0.1071,17.082533333333338,-0.15480000000000002
E02006039,8274,4608.999999999998,3036.0,1347.000000000002,0.13410000000000002,22.659133333333322,-0.1522
E02006040,7963,4699.0,2817.0,1142.0000000000018,0.08700000000000001,35.34083333333332,-0.65625
E02006041,5678,3263.0000000000014,2374.000000000002,719.0000000000008,0.13783333333333334,39.51922222222223,-0.4523333333333333
E02006042,5687,2827.9999999999995,2887.000000000002,592.9999999999992,0.11816666666666666,24.479333333333333,-0.48633333333333334
E02006043,6702,3884.0,2504.0,1005.9999999999987,0.164375,38.72175000000003,-0.24450000000000002
E02006044,6195,3326.0,2887.000000000001,689.9999999999993,0.1065,42.82758333333332,-0.9025000000000001
E02006045,10708,5803.000000000003,4287.0,1496.0000000000011,0.1855,21.362666666666662,0.1255
E02006046,9104,5100.0,3577.0000000000014,1345.999999999999,0.12616666666666668,34.808111111111096,-0.4283333333333333
E02006047,8893,5154.999999999999,2986.9999999999995,1439.0000000000005,0.12109999999999999,26.269133333333336,-0.5439999999999999
E02006048,7283,4182.000000000002,2233.9999999999973,1322.0000000000011,0.130625,25.109250000000024,-0.34175
E02006049,7160,3995.0000000000005,2541.000000000002,1159.0,0.0833,10.69693333333334,-0.7386
E02006050,8819,5431.999999999999,2150.9999999999986,1749.9999999999995,0.2246,20.383733333333343,0.0692
E02006051,8764,4862.999999999999,3093.0000000000005,1434.0000000000014,0.11850000000000001,21.79113333333334,-0.667
E02006052,7801,4529.0,2719.999999999999,1179.9999999999993,0.10875,25.3725,-0.6597500000000001
E02006053,11276,6739.999999999997,2686.999999999999,2497.0000000000005,0.16614285714285712,16.865571428571425,-0.14814285714285713
E02006054,8369,4686.0,3277.0000000000014,1167.0000000000005,0.1665,14.71439999999998,-0.2656
E02006055,8974,5656.999999999998,2156.9999999999995,1674.9999999999998,0.1654,21.918599999999998,-0.2468
E02006056,7872,4563.0,2621.9999999999995,1373.0000000000007,0.1131,32.689,-0.4868
E02006057,7624,4593.000000000002,2667.999999999999,1088.0000000000005,0.234125,18.38275,0.10875
E02006058,8843,4781.000000000002,2580.9999999999995,1725.0000000000011,0.11610000000000001,18.63466666666666,-0.6916
E02006059,6898,3996.0000000000027,2569.0000000000023,1001.0000000000014,0.08633333333333333,33.23755555555553,-1.246
E02006060,8348,5001.000000000001,2334.999999999999,1448.0,0.1943,18.062266666666662,-0.09720000000000001
E02006061,9437,5318.999999999998,3157.999999999999,1593.9999999999998,0.1083,18.6116,-0.5604
E02006062,11151,6094.999999999999,4588.999999999997,1590.0000000000002,0.11633333333333333,23.6371111111111,-0.32816666666666666
E02006063,7063,3905.0000000000005,2713.999999999998,1070.9999999999995,0.07325000000000001,27.224333333333327,-1.014
E02006064,7628,4104.0,3323.0000000000005,884.0000000000005,0.17739999999999997,25.68386666666666,0.31379999999999997
E02006065,9084,5224.999999999999,2685.000000000001,1751.9999999999998,0.2618,25.967066666666682,0.5923999999999999
E02006066,8593,4871.999999999999,3096.000000000002,1356.9999999999989,0.139,31.817666666666653,-0.25875
E02006067,7143,3942.000000000002,2725.000000000001,1107.0000000000007,0.0978,33.98513333333334,-0.425
E02006068,7821,4864.000000000001,1610.000000000002,1694.0000000000014,0.306,31.95433333333334,0.7081999999999999
E02006069,10528,7116.0,2115.0,1865.0000000000011,0.21459999999999999,30.118000000000016,0.42399999999999993
E02006070,9122,5829.0,2043.000000000002,1791.9999999999977,0.133,21.75955555555555,-0.04066666666666666
E02006071,9731,5806.0,2754.0,1759.0,0.09233333333333334,15.22172222222222,-0.4866666666666666
E02006072,9346,5361.000000000002,3704.000000000001,1237.0000000000014,0.09883333333333334,32.73061111111111,-0.5011666666666666
E02006073,7837,4873.0,1630.9999999999998,1679.9999999999982,0.30970000000000003,32.15513333333335,0.9008
E02006074,12018,7332.999999999998,2867.0,2513.9999999999986,0.1473125,21.531791666666663,-0.14900000000000002
E02006075,5421,3021.999999999999,1709.9999999999989,995.0000000000011,0.10616666666666667,30.3647777777778,-1.0483333333333333
E02006076,9299,5205.999999999998,3696.000000000001,1304.999999999998,0.1187,27.666800000000016,-0.6928
E02006077,6403,3440.999999999999,2429.0,1050.9999999999998,0.153,25.427999999999997,-0.5
E02006078,6446,3631.999999999999,2461.0,928.000000000001,0.11475,25.37591666666665,-0.6365000000000001
E02006079,8394,4925.0,2667.0,1432.0,0.131625,25.961833333333324,-0.6505
E02006080,7135,4519.999999999999,1925.9999999999993,1179.9999999999989,0.108375,29.699333333333325,-0.6012500000000001
E02006081,5873,3216.999999999998,2270.9999999999995,880.9999999999992,0.12262500000000001,32.34241666666667,-0.31
E02006082,7073,4076.999999999998,2430.0,1181.0000000000007,0.13475,26.71183333333335,-0.48475
E02006083,5755,3358.0000000000005,2176.9999999999986,773.9999999999998,0.147125,28.641750000000002,-0.274
E02006084,7473,4022.0000000000005,3176.000000000001,1062.999999999999,0.12212500000000001,30.39183333333335,-0.6617500000000001
E02006085,7774,4721.000000000001,2014.000000000001,1517.9999999999995,0.1393,15.665666666666658,-0.27840000000000004
E02006086,7713,4698.000000000001,1878.0000000000011,1473.9999999999995,0.1093,12.979799999999994,-0.43620000000000003
E02006087,6023,3609.9999999999995,1367.9999999999998,1291.0000000000016,0.21450000000000002,17.53116666666665,0.1945
E02006088,7960,4843.000000000001,1753.000000000001,1731.0,0.2479,23.95933333333334,0.36160000000000003
E02006089,7314,5024.000000000002,1447.0000000000011,1203.9999999999998,0.21900000000000003,25.48013333333334,0.5196
E02006090,7180,4357.999999999999,1889.999999999999,1310.9999999999986,0.16099999999999998,15.369,-0.03900000000000001
E02006091,9915,5549.999999999999,3793.0,1424.0000000000014,0.11975000000000001,30.766666666666662,-0.476875
E02006092,6669,3958.0,2140.0000000000014,1051.9999999999993,0.086,13.452666666666667,-0.60625
E02006093,8848,4832.999999999998,3323.0000000000014,1466.0000000000005,0.124,25.80766666666666,-0.352
E02006094,5460,3017.999999999999,2122.9999999999995,805.0000000000006,0.12512500000000001,32.85258333333335,-0.5315
E02006095,8278,4640.000000000001,3017.0,1300.000000000002,0.1572,23.248199999999997,-0.36960000000000004
E02006096,7504,4416.999999999999,2283.0000000000005,1338.9999999999986,0.1826,19.79266666666668,-0.050999999999999934
E02006097,6949,4015.999999999999,2091.9999999999986,1259.0000000000005,0.24125,26.04875,0.30424999999999996
E02006098,7447,4071.9999999999977,3239.0000000000005,945.0000000000009,0.095,31.412166666666675,-0.85525
E02006099,7259,4245.0,2266.9999999999995,1233.9999999999998,0.105,27.16541666666665,-0.42800000000000005
E02006100,8367,4807.000000000002,2259.9999999999986,1622.9999999999998,0.1132,19.23933333333334,-0.1828
E02006101,5878,3290.999999999998,2212.0,907.9999999999989,0.12283333333333334,29.074222222222232,-0.4473333333333333
E02006102,6961,4112.999999999999,1972.000000000001,1295.000000000002,0.2636,29.34699999999998,0.6638
E02006103,8125,4442.0,2956.0,1292.0000000000014,0.0989,29.048666666666655,-0.44959999999999994
E02006104,10981,6879.0,2444.000000000001,2220.9999999999986,0.12366666666666666,14.718555555555566,-0.2965
E02006105,11462,7577.0,2455.0000000000014,2012.9999999999995,0.13691666666666666,21.7798888888889,0.19433333333333336
E02006106,10134,6290.0,2436.999999999999,1980.000000000001,0.13799999999999998,15.734400000000022,0.0772
E02006107,8391,5044.999999999999,1975.9999999999986,1812.0000000000014,0.30779999999999996,24.622266666666683,0.9186
E02006108,8689,5027.999999999998,2911.0000000000005,1259.0000000000007,0.1735,16.71833333333332,0.2626
E02006109,8166,4378.999999999999,2813.999999999999,1497.999999999999,0.0649,10.33853333333333,-0.728
E02006110,10591,6473.0,2753.999999999998,2023.9999999999998,0.18616666666666667,19.537166666666668,0.24133333333333332
E02006111,10765,5874.999999999999,4309.000000000003,1492.0000000000007,0.11141666666666666,20.69783333333334,-0.41183333333333344
E02006112,8472,4729.000000000001,3112.0,1264.9999999999998,0.07087500000000001,23.961666666666655,-0.8240000000000001
E02006113,7509,4067.9999999999986,3024.0000000000014,1036.9999999999982,0.1865,26.510916666666652,0.38275000000000003
E02006114,6409,3299.000000000001,3041.0,772.0000000000002,0.18712499999999999,31.668666666666674,0.25849999999999995
E02006115,7626,4067.000000000001,3246.999999999999,1122.0,0.2219,33.51026666666668,0.252
E02006116,7980,4322.000000000002,3647.999999999998,913.9999999999997,0.1109,39.936400000000006,-0.39719999999999994
E02006117,5594,3073.0000000000005,2632.0,643.0000000000015,0.14666666666666664,44.071333333333335,-0.20766666666666667
E02006118,7401,4349.0,2570.0,1045.0000000000005,0.083,14.085066666666659,-0.14140000000000003
E02006119,8231,5129.999999999999,2061.0,1568.9999999999995,0.23280000000000003,22.0044,0.7323999999999999
E02006120,9293,5655.000000000001,2482.9999999999995,1739.9999999999995,0.1799,19.323,0.3556
E02006121,6059,3839.9999999999986,1507.0000000000016,1118.0000000000005,0.20750000000000002,18.740333333333325,0.53
E02006122,8171,5349.0,1800.0,1491.0000000000014,0.17079999999999998,15.448400000000001,0.30300000000000005
E02006123,6324,4068.9999999999995,1574.0000000000014,1087.0000000000007,0.137,16.438083333333324,0.271
E02006124,7257,4533.0,1717.0000000000002,1446.9999999999986,0.30860000000000004,23.6008,1.0580000000000003
E02006125,7316,4560.0,1992.0000000000018,1254.0000000000002,0.2344,21.05486666666668,0.6180000000000001
E02006126,8344,5214.0,2177.9999999999977,1420.0000000000023,0.1353,15.754999999999978,0.08900000000000001
E02006127,7081,4779.999999999998,1371.000000000001,1368.9999999999993,0.08462499999999999,10.528416666666676,-0.315
E02006128,8482,4883.000000000001,2984.999999999999,1249.0000000000014,0.1575,14.252533333333332,0.20540000000000003
E02006129,8455,5406.0,1889.000000000001,1593.000000000001,0.2584,23.32766666666668,0.9373999999999999
E02006130,8730,5363.0,2139.0000000000014,1719.999999999997,0.16475,18.96758333333335,0.2835
E02006131,7850,4574.000000000001,2647.0,1244.0000000000002,0.0843,27.832666666666682,-0.3605999999999999
E02006132,7201,4399.000000000002,1781.0000000000002,1426.9999999999986,0.14350000000000002,18.62591666666665,0.10924999999999999
E02006133,7047,4495.0,1950.0,1106.9999999999995,0.123625,13.823999999999982,0.0315
E02006134,10533,6194.999999999999,3278.999999999999,1835.0000000000011,0.09758333333333334,14.302666666666665,-0.36033333333333334
E02006135,7657,4548.999999999999,2609.000000000001,1184.9999999999993,0.08220000000000001,11.03486666666666,-0.263
E02006136,8878,5375.0,3127.0,1184.9999999999995,0.06733333333333333,25.00555555555555,-0.38866666666666666
E02006137,9340,5699.999999999998,2212.0,1964.9999999999986,0.2016,23.08886666666666,0.485
E02006138,8062,5232.000000000003,1125.0000000000023,1969.999999999999,0.27475,31.62025,0.5197499999999999
E02006139,8635,5603.0,1293.9999999999995,2057.999999999999,0.26487499999999997,35.380166666666675,0.46425
E02006140,8318,4965.000000000001,2282.0000000000005,1583.0000000000002,0.21340000000000003,21.128266666666658,0.567
E02006141,12475,8373.000000000002,1590.9999999999986,2840.999999999999,0.2592142857142857,32.6774761904762,0.68
E02006142,5324,3232.0000000000005,1699.0,811.9999999999993,0.06783333333333334,9.812444444444454,-0.5286666666666667
E02006143,10047,6464.000000000002,2092.0,2051.0000000000005,0.1402,13.0922,-0.2938
E02006144,8206,5138.0,2022.9999999999995,1582.999999999999,0.2703,23.29153333333334,0.9461999999999999
E02006145,6119,3424.000000000002,2070.0,1051.0,0.066375,15.463333333333333,-0.62925
E02006146,8999,5478.0,2501.999999999998,1628.0000000000018,0.1199,18.8428,-0.1876
E02006147,8862,5323.999999999999,2539.0,1609.0000000000011,0.09230000000000001,15.609066666666687,-0.5986
E02006148,7152,4106.0,2577.0000000000005,1039.999999999999,0.078375,14.93425,-0.5857500000000001
E02006149,10747,6347.999999999999,3030.9999999999995,1941.0,0.22458333333333336,15.243555555555574,0.3166666666666667
E02006150,11382,6425.000000000001,4289.999999999998,1651.0000000000002,0.08592857142857144,8.236476190476196,-0.5138571428571428
E02006151,10074,6152.0,2823.0,1771.0000000000014,0.15858333333333333,15.276000000000002,-0.13999999999999999
E02006152,10885,6518.999999999997,2991.9999999999995,1977.9999999999989,0.1179,8.316399999999998,-0.7216
E02006153,9513,5928.999999999999,2470.000000000001,1704.0,0.08780000000000002,18.63966666666666,-0.5668
E02006154,9680,5340.000000000003,3690.999999999999,1303.9999999999995,0.08866666666666667,13.908111111111117,-0.39399999999999996
E02006155,5817,3546.9999999999986,1347.0000000000011,1258.0000000000005,0.24587499999999998,19.729499999999973,0.45875
E02006156,7854,4405.999999999999,2876.9999999999995,1171.9999999999986,0.08360000000000001,15.205133333333325,-0.8178000000000001
E02006157,7372,4743.000000000002,1971.0000000000002,1124.0000000000014,0.16524999999999998,22.437416666666675,-0.07725000000000001
E02006158,8148,5069.0,2644.000000000001,1152.0000000000002,0.0805,15.79838888888888,-0.144
E02006159,5677,3394.0000000000005,1638.0000000000005,1045.000000000001,0.240375,20.261083333333325,0.749
E02006160,8783,5293.0,2480.999999999999,1600.0000000000005,0.20483333333333334,21.806,0.6538333333333333
E02006161,6669,4133.0,2039.9999999999993,1059.0000000000005,0.1052,13.5628,0.1078
E02006162,8277,5104.999999999996,2623.000000000001,1245.0000000000005,0.1412,25.26506666666668,0.24079999999999996
E02006163,8065,4955.0,2013.000000000001,1522.0000000000002,0.20539999999999997,18.06026666666666,0.7074
E02006164,7249,4551.0,1682.0000000000007,1432.0000000000007,0.2928,29.41439999999998,1.074
E02006165,7506,4819.0,1934.0000000000014,1214.0,0.1431,19.12293333333332,0.48180000000000006
E02006166,6988,4383.000000000002,2146.999999999999,1012.9999999999997,0.0841,15.281333333333318,-0.057800000000000004
E02006167,10289,6677.999999999999,1972.999999999999,2096.9999999999995,0.26175,19.934666666666647,0.9713333333333334
E02006168,8711,6013.0,2163.999999999999,976.999999999999,0.21140000000000003,22.1916,1.102
E02006169,7979,5754.000000000002,1435.000000000001,1075.0000000000005,0.14966666666666667,20.494666666666667,0.13733333333333334
E02006170,5252,3030.9999999999995,1834.000000000001,781.9999999999999,0.129875,20.668833333333325,-0.037750000000000006
E02006171,9081,5443.999999999998,2581.9999999999995,1566.0000000000011,0.15308333333333332,13.544611111111111,0.21033333333333334
E02006172,9594,5501.000000000001,3376.0,1483.9999999999998,0.071,8.906777777777767,-0.5481666666666666
E02006173,7136,4155.000000000001,2756.999999999999,941.0000000000015,0.083375,21.545416666666675,-0.38175000000000003
E02006174,11159,6385.000000000001,3710.9999999999995,1840.0000000000014,0.11324999999999998,15.51288888888889,-0.5269999999999999
E02006175,6910,4398.000000000002,1718.9999999999993,1313.0000000000002,0.183,21.584333333333323,0.027999999999999997
E02006176,7482,4237.000000000001,2834.0,1138.0,0.12189999999999998,26.140666666666682,-0.2956
E02006177,9777,5771.000000000004,3184.9999999999995,1557.000000000001,0.12,13.689095238095243,-0.29357142857142854
E02006178,7648,4633.000000000002,2419.0000000000005,1193.000000000001,0.162,18.69046666666666,-0.10200000000000002
E02006179,9258,6581.0,2442.999999999999,955.0,0.104375,20.84825,-0.233
E02006180,6943,4151.000000000001,2092.000000000001,1226.0000000000007,0.21712499999999998,21.8605,0.218
E02006181,5746,3317.999999999999,1871.0000000000002,1001.0000000000007,0.21637499999999998,13.27466666666665,0.0855
E02006182,7198,4050.999999999998,2456.9999999999995,1189.9999999999995,0.0742,9.846,-0.7192000000000001
E02006185,7212,4167.999999999999,2435.999999999999,1176.0000000000007,0.18170000000000003,16.57133333333334,0.022200000000000008
E02006186,12696,7396.000000000001,4538.0,1861.9999999999982,0.08557142857142856,14.122761904761902,-0.8461428571428572
E02006187,7194,3921.000000000001,2919.9999999999977,977.0000000000005,0.11059999999999999,15.9142,-0.39880000000000004
E02006188,5894,3278.0000000000005,2168.0,874.9999999999993,0.1055,16.19175,-0.2995
E02006189,7158,3990.000000000001,2857.999999999999,1005.0000000000002,0.1022,20.52193333333334,-0.3074
E02006190,11465,6889.000000000002,3192.999999999996,2027.999999999999,0.16041666666666668,14.552222222222214,0.06733333333333334
E02006191,8112,4697.999999999999,2758.0,1276.999999999999,0.069,13.79366666666667,-0.7566
E02006192,9272,5583.999999999999,2991.0,1473.0000000000011,0.0786,24.987266666666663,-0.6368
E02006193,7840,4675.0,2205.0000000000023,1426.999999999999,0.089,12.09825,-0.43725
E02006194,8550,5209.000000000001,2058.0000000000014,1730.0000000000016,0.1978,17.98953333333332,0.3542
E02006195,8880,4971.000000000002,3429.0000000000023,1368.9999999999993,0.0808,16.523,-0.6960000000000001
E02006196,7225,4953.0,1353.9999999999998,1317.0000000000007,0.19187500000000002,16.03958333333335,0.5245
E02006197,9545,6540.999999999999,1816.0,1624.9999999999995,0.224,18.518611111111102,0.7478333333333333
E02006198,9150,5705.999999999999,2392.9999999999995,1608.9999999999998,0.08133333333333334,11.995722222222222,-0.46
E02006199,8658,5217.999999999999,2840.0000000000014,1304.999999999999,0.09419999999999999,11.877066666666673,-0.4588
E02006200,7720,4758.999999999999,1815.0000000000005,1585.9999999999998,0.303,22.18620000000002,0.791
E02006201,12084,6578.000000000001,4225.0,2091.9999999999995,0.049357142857142856,8.861904761904752,-0.8684285714285714
E02006202,9374,5597.999999999997,3387.9999999999986,1285.0000000000002,0.0861,21.343866666666663,-0.7832000000000001
E02006203,7717,4750.000000000001,1977.9999999999982,1435.0000000000011,0.225375,17.81316666666665,0.374
E02006204,7510,4322.000000000001,2293.9999999999986,1409.9999999999975,0.19690000000000002,27.875399999999996,0.13119999999999998
E02006205,7175,4021.000000000001,2869.000000000001,961.0,0.062625,21.985166666666643,-0.728
E02006206,7999,5014.0,1796.0000000000005,1654.0000000000002,0.23959999999999998,18.6432,0.5294000000000001
E02006207,6270,3395.0,2669.0000000000005,814.9999999999994,0.095,15.271250000000025,-0.47575
E02006208,7935,5003.000000000001,2180.0,1307.0,0.19539999999999996,25.272533333333303,0.3578
E02006209,10588,6124.000000000001,3670.0,1615.9999999999998,0.07625,15.633000000000015,-0.5266666666666666
E02006210,5280,3056.999999999999,2031.0,761.9999999999997,0.07866666666666666,40.02577777777777,-0.985
E02006211,6276,3465.999999999999,2387.000000000001,894.0000000000007,0.07325,18.919,-0.6835
E02006212,7785,4329.000000000001,2908.9999999999986,1125.000000000001,0.0718,15.2466,-0.659
E02006213,6555,3977.9999999999995,2105.9999999999995,1025.9999999999995,0.134,27.612666666666655,-0.13749999999999998
E02006214,6158,3664.9999999999995,1975.9999999999995,981.0000000000009,0.163,18.27291666666665,0.11049999999999999
E02006215,8065,4741.000000000002,2870.0000000000005,1137.0000000000005,0.09540000000000001,20.63646666666668,-0.41319999999999996
E02006216,8308,4858.0,2804.9999999999995,1275.0000000000007,0.0792,17.720333333333322,-0.5488
E02006217,10605,6148.000000000002,3086.000000000001,1993.9999999999968,0.12658333333333335,13.931444444444438,-0.10799999999999998
E02006218,8787,5520.999999999999,2235.999999999998,1516.000000000001,0.265,24.89973333333336,0.6990000000000001
E02006219,8643,5424.999999999997,1994.000000000001,1664.0000000000014,0.1684,19.440866666666658,-0.04320000000000001
E02006220,7458,4428.000000000003,2300.0,1227.0000000000005,0.1591,18.2982,0.0566
E02006221,5721,3840.0000000000005,1370.9999999999986,913.9999999999991,0.1285,15.859916666666667,0.002250000000000002
E02006222,6889,4169.0,1715.9999999999995,1351.9999999999989,0.2191,25.949666666666655,0.4716
E02006223,6692,4027.9999999999995,1166.0000000000018,1710.0,0.40920000000000006,30.55813333333332,1.1938
E02006224,7532,4936.0,1758.0,1402.0000000000014,0.13069999999999998,15.928933333333338,-0.10140000000000002
E02006225,7330,4341.000000000003,2276.9999999999995,1283.9999999999998,0.0884,15.186266666666679,-0.3076
E02006226,9982,6393.000000000001,2063.9999999999986,2059.0000000000014,0.15141666666666667,19.047055555555556,0.09516666666666668
E02006227,6541,3612.999999999998,2747.9999999999995,838.9999999999993,0.12849999999999998,30.69666666666667,-0.9613333333333333
E02006228,6208,3559.0,2121.999999999999,1053.0000000000005,0.10983333333333334,27.12233333333337,-0.7873333333333333
E02006229,6294,3372.000000000002,2545.000000000001,894.0,0.12850000000000003,19.4557777777778,-0.6036666666666667
E02006230,11210,6164.000000000003,3847.999999999999,1968.0000000000016,0.12728571428571428,18.3847619047619,-0.47785714285714287
E02006231,9111,5719.000000000002,2562.0000000000005,1493.000000000001,0.10466666666666667,19.611166666666666,-0.6410000000000001
E02006232,6396,3700.999999999999,2246.9999999999986,992.0,0.12275,22.970333333333322,-0.69125
E02006233,11783,7000.0,3726.000000000002,1823.9999999999993,0.18556250000000002,20.97858333333331,0.103125
E02006234,9999,5991.999999999999,2516.9999999999995,1972.9999999999995,0.18808333333333335,21.926166666666663,-0.07316666666666667
E02006235,8260,4673.000000000001,3163.000000000001,1214.9999999999986,0.085375,30.867166666666677,-1.11625
E02006236,10630,5962.0,3834.9999999999995,1640.0000000000005,0.08492857142857144,18.5569523809524,-0.9135714285714285
E02006237,7855,4342.0,2810.9999999999973,1297.999999999999,0.092625,29.099999999999977,-0.95675
E02006238,9823,5786.000000000001,3088.999999999999,1651.9999999999995,0.1517,29.768266666666683,0.0348
E02006239,8838,5708.0,1498.0,1903.9999999999986,0.06999999999999999,33.50813333333334,-0.8553999999999998
E02006240,10530,6756.000000000002,2000.9999999999986,2298.9999999999986,0.10441666666666667,30.962111111111103,-0.4295
E02006241,8939,5495.0,2444.0000000000023,1570.9999999999995,0.1804,22.03453333333334,0.1254
E02006242,10875,7017.000000000004,1965.000000000001,2365.0000000000005,0.09575,24.413666666666668,-0.6461666666666667
E02006243,9542,6258.000000000001,2163.999999999999,1669.0000000000016,0.15308333333333335,18.262944444444447,-0.2703333333333333
E02006245,8319,4763.999999999999,2266.9999999999995,1686.0000000000014,0.2162,22.906000000000013,0.2904
E02006246,7419,4374.999999999999,2230.999999999999,1340.0,0.09659999999999999,12.917133333333325,-0.2916
E02006247,9164,5814.0,1784.9999999999977,2000.9999999999998,0.253,27.90566666666668,0.6317999999999999
E02006248,8394,4990.999999999996,1974.0000000000002,1750.0000000000005,0.1562,16.064533333333323,0.03940000000000001
E02006249,8372,5031.999999999998,2402.0,1430.0000000000007,0.10869999999999999,17.08753333333332,-0.651
E02006250,9969,6889.999999999998,1377.9999999999986,2051.000000000002,0.2741,38.45533333333334,0.5618
E02006251,10777,7875.999999999999,1485.000000000001,1833.0000000000005,0.22100000000000003,29.546190476190482,0.5871428571428571
E02006252,9797,6208.999999999998,1982.0000000000023,2000.9999999999982,0.1251,15.81246666666668,0.058800000000000005
E02006253,7524,4192.000000000001,2568.9999999999995,1246.9999999999995,0.0735,12.90713333333332,-0.5516
E02006254,9484,6057.000000000003,1818.999999999999,2007.999999999999,0.3004,28.56153333333334,0.8884000000000001
E02006255,8087,5499.000000000001,1594.0,1415.9999999999998,0.1464,21.21873333333334,-0.004799999999999982
E02006256,9775,6355.0,1744.0000000000002,2053.0000000000027,0.2778333333333333,32.13783333333331,0.7816666666666667
E02006257,6705,3860.9999999999995,1953.0000000000002,1315.9999999999995,0.24189999999999995,22.083466666666663,0.5166000000000001
E02006258,9574,6005.000000000001,1862.0000000000007,2073.999999999999,0.2531666666666667,23.642166666666668,0.6545
E02006259,7166,4132.0,1947.0000000000005,1531.000000000001,0.27959999999999996,27.42313333333332,0.5354
E02006260,8769,5184.999999999999,1864.0000000000014,2059.000000000002,0.25725000000000003,23.012777777777767,0.42783333333333334
E02006261,8076,4464.0,3171.000000000001,1185.0000000000011,0.09962499999999999,29.021083333333323,-0.7987500000000001
E02006262,9213,5292.999999999999,3403.9999999999995,1341.000000000001,0.09549999999999999,32.493277777777784,-0.7915
E02006263,7595,4292.0,3062.000000000001,1034.0000000000002,0.09537499999999999,31.615583333333326,-0.85775
E02006264,9443,5537.999999999999,2901.0,1661.0000000000002,0.10470000000000002,18.27326666666668,-0.7348
E02006265,7513,4379.0,2662.0000000000005,1129.0,0.10337500000000001,25.94041666666667,-0.6074999999999999
E02006266,10109,5820.000000000002,3594.0000000000005,1559.0000000000011,0.12050000000000001,24.26293333333332,-0.4892
E02006267,8442,4957.000000000001,3024.9999999999995,1268.9999999999982,0.081125,30.69708333333335,-0.98975
E02006268,6274,3574.0000000000005,1999.9999999999995,1088.999999999999,0.24549999999999997,20.9185,0.63325
E02006269,8156,4835.0,2491.0,1430.9999999999998,0.08337499999999999,17.663916666666644,-0.65825
E02006270,12832,8419.0,2702.999999999999,2411.9999999999995,0.11807142857142859,17.477666666666657,-0.26257142857142857
E02006271,10243,6474.999999999999,2682.999999999998,1678.0000000000011,0.096,20.27053333333334,-0.4202
E02006272,7830,4484.000000000002,2736.000000000001,1168.9999999999993,0.09590000000000001,20.0084,-0.2916
E02006273,6848,3787.0,2630.9999999999986,1022.9999999999994,0.10710000000000001,29.23273333333334,-0.5162
E02006274,6655,4187.0,1857.000000000002,1049.0000000000007,0.091625,29.490916666666674,-0.5885
E02006275,7018,4383.000000000001,1540.0000000000005,1422.0,0.2379,23.89313333333334,0.44600000000000006
E02006276,8859,4951.999999999998,2812.000000000002,1624.0000000000014,0.12275,18.3675,-0.83975
E02006277,7592,4933.0,1637.9999999999995,1452.0000000000007,0.0755,8.677444444444442,-0.7263333333333333
E02006278,8534,5659.999999999998,2386.0,1055.9999999999986,0.14083333333333334,17.2531111111111,-0.06516666666666669
E02006279,8757,4899.999999999999,3004.9999999999995,1446.9999999999998,0.12866666666666668,15.008166666666659,-0.2743333333333333
E02006280,9879,5511.0,3374.9999999999995,1618.9999999999973,0.0877,27.08179999999998,-0.5048
E02006281,8221,4565.0,3098.000000000001,1103.0000000000002,0.11691666666666667,13.557555555555561,-0.06266666666666669
E02006282,6504,3613.000000000001,2667.0,876.9999999999994,0.09116666666666666,28.437888888888903,-0.911
E02006283,8062,5108.0,2328.0,1203.0000000000002,0.07525,27.946999999999974,-0.817
E02006284,7905,4836.000000000001,1887.0000000000018,1637.9999999999968,0.16499999999999998,17.707416666666674,-0.07575
E02006285,7589,4853.0,1481.0000000000023,1550.0000000000002,0.137875,18.131333333333323,-0.4575
E02006286,11499,7095.0,2564.000000000002,2329.999999999998,0.16808333333333333,22.913222222222217,-0.16116666666666668
E02006287,6254,3318.999999999999,3018.0,741.0000000000014,0.10683333333333334,40.4372222222222,-0.624
E02006288,10118,5610.000000000002,3635.000000000001,1627.9999999999986,0.09380000000000002,32.15353333333332,-0.6484
E02006289,9868,5354.000000000001,3767.0000000000005,1578.999999999997,0.16699999999999998,26.142733333333343,-0.0142
E02006290,8244,4480.000000000002,3329.999999999999,1164.0000000000018,0.1718,26.30866666666668,0.1282
E02006291,7728,4273.999999999998,2984.9999999999995,1175.9999999999982,0.118375,17.341583333333325,-0.40475
E02006292,6875,3914.000000000001,2491.000000000001,1065.0000000000005,0.08333333333333333,25.808000000000003,-0.8186666666666667
E02006293,11134,6829.999999999999,3397.0,1762.9999999999989,0.09233333333333332,28.73183333333333,-0.38916666666666666
E02006294,7902,4131.0,3277.000000000002,1066.0000000000002,0.13424999999999998,17.612749999999977,-0.04974999999999999
E02006295,9374,5286.999999999999,3109.000000000001,1609.999999999998,0.09749999999999999,12.520200000000013,-0.34340000000000004
E02006296,13140,7779.000000000002,3746.9999999999977,2459.000000000001,0.07374999999999998,13.159208333333332,-0.44775
E02006297,8090,4709.000000000001,2895.0000000000014,1187.999999999999,0.0529,11.023199999999992,-0.7585999999999999
E02006298,9167,5522.000000000001,3057.9999999999995,1460.9999999999989,0.10941666666666665,20.83638888888888,-0.13933333333333334
E02006299,8163,4067.000000000001,4007.0,902.000000000001,0.0794,15.38233333333334,-0.269
E02006300,8100,4951.000000000002,2212.000000000002,1473.0,0.2542,27.569399999999995,0.6804
E02006301,6354,3613.9999999999986,2346.000000000001,863.9999999999995,0.16275,26.203666666666678,0.32775
E02006302,6589,3577.0000000000005,2856.9999999999986,827.0000000000003,0.1109,22.037,-0.0884
E02006303,7920,4681.000000000002,1940.9999999999995,1671.9999999999986,0.3766,28.99866666666666,1.1332
E02006304,8338,4505.0,3127.0,1318.9999999999995,0.17959999999999998,18.10260000000002,0.2266
E02006305,9635,6098.000000000001,1878.0000000000011,2162.9999999999995,0.3829166666666666,37.84466666666666,1.1194999999999997
E02006306,7306,4156.999999999998,2432.999999999999,1226.9999999999984,0.22480000000000003,23.84366666666666,0.4588
E02006307,7436,3923.0000000000014,3172.000000000002,958.9999999999992,0.09669999999999998,13.104333333333347,-0.31260000000000004
E02006308,7514,4714.0,2002.000000000001,1349.0000000000005,0.37560000000000004,34.72646666666668,1.2456
E02006309,6678,3555.0,2496.000000000001,1112.9999999999989,0.2888,26.19046666666666,0.8012
E02006310,8183,4929.0,2265.0,1460.9999999999998,0.17237499999999997,15.941749999999994,-0.07500000000000001
E02006311,8287,4531.999999999999,3114.9999999999995,1266.9999999999984,0.211,22.1644,0.21600000000000003
E02006312,8476,4840.000000000002,3116.0000000000014,1235.0,0.1147,20.322266666666682,-0.3962
E02006313,9960,5430.0,3916.9999999999964,1450.9999999999986,0.17625000000000002,22.7331111111111,0.061000000000000006
E02006314,7231,4058.9999999999977,2757.9999999999986,1075.0000000000007,0.16062500000000002,28.021166666666677,-0.07325000000000001
E02006315,5879,3006.000000000001,2711.0,785.0,0.14933333333333332,28.8598888888889,-0.3273333333333333
E02006316,7140,3748.0,3055.9999999999995,1024.9999999999986,0.173875,26.459,-0.05925
E02006317,6478,3774.9999999999995,1744.0000000000007,1329.9999999999995,0.10362500000000001,12.225166666666675,-1.1677499999999998
E02006318,7078,4315.0,1784.000000000001,1373.0,0.05612500000000001,11.709666666666658,-1.9707500000000002
E02006319,7234,4473.0,1536.0,1595.999999999999,0.16875,15.1725833333333,-0.5075000000000001
E02006320,7399,4692.0,1391.9999999999989,1681.0,0.199875,20.580833333333327,-0.39
E02006321,6569,3811.000000000001,1545.0000000000027,1513.9999999999993,0.054375,11.533833333333325,-1.6997499999999999
E02006322,6713,4038.999999999999,1381.0,1565.0000000000005,0.08549999999999999,9.720833333333335,-1.5542500000000001
E02006323,7774,4680.000000000002,1926.9999999999998,1593.0000000000016,0.10540000000000001,12.03786666666666,-1.1889999999999998
E02006324,8020,4900.0,1547.0,1913.0000000000005,0.10859999999999999,12.000466666666668,-1.2187999999999999
E02006325,9182,5349.0,2115.0,2127.000000000001,0.044899999999999995,10.89313333333334,-1.9906
E02006326,7799,4812.0,1617.0000000000027,1732.9999999999982,0.103125,9.74483333333334,-1.28925
E02006327,6892,3804.0000000000027,1868.0000000000018,1528.0,0.054000000000000006,10.891750000000009,-1.94375
E02006328,9561,6023.0,2134.0,1917.9999999999995,0.09325,12.67794444444445,-1.5326666666666666
E02006329,7139,4258.0,1961.000000000002,1362.0000000000007,0.07050000000000001,14.118000000000023,-1.77475
E02006330,10097,5885.000000000001,2444.9999999999986,2181.0000000000014,0.124,12.90561111111112,-0.9666666666666667
E02006331,7244,4142.0,1999.0,1499.9999999999989,0.07100000000000001,10.26183333333335,-1.4637499999999999
E02006332,6654,4099.999999999998,1685.000000000001,1301.0000000000007,0.050124999999999996,13.103916666666674,-2.02925
E02006333,10116,5817.000000000002,2475.0,2165.0000000000005,0.10983333333333334,15.945888888888883,-1.3418333333333334
E02006334,8350,4775.999999999998,2342.000000000001,1760.0000000000023,0.035199999999999995,11.448333333333313,-2.4539999999999997
E02006335,7912,4762.0,2342.0,1381.0000000000014,0.08299999999999999,10.710266666666659,-1.4651999999999998
E02006336,7111,4523.000000000001,1348.0000000000007,1538.9999999999995,0.155875,15.781249999999982,-0.46175
E02006337,8893,5201.0,2478.0000000000005,1722.000000000001,0.0521,7.573666666666659,-1.5213999999999999
E02006338,6829,4097.000000000002,1756.0000000000005,1363.0000000000002,0.073125,9.515083333333319,-1.26375
E02006339,10973,6948.999999999999,1823.000000000001,2616.0000000000014,0.1431,13.73786666666669,-0.738
E02006341,10393,6464.000000000002,2322.000000000001,2074.9999999999986,0.11800000000000001,12.531888888888885,-0.8981666666666667
E02006342,8354,5259.000000000002,1812.0000000000005,1588.9999999999989,0.11179999999999998,13.718666666666682,-0.7821999999999999
E02006343,9104,5249.000000000001,2212.9999999999977,2012.9999999999984,0.05983333333333333,10.435055555555545,-1.3401666666666667
E02006344,8728,5165.000000000001,2759.9999999999986,1459.9999999999995,0.06783333333333333,20.89294444444445,-1.2251666666666667
E02006345,7724,4953.0,1622.9999999999995,1290.9999999999998,0.0755,20.12816666666665,-0.9829999999999999
E02006346,10026,5665.999999999996,3183.0000000000005,1895.999999999999,0.0455,11.857047619047636,-1.7275714285714285
E02006347,7212,4486.0,1903.0000000000007,1278.0000000000005,0.0875,14.65959999999998,-1.2785999999999997
E02006348,8666,5183.0,2465.0000000000005,1572.999999999998,0.10633333333333334,15.041333333333348,-0.8091666666666667
E02006349,8078,5441.0,1510.9999999999986,1477.0000000000002,0.08399999999999999,10.645916666666682,-0.94475
E02006350,6399,4249.000000000001,1208.0000000000011,1246.9999999999995,0.221875,21.956416666666676,0.26175
E02006351,8446,5216.000000000001,1863.9999999999986,1806.9999999999998,0.09369999999999999,10.838133333333335,-1.0126
E02006352,6223,4331.0,1191.0000000000018,992.0,0.088625,11.950416666666673,-0.78
E02006353,6100,3811.0,1504.999999999999,1150.9999999999982,0.172125,20.401166666666676,-0.3545
E02006354,9594,5642.0,2567.0,1901.999999999999,0.041600000000000005,8.038866666666674,-1.9352
E02006355,10436,8401.999999999996,985.9999999999999,1199.0,0.159125,19.744916666666676,-0.15899999999999997
E02006356,11839,8883.000000000002,1808.000000000001,1619.0,0.10008333333333334,16.73466666666665,-0.6104999999999999
E02006357,7842,4948.000000000002,1888.9999999999995,1547.9999999999977,0.10962500000000001,12.876583333333318,-0.99375
E02006358,9089,6907.999999999998,1213.000000000001,1173.0000000000002,0.063625,9.936500000000011,-1.08975
E02006359,6208,3846.999999999999,1645.9999999999995,1107.0000000000002,0.049125,9.343500000000008,-1.731
E02006360,8171,4715.999999999998,2445.000000000002,1519.0000000000005,0.06939999999999999,19.84746666666666,-1.0642
E02006361,5597,3267.999999999998,1903.0,905.0000000000014,0.07183333333333333,23.100888888888903,-1.593
E02006362,6867,3822.9999999999995,2121.9999999999995,1322.0,0.06760000000000001,9.173666666666659,-1.3496000000000001
E02006363,6066,3427.0,1852.0000000000014,1160.0000000000002,0.06375,10.854750000000017,-1.15275
E02006364,7883,5183.000000000001,1487.0,1566.000000000002,0.180375,20.561166666666676,-0.14725000000000005
E02006365,6306,3603.9999999999986,2114.999999999999,1020.0000000000006,0.081625,11.039666666666657,-1.15825
E02006366,8050,4580.0,2620.0,1455.0000000000005,0.0448,10.043933333333332,-1.685
E02006367,5929,3199.0,2090.0000000000005,1063.9999999999989,0.093,11.667666666666674,-1.194
E02006368,5725,3149.0000000000005,2099.0,918.9999999999991,0.08499999999999999,12.164916666666642,-1.0799999999999998
E02006369,6289,3468.0,2589.0000000000005,842.000000000001,0.0715,20.926916666666674,-1.069
E02006370,6403,3919.000000000002,1893.0000000000005,1003.0000000000003,0.0665,14.47691666666665,-1.1065
E02006371,7297,4394.999999999998,2198.0,1218.9999999999993,0.09862499999999999,10.53391666666666,-0.7862499999999999
E02006372,6338,3846.999999999998,1578.0000000000018,1268.999999999999,0.14925,21.18575,-0.54625
E02006373,7515,4453.000000000001,2393.9999999999995,1254.0,0.086375,27.544166666666673,-1.218
E02006374,7184,4486.999999999998,2274.0000000000005,1066.0000000000007,0.10550000000000001,25.939999999999998,-0.7725
E02006375,6820,3969.9999999999995,1922.9999999999989,1385.9999999999993,0.057499999999999996,9.25725000000001,-1.2235
E02006376,9235,5606.0,2761.0000000000014,1402.000000000001,0.084,10.828166666666661,-0.8303333333333334
E02006377,6262,3575.999999999999,2046.9999999999998,1080.0000000000002,0.06624999999999999,9.841416666666674,-1.1935000000000002
E02006378,8902,5434.999999999999,2258.000000000001,1793.0000000000005,0.076,13.609133333333322,-1.0656
E02006379,7107,4389.000000000001,1252.0000000000005,1766.0000000000018,0.18987500000000002,17.42025,-0.094
E02006380,7108,3970.999999999999,2589.9999999999995,1163.9999999999998,0.0541,12.258799999999994,-1.0615999999999999
E02006381,7310,4280.0,2404.9999999999986,1231.000000000001,0.0645,16.34583333333335,-1.478
E02006382,6950,4360.000000000002,1263.9999999999982,1627.0000000000011,0.16675,18.02858333333335,-0.13374999999999998
E02006383,10379,6025.000000000001,2654.000000000001,2047.0000000000005,0.04766666666666666,13.14538888888888,-1.271
E02006384,11252,7075.000000000001,2188.0000000000014,2435.0,0.13983333333333334,12.921611111111124,-0.44766666666666666
E02006385,11537,7899.999999999999,1693.9999999999995,2381.9999999999986,0.10585714285714286,13.812809523809525,-0.5895714285714285
E02006386,8504,5149.0,1808.000000000001,1862.0000000000016,0.07449999999999998,12.01573333333334,-1.028
E02006387,6823,4086.9999999999995,1495.0,1578.999999999999,0.135125,12.08325,-0.3935
E02006388,9540,6232.000000000002,1932.0000000000016,1870.0000000000014,0.10429999999999999,19.10686666666668,-0.5198
E02006389,7548,4471.000000000001,1872.9999999999989,1625.0000000000002,0.1272,21.12306666666666,-0.4702
E02006390,11097,6763.999999999998,2167.999999999999,2608.0,0.13616666666666666,16.036166666666684,-0.42616666666666675
E02006391,7855,4921.000000000002,1709.9999999999993,1739.9999999999998,0.075875,11.953999999999992,-1.13225
E02006392,9445,6017.999999999999,2269.0000000000005,1661.0000000000002,0.14933333333333335,18.91116666666665,-0.39066666666666666
E02006393,7091,5200.999999999998,1214.9999999999993,953.0,0.092625,15.74766666666665,-0.5562499999999999
E02006394,12266,9170.999999999998,1790.000000000001,1490.9999999999989,0.10099999999999999,20.688777777777798,-0.7286666666666667
E02006395,9791,6409.0,2072.0000000000005,1874.999999999999,0.12866666666666668,22.14355555555555,-0.5745
E02006396,6199,3662.0,1904.999999999999,976.9999999999993,0.097,23.675916666666673,-0.677
E02006397,6322,3753.0,1861.9999999999993,1137.000000000001,0.05487499999999999,14.857416666666676,-1.62
E02006398,8704,5664.999999999998,1861.000000000001,1713.0000000000002,0.15050000000000002,17.66493333333334,-0.3376
E02006399,12312,7861.000000000001,2808.0000000000023,2354.0000000000027,0.12407142857142858,17.757,-0.4232857142857143
E02006400,5734,3442.0,1671.0000000000007,1041.9999999999982,0.107875,18.97241666666665,-0.5022500000000001
E02006401,10745,6716.0,2439.0000000000023,2159.9999999999986,0.14709999999999998,17.266066666666678,-0.3302
E02006402,9905,6026.0,2650.0,1866.0000000000007,0.07971428571428572,14.03861904761904,-0.756
E02006403,6836,4525.0,1249.9999999999986,1408.0000000000023,0.199375,32.000999999999976,0.012499999999999983
E02006404,7811,4943.000000000001,1292.0,1813.000000000001,0.219125,24.514416666666655,0.09725
E02006405,11693,7603.0,2610.999999999999,2161.0000000000005,0.11064285714285714,16.652190476190487,-0.47271428571428575
E02006406,9241,6507.000000000002,1587.9999999999984,1614.9999999999989,0.13233333333333333,18.33405555555557,-0.46583333333333327
E02006407,9303,5704.000000000001,2352.9999999999977,1777.9999999999995,0.12191666666666666,19.459333333333333,-0.6118333333333332
E02006408,8870,5690.000000000002,1878.0000000000025,1723.999999999997,0.11779999999999999,19.293066666666682,-0.49140000000000006
E02006409,6756,4190.000000000002,1538.9999999999975,1349.9999999999984,0.171875,18.91325,0.01575
E02006410,8768,5538.000000000001,1697.0,1938.000000000001,0.18389999999999998,23.24206666666666,-0.1428
E02006411,7146,4318.000000000003,2176.0000000000005,1138.0000000000023,0.06887499999999999,11.5595,-1.207
E02006412,7726,4614.999999999998,2048.000000000001,1505.999999999999,0.093125,12.696749999999982,-1.17975
E02006413,6419,3694.000000000002,1931.9999999999986,1213.9999999999986,0.11575,17.234166666666674,-0.55
E02006414,6206,3666.000000000001,1798.9999999999998,1170.0000000000014,0.11725000000000001,20.76191666666668,-0.47724999999999995
E02006415,6883,3813.999999999998,2523.999999999999,1058.9999999999998,0.07125000000000001,17.05008333333335,-1.1035
E02006416,8373,4939.999999999998,2740.0,1416.000000000002,0.07808333333333334,17.48627777777778,-1.4536666666666667
E02006417,6177,3725.999999999999,1620.0000000000005,1207.9999999999993,0.10375,16.0384166666667,-1.2285
E02006418,6561,3961.000000000001,2145.0,993.9999999999997,0.049,11.595749999999992,-2.04575
E02006419,8265,5334.000000000002,1711.0000000000007,1624.0,0.18719999999999998,17.598666666666666,-0.6614
E02006420,7857,4692.0,2363.9999999999995,1266.9999999999986,0.054700000000000006,9.020066666666652,-1.9222000000000001
E02006421,10350,6219.999999999999,2368.000000000002,2219.999999999998,0.054400000000000004,11.743200000000021,-1.5238
E02006422,6137,3590.9999999999986,1623.9999999999998,1250.000000000001,0.055999999999999994,9.280916666666664,-1.9252500000000001
E02006423,11262,7342.000000000001,2529.0000000000014,1946.9999999999998,0.14533333333333334,13.315333333333344,-0.9248333333333334
E02006424,6484,3702.0,1901.0000000000005,1213.9999999999984,0.047875,10.988749999999992,-1.9832500000000002
E02006425,6609,4103.999999999999,1642.9999999999993,1224.999999999999,0.10175000000000001,11.700500000000007,-1.3685
E02006426,5737,3497.999999999999,1555.000000000001,1038.0000000000005,0.065125,8.357083333333325,-1.5935
E02006427,7454,4621.999999999999,1821.9999999999986,1420.0,0.088875,14.184083333333325,-1.3884999999999998
E02006429,8484,5444.0,1871.9999999999984,1692.0000000000007,0.1046,13.853266666666666,-0.907
E02006430,9482,5834.999999999998,2049.0000000000005,2009.000000000001,0.1192,12.273866666666645,-0.3508
E02006431,11792,6860.999999999999,2642.000000000002,2663.9999999999973,0.10108333333333334,15.328111111111118,-0.9826666666666665
E02006432,5767,3322.9999999999986,1757.000000000001,1072.0,0.08699999999999998,12.761666666666665,-0.5703333333333334
E02006433,9739,5523.999999999999,3096.0,1809.9999999999995,0.05941666666666667,17.491055555555565,-1.4525000000000003
E02006434,6608,3867.000000000001,1685.0000000000014,1396.999999999999,0.12300000000000001,20.302499999999984,-0.5922499999999999
E02006435,6001,3613.0,1737.0000000000002,1109.9999999999995,0.131625,27.05983333333335,-0.44600000000000006
E02006436,6160,3686.999999999999,1661.9999999999982,1199.000000000001,0.129375,25.466166666666677,-0.4095
E02006437,8387,4766.0,2752.999999999999,1461.9999999999986,0.10169999999999998,21.21073333333334,-0.7698
E02006438,8747,5152.0,2661.000000000001,1579.000000000001,0.11939999999999999,28.155399999999997,-0.6792
E02006439,6371,3865.999999999998,1703.9999999999986,1142.0000000000005,0.0975,10.547000000000008,-1.3705
E02006440,7409,4474.0,1961.0,1374.9999999999998,0.08620000000000001,11.673466666666672,-1.5558
E02006441,8710,5510.0,2183.999999999999,1449.000000000001,0.11259999999999999,13.214133333333333,-0.8176
E02006442,6449,3561.9999999999995,1860.000000000001,1363.000000000001,0.04575,10.72233333333335,-1.95325
E02006443,7430,4503.000000000001,1928.9999999999995,1457.0,0.1402,12.262333333333327,-0.398
E02006444,7235,4241.000000000001,1716.9999999999995,1627.9999999999995,0.09380000000000001,9.906133333333326,-1.3378
E02006445,8743,5184.999999999999,1917.0000000000011,1828.0000000000007,0.0722,9.07946666666665,-1.0814
E02006446,7005,4034.000000000001,2052.000000000002,1353.0000000000005,0.065,14.958666666666652,-1.19525
E02006447,6906,3853.000000000001,1796.9999999999995,1540.0000000000007,0.06975,12.78275,-1.7065
E02006448,7484,4478.999999999997,1880.999999999998,1604.0000000000005,0.0917,10.722933333333332,-1.1938
E02006449,7018,3974.0000000000005,2239.000000000001,1259.999999999999,0.1038,16.934866666666682,-0.7676
E02006450,7284,4262.000000000001,2081.0000000000014,1399.0,0.0663,23.5546,-1.0619999999999998
E02006451,12359,6651.000000000002,3997.9999999999986,2318.000000000001,0.0897142857142857,11.473714285714271,-1.0251428571428571
E02006453,8437,4631.000000000002,2882.0,1419.9999999999986,0.0839,23.948000000000018,-1.1614
E02006454,6832,3800.999999999999,2040.9999999999998,1386.9999999999998,0.06674999999999999,12.053750000000019,-1.2885
E02006455,6158,3746.000000000001,1613.9999999999998,1155.0,0.099625,13.423499999999999,-0.62725
E02006456,8038,4925.000000000001,1865.9999999999998,1601.9999999999995,0.10679999999999998,19.2138,-0.372
E02006457,9437,5392.999999999999,2899.0,1775.9999999999986,0.046700000000000005,11.013866666666676,-1.2518
E02006458,9303,5470.0,2561.000000000001,1782.9999999999995,0.06541666666666666,8.782111111111117,-0.8853333333333332
E02006459,10707,7230.0,1371.0000000000016,2382.9999999999986,0.23290000000000002,27.2634,0.01339999999999999
E02006460,9214,5742.0,2008.0000000000023,2001.999999999999,0.16071428571428573,14.400428571428575,-0.21742857142857147
E02006461,6810,4138.000000000002,1906.9999999999986,1170.0,0.075,12.481499999999993,-0.9955
E02006462,8259,5213.000000000002,1775.9999999999993,1669.9999999999998,0.11639999999999999,13.361066666666678,-0.36360000000000003
E02006463,10895,7637.0,1815.999999999998,1888.0000000000032,0.10008333333333334,13.275777777777778,-0.5311666666666667
E02006464,6774,4164.0,1696.0000000000007,1284.000000000001,0.10925,11.490749999999982,-0.48250000000000004
E02006465,6215,3728.000000000001,1748.0000000000005,1156.9999999999998,0.06125,10.150583333333351,-1.052
E02006466,11363,7197.0,1780.9999999999993,2669.0000000000014,0.16691666666666669,16.025000000000002,-0.08816666666666668
E02006467,7275,4464.000000000001,1772.0000000000005,1466.0000000000007,0.05960000000000001,12.358666666666666,-0.952
E02006468,11230,6828.999999999999,3229.999999999999,1901.0000000000011,0.12708333333333335,21.404500000000013,-0.11866666666666666
E02006469,8775,5382.000000000001,2316.0,1703.9999999999989,0.1817,30.34093333333334,0.24219999999999997
E02006470,11861,7223.0,3351.0000000000014,2079.9999999999977,0.20550000000000002,24.817666666666657,0.5217142857142858
E02006471,6871,4122.0,2332.000000000001,1037.0000000000002,0.0965,26.225500000000004,-0.45575000000000004
E02006472,10191,6318.0,2644.999999999999,1905.0000000000014,0.1855,28.12077777777777,0.19216666666666668
E02006473,10656,6482.0,3169.9999999999977,1759.0000000000014,0.10916666666666668,19.810888888888883,-0.12683333333333333
E02006474,6363,3856.000000000001,1994.0000000000002,1044.9999999999995,0.12575000000000003,33.403750000000024,0.01999999999999999
E02006475,10022,5940.000000000002,2533.000000000001,2110.999999999999,0.12358333333333334,11.526000000000005,0.0535
E02006476,9642,6042.000000000001,1671.0000000000018,2284.0000000000014,0.2806,30.783000000000023,0.7786000000000001
E02006477,9243,5668.0,2374.999999999998,1787.0000000000005,0.09783333333333334,11.327555555555568,-0.24016666666666667
E02006478,8600,5578.0,1754.000000000001,1777.9999999999989,0.1517,17.559399999999982,0.3008
E02006479,9185,6113.000000000001,1855.9999999999995,1659.000000000001,0.2894,31.47006666666666,0.7647999999999999
E02006480,7503,4768.999999999999,1726.0,1488.9999999999986,0.24370000000000003,25.6918,0.6477999999999999
E02006481,7299,4336.999999999998,1712.9999999999993,1598.999999999999,0.25260000000000005,27.86926666666664,0.7514000000000001
E02006482,7286,4577.0,1715.9999999999995,1423.0000000000002,0.15125,18.0341666666667,0.28725
E02006483,8105,5010.0,1842.9999999999995,1656.9999999999982,0.2762,30.676733333333324,0.738
E02006484,7645,4928.000000000001,1813.0000000000005,1344.0000000000016,0.1989,22.696199999999997,0.5224
E02006485,6609,3872.0,2530.0,852.0000000000001,0.0581,10.975399999999999,-0.45640000000000003
E02006486,7023,4252.0,2099.0,1217.0000000000014,0.1685,19.679466666666702,0.5198
E02006487,6857,3983.0,1988.9999999999993,1271.9999999999993,0.2757,27.74606666666666,1.1016
E02006488,6160,3232.999999999999,2601.9999999999986,823.0,0.12275,20.707416666666674,0.15275
E02006489,7933,4966.999999999998,1673.0000000000018,1662.0000000000014,0.21929999999999997,24.44113333333332,0.7252
E02006490,7772,4698.000000000002,2008.9999999999986,1506.9999999999998,0.17875,23.229166666666675,0.545
E02006493,10624,7084.999999999998,1893.9999999999993,2197.000000000001,0.1372857142857143,15.196333333333339,-0.14728571428571427
E02006494,7265,4821.0,1534.0,1265.9999999999998,0.22475,25.22316666666668,0.813
E02006495,7852,4608.999999999998,2464.9999999999986,1280.9999999999995,0.1069,18.149333333333338,-0.3038
E02006496,7172,5087.000000000001,1066.0000000000005,1320.9999999999995,0.15675,26.373583333333325,0.009749999999999998
E02006497,8123,5500.000000000002,1437.9999999999995,1567.999999999999,0.178375,23.432333333333325,0.17925
E02006498,13816,8496.0,2756.0,3077.000000000002,0.131,15.42295833333333,-0.21325000000000005
E02006499,6346,3812.999999999999,1580.000000000001,1263.9999999999998,0.063375,10.51075,-0.5705
E02006500,6390,3505.000000000002,1782.9999999999986,1202.0,0.15725,18.17891666666666,0.097
E02006501,10255,5933.000000000001,2747.0000000000005,2090.999999999999,0.1197,14.77179999999998,-0.2688
E02006502,11096,6081.000000000001,3886.000000000001,1859.9999999999986,0.12714285714285717,13.627714285714285,-0.22342857142857145
E02006503,10683,6050.999999999999,3137.999999999999,2166.0,0.08574999999999999,18.366722222222233,-0.7131666666666666
E02006504,5883,3399.0,2240.999999999999,824.9999999999994,0.06616666666666667,23.297111111111104,-1.2886666666666666
E02006505,7024,3843.000000000001,2791.999999999999,985.0,0.0955,22.75775,-0.7455
E02006506,6067,3438.000000000001,1981.000000000001,1090.0000000000018,0.145125,13.12933333333335,-0.26075
E02006507,11606,7163.999999999996,3035.0000000000023,2117.9999999999995,0.10083333333333334,14.1657777777778,-0.5924999999999999
E02006508,11523,6847.0,3344.999999999999,2140.0000000000005,0.08821428571428572,20.7257619047619,-0.908857142857143
E02006509,5912,3306.000000000001,2204.999999999999,845.0,0.15787500000000002,15.271666666666675,-0.33699999999999997
E02006510,7198,3963.999999999999,2918.999999999999,1018.0000000000014,0.09849999999999999,20.5516666666667,-0.9763333333333334
E02006511,10889,6234.0,3348.0000000000005,2021.0000000000014,0.11193750000000001,17.872500000000002,-0.5995
E02006512,12512,8016.999999999999,3457.999999999999,1917.0000000000005,0.15328571428571428,11.822142857142852,-0.32928571428571424
E02006513,8721,4987.999999999999,2740.9999999999986,1503.9999999999995,0.0865,8.450066666666658,-0.907
E02006514,8943,5019.000000000001,3441.000000000001,1207.0000000000005,0.10859999999999999,10.553933333333337,-0.5715999999999999
E02006515,11660,6854.0,3635.999999999999,2091.999999999999,0.11199999999999999,18.074133333333343,-0.6634
E02006516,9887,6103.999999999999,3195.000000000001,1494.9999999999995,0.0971,28.22906666666666,-0.8896000000000001
E02006517,10232,6091.000000000003,2876.9999999999986,1961.000000000001,0.11866666666666666,23.238611111111116,-0.553
E02006518,10516,5940.999999999998,3945.000000000002,1544.9999999999998,0.1105,22.7418,-0.978
E02006519,8157,4700.0,2687.0000000000005,1313.9999999999995,0.06820000000000001,12.05626666666667,-0.9134000000000002
E02006520,8392,4959.0,2655.0000000000014,1403.9999999999977,0.05639999999999999,8.013066666666669,-0.9388
E02006521,7383,4081.9999999999995,2686.999999999999,1184.9999999999993,0.075,7.421733333333326,-0.8625999999999999
E02006522,5972,3535.9999999999995,2005.0000000000014,994.9999999999993,0.0595,29.51441666666667,-1.2995
E02006523,13407,8210.0,3309.0,2173.000000000003,0.08392857142857144,17.04166666666666,-0.712
E02006524,5493,3425.999999999999,1341.0000000000014,1033.0000000000002,0.20475,18.69708333333333,0.1595
E02006525,13275,8762.0,3276.000000000001,1893.9999999999982,0.0718125,11.170333333333334,-0.631625
E02006526,8455,5223.999999999999,2446.0,1405.999999999998,0.13175,12.757388888888878,-0.0355
E02006527,9466,6315.999999999999,2299.0,1373.9999999999984,0.07533333333333334,13.206500000000021,-0.6248333333333335
E02006528,11387,8208.999999999998,1967.9999999999993,1708.9999999999995,0.1305,18.744428571428575,0.08257142857142859
E02006529,12723,8198.0,2717.9999999999995,2465.000000000002,0.14235714285714288,13.449190476190484,-0.21571428571428575
E02006530,13951,8854.000000000002,2949.9999999999973,2739.9999999999986,0.12062500000000001,10.898083333333334,-0.5068750000000001
E02006531,10509,7876.000000000001,1597.9999999999984,1516.9999999999995,0.1665,22.77755555555557,0.24066666666666667
E02006532,12221,7509.999999999999,2714.000000000001,2636.0,0.10529999999999999,14.399133333333339,-0.9542000000000002
E02006533,10442,6753.000000000002,2352.0,1958.0000000000027,0.10250000000000001,11.467400000000005,-0.37679999999999997
E02006534,9175,5462.999999999999,2505.9999999999977,1744.9999999999989,0.14575000000000002,13.9891111111111,-0.46399999999999997
E02006535,7321,4035.000000000002,2370.0000000000005,1410.000000000001,0.0752,9.210999999999995,-1.0344
E02006536,7494,4284.000000000002,2148.9999999999995,1449.9999999999993,0.10190000000000002,15.73506666666666,-0.6789999999999999
E02006537,10532,6288.999999999999,2617.000000000001,2156.9999999999977,0.21642857142857144,19.6724761904762,0.06342857142857142
E02006538,9286,5493.0,2901.000000000001,1514.0000000000016,0.1155,12.709933333333348,-0.7694
E02006539,7310,4221.0,2309.0,1243.9999999999998,0.1653,21.02520000000002,-0.021200000000000004
E02006540,5793,3326.0000000000014,1947.0000000000005,990.0000000000007,0.196125,23.29166666666665,0.014249999999999985
E02006541,7814,4521.000000000001,2675.999999999999,1193.9999999999995,0.1607,20.43486666666664,-0.1176
E02006542,5703,3160.999999999998,2377.0,715.0,0.09974999999999998,26.944249999999997,-0.408
E02006543,5651,3201.0000000000005,2200.999999999999,758.0000000000005,0.1325,24.165916666666675,-0.30649999999999994
E02006544,11982,6981.0,3958.9999999999977,1976.9999999999998,0.1265,19.157055555555548,-0.12983333333333333
E02006545,12411,7597.000000000004,2375.999999999998,2965.9999999999995,0.23114285714285712,26.950190476190475,0.4494285714285714
E02006546,11079,6253.0,3748.9999999999995,1753.9999999999982,0.13825,17.651333333333337,-0.21633333333333338
E02006547,6902,4088.0,2190.999999999999,1209.9999999999993,0.167,25.4358333333333,0.13799999999999998
E02006548,9789,5723.000000000001,3065.0,1730.0000000000007,0.1325833333333333,19.515666666666664,-0.11649999999999999
E02006549,6248,2922.9999999999995,3430.9999999999995,555.000000000001,0.072875,13.5165,-0.5117499999999999
E02006550,9531,5154.000000000002,3821.9999999999977,1323.9999999999995,0.15291666666666665,21.780055555555567,0.04733333333333334
E02006551,7884,3309.999999999999,4829.000000000001,578.0,0.0971,14.960066666666659,-0.2848
E02006552,7440,4770.000000000002,2158.0000000000005,1100.0,0.253375,35.130750000000006,0.7662500000000001
E02006553,9944,6061.000000000002,2710.999999999999,1831.000000000001,0.13283333333333336,19.169277777777783,0.06316666666666665
E02006554,6635,3421.999999999998,3018.9999999999973,831.0000000000001,0.11775000000000001,21.276416666666673,-0.004
E02006555,7740,4870.0,1981.999999999999,1362.9999999999993,0.2414,27.39146666666668,0.5982000000000001
E02006556,10629,5670.999999999999,4007.9999999999995,1746.000000000001,0.11575,16.425722222222234,-0.11216666666666668
E02006557,7911,5035.000000000002,1745.0000000000005,1544.0000000000005,0.24269999999999997,26.823,0.5904
E02006558,10932,7054.0,3191.999999999999,1367.0000000000023,0.23191666666666666,32.00266666666666,0.8664999999999999
E02006559,8246,3781.0000000000005,4509.999999999998,832.0,0.0787,14.114133333333319,-0.43520000000000003
E02006560,9724,5237.999999999998,4140.999999999998,1217.0000000000005,0.12816666666666668,20.486388888888868,-0.01499999999999999
E02006561,6841,3968.0,2065.9999999999995,1288.0000000000018,0.08037499999999999,23.418499999999998,-0.54125
E02006562,6195,3559.000000000001,2199.9999999999995,1040.0000000000005,0.075125,29.452416666666675,-0.9225
E02006563,5781,3339.0000000000005,2148.999999999999,847.0000000000009,0.08625,34.743083333333324,-0.7055
E02006564,8094,4436.000000000002,3108.9999999999986,1253.9999999999995,0.11760000000000001,20.7494,-0.6252000000000001
E02006565,8114,4382.999999999998,3152.0000000000027,1249.0,0.09708333333333334,32.39411111111112,-0.6061666666666666
E02006566,8519,4719.999999999998,3280.999999999999,1306.9999999999998,0.11069999999999999,19.40266666666666,-0.5189999999999999
E02006567,7697,4467.999999999998,2669.9999999999995,1267.000000000001,0.1297,24.770666666666653,-0.4668
E02006568,12663,8233.000000000002,3092.000000000002,1981.9999999999984,0.18757142857142856,18.787666666666674,0.15414285714285716
E02006569,9893,5819.0,3211.9999999999973,1574.9999999999986,0.0897,17.22966666666666,-0.8236000000000001
E02006570,9193,5735.999999999998,2872.9999999999977,1092.0000000000014,0.14730000000000001,15.80306666666668,0.0264
E02006571,8824,5104.0,2978.9999999999995,1465.9999999999986,0.12537500000000001,13.261166666666682,-0.5795
E02006572,11837,7310.0,3006.0,2250.0,0.16757142857142857,23.151857142857146,-0.145
E02006573,11737,6309.0,4890.000000000001,1699.0000000000014,0.132,19.885809523809524,-0.4175714285714286
E02006574,10812,5649.0,4956.0,1286.0000000000018,0.14850000000000002,22.649857142857126,0.2037142857142857
E02006575,9198,6038.0,1507.0000000000011,2004.000000000001,0.223,23.6682666666667,0.07279999999999999
E02006576,11271,7062.999999999998,2184.0000000000036,2607.000000000002,0.10775,16.771333333333335,-0.8878333333333334
E02006577,9205,5719.000000000001,1884.9999999999977,1991.0000000000002,0.2072,19.52546666666668,0.08780000000000002
E02006578,13003,8741.999999999998,1870.9999999999995,2763.999999999999,0.19833333333333333,23.17827777777778,-0.109
E02006579,8299,5379.0,1714.0000000000018,1617.9999999999982,0.15250000000000002,20.6066,-0.33440000000000003
E02006580,8326,5174.000000000001,1968.0000000000016,1688.0000000000018,0.1551,17.74446666666668,-0.22800000000000004
E02006581,11274,7313.999999999998,1868.9999999999986,2482.9999999999986,0.21870000000000003,20.81186666666668,0.19559999999999997
E02006582,7812,5071.999999999998,1594.0000000000016,1564.0000000000005,0.059625000000000004,14.742416666666676,-1.4165
E02006583,9368,5915.0,2180.9999999999995,1762.9999999999984,0.14475000000000002,18.155944444444447,-0.4293333333333333
E02006584,7613,5073.0,1269.0000000000018,1719.0000000000014,0.2387,25.69846666666666,0.3678
E02006585,8304,5127.999999999999,1707.0000000000005,1814.0000000000014,0.1981,19.61886666666666,-0.013599999999999998
E02006586,7778,5178.000000000001,1045.9999999999995,1851.9999999999995,0.2211,28.466866666666682,0.11400000000000002
E02006587,8249,5506.0,1500.999999999999,1731.0000000000027,0.2683,26.35873333333334,0.2606
E02006588,10848,6934.999999999999,2294.0,2173.000000000002,0.11757142857142856,16.612999999999992,-0.76
E02006589,11478,6972.000000000002,3363.0,2023.0,0.062625,8.698416666666667,-1.08825
E02006590,8905,5395.0,2504.0000000000027,1599.0000000000007,0.10559999999999999,13.512866666666673,-0.9178000000000001
E02006591,8316,5147.000000000002,2151.000000000001,1440.999999999999,0.10289999999999999,10.799199999999995,-0.7752
E02006592,6710,3854.0,2168.000000000001,1210.9999999999989,0.076125,24.084,-1.21
E02006593,11485,7091.0,2916.000000000003,2041.999999999998,0.1514285714285714,12.811333333333346,-0.21114285714285716
E02006594,11087,6862.999999999998,2383.0000000000014,2389.9999999999986,0.089,9.117952380952392,-0.9727142857142856
E02006595,9117,5014.0,2711.0000000000014,1796.0000000000002,0.0501,17.778600000000004,-1.5846
E02006596,9326,5917.000000000001,2226.0000000000014,1820.0000000000005,0.07466666666666666,9.797500000000005,-1.0673333333333332
E02006597,12869,7767.0000000000055,3244.000000000001,2572.0000000000036,0.10458333333333332,14.437888888888883,-1.0134999999999998
E02006598,5446,3264.0,1935.0,797.0000000000005,0.07975,27.692333333333327,-1.0645
E02006599,6937,3477.000000000002,3486.0,793.0000000000003,0.046875,16.49833333333333,-1.86625
E02006600,9920,5397.0,3875.000000000001,1458.9999999999998,0.13291666666666666,23.235833333333346,-0.6816666666666666
E02006601,8980,4939.0,3102.000000000001,1552.0000000000007,0.11810000000000001,22.1674666666667,-0.9176
E02006602,8871,5138.000000000002,2791.000000000001,1677.9999999999986,0.083,18.38026666666666,-1.3961999999999999
E02006603,8474,4470.000000000003,3485.999999999999,1230.0000000000002,0.0829,16.03926666666666,-1.1718000000000002
E02006604,13559,8455.000000000002,3428.0000000000005,2458.9999999999995,0.12756250000000002,14.59245833333333,-0.59375
E02006605,7018,4318.0,1857.9999999999986,1248.0000000000002,0.074875,16.70808333333335,-1.13025
E02006606,8316,4942.999999999999,2371.0000000000005,1598.0,0.0749,12.520599999999998,-1.4078
E02006607,8032,4544.000000000002,2596.9999999999995,1402.0,0.0651,10.08073333333334,-1.3796
E02006608,6355,3550.999999999999,2123.999999999999,1154.0000000000014,0.06875,15.280583333333352,-1.2925
E02006609,6921,4000.0,2113.0,1240.999999999999,0.0785,25.914416666666675,-1.42875
E02006610,8058,4896.0,2097.0000000000014,1580.9999999999982,0.10370000000000001,21.96506666666668,-0.8844
E02006611,11497,6190.000000000003,3439.0,2476.000000000003,0.061416666666666654,9.264888888888878,-1.4180000000000001
E02006612,12001,7445.000000000002,2811.0000000000014,2222.999999999999,0.08071428571428572,10.978476190476204,-0.8148571428571428
E02006613,7734,4832.999999999999,1698.9999999999998,1576.0000000000007,0.14100000000000001,14.72606666666664,-0.5852
E02006614,13217,7993.0,2972.0000000000005,2864.999999999998,0.10506249999999999,13.297083333333331,-1.0010000000000001
E02006615,7123,4560.999999999998,1546.9999999999986,1392.999999999999,0.0865,10.11,-1.08325
E02006616,10059,6250.999999999999,2358.0,1963.000000000001,0.10791666666666666,12.34327777777778,-0.6803333333333333
E02006617,9218,5702.000000000001,2410.0,1675.9999999999993,0.15675000000000003,15.913722222222205,-0.15816666666666665
E02006618,6514,3748.9999999999995,2112.999999999998,1087.9999999999989,0.048375,6.467666666666668,-1.6135000000000002
E02006619,9198,5359.000000000002,2369.0000000000014,1978.0,0.1041,22.4508,-1.1751999999999998
E02006620,10190,5596.000000000001,3167.0,2009.0,0.07591666666666667,9.991444444444433,-1.46
E02006621,7677,4047.0,3481.9999999999995,883.0,0.066,11.652800000000004,-0.5548
E02006622,7907,4551.0,2542.999999999999,1331.0000000000005,0.14300000000000002,14.85973333333332,-0.08380000000000001
E02006623,8088,4709.000000000001,2296.999999999999,1544.9999999999982,0.2069,19.76686666666666,0.21280000000000002
E02006624,7382,4495.0,2045.9999999999995,1303.0000000000007,0.0618,8.716533333333336,-0.722
E02006625,8021,5257.0,1619.000000000001,1529.0000000000018,0.1117,15.00073333333334,-0.20439999999999997
E02006626,10362,6451.000000000002,1761.9999999999989,2543.000000000002,0.2290833333333333,19.21388888888888,0.4383333333333333
E02006627,9662,5903.999999999999,2611.000000000001,1701.0000000000002,0.14025,13.666111111111116,-0.21633333333333335
E02006628,9017,5969.000000000002,1674.9999999999995,1746.0000000000014,0.16829999999999998,19.28746666666668,0.0422
E02006629,7715,4860.999999999999,1931.9999999999993,1374.9999999999989,0.2096,20.18666666666666,0.298
E02006630,9011,5406.000000000001,3103.9999999999995,1158.0000000000011,0.20229999999999998,19.816866666666662,0.5024000000000001
E02006631,10399,7086.0,2578.000000000001,1350.9999999999986,0.20333333333333334,23.895388888888885,0.49433333333333335
E02006632,8357,4848.999999999999,3039.999999999999,1179.9999999999995,0.092,13.112066666666681,-0.44639999999999996
E02006633,8424,4362.0,3621.9999999999995,1156.9999999999998,0.09209999999999999,11.228933333333327,-0.43179999999999996
E02006634,8589,4951.999999999998,3012.999999999999,1387.0000000000016,0.0794,25.19093333333334,-1.2151999999999998
E02006635,9183,4849.999999999998,2914.000000000001,1635.0000000000007,0.11460000000000001,17.008399999999995,-0.6466000000000001
E02006636,7016,4047.0,2569.9999999999986,1060.000000000001,0.11274999999999999,31.450499999999998,-0.68275
E02006637,11053,6767.0,3056.000000000002,1926.9999999999989,0.1375714285714286,12.4887619047619,-0.366
E02006638,6407,3614.0000000000005,2579.0000000000005,829.9999999999995,0.19325000000000003,17.97299999999998,0.10725000000000004
E02006639,8437,5051.0,3148.0,1067.000000000002,0.1044,29.847733333333338,-0.6532
E02006640,7378,4290.000000000001,2482.999999999999,1224.9999999999989,0.0815,32.41975,-1.099
E02006641,8378,4847.999999999997,2654.999999999999,1515.0000000000007,0.10369999999999999,25.35233333333332,-0.707
E02006642,5726,3497.0,1945.0000000000014,871.9999999999999,0.09583333333333333,33.5527777777778,-0.9813333333333332
E02006644,6920,4012.000000000002,2450.0000000000014,1092.9999999999993,0.105125,21.764333333333298,-0.8302499999999999
E02006645,7956,4753.999999999999,2199.0,1488.9999999999993,0.10625,20.456333333333326,-0.90725
E02006646,8310,4986.000000000002,2130.999999999999,1694.000000000001,0.09019999999999999,14.866466666666664,-0.7203999999999999
E02006647,6290,3598.0,2291.000000000002,1031.0,0.064,27.60866666666665,-1.2185000000000001
E02006648,6326,3642.999999999999,2039.0000000000014,1130.0000000000014,0.0635,26.91533333333333,-1.0262499999999999
E02006649,7718,4708.999999999998,2186.0000000000005,1354.0000000000014,0.1295,12.271250000000027,-0.28874999999999995
E02006650,14409,9327.0,3433.999999999999,2265.0,0.07907142857142857,18.256380952380933,-0.5958571428571429
E02006651,7413,4371.999999999998,2392.0,1263.9999999999984,0.0655,28.882500000000004,-1.5030000000000001
E02006652,9898,6446.000000000002,2219.9999999999986,1743.9999999999998,0.11208333333333335,12.643722222222229,-0.6796666666666668
E02006653,9886,6247.0,2554.999999999999,1800.9999999999982,0.10914285714285714,11.638047619047612,-0.3925714285714285
E02006654,9592,5956.999999999999,2769.0,1479.0000000000014,0.19783333333333333,16.98594444444443,0.1423333333333333
E02006655,8505,5172.0,2701.000000000001,1345.0000000000014,0.0921,24.528600000000022,-0.7536
E02006656,6637,4526.000000000001,1576.0,1103.9999999999986,0.09159999999999999,9.38966666666666,-0.5488
E02006657,11111,6862.999999999999,2349.000000000002,2344.000000000001,0.18008333333333335,18.2787777777778,-0.05416666666666666
E02006658,8028,4887.0,2460.999999999998,1308.0000000000007,0.1246,13.03806666666668,-0.33540000000000003
E02006659,8384,4924.0,2232.9999999999986,1723.999999999999,0.07880000000000001,17.23553333333334,-0.9068000000000002
E02006660,13931,8035.999999999999,4259.000000000001,2568.0,0.12368749999999999,16.98600000000001,-0.5511250000000001
E02006661,10280,6943.000000000001,1181.9999999999986,2430.0,0.06889999999999999,22.406200000000002,-0.5968
E02006662,7477,4559.999999999998,1796.999999999999,1619.000000000001,0.114625,16.387416666666674,-0.46324999999999994
E02006663,13177,8245.999999999998,3075.000000000002,2557.999999999998,0.142125,16.91062499999999,0.09487499999999997
E02006664,6395,3738.0,2213.0,1017.9999999999995,0.07775,21.939666666666675,-0.7447499999999999
E02006665,6797,3571.999999999998,2968.0000000000005,949.9999999999986,0.131625,29.40033333333335,-0.60725
E02006666,6857,4065.999999999999,1705.0,1415.0000000000005,0.14300000000000002,11.424000000000007,-0.18025000000000002
E02006667,7982,4933.999999999998,1342.9999999999995,2027.999999999999,0.25475000000000003,23.05933333333335,0.30425
E02006668,5804,3352.0000000000005,2052.9999999999995,900.0000000000005,0.11925,11.207833333333333,-0.39725
E02006669,10367,5918.0,3747.9999999999995,1605.999999999999,0.11549999999999999,27.063166666666685,-0.5083333333333332
E02006670,7038,4562.999999999998,1853.0000000000011,1094.999999999999,0.10875,16.24275,-0.192
E02006671,6052,3756.0,1878.9999999999995,795.0000000000002,0.138875,17.236166666666676,0.123
E02006672,9726,5694.999999999999,2428.0000000000005,2029.999999999998,0.12483333333333334,14.977111111111128,-0.20566666666666666
E02006673,5047,2812.9999999999995,2033.9999999999995,619.0000000000001,0.12866666666666668,14.7301111111111,-0.2673333333333333
E02006674,5974,3591.000000000001,1636.0000000000023,1122.0,0.143625,13.6035,-0.23375000000000007
E02006675,8003,4614.000000000001,2926.000000000001,1229.9999999999989,0.0716,22.495666666666683,-1.0154
E02006676,6104,3347.999999999999,2517.9999999999995,919.9999999999995,0.10175000000000001,32.13775,-0.7675000000000001
E02006677,8000,4478.000000000003,3035.999999999999,1197.0000000000016,0.07470000000000002,18.412399999999998,-0.8182
E02006678,7902,4764.999999999998,2111.999999999999,1466.9999999999995,0.1618,20.26986666666668,-0.17719999999999997
E02006679,13112,7718.000000000001,3643.0,2543.9999999999977,0.1049375,17.709874999999986,-0.56675
E02006680,7565,4419.0,2504.0000000000014,1202.9999999999989,0.15909999999999996,19.021133333333317,-0.08880000000000003
E02006681,5918,3167.000000000001,2319.999999999999,915.9999999999978,0.0865,19.09825,-0.89175
E02006682,10561,5724.000000000002,3781.9999999999977,1797.000000000001,0.10671428571428573,11.630428571428572,-0.5567142857142858
E02006683,8105,5027.999999999999,2115.999999999999,1506.000000000001,0.11775000000000001,14.815166666666682,-0.46825
E02006684,6895,4500.0,1686.9999999999984,1149.9999999999986,0.22899999999999998,22.17766666666665,0.61375
E02006685,10112,6026.000000000001,2489.0000000000014,2108.000000000001,0.13116666666666668,12.022888888888879,-0.17149999999999999
E02006686,5410,3259.000000000001,1611.0000000000005,917.9999999999989,0.2001666666666667,15.818666666666658,-0.258
E02006687,8157,5212.000000000002,1858.9999999999989,1583.0000000000025,0.17425000000000002,13.669333333333343,-0.14425
E02006688,5515,3474.0000000000005,1500.9999999999995,888.0000000000009,0.14375,16.063333333333325,-0.046500000000000014
E02006689,7046,3946.0000000000005,2413.000000000001,1222.9999999999995,0.088,23.461833333333352,-0.67025
E02006690,7107,4036.999999999999,2566.9999999999986,1150.999999999999,0.1145,22.912533333333336,-0.44560000000000005
E02006692,5819,3486.999999999999,1506.9999999999989,1136.999999999999,0.1135,15.8884166666667,-0.2965
E02006693,6557,4033.000000000002,1930.9999999999993,1044.0000000000007,0.13875,15.40258333333335,-0.3485
E02006694,6138,3612.0,2267.0000000000005,814.9999999999998,0.14475000000000002,16.80991666666666,-0.056999999999999995
E02006695,6372,3531.999999999999,2587.0,893.9999999999995,0.0874,34.61406666666666,-0.7007999999999999
E02006696,7408,4064.000000000001,2052.9999999999986,1525.9999999999966,0.055125,10.81533333333335,-1.5355
E02006697,7422,4296.0,2645.0000000000023,1151.0000000000007,0.0895,23.7984,-0.841
E02006698,6482,3816.000000000001,1982.0,1141.0000000000011,0.11712499999999999,12.928416666666667,-0.24250000000000002
E02006699,6006,3296.0,2085.999999999998,1119.0000000000005,0.114125,12.934916666666677,-0.488
E02006700,6520,3618.999999999999,2313.999999999999,1039.000000000001,0.08825,14.59975,-0.63425
E02006701,7459,4370.999999999999,2150.9999999999995,1454.0000000000002,0.0525,11.209916666666668,-1.3595000000000002
E02006702,6044,3628.999999999999,1598.0,1171.000000000001,0.185125,18.953999999999997,-0.19124999999999998
E02006703,8094,4778.0,2376.9999999999995,1499.9999999999995,0.0666,11.195866666666674,-0.8262
E02006704,7032,3968.999999999998,2309.9999999999995,1231.000000000001,0.09499999999999999,20.495166666666677,-0.7825
E02006705,7493,4534.000000000001,1856.0000000000007,1492.0000000000027,0.162375,14.980916666666676,-0.21550000000000002
E02006706,7062,3967.0,2419.0000000000005,1124.999999999999,0.14625,12.808833333333332,-0.28325
E02006707,6700,3960.999999999999,1700.9999999999993,1324.0000000000018,0.04825,5.942166666666667,-1.2827499999999998
E02006708,8049,5038.000000000002,1637.9999999999984,1735.0000000000002,0.21319999999999997,16.68226666666666,0.028400000000000016
E02006709,8384,5250.000000000002,2342.0,1429.9999999999995,0.0983,15.696399999999974,-0.23479999999999998
E02006710,8496,4714.000000000001,3256.999999999999,1283.9999999999995,0.12425,32.88283333333335,-0.76575
E02006711,8671,4986.0,3069.999999999999,1362.9999999999982,0.092,27.932666666666673,-1.00575
E02006712,7854,4411.000000000002,2793.999999999998,1282.9999999999986,0.104625,21.7395,-0.8674999999999999
E02006713,6340,3668.0,2336.999999999999,879.0000000000006,0.16225,16.349083333333326,-0.10500000000000001
E02006714,6076,3354.0,2330.000000000001,933.9999999999997,0.113625,25.966250000000002,-0.57875
E02006715,8852,5440.999999999998,2604.9999999999986,1454.9999999999986,0.1275,14.565066666666675,-0.5664
E02006716,6551,3903.0,1693.0000000000007,1337.0000000000002,0.318625,21.683500000000024,0.7072499999999999
E02006717,7167,4023.9999999999986,2482.9999999999977,1207.000000000001,0.11399999999999999,21.5962222222222,-0.6163333333333333
E02006718,6221,3385.0,2512.000000000001,853.9999999999993,0.156375,12.91708333333335,1.3877787807814457e-17
E02006719,7545,3977.0,3165.0000000000005,932.0000000000003,0.078,14.470000000000018,-1.0276
E02006720,7297,4106.0,2885.000000000001,1026.0000000000016,0.13824999999999998,30.648333333333326,-0.309
E02006721,6674,3878.999999999999,2038.0,1228.9999999999986,0.09725,11.407750000000007,-0.44625000000000004
E02006722,5424,3483.000000000001,1009.0000000000006,1147.9999999999989,0.2945,26.92033333333335,0.7559999999999999
E02006723,9410,5974.0,1673.000000000001,2137.000000000001,0.21941666666666668,18.60266666666665,0.2416666666666666
E02006724,7040,4653.000000000002,1126.999999999999,1463.9999999999977,0.314,33.405750000000026,0.637
E02006725,5498,3436.0000000000005,1392.0000000000016,1054.0000000000005,0.221,19.469916666666684,0.33875
E02006726,6267,3953.9999999999995,1488.0000000000011,1149.0,0.1805,21.25891666666668,0.07325000000000001
E02006727,5950,3479.9999999999995,1756.0000000000007,1069.999999999999,0.112375,14.47816666666665,-0.22725
E02006728,7767,4604.999999999998,2308.0000000000014,1389.0000000000002,0.0927,12.685733333333326,-0.46980000000000005
E02006729,7745,4645.0,1980.9999999999998,1531.0000000000011,0.15069999999999997,16.910866666666642,-0.032400000000000026
E02006730,6819,4278.999999999999,1044.9999999999986,1671.9999999999998,0.30175,28.82,0.7945
E02006731,5575,3424.999999999999,1694.9999999999998,902.0000000000011,0.17862499999999998,19.10841666666665,0.10524999999999998
E02006732,6967,4226.0,2110.9999999999995,1147.0000000000005,0.08900000000000001,12.894000000000009,-0.48419999999999996
E02006733,5993,3614.000000000002,1931.0000000000002,940.0000000000002,0.09987499999999999,18.39291666666665,-0.7467500000000001
E02006734,8200,4678.000000000001,2668.999999999999,1402.0000000000005,0.07899999999999999,15.41006666666668,-0.5858
E02006735,5576,3433.0,1090.0,1359.0000000000007,0.41862499999999997,32.682333333333354,1.1925
E02006736,6411,4432.999999999997,1327.0,1086.000000000001,0.085375,14.332166666666648,-0.5275
E02006737,8295,5310.999999999999,2117.0000000000027,1405.000000000001,0.13770000000000002,19.39126666666666,-0.1436
E02006738,9271,5896.000000000002,1718.999999999999,2086.999999999998,0.3185,30.647944444444434,0.7043333333333334
E02006739,5705,3681.999999999999,1602.0,656.0000000000003,0.0765,15.182666666666677,-0.39674999999999994
E02006740,7279,5403.000000000001,1503.9999999999998,772.0000000000017,0.1621,26.31086666666666,0.3534
E02006741,6316,4064.999999999999,1278.9999999999995,1280.9999999999995,0.09333333333333332,11.863666666666667,-0.33466666666666667
E02006742,9082,5896.999999999999,1994.0000000000014,1586.9999999999995,0.2052,24.13706666666664,0.061
E02006743,7105,4486.999999999997,1436.0000000000014,1510.9999999999995,0.21687499999999998,21.122916666666676,0.088
E02006744,7560,5231.0,1443.9999999999995,1251.0,0.20309999999999997,28.29553333333332,0.3062
E02006745,8803,5190.999999999999,2687.000000000002,1430.9999999999984,0.1038,15.799133333333334,-0.5926
E02006746,9000,5618.999999999998,2381.999999999999,1496.0000000000007,0.12079999999999999,14.175666666666686,-0.48179999999999995
E02006747,5516,3571.9999999999995,1512.9999999999993,821.0,0.07200000000000001,11.042416666666666,-0.6472500000000001
E02006748,9215,5533.0,2544.9999999999986,1735.9999999999982,0.1297,25.28113333333332,-0.22939999999999997
E02006749,5424,3299.999999999999,1233.0000000000005,1122.0000000000002,0.262375,26.931833333333323,0.4445
E02006750,5514,3084.9999999999995,2098.000000000001,785.9999999999998,0.149,16.143333333333345,-0.16200000000000003
E02006751,5816,3315.9999999999986,1913.0000000000005,955.9999999999992,0.18475000000000003,16.048333333333325,0.23299999999999998
E02006752,8618,5128.999999999999,2517.0000000000005,1545.9999999999986,0.08149999999999999,9.640800000000006,-0.7364
E02006753,7468,4356.0,2384.999999999998,1315.9999999999982,0.10883333333333334,23.932222222222236,-0.6699999999999999
E02006754,5900,3376.0000000000005,2099.9999999999995,928.0000000000014,0.091625,31.3781666666667,-0.69
E02006755,5885,3335.9999999999986,2296.9999999999995,852.9999999999993,0.059625,24.210333333333324,-1.0365
E02006756,7022,4412.999999999998,1705.9999999999989,1340.9999999999989,0.11174999999999999,18.608249999999973,-0.61775
E02006757,7317,4186.0,2935.999999999998,926.0,0.10750000000000001,27.712800000000016,-0.37179999999999996
E02006758,6528,4010.0,2032.0000000000005,1031.9999999999995,0.13274999999999998,20.90791666666665,-0.3185
E02006759,8402,4623.000000000001,3096.0,1325.9999999999986,0.1727,18.225,-0.07139999999999999
E02006760,9092,5186.0,3214.999999999998,1424.9999999999995,0.13741666666666666,21.39833333333333,-0.29
E02006761,6427,4193.0,1490.0,1067.0000000000007,0.21537499999999998,26.902250000000024,0.1845
E02006762,7324,4413.999999999998,2041.9999999999995,1306.0000000000005,0.149125,16.61841666666665,-0.23774999999999996
E02006763,8488,5185.0,2299.0000000000027,1504.0000000000014,0.109375,12.214000000000008,-0.6547499999999999
E02006764,5845,3695.0000000000005,1420.0000000000023,1039.9999999999989,0.163,19.173,-0.07933333333333333
E02006765,6428,3352.999999999998,2883.0,813.9999999999989,0.103375,21.898249999999976,-0.6712499999999999
E02006766,7831,4357.000000000001,3135.0000000000005,1067.9999999999995,0.07841666666666666,25.777444444444438,-0.8433333333333333
E02006767,9907,5554.000000000001,3439.9999999999995,1622.9999999999993,0.1425833333333333,24.854944444444453,-0.434
E02006768,6982,4014.0000000000005,2225.000000000001,1232.9999999999986,0.14140000000000003,17.83433333333334,-0.044399999999999995
E02006769,7088,4285.0,2061.999999999999,1143.9999999999986,0.11070000000000002,16.86779999999998,-0.1558
E02006770,8363,5353.999999999999,1494.0000000000016,1812.9999999999993,0.32380000000000003,25.656333333333322,0.798
E02006771,6807,3740.0,2712.0,934.0000000000001,0.1375,27.27375,-0.175
E02006772,6804,3944.000000000001,2166.000000000001,1118.0,0.17024999999999998,18.851416666666676,0.04675000000000001
E02006773,8282,4695.0,2742.0000000000005,1367.0000000000002,0.20624999999999996,20.034388888888884,0.33483333333333337
E02006774,7541,4776.999999999999,1889.999999999999,1368.9999999999986,0.18380000000000002,21.61679999999999,0.08020000000000001
E02006775,6171,3714.0,1402.0,1355.9999999999995,0.349,29.394583333333326,0.8915000000000001
E02006776,6334,3776.0000000000005,2075.999999999998,978.0000000000007,0.1283,15.11846666666668,-0.22399999999999998
E02006777,7222,3976.0000000000005,3163.999999999999,818.9999999999998,0.1092,32.41373333333334,-0.32199999999999995
E02006778,7333,4112.999999999998,2376.0,1277.9999999999982,0.1292,19.47720000000002,-0.13479999999999998
E02006779,7596,4460.000000000003,2663.9999999999986,1077.0000000000007,0.174375,21.956500000000002,0.08600000000000001
E02006780,5876,3195.000000000001,2293.0000000000014,855.0000000000009,0.211125,27.73199999999997,0.291
E02006781,2281,1368.9999999999995,731.0000000000003,339.0000000000006,0.0455,34.422,-3.1
E02006782,8080,4992.999999999998,1994.0,1578.0,0.1597,20.0836,-0.5319999999999999
E02006783,7718,5117.000000000002,1082.9999999999982,1805.9999999999986,0.3021,30.011333333333333,0.6552
E02006784,7983,5176.0,1602.0000000000014,1580.0000000000016,0.269,27.832466666666658,0.5596
E02006785,6752,4278.000000000001,1663.0000000000002,1250.0000000000014,0.14975,21.023,-0.34025
E02006786,7536,4968.000000000001,1219.9999999999995,1689.0000000000005,0.253,26.982833333333325,0.29275
E02006787,7806,4913.999999999998,1624.9999999999993,1660.9999999999986,0.10149999999999999,16.65353333333334,-0.9456
E02006788,7399,4912.000000000001,1193.0000000000005,1626.0,0.24830000000000002,25.15906666666666,0.08560000000000002
E02006789,6722,3689.9999999999995,2431.000000000002,1102.9999999999995,0.10175000000000001,21.37058333333335,-0.7235
E02006790,7717,4332.0,2502.0,1410.999999999999,0.10487500000000001,17.88841666666667,-0.72275
E02006791,7476,5382.000000000002,1124.0000000000023,1255.0,0.126125,21.4435,-0.5595000000000001
E02006792,9014,6287.0,1713.0000000000007,1361.9999999999993,0.1049,25.954733333333344,-1.0378
E02006793,9496,6178.999999999999,1418.000000000001,2192.0000000000005,0.391,39.80780000000002,0.2812
E02006794,8137,5323.999999999998,1102.0,1963.0000000000002,0.43949999999999995,38.902583333333325,0.54525
E02006795,8172,5240.000000000001,1694.9999999999995,1609.0000000000007,0.17070000000000002,17.35779999999998,-1.0022
E02006796,9928,6432.000000000002,1769.0000000000018,2122.9999999999986,0.15220000000000003,21.64833333333332,-0.46399999999999997
E02006798,8911,6850.999999999999,936.0,1416.9999999999995,0.2639,27.58020000000002,0.5105999999999999
E02006799,12047,7582.999999999999,1543.9999999999995,3173.000000000001,0.2830833333333333,29.127055555555554,0.4163333333333333
E02006800,14805,9744.0,2103.0000000000005,3403.9999999999995,0.24707142857142858,28.383238095238088,-0.3191428571428571
E02006801,9394,7585.999999999996,1305.9999999999984,811.0,0.14189999999999997,27.62073333333334,0.1734
E02006802,9938,7954.0,987.9999999999993,1295.9999999999986,0.1971,25.471666666666682,0.5696
E02006803,9389,5899.000000000002,2527.0,1595.9999999999995,0.0978,11.0718,-0.2572
E02006804,8289,5151.000000000001,2143.0,1518.0000000000016,0.216375,20.96658333333335,0.58075
E02006805,8998,5682.999999999999,1536.0000000000002,2130.9999999999995,0.3083,27.73706666666668,0.9606
E02006806,8615,5326.0,2203.9999999999986,1595.0,0.2021,23.38493333333334,0.5802
E02006807,8261,4995.000000000002,1842.999999999999,1758.0,0.15899999999999997,15.862466666666682,-0.0668
E02006808,6906,4192.0,1661.9999999999984,1417.0000000000011,0.11699999999999999,11.238416666666684,-0.34325
E02006809,10174,6479.000000000002,2375.0,1906.0000000000023,0.19125,19.631,0.10149999999999998
E02006810,10725,6613.0,2773.999999999999,1916.0000000000002,0.19425,24.277722222222234,0.25033333333333335
E02006811,11941,6930.000000000004,3494.000000000001,2248.999999999998,0.08307142857142859,11.04395238095239,-0.26899999999999996
E02006812,7682,4458.999999999999,2405.9999999999995,1395.0000000000011,0.24699999999999997,19.80246666666666,0.7644
E02006813,8292,4886.999999999999,2438.0000000000005,1535.0000000000007,0.2808,23.11906666666666,0.8002
E02006814,7943,4840.999999999999,2362.9999999999995,1365.9999999999998,0.12841666666666665,14.793388888888884,-0.26866666666666666
E02006815,11972,7036.999999999998,2253.999999999998,3107.000000000002,0.28685714285714287,29.234999999999996,0.5212857142857142
E02006816,9248,5454.000000000003,2582.9999999999995,1818.0000000000002,0.1016,13.339999999999998,-1.1698
E02006817,9579,6459.0,1575.9999999999986,1851.0000000000005,0.15009999999999998,26.519133333333343,-0.02520000000000001
E02006818,8587,5055.999999999998,2475.9999999999995,1609.9999999999984,0.10669999999999999,14.731199999999998,-0.547
E02006819,8972,5442.0,1316.000000000001,2435.0000000000036,0.3804,32.83046666666666,1.2693999999999999
E02006820,10866,6317.999999999996,3404.9999999999986,1905.9999999999998,0.10949999999999999,11.841111111111116,-0.5583333333333335
E02006821,6867,4103.0,1796.0000000000018,1339.9999999999989,0.08600000000000001,14.075916666666657,-0.7305000000000001
E02006822,9422,5695.999999999999,2873.0000000000005,1590.0000000000016,0.14491666666666667,18.603888888888882,-0.004833333333333338
E02006823,8977,4932.999999999999,2976.0000000000005,1713.0000000000005,0.05316666666666667,14.189388888888887,-1.6284999999999998
E02006824,9404,5367.0,2837.0,1776.0,0.06183333333333333,11.58083333333334,-1.3339999999999999
E02006825,6325,3738.9999999999995,2005.0000000000005,1028.0000000000014,0.07162500000000001,20.87316666666669,-1.2037499999999999
E02006826,9859,6460.000000000001,2464.999999999999,1544.9999999999995,0.12766666666666668,19.482111111111116,-0.3915
E02006827,7945,4945.000000000002,1990.000000000001,1496.9999999999995,0.2833,26.09626666666666,0.9017999999999999
E02006828,6981,4532.999999999998,1699.9999999999995,1174.0000000000016,0.1288,13.395333333333346,-0.032999999999999995
E02006829,7525,4265.0,2677.0000000000014,1188.0000000000014,0.08080000000000001,10.12013333333332,-0.9968
E02006830,6848,4168.0,1600.999999999999,1401.0000000000014,0.25787499999999997,24.4265,0.33299999999999996
E02006831,6267,3484.0,2364.0000000000005,974.0000000000014,0.085875,9.81175,-0.64075
E02006832,6060,3485.0000000000005,1730.999999999999,1231.9999999999989,0.119125,22.26658333333335,-0.52125
E02006833,12635,7561.999999999999,3528.9999999999995,2413.000000000001,0.12121428571428572,19.9260476190476,-0.5615714285714286
E02006834,7658,4600.000000000001,1891.0000000000018,1573.0000000000002,0.3879,27.6416,1.3052
E02006835,6093,3790.0,1635.9999999999998,1068.0,0.17725000000000002,13.928333333333335,-0.007000000000000006
E02006836,8631,4982.999999999998,2439.0000000000005,1688.0000000000002,0.058499999999999996,9.25546666666666,-1.1916
E02006837,11780,6901.0,3265.0,2248.9999999999995,0.056749999999999995,9.543000000000005,-1.5365
E02006838,7016,3913.0,2763.000000000001,1018.0,0.06460000000000002,15.30253333333332,-1.2898
E02006839,8499,4863.000000000003,2811.9999999999995,1435.999999999999,0.06691666666666667,17.46177777777777,-1.046166666666667
E02006840,11187,6547.0,3442.999999999999,1978.9999999999984,0.17692857142857146,20.388809523809517,0.33371428571428574
E02006841,8022,6154.000000000001,1175.0,902.0,0.24679999999999996,24.230133333333338,1.5126000000000002
E02006842,5283,3229.0000000000005,1142.9999999999989,1120.0000000000007,0.267,28.237333333333336,0.9456666666666668
E02006843,11792,11204.0,127.99999999999967,478.0000000000007,0.06210000000000001,25.696999999999996,0.7614000000000001
E02006844,7683,6806.999999999999,276.0000000000001,625.0000000000008,0.134,26.021166666666677,1.1
E02006845,9805,6058.000000000001,2028.9999999999982,2133.000000000001,0.14933333333333335,15.356777777777785,-0.18699999999999997
E02006846,9866,6505.0,948.9999999999994,2578.9999999999995,0.16666666666666666,15.379666666666665,-0.24083333333333334
E02006847,9773,6421.000000000001,1024.9999999999993,2443.999999999999,0.08700000000000001,11.435222222222215,-0.4058333333333333
E02006848,8645,5875.999999999999,706.9999999999998,2174.0000000000014,0.1035,12.365600000000013,-0.4484
E02006849,10345,6853.0,1641.9999999999998,2249.0,0.07516666666666667,9.306666666666661,-0.9591666666666668
E02006850,9961,8547.000000000002,531.0,898.0,0.165125,36.420166666666645,1.417
E02006851,10212,9419.000000000004,238.9999999999999,581.9999999999995,0.1532,34.1468,0.9046
E02006852,11941,8358.0,2315.000000000001,1740.9999999999986,0.05978571428571428,13.141904761904746,-0.8041428571428569
E02006853,11807,9396.000000000002,569.0,1900.0000000000002,0.20758333333333334,17.377999999999982,0.2618333333333333
E02006854,8336,7165.0,404.9999999999999,905.0000000000006,0.119875,20.119750000000025,0.01100000000000001
E02006855,6295,4395.000000000001,926.9999999999986,1164.9999999999998,0.22124999999999997,22.237583333333326,0.23
E02006856,11085,7841.0,1950.0000000000002,1543.9999999999989,0.14414285714285713,21.230333333333316,-0.1945714285714286
E02006857,9026,5099.000000000001,2906.0000000000014,1610.9999999999995,0.1844,15.925199999999979,0.1356
E02006858,6699,3781.000000000001,2579.000000000001,917.0000000000017,0.18375000000000002,18.562166666666677,0.040499999999999994
E02006859,7546,5203.000000000001,531.0,1874.0000000000002,0.09037500000000001,12.35425,-0.7395
E02006861,13233,12042.999999999998,643.0000000000002,619.9999999999995,0.0785,23.650809523809528,0.49242857142857144
E02006862,6627,4089.999999999999,1765.0000000000007,1294.0000000000014,0.17125,19.710250000000023,0.11
E02006863,12264,8102.999999999999,1198.0000000000014,3188.999999999999,0.129,13.00155555555555,-0.301
E02006864,9195,5293.000000000001,2812.9999999999986,1689.9999999999989,0.12010000000000001,21.291266666666658,-0.20260000000000003
E02006865,8382,4861.0,2531.000000000001,1533.9999999999982,0.15309999999999996,20.87940000000002,-0.1406
E02006866,8752,5372.0,2130.999999999999,1659.9999999999989,0.1205,11.801999999999985,-0.445
E02006867,8167,4741.999999999998,2668.9999999999986,1339.0000000000002,0.10625,10.804999999999994,-0.28
E02006868,12405,8496.0,2040.999999999999,2311.0,0.3301428571428571,28.465619047619054,1.115
E02006869,11318,7202.999999999999,2745.000000000002,2051.000000000002,0.22264285714285714,21.546523809523816,0.5902857142857144
E02006871,12294,7222.0,3623.000000000002,2298.0000000000014,0.18194444444444444,17.340074074074078,0.41622222222222227
E02006872,12917,7538.000000000001,4350.999999999998,2088.000000000002,0.10472222222222223,24.450925925925922,-0.1648888888888889
E02006873,9844,6240.999999999999,713.0000000000003,2895.999999999998,0.12625,10.724777777777772,-0.7443333333333334
E02006874,10450,6517.000000000003,2109.000000000001,2282.9999999999995,0.09740000000000001,16.8918,-0.9618
E02006875,11233,11067.0,112.99999999999949,88.99999999999982,0.0553,25.957333333333338,0.6766
E02006876,7935,5927.0,1003.0000000000011,1203.9999999999995,0.22187500000000002,23.755666666666674,0.7705
E02006877,11283,7132.0,1888.000000000001,2603.0,0.1459,16.10720000000002,-0.03779999999999999
E02006878,13402,8687.000000000002,1041.0000000000007,3761.0000000000023,0.16968750000000002,16.777875000000012,-0.03462499999999999
E02006879,6674,4479.0,1475.999999999999,1130.9999999999998,0.382375,37.97725,1.111
E02006880,6604,4203.0,2042.0,829.0000000000011,0.20700000000000002,23.992833333333323,0.59275
E02006881,10624,6422.000000000001,2767.0,2119.000000000002,0.2422857142857143,30.77047619047617,0.9984285714285714
E02006882,14370,9180.000000000002,3625.000000000001,2545.9999999999986,0.1535,18.987111111111123,-0.8971111111111111
E02006883,5620,3760.0000000000005,1713.9999999999993,540.9999999999998,0.16162500000000002,19.945749999999997,0.21950000000000003
E02006884,12444,7717.0,3179.9999999999995,2341.000000000001,0.26172222222222224,32.77325925925928,0.8859999999999999
E02006885,7460,5061.999999999998,2303.0000000000014,671.000000000001,0.1515,18.061416666666677,0.061
E02006886,14494,8570.999999999996,3715.9999999999986,3077.0000000000005,0.10807142857142858,17.003761904761916,-1.147142857142857
E02006887,10960,9168.000000000002,483.9999999999999,1357.9999999999998,0.21733333333333335,26.27733333333333,1.1778333333333333
E02006888,7293,5144.999999999998,782.9999999999998,1564.999999999999,0.334,33.802888888888866,0.7773333333333333
E02006889,8270,5167.000000000001,818.0,2378.999999999998,0.410375,36.203083333333325,1.1895
E02006890,9253,6768.000000000002,1024.0000000000007,1764.0000000000002,0.22550000000000003,30.657333333333327,0.42674999999999996
E02006891,8410,4936.0,3002.0000000000005,1233.9999999999993,0.1065,14.03386666666664,-0.48360000000000003
E02006892,6285,3583.000000000001,2150.000000000001,1021.0000000000018,0.1995,21.12841666666665,0.19650000000000006
E02006893,11035,6204.000000000001,4141.0,1679.0000000000007,0.1230714285714286,11.852238095238102,0.09585714285714286
E02006894,14900,9256.999999999998,2476.000000000002,3643.000000000002,0.3321111111111111,32.879074074074076,0.7383333333333333
E02006895,9825,7557.000000000001,630.9999999999994,1711.0,0.24380000000000002,19.673533333333342,0.9982
E02006896,7155,6051.0,393.0,832.0000000000014,0.20990000000000003,23.06639999999998,0.7894
E02006897,8973,7128.000000000002,543.9999999999999,1376.0,0.2693,25.05206666666666,0.6638
E02006898,8078,6699.0,565.9999999999987,1007.0000000000005,0.20766666666666667,21.473222222222233,0.5933333333333334
E02006899,6490,6084.0,180.00000000000003,323.00000000000006,0.125,20.421833333333325,0.743
E02006900,15770,9695.0,1681.000000000001,4498.999999999999,0.463625,45.612166666666674,0.944625
E02006902,8499,7613.999999999998,367.00000000000045,585.0000000000006,0.1303,24.89979999999998,1.1622000000000001
E02006903,11038,6498.999999999998,3544.9999999999995,1812.0,0.18700000000000003,18.002999999999997,0.40914285714285714
E02006904,9692,8613.999999999998,491.99999999999943,702.9999999999998,0.13840000000000002,23.306,1.0962
E02006905,8009,5257.000000000001,1141.0,1868.9999999999995,0.30699999999999994,27.093166666666676,0.9035
E02006906,12221,7345.0,3747.0000000000014,2015.0000000000018,0.10921428571428571,14.082333333333333,-0.3945714285714286
E02006907,7349,5712.000000000002,1306.999999999999,683.9999999999998,0.1588,19.810466666666677,0.3332
E02006908,5737,4090.0000000000005,1194.0000000000002,814.9999999999975,0.19816666666666669,21.408,0.22433333333333336
E02006909,13176,7886.999999999999,4560.999999999996,1915.0,0.09692857142857143,10.251666666666665,0.048142857142857154
E02006910,10641,6480.0,2791.999999999998,2141.9999999999977,0.2885,20.663190476190483,0.9482857142857143
E02006912,11983,11484.0,474.0000000000002,126.99999999999966,0.04708333333333333,22.484611111111132,0.7753333333333333
E02006913,7793,5717.999999999999,679.0,1506.9999999999995,0.263625,34.70866666666665,1.2815
E02006914,9405,8894.0,158.99999999999986,323.99999999999983,0.057999999999999996,20.804222222222233,0.835
E02006915,9167,6129.000000000003,842.0000000000001,2354.999999999999,0.39562499999999995,30.15483333333335,1.22675
E02006916,7344,6345.0,418.0000000000004,708.0,0.163625,20.94383333333335,1.0382500000000001
E02006917,8055,7802.0,172.9999999999997,157.99999999999997,0.035699999999999996,19.32940000000002,0.7112
E02006918,8365,5700.0,836.9999999999991,2028.9999999999973,0.3324,27.305066666666665,0.7552000000000001
E02006919,10639,6987.0,1893.0,2262.9999999999995,0.15408333333333332,16.293722222222215,0.124
E02006920,8347,5434.999999999997,1553.0,1729.0000000000005,0.1811,18.742333333333306,0.2966
E02006921,8072,4910.999999999999,968.999999999998,2376.000000000001,0.46975,38.12683333333332,0.6809999999999999
E02006922,14264,8458.0,4181.999999999998,2467.0,0.1661111111111111,18.404518518518532,0.29600000000000004
E02006924,13504,8803.0,2541.999999999999,2672.999999999999,0.210875,20.513958333333342,-0.21787500000000004
E02006925,14339,9317.999999999996,2991.999999999997,2601.0,0.12206249999999999,14.802000000000001,-0.940625
E02006926,7937,5315.000000000002,1078.0000000000002,1802.0,0.1025,15.65606666666666,-0.6216
E02006927,12656,8385.0,2240.9999999999986,2514.0,0.16181250000000003,18.157708333333325,-0.207875
E02006928,12410,9988.0,692.9999999999998,1846.0,0.17207142857142857,17.624142857142857,-0.07571428571428572
E02006930,10179,7628.000000000002,971.0000000000003,1778.0,0.15016666666666667,19.68344444444445,-0.20466666666666666
E02006931,9760,7052.0,1517.9999999999973,1594.0000000000025,0.1537,24.939600000000002,-0.18439999999999998
E02006932,15518,15090.0,160.9999999999997,286.0000000000003,0.05333333333333334,21.339888888888883,1.02
E02006933,7537,6462.0,852.9999999999993,459.9999999999993,0.1601,18.455533333333342,0.8640000000000001
E02006934,7334,6844.000000000002,356.00000000000006,265.00000000000017,0.09949999999999999,24.793166666666675,1.26775
E02006935,7624,4687.999999999998,1892.000000000001,1449.9999999999995,0.3756,26.809399999999982,1.5453999999999999
E02006936,7967,5015.000000000001,1588.9999999999993,1695.0,0.19137500000000002,16.83325,0.66875
E02006937,9740,7095.000000000002,937.0000000000002,1985.0000000000007,0.2724,36.04166666666666,0.4016
E02006938,6947,5191.999999999998,600.9999999999991,1242.000000000001,0.36400000000000005,43.29908333333335,1.00575
E02006939,7767,6265.0,613.0000000000003,1136.000000000001,0.16375,21.870166666666677,0.06175
E02006940,8527,6898.000000000001,597.999999999999,1170.999999999998,0.135,20.53506666666664,0.20540000000000003
E02006941,5198,4766.000000000001,412.00000000000034,258.99999999999994,0.0392,18.13293333333334,-0.4854
E02006942,6643,5447.999999999998,522.9999999999995,855.0000000000005,0.16387500000000002,23.68425,0.12699999999999997
E02006943,7728,4869.0,796.9999999999995,2139.000000000001,0.369625,32.14883333333335,0.8207500000000001
E02006944,8214,5231.0,711.9999999999992,2388.0000000000005,0.32925000000000004,35.0865,0.42075
E02006945,9001,5364.999999999997,2895.999999999998,1490.0000000000025,0.08349999999999999,16.833800000000018,-0.1226
E02006946,5171,3061.999999999998,1608.0000000000002,828.9999999999999,0.11633333333333333,22.640666666666664,0.08266666666666668
E02006947,10399,6835.999999999996,888.9999999999994,2724.000000000002,0.484,48.6986,1.4612
E02006948,6650,4765.999999999998,471.0000000000003,1462.0000000000005,0.393,44.71222222222223,1.3886666666666665
E02006949,6842,5207.0,785.9999999999994,1080.000000000001,0.19883333333333333,25.029666666666667,0.30766666666666664
E02006950,8201,6709.0,435.0000000000001,1155.9999999999993,0.2215,26.705333333333325,0.6885000000000001
E02006951,9348,8727.999999999998,313.0000000000001,381.0000000000001,0.0402,18.14033333333334,0.005200000000000005
E02006952,8653,7850.999999999998,574.0000000000001,361.9999999999998,0.086,21.61453333333332,0.3516
E02006953,10411,8062.999999999999,506.00000000000006,1914.9999999999995,0.18075,22.042777777777783,-0.8223333333333334
E02006954,10373,7227.0,1226.000000000001,2171.0,0.24533333333333332,26.119722222222236,-0.8185000000000001
E02006955,9532,7756.0,413.00000000000097,1375.0,0.17062500000000003,21.564583333333353,-0.3415
E02006956,9868,7248.999999999999,1477.9999999999986,1513.0000000000002,0.202625,30.49991666666665,-0.51475
E02006957,8517,4452.999999999999,810.9999999999995,3306.9999999999995,0.47766666666666663,39.57333333333333,1.3616666666666666
E02006958,8486,5752.000000000001,924.9999999999986,2035.0,0.33262500000000006,33.7405,1.5557500000000002
E02006959,9685,9084.000000000002,361.00000000000006,411.0000000000003,0.10208333333333335,28.130277777777767,0.7484999999999999
E02006960,10662,9082.0,496.99999999999983,1093.0000000000005,0.182,27.320333333333345,0.9236000000000001
E02006961,7318,5585.000000000001,714.9999999999986,1172.9999999999993,0.25699999999999995,25.107222222222234,1.1820000000000002
E02006962,5631,4869.0,368.9999999999992,457.9999999999999,0.12466666666666669,22.81233333333333,0.7183333333333334
E02006963,6769,6365.000000000002,212.9999999999999,294.9999999999999,0.0372,19.008,-0.10560000000000003
E02006964,6645,4274.999999999999,704.9999999999992,1758.0000000000023,0.18533333333333332,16.128222222222234,-0.14133333333333334
E02006965,8600,5487.000000000002,1577.9999999999995,1953.0,0.21149999999999997,20.73066666666667,-0.04099999999999998
E02006966,7400,4817.999999999999,1754.999999999999,1139.0,0.077875,11.524249999999999,-1.1355000000000002
E02006967,7980,4849.0,1940.9999999999989,1685.0000000000007,0.0965,13.35773333333334,-0.819
E02006968,8470,5690.000000000001,1654.0,1522.9999999999993,0.13390000000000002,24.002,-0.8452
E02006969,6578,4952.000000000001,882.9999999999998,1007.0000000000013,0.14450000000000002,21.84816666666668,-0.43025
E02006970,7344,5051.999999999998,888.0000000000026,1600.9999999999998,0.2763333333333334,40.34622222222223,-0.17899999999999996
E02006971,8306,5514.0,1348.0000000000007,1737.0000000000014,0.263625,40.09816666666667,-0.0075
E02006972,5689,4043.000000000002,708.0000000000002,1131.9999999999998,0.235625,24.824833333333352,-0.31225
E02006973,8379,5793.999999999998,1202.0,1650.0000000000005,0.24979999999999997,25.853533333333342,0.0746
E02006974,10873,6862.0,2717.0000000000014,2023.9999999999986,0.2784375,26.759416666666667,1.191125
E02006975,10461,8562.0,776.9999999999998,1126.000000000001,0.232,35.94766666666668,1.31525
E02006976,5286,3303.999999999999,985.0000000000007,1201.9999999999993,0.49933333333333335,37.866222222222234,1.474
E02006978,7747,5774.999999999999,1077.9999999999993,1098.999999999999,0.133875,14.3945,0.16424999999999998
E02006979,6817,5126.000000000001,825.9999999999991,1029.0,0.14825,16.010833333333323,0.222
E02006980,7570,4439.0,2354.9999999999995,1276.0000000000023,0.060375,11.619833333333325,-1.1889999999999998
E02006981,8077,4845.000000000001,2493.9999999999995,1381.000000000001,0.0824,12.526066666666662,-0.8642
E02006982,12307,7266.0,4112.999999999999,2060.999999999998,0.12571428571428572,13.255857142857138,-0.48157142857142865
E02006983,7261,5468.000000000002,764.0,1229.9999999999995,0.25387499999999996,25.350833333333323,1.5075
E02006984,5831,5014.0,381.0,548.9999999999997,0.15887500000000002,19.38625,1.17875
E02006985,9369,5823.999999999999,859.0000000000007,2679.9999999999973,0.43537499999999996,54.78608333333332,0.9027499999999999
E02006986,6362,4053.999999999999,606.0000000000007,1753.0000000000005,0.39033333333333337,43.07155555555557,0.9846666666666666
E02006987,8058,6521.999999999998,539.9999999999992,1164.9999999999993,0.2124,22.90880000000002,0.095
E02006988,7058,4863.0,999.0,1410.000000000001,0.24612499999999998,23.992583333333325,0.31224999999999997
E02006989,5511,3957.0,1046.0000000000002,830.0000000000002,0.31816666666666665,33.092666666666666,1.1306666666666667
E02006990,6929,4837.0,1799.0,817.0000000000005,0.29799999999999993,24.90080000000002,1.176
E02006991,6427,5445.0,400.0,709.9999999999995,0.1095,15.020333333333348,-0.38925000000000004
E02006992,8781,6683.999999999999,783.0000000000005,1540.9999999999998,0.16110000000000002,19.025399999999983,-0.1504
E02006993,8848,6836.0,336.9999999999999,1638.999999999999,0.16208333333333333,15.466388888888881,0.04133333333333333
E02006994,7674,5535.0,784.9999999999992,1574.9999999999995,0.2835,25.88691666666668,0.49825
E02006995,9247,7587.999999999999,155.99999999999977,1455.0000000000016,0.1155,18.93293333333334,-0.3734
E02006996,9304,7484.999999999998,601.0000000000001,1331.000000000002,0.19319999999999998,25.604466666666678,0.28340000000000004
E02006997,7260,6132.999999999998,324.99999999999994,913.0,0.18175,21.95525,0.32075
E02006998,7001,4898.000000000002,627.0000000000002,1611.0000000000005,0.287625,27.793499999999998,0.07875
E02006999,12055,9717.999999999998,306.0,2083.0000000000005,0.11312500000000002,17.057083333333313,-0.3835
E02007000,7802,4673.999999999998,776.9999999999987,2370.0,0.4225,44.00108333333333,0.891
E02007001,8633,5332.999999999999,1043.0000000000007,2337.999999999999,0.31325,41.62625,0.60625
E02007002,11578,6947.0,3551.9999999999977,1913.9999999999982,0.14264285714285715,13.840142857142853,0.3517142857142857
E02007003,10753,6520.999999999998,2877.000000000002,2085.999999999999,0.2754375,32.01975,1.114625
E02007004,6581,4464.0,581.9999999999998,1680.0000000000018,0.21116666666666664,29.37166666666667,0.081
E02007005,8478,5802.999999999999,752.9999999999985,2108.0,0.168375,23.53816666666665,-0.267
E02007006,5946,3270.000000000002,2388.0,743.0000000000002,0.16699999999999998,15.729916666666675,0.33925
E02007007,6816,3848.000000000001,2187.9999999999986,1150.9999999999993,0.16125,12.622833333333343,-0.0049999999999999975
E02007008,6456,5378.000000000002,226.00000000000014,892.0,0.140125,20.758916666666675,-0.1705
E02007009,8903,6505.000000000001,1312.9999999999986,1481.9999999999995,0.2872,27.702866666666637,0.6571999999999999
E02007010,9001,5721.000000000001,1817.9999999999993,1916.999999999999,0.123,19.100944444444433,0.06516666666666666
E02007011,8201,4936.999999999997,1214.9999999999993,2226.999999999998,0.134875,17.272333333333325,-0.09100000000000001
E02007012,8676,5494.999999999999,833.9999999999984,2463.9999999999995,0.11887499999999998,11.937083333333327,-0.5792499999999999
E02007013,10972,7236.000000000002,408.0,3324.999999999999,0.1049,16.875999999999998,-0.34900000000000003
E02007014,7227,4791.000000000001,1099.000000000001,1614.999999999998,0.13,13.593,-0.20525000000000002
E02007015,10085,6654.0,1042.0000000000002,2557.0000000000023,0.10433333333333333,13.82844444444445,-0.10099999999999998
E02007016,9502,6126.000000000001,1375.9999999999998,2317.000000000001,0.0926,13.181533333333345,-0.23220000000000002
E02007017,8840,5527.999999999999,1432.9999999999989,2139.000000000001,0.1951,19.8526,-0.47240000000000004
E02007018,7147,4587.999999999998,927.9999999999997,1845.0000000000014,0.24383333333333335,28.18244444444443,-0.21933333333333335
E02007019,7271,4838.0,666.9999999999991,1874.9999999999995,0.2983333333333333,28.611777777777764,0.106
E02007020,9960,6369.999999999999,1374.0000000000005,2472.9999999999986,0.2914,30.952733333333338,-0.36439999999999995
E02007021,8760,6270.000000000001,1261.0000000000014,1447.9999999999986,0.124875,21.60716666666667,-0.53625
E02007022,12224,6980.999999999998,4697.000000000001,1744.9999999999993,0.11392857142857142,26.054000000000002,0.18157142857142863
E02007023,8009,4976.0,1789.0000000000014,1642.0,0.17500000000000002,15.398,-0.28725
E02007024,6986,4419.999999999998,1871.9999999999995,1150.9999999999998,0.14325,16.74408333333335,-0.38825
E02007025,9051,5802.000000000001,1415.9999999999995,2149.0000000000005,0.1376,22.57193333333334,-0.1876
E02007026,9209,6409.000000000002,471.99999999999994,2384.0,0.1018,17.42900000000002,-0.28500000000000003
E02007027,11836,7341.0,2603.0,2470.000000000001,0.1255,23.064111111111103,-0.26216666666666666
E02007028,6774,4539.000000000001,291.0000000000001,2012.000000000001,0.15237499999999998,17.985500000000002,0.026750000000000003
E02007029,11064,6261.0,4385.000000000002,1505.0000000000002,0.10564285714285715,26.0497619047619,-0.3904285714285714
E02007030,7902,5093.0,1753.0,1440.9999999999989,0.09540000000000001,19.738333333333358,-0.2516
E02007031,8692,5523.0,1984.9999999999986,1675.0,0.055700000000000006,12.71733333333334,-0.8796000000000002
E02007032,6702,3740.000000000001,2544.999999999999,1000.9999999999995,0.20550000000000002,19.24753333333332,0.3536
E02007033,6305,3604.9999999999995,2146.9999999999995,954.9999999999997,0.187,17.91575,0.175
E02007034,8480,5291.999999999998,1517.9999999999973,2005.0,0.11879999999999999,7.853533333333334,-0.7574
E02007035,7937,4363.0,2763.0,1336.0,0.11579999999999999,9.75933333333334,-0.6018
E02007038,13682,8384.0,2562.000000000002,3304.9999999999964,0.35850000000000004,32.48074074074074,0.9386666666666668
E02007039,8230,5034.000000000001,946.9999999999997,2284.0000000000023,0.4524,45.64186666666666,0.7396
E02007040,7771,4763.999999999999,655.0000000000008,2378.0000000000014,0.45299999999999996,47.16341666666665,0.6605
E02007041,10352,5726.0,4250.0,1408.0,0.05541666666666667,27.474333333333323,-1.0973333333333335
E02007042,7140,3989.9999999999995,2420.0,1273.0000000000002,0.15689999999999998,15.28226666666668,-0.0344
E02007043,6278,3793.0000000000005,1745.0000000000018,1143.9999999999993,0.22,18.7078333333333,0.2065
E02007044,8057,5073.0,1838.999999999999,1659.9999999999995,0.1913,20.062266666666652,0.1396
E02007045,6860,3971.000000000002,2401.9999999999973,1006.9999999999991,0.103125,15.854499999999977,-0.57075
E02007046,7078,4094.999999999999,1892.0000000000018,1415.9999999999995,0.23879999999999998,22.553400000000003,0.1678
E02007047,9017,5895.000000000001,1348.999999999999,2066.9999999999973,0.13075,13.602833333333333,-0.33724999999999994
E02007048,7643,4659.999999999998,2365.000000000002,1194.999999999999,0.090125,23.724000000000004,-0.5
E02007049,9196,6008.0,1062.0000000000005,2387.9999999999986,0.0998,11.533600000000002,-0.4638
E02007050,8977,5891.0,1095.000000000001,2230.9999999999986,0.1764,14.60300000000002,0.22420000000000004
E02007051,9070,5755.0,1213.0000000000005,2313.9999999999977,0.15020000000000003,12.607466666666658,0.1224
E02007052,6630,4706.0,1446.0,860.0000000000008,0.3255,25.788,1.28675
E02007053,6426,5252.000000000001,1041.0000000000011,367.9999999999998,0.20283333333333334,22.989888888888867,0.6563333333333333
E02007054,8733,5618.0,1286.9999999999995,2094.0,0.1085,13.69894444444445,-0.5613333333333334
E02007055,7672,4553.0,2483.0000000000014,1201.0000000000014,0.131,14.025666666666675,-0.4285
E02007056,9215,6085.999999999997,982.9999999999993,2338.999999999999,0.10916666666666665,11.879055555555572,-0.39099999999999996
E02007057,7580,5262.999999999998,869.9999999999997,1624.9999999999995,0.11600000000000002,12.01846666666668,-0.135
E02007058,11480,8002.0,2374.9999999999995,1854.999999999997,0.28256250000000005,32.552291666666676,1.140625
E02007059,10569,6884.000000000001,2871.0,1601.9999999999986,0.29464285714285715,22.002571428571432,1.2392857142857143
E02007060,6485,4293.999999999998,1076.0000000000018,1378.9999999999998,0.450625,30.39958333333335,2.093
E02007061,8621,5739.0,937.9999999999985,2141.9999999999995,0.28975,26.847750000000026,1.255
E02007062,7969,5142.999999999999,888.0,2091.9999999999995,0.08025,7.014499999999998,0.018000000000000002
E02007063,9217,6146.0,1351.0000000000005,2088.999999999998,0.05639999999999999,7.201333333333335,-0.3034
E02007064,8040,5026.999999999999,1966.9999999999995,1523.0000000000007,0.15009999999999998,22.98006666666666,-0.2538
E02007065,8267,5565.000000000001,873.9999999999997,2032.999999999999,0.16310000000000002,21.57793333333334,-0.14639999999999997
E02007066,10171,8225.999999999998,603.9999999999995,1359.9999999999989,0.09529999999999998,13.225399999999993,-0.6880000000000001
E02007067,7667,4974.999999999999,1548.9999999999975,1489.000000000001,0.112875,12.831833333333327,-0.75125
E02007068,7102,4770.000000000001,722.9999999999984,1746.999999999999,0.2125,25.755666666666677,-0.579
E02007069,8215,5325.0,1133.0000000000007,1930.000000000001,0.196625,30.710916666666673,-0.58875
E02007070,6340,3875.9999999999973,1570.0,1264.0,0.10225,18.549,-0.39149999999999996
E02007071,10509,6406.999999999997,2257.0000000000005,2305.0000000000014,0.1467,15.813400000000021,-0.1604
E02007072,7855,4861.0,877.0000000000002,2151.999999999998,0.147375,12.445333333333323,0.24974999999999997
E02007073,7853,4895.000000000002,1539.0,1697.9999999999995,0.09812499999999999,12.843083333333325,-0.60425
E02007074,9308,7173.000000000002,624.9999999999999,1603.9999999999998,0.280125,29.641500000000025,0.9590000000000001
E02007075,5421,4578.0,621.9999999999992,471.99999999999955,0.10237500000000001,13.05741666666665,-0.23725000000000002
E02007076,8264,5516.000000000002,796.0000000000003,2153.9999999999995,0.1537,15.971133333333338,-0.269
E02007077,8013,5176.0,814.9999999999994,2196.000000000001,0.16870000000000002,15.84046666666666,-0.003399999999999992
E02007078,5125,3175.0,1545.0,785.0000000000002,0.17533333333333334,14.861444444444432,0.19633333333333333
E02007079,8650,5500.0,1224.9999999999993,2140.0,0.3394,24.957800000000002,0.8238
E02007080,8702,6036.0,643.0000000000001,2228.999999999999,0.072,9.361799999999993,-0.10299999999999998
E02007081,10031,5940.999999999998,3141.0,1714.000000000001,0.1851875,23.99350000000001,0.20900000000000002
E02007082,17873,13194.0,2782.000000000001,2428.999999999999,0.10400000000000002,15.226666666666672,-0.18166666666666667
E02007083,8518,7249.999999999999,409.0000000000001,1033.0,0.0791,20.87746666666668,-0.9117999999999998
E02007084,9835,7442.999999999999,1170.0000000000002,1545.0000000000014,0.2576,23.2592,0.02260000000000002
E02007085,12016,7071.0,3611.0000000000005,2119.9999999999986,0.06707142857142857,15.49080952380952,-1.378
E02007086,11339,7427.0,1168.9999999999993,2960.000000000002,0.12964285714285714,11.659761904761904,-0.8230000000000001
E02007087,6395,4761.000000000001,1001.0,744.0000000000009,0.093,17.131833333333326,-0.575
E02007088,7735,4466.0,2533.9999999999986,1355.9999999999995,0.07820000000000002,28.341866666666657,-1.2998
E02007089,7303,4815.000000000002,1127.0000000000005,1601.999999999999,0.0963,13.725333333333321,-0.6856
E02007090,6119,3744.999999999999,1350.9999999999995,1273.9999999999984,0.14375,11.808416666666686,-0.49975
E02007091,6335,4146.0,1572.9999999999986,1096.0000000000007,0.0845,12.575,-0.5742499999999999
E02007092,5589,3525.999999999999,1496.999999999999,948.0000000000011,0.157,20.9961111111111,-0.33899999999999997
E02007093,8067,4774.000000000002,2593.9999999999995,1353.0000000000011,0.1061,27.650533333333318,-0.7736
E02007094,6933,4216.999999999999,2131.999999999998,1115.0,0.262125,28.73958333333335,0.7955
E02007095,10918,7011.0,1597.0,2643.000000000001,0.12158333333333333,13.505222222222217,-0.0056666666666666905
E02007096,5909,3659.999999999998,1632.9999999999993,1069.0000000000011,0.109125,12.090000000000025,-0.30974999999999997
E02007097,8552,7449.999999999998,625.9999999999992,560.0000000000008,0.100125,23.73291666666667,0.654
E02007098,6766,4308.0,1462.0,1379.000000000002,0.36625,30.024416666666678,1.5642500000000001
E02007099,10856,10143.0,579.9999999999984,293.99999999999994,0.07825,27.091166666666673,0.88375
E02007100,9010,8312.000000000002,497.0000000000001,286.9999999999997,0.103,23.754,0.8860000000000001
E02007101,9735,6021.0,993.0000000000025,2907.0,0.4183,43.64259999999997,1.1374
E02007102,8010,6424.000000000001,695.9999999999994,976.0000000000005,0.26875,31.897166666666678,1.08075
E02007103,6431,4388.0,1018.9999999999995,1302.0000000000007,0.43937499999999996,35.46441666666665,1.99925
E02007104,5562,3646.000000000002,819.0000000000007,1333.0000000000014,0.4948333333333333,34.49988888888887,1.8310000000000002
E02007105,12673,7849.000000000002,3820.000000000002,2052.999999999999,0.1885625,14.255124999999992,0.6044999999999999
E02007106,14796,9303.999999999998,4036.9999999999995,2455.0000000000005,0.11525,9.995733333333337,0.13330000000000003
E02007107,8922,4764.000000000002,3835.0000000000005,1258.0,0.0815,18.972,-0.4668333333333334
E02007108,6026,5036.000000000001,523.9999999999998,622.9999999999995,0.17066666666666666,23.3718888888889,0.48666666666666664
E02007109,7693,5676.0,1184.0000000000011,1166.999999999999,0.21625,21.814333333333302,0.25575
E02007110,7546,6129.0,699.9999999999995,929.0000000000014,0.212125,25.116,0.3845
E02007111,6463,5732.0,297.00000000000017,502.0000000000002,0.13316666666666668,23.762222222222203,0.3123333333333333
E02007112,6686,5821.000000000003,101.9999999999999,750.0000000000016,0.1155,18.750749999999975,-0.15499999999999997
E02007113,8692,6827.0,352.0000000000002,1567.0000000000007,0.21437499999999998,23.39275,0.2525
E02007114,7857,6212.000000000001,463.99999999999875,1202.000000000001,0.19419999999999998,21.74326666666668,0.186
E02007115,12456,10031.0,1692.0000000000014,1200.0000000000027,0.22231249999999997,33.074499999999986,0.48187500000000005
E02007116,7962,6094.0,880.0000000000007,1227.9999999999989,0.139875,23.856749999999977,-0.25575000000000003
