lsoa_code,pop,econ_score,infrastructure_score,health_score,percent_working,percent_child,percent_old
W01000003,2431,30.55,21.24,27.4,0.606334841628959,0.168654874537227,0.313862607980255
W01000004,1283,11.85,19.72,4.5,0.531566640685892,0.133281371784879,0.45128604832424
W01000005,1599,20.75,28.48,15.1,0.519074421513446,0.114446529080675,0.443402126328956
W01000006,1602,9.4,24.7,12.5,0.586142322097378,0.15230961298377,0.35705368289638
W01000007,1744,10.9,26.12,2.2,0.543004587155963,0.150802752293578,0.398509174311927
W01000008,1434,3.45,4.44,3.8,0.541143654114365,0.157601115760112,0.366806136680614
W01000009,1870,20.2,31.98,16.7,0.577005347593583,0.182352941176471,0.308021390374332
W01000010,1770,8.45,19.42,6.4,0.503389830508475,0.12316384180791,0.478531073446328
W01000011,1025,9.1,14.48,3.4,0.602926829268293,0.0604878048780488,0.43609756097561
W01000012,1710,17.2,7.06,12.2,0.528654970760234,0.18187134502924,0.36374269005848
W01000013,2123,2.25,13.76,1.4,0.549222797927461,0.159208666980688,0.381535562882713
W01000014,2264,15.2,13.56,11.8,0.6113074204947,0.201855123674912,0.256625441696113
W01000015,1497,6.4,5.44,5.0,0.512358049432198,0.148964595858383,0.394121576486306
W01000016,1159,60.15,44.26,54.9,0.657463330457291,0.197584124245039,0.186367558239862
W01000017,1757,32.3,26.24,23.8,0.593625498007968,0.220261809903244,0.251565167899829
W01000018,1184,20.3,16.88,15.0,0.541385135135135,0.144425675675676,0.418918918918919
W01000019,1347,6.4,24.4,7.6,0.495174461766889,0.0801781737193764,0.541945063103192
W01000021,2244,12.25,25.94,10.8,0.563725490196078,0.148395721925134,0.407308377896613
W01000022,1569,14.9,34.7,8.9,0.576163161249203,0.15742511153601,0.353728489483748
W01000023,1620,15.8,20.26,15.6,0.583333333333333,0.206172839506173,0.276543209876543
W01000024,1396,14.9,22.32,9.6,0.671203438395416,0.239255014326648,0.111747851002865
W01000025,2178,10.1,21.24,8.5,0.601928374655647,0.195133149678604,0.294765840220386
W01000026,1211,12.5,29.34,12.0,0.529314616019818,0.12056151940545,0.437654830718415
W01000027,1852,11.05,31.22,11.8,0.565334773218143,0.177645788336933,0.323974082073434
W01000028,1975,17.7,31.36,9.6,0.602025316455696,0.187848101265823,0.313417721518987
W01000029,1655,40.5,25.92,39.0,0.6,0.216918429003021,0.221752265861027
W01000030,2316,41.55,25.06,41.1,0.582469775474957,0.214162348877375,0.262521588946459
W01000031,1616,18.6,31.58,8.1,0.574876237623762,0.162747524752475,0.376856435643564
W01000033,1558,53.15,25.4,41.5,0.581514762516046,0.219512195121951,0.265725288831836
W01000034,1561,14.0,12.14,8.4,0.566944266495836,0.218449711723254,0.263292761050609
W01000035,1801,11.25,24.4,8.9,0.55635757912271,0.151027207107163,0.392559689061632
W01000036,1126,53.4,36.98,31.8,0.641207815275311,0.201598579040853,0.208703374777975
W01000037,1213,18.15,17.82,13.9,0.584501236603463,0.191261335531739,0.258037922506183
W01000038,2225,15.95,35.3,14.5,0.576179775280899,0.151460674157303,0.366292134831461
W01000040,1004,4.45,19.42,5.7,0.548804780876494,0.099601593625498,0.474103585657371
W01000041,1616,41.75,29.76,28.9,0.571163366336634,0.274133663366337,0.181311881188119
W01000042,2003,12.05,8.64,12.0,0.614078881677484,0.179231153270095,0.287069395906141
W01000044,1099,2.0,11.88,7.9,0.546860782529572,0.102820746132848,0.442220200181984
W01000047,1227,11.8,24.94,5.1,0.556642216788916,0.175224123879381,0.356153219233904
W01000050,1483,10.35,26.68,4.8,0.605529332434255,0.157113958192852,0.317599460552933
W01000051,1954,13.85,15.46,9.8,0.59467758444217,0.16632548618219,0.316786079836233
W01000052,1076,5.15,13.34,6.8,0.565985130111524,0.205390334572491,0.295539033457249
W01000053,1191,4.25,28.94,2.5,0.642317380352645,0.148614609571788,0.26784214945424
W01000054,1014,10.25,24.38,3.9,0.616370808678501,0.121301775147929,0.351084812623274
W01000056,1723,27.05,32.16,30.5,0.59141033081834,0.224027858386535,0.261752756819501
W01000057,1377,6.7,37.44,4.4,0.55918663761801,0.124909222948439,0.430646332607117
W01000059,2122,32.05,32.64,24.2,0.606032045240339,0.192742695570217,0.270499528746466
W01000060,1246,9.35,45.34,4.4,0.610754414125201,0.124398073836276,0.37239165329053
W01000061,1689,10.65,9.0,6.7,0.492007104795737,0.140319715808171,0.458259325044405
W01000062,2083,7.05,31.32,33.9,0.869899183869419,0.0523283725396063,0.0657705232837254
W01000063,1885,21.8,39.94,16.2,0.616976127320955,0.193633952254642,0.23289124668435
W01000064,2012,15.85,16.34,15.2,0.630715705765408,0.227634194831014,0.18389662027833
W01000065,1028,24.75,22.84,23.6,0.610894941634241,0.164396887159533,0.310311284046693
W01000066,1235,13.35,38.08,10.3,0.537651821862348,0.147368421052632,0.397570850202429
W01000067,1176,9.65,22.7,8.6,0.605442176870748,0.141156462585034,0.356292517006803
W01000068,1407,17.5,10.46,16.4,0.599857853589197,0.157071783937456,0.341862117981521
W01000070,1330,7.65,35.94,3.0,0.591729323308271,0.166917293233083,0.353383458646617
W01000071,2264,13.3,17.9,13.0,0.643551236749117,0.189487632508834,0.23321554770318
W01000072,1662,12.25,11.2,5.1,0.604091456077016,0.172683513838748,0.276774969915764
W01000073,1649,5.65,24.04,3.7,0.579138872043663,0.172225591267435,0.329896907216495
W01000074,1837,11.75,24.02,7.9,0.553075666848122,0.126292868807839,0.424060968971149
W01000075,1442,21.3,29.1,35.2,0.715672676837725,0.156033287101248,0.176144244105409
W01000076,1427,5.6,20.2,9.7,0.766643307638402,0.103013314646111,0.145059565522074
W01000077,1163,21.45,34.78,31.4,0.725709372312984,0.125537403267412,0.185726569217541
W01000078,1560,17.7,38.82,8.7,0.575,0.176282051282051,0.345512820512821
W01000080,1403,8.4,23.34,5.2,0.545260156806842,0.141126158232359,0.395580898075552
W01000081,1988,10.8,21.32,10.2,0.651408450704225,0.150905432595573,0.264587525150905
W01000082,1128,8.65,40.96,5.8,0.603723404255319,0.148049645390071,0.361702127659574
W01000083,1336,2.7,33.98,0.8,0.592065868263473,0.195359281437126,0.300898203592814
W01000084,1043,6.3,29.9,1.4,0.604985618408437,0.120805369127517,0.410354745925216
W01000085,1914,18.95,45.8,12.5,0.538140020898642,0.122257053291536,0.468652037617555
W01000086,2214,15.9,42.82,9.7,0.598464317976513,0.176151761517615,0.30713640469738
W01000087,1841,7.15,7.02,11.9,0.59369907658881,0.185768604019555,0.272134709397067
W01000088,2138,10.85,36.7,5.9,0.563143124415341,0.219363891487371,0.290458372310571
W01000089,1945,6.5,31.96,6.3,0.596401028277635,0.15681233933162,0.336246786632391
W01000090,1313,52.8,30.7,48.6,0.609291698400609,0.246001523229246,0.192688499619193
W01000091,1087,72.2,35.68,64.8,0.624655013799448,0.250229990800368,0.150873965041398
W01000092,3365,0.25,14.56,9.3,0.873402674591382,0.0472511144130758,0.0725111441307578
W01000093,2247,7.7,12.1,8.0,0.564307966177125,0.153538050734312,0.36849132176235
W01000094,1248,8.25,26.22,5.4,0.598557692307692,0.138621794871795,0.342948717948718
W01000095,1281,12.45,25.92,9.8,0.576112412177986,0.168618266978923,0.34192037470726
W01000096,1275,20.5,17.86,14.0,0.592941176470588,0.202352941176471,0.251764705882353
W01000097,1119,29.85,24.92,25.1,0.642537980339589,0.171581769436997,0.238605898123324
W01000098,2551,56.85,30.2,37.9,0.602116816934535,0.277146217169737,0.159937279498236
W01000099,1660,9.1,26.68,8.0,0.618674698795181,0.170481927710843,0.286144578313253
W01000100,1110,5.4,23.18,3.9,0.588288288288288,0.157657657657658,0.353153153153153
W01000101,1400,8.7,19.36,14.3,0.612857142857143,0.18,0.284285714285714
W01000102,1951,2.5,7.48,8.0,0.605330599692465,0.210148641722194,0.235776524859047
W01000103,1129,13.15,27.36,11.4,0.642161204605846,0.147032772364925,0.272807794508415
W01000104,1778,22.95,19.08,22.9,0.56636670416198,0.196850393700787,0.295275590551181
W01000105,1720,14.4,22.06,15.3,0.575,0.188372093023256,0.291279069767442
W01000106,1553,4.85,15.44,7.9,0.508048937540245,0.077269800386349,0.52994204764971
W01000107,1182,14.1,35.08,8.9,0.571912013536379,0.165820642978003,0.338409475465313
W01000108,2071,23.05,27.72,16.4,0.624336069531627,0.141477547078706,0.294060840173829
W01000109,1867,18.7,20.32,14.3,0.580074986609534,0.186395286555972,0.310123192287092
W01000110,1587,15.85,13.38,8.9,0.591052299936988,0.209829867674858,0.266540642722117
W01000111,1559,24.25,30.34,24.9,0.601667735728031,0.156510583707505,0.319435535599743
W01000112,1983,20.6,37.96,13.7,0.612708018154312,0.195158850226929,0.256681795259708
W01000113,1833,15.55,30.4,14.2,0.59683578832515,0.171849427168576,0.314238952536825
W01000114,1406,8.2,36.18,3.0,0.598150782361309,0.15149359886202,0.344950213371266
W01000115,2161,6.1,24.88,7.2,0.619157797316057,0.169828782970847,0.290143452105507
W01000116,1612,8.1,13.52,12.3,0.498138957816377,0.100496277915633,0.499379652605459
W01000117,1490,26.3,16.8,26.8,0.53758389261745,0.173825503355705,0.396644295302013
W01000118,1677,8.15,37.8,5.7,0.608228980322004,0.16994633273703,0.292188431723315
W01000119,2319,6.75,12.28,6.0,0.615782664941785,0.175937904269082,0.275549805950841
W01000121,1180,5.6,34.42,2.3,0.609322033898305,0.142372881355932,0.33728813559322
W01000122,1995,10.1,27.04,5.2,0.596491228070175,0.142355889724311,0.369423558897243
W01000123,1750,19.9,23.24,23.2,0.611428571428571,0.154285714285714,0.307428571428571
W01000124,1872,6.5,28.1,2.6,0.559294871794872,0.133547008547009,0.408119658119658
W01000125,1570,7.4,18.86,6.6,0.594267515923567,0.15031847133758,0.376433121019108
W01000126,1678,10.5,11.0,7.4,0.599523241954708,0.193682955899881,0.285458879618594
W01000127,1344,49.95,31.4,46.0,0.588541666666667,0.197172619047619,0.277529761904762
W01000128,1462,16.5,19.3,11.2,0.55608755129959,0.201778385772914,0.30984952120383
W01000129,1163,24.75,27.6,18.4,0.609630266552021,0.149613069647463,0.308684436801376
W01000130,1355,5.05,17.38,7.7,0.574907749077491,0.0937269372693727,0.434686346863469
W01000131,1704,15.5,9.0,6.6,0.583920187793427,0.200704225352113,0.27406103286385
W01000132,1565,21.5,20.22,25.1,0.60702875399361,0.132907348242812,0.345686900958466
W01000133,1783,4.85,8.16,8.3,0.449803701626472,0.108244531688166,0.529444756029164
W01000134,2004,18.3,22.38,21.1,0.572355289421158,0.167165668662675,0.335329341317365
W01000135,1956,2.9,7.48,2.6,0.474437627811861,0.0869120654396728,0.565439672801636
W01000136,1702,11.55,11.04,10.3,0.5475910693302,0.145123384253819,0.401880141010576
W01000137,1514,4.4,32.84,2.1,0.595112285336856,0.17107001321004,0.340158520475561
W01000138,1931,21.3,17.98,21.0,0.584671154842051,0.172449508026929,0.331434489901605
W01000139,1595,9.35,13.4,6.1,0.603761755485893,0.15987460815047,0.307836990595611
W01000140,1788,23.5,23.94,16.2,0.587807606263982,0.191275167785235,0.291946308724832
W01000141,1499,9.3,7.82,7.6,0.425617078052035,0.0907271514342895,0.591060707138092
W01000142,1641,8.15,7.72,8.8,0.513101767215113,0.130408287629494,0.46617915904936
W01000143,1524,28.5,29.68,30.0,0.615485564304462,0.216535433070866,0.223097112860892
W01000144,1672,71.75,42.16,80.7,0.65311004784689,0.220095693779904,0.170454545454545
W01000145,1325,29.2,21.22,31.5,0.593207547169811,0.194716981132075,0.261132075471698
W01000146,1989,25.4,34.66,14.7,0.641025641025641,0.103569632981398,0.343388637506285
W01000147,1497,12.6,16.56,10.8,0.484301937207749,0.105544422177689,0.507014028056112
W01000148,1127,25.85,17.12,9.9,0.601597160603372,0.21206743566992,0.256433007985803
W01000149,1417,46.3,29.26,44.9,0.510938602681722,0.141848976711362,0.429781227946366
W01000150,1471,16.3,19.12,17.7,0.570360299116247,0.139360978925901,0.380013596193066
W01000151,1539,32.6,25.72,39.4,0.601689408706953,0.217024041585445,0.233918128654971
W01000152,1438,23.95,21.04,34.8,0.587621696801113,0.157858136300417,0.352573018080668
W01000153,1546,14.4,20.48,16.3,0.57503234152652,0.128072445019405,0.398447606727037
W01000154,1394,5.55,11.14,10.8,0.539454806312769,0.122668579626973,0.449067431850789
W01000155,1428,9.05,11.02,8.2,0.488795518207283,0.135854341736695,0.474789915966387
W01000156,1423,15.55,9.32,11.1,0.480674631061138,0.0758959943780745,0.54181307097681
W01000157,1388,41.7,32.0,33.6,0.573487031700288,0.199567723342939,0.297550432276657
W01000158,1559,8.7,10.52,9.6,0.488133418858242,0.105195638229634,0.513790891597178
W01000159,1467,6.8,39.22,6.3,0.572597137014315,0.174505794137696,0.346966598500341
W01000162,1798,6.35,33.78,4.6,0.624026696329255,0.146273637374861,0.330367074527253
W01000163,1378,67.4,44.24,40.8,0.592162554426705,0.264876632801161,0.182148040638607
W01000164,1348,14.35,19.94,9.0,0.630563798219585,0.211424332344214,0.221810089020772
W01000165,1884,2.85,4.86,2.0,0.540870488322718,0.129511677282378,0.432059447983015
W01000166,2849,17.1,12.32,20.9,0.601965601965602,0.21024921024921,0.24008424008424
W01000167,1994,32.5,29.22,26.5,0.585757271815446,0.22567703109328,0.241223671013039
W01000168,1804,29.7,24.7,24.1,0.58980044345898,0.201219512195122,0.286585365853659
W01000169,1815,34.35,25.14,36.4,0.60495867768595,0.137190082644628,0.352617079889807
W01000170,1767,10.5,12.9,7.0,0.579513299377476,0.153367289190719,0.351443123938879
W01000171,1518,22.35,20.08,19.9,0.585638998682477,0.138998682476943,0.376152832674572
W01000172,1253,23.8,25.36,25.6,0.635275339185954,0.193136472466081,0.23463687150838
W01000173,1457,3.6,15.36,1.8,0.608098833218943,0.157172271791352,0.295813315030885
W01000174,1587,3.4,3.34,3.4,0.550094517958412,0.141776937618147,0.386893509766856
W01000175,1512,3.45,3.32,2.9,0.441798941798942,0.101190476190476,0.55489417989418
W01000176,1644,25.0,19.2,28.5,0.638686131386861,0.195255474452555,0.215936739659367
W01000177,1425,7.55,9.28,8.2,0.616842105263158,0.197894736842105,0.253333333333333
W01000178,1969,45.45,30.72,62.0,0.560182833925851,0.209751142712037,0.286439817166074
W01000179,2055,7.5,13.6,12.2,0.484671532846715,0.175669099756691,0.409732360097324
W01000180,1541,2.0,5.62,5.5,0.586632057105775,0.146009085009734,0.36729396495782
W01000181,1409,3.95,4.12,2.2,0.63236337828247,0.188076650106458,0.261178140525195
W01000182,2065,40.55,20.44,42.0,0.543341404358354,0.1409200968523,0.403874092009685
W01000183,1397,11.25,5.88,15.4,0.560486757337151,0.103078024337867,0.422333571939871
W01000184,2212,33.1,38.68,40.7,0.552893309222423,0.131555153707052,0.433996383363472
W01000185,1257,10.2,32.1,9.3,0.623707239459029,0.158313444709626,0.323786793953858
W01000186,1568,43.55,29.12,46.9,0.589923469387755,0.163265306122449,0.314413265306122
W01000187,1482,81.2,39.8,72.5,0.609986504723347,0.234143049932524,0.207827260458839
W01000188,1588,15.05,11.5,7.1,0.556045340050378,0.144836272040302,0.401133501259446
W01000189,1465,7.8,39.46,1.2,0.604778156996587,0.159044368600683,0.338566552901024
W01000190,1436,7.55,35.44,2.2,0.586350974930362,0.166434540389972,0.341225626740947
W01000191,2088,13.8,13.58,19.9,0.615421455938697,0.167145593869732,0.284961685823755
W01000192,999,14.2,37.86,9.6,0.55955955955956,0.155155155155155,0.36036036036036
W01000193,1261,19.85,34.96,13.3,0.606661379857256,0.173671689135607,0.289452815226011
W01000194,2035,26.0,20.86,32.8,0.626044226044226,0.14987714987715,0.282555282555283
W01000195,1471,4.2,4.96,4.2,0.553365057783821,0.153636981645139,0.358259687287559
W01000196,1426,4.55,4.64,10.3,0.595371669004208,0.212482468443198,0.223702664796634
W01000197,1672,7.35,10.08,9.0,0.607057416267943,0.153708133971292,0.315191387559809
W01000198,1349,69.65,41.42,93.0,0.574499629355078,0.25648628613788,0.219421793921423
W01000199,1655,24.4,32.64,29.4,0.601812688821752,0.192749244712991,0.271299093655589
W01000200,1284,6.75,14.2,10.7,0.606697819314642,0.170560747663551,0.29595015576324
W01000201,1770,30.05,24.78,25.4,0.578531073446328,0.217514124293785,0.264971751412429
W01000202,1657,5.2,29.96,4.5,0.580567290283645,0.172601086300543,0.313820156910078
W01000203,2416,3.05,23.6,1.5,0.593129139072848,0.134519867549669,0.401490066225166
W01000204,1516,3.8,17.1,1.2,0.571240105540897,0.143799472295515,0.398416886543536
W01000205,1254,6.0,29.08,5.4,0.547049441786284,0.175438596491228,0.370015948963317
W01000206,2282,6.1,21.92,3.7,0.609991235758107,0.169149868536372,0.310254163014899
W01000207,2369,6.6,25.86,2.9,0.570282819755171,0.17728999577881,0.34233853946813
W01000208,1270,12.05,30.28,12.2,0.606299212598425,0.118897637795276,0.396062992125984
W01000209,1419,19.05,16.82,13.2,0.571529245947851,0.165609584214235,0.330514446793517
W01000210,1399,7.4,13.58,8.4,0.563259471050751,0.11651179413867,0.408148677626876
W01000211,1873,5.85,32.2,3.7,0.562733582487987,0.156433529097704,0.378537106246663
W01000212,2179,7.1,6.52,7.3,0.561266636071592,0.140431390546122,0.384121156493805
W01000213,1335,54.85,28.22,38.9,0.574531835205992,0.205243445692884,0.317602996254682
W01000214,1233,23.45,26.44,36.6,0.572587185725872,0.180859691808597,0.307380373073804
W01000215,1447,5.25,3.72,1.9,0.531444367657222,0.126468555632343,0.434001382170007
W01000216,1305,29.95,22.48,49.0,0.612260536398467,0.168582375478927,0.290421455938697
W01000217,2055,26.5,13.56,15.0,0.57323600973236,0.195133819951338,0.305109489051095
W01000218,1544,28.1,24.48,23.6,0.564766839378238,0.136658031088083,0.383419689119171
W01000219,2668,24.0,17.7,21.6,0.553973013493253,0.212518740629685,0.297976011994003
W01000220,1646,20.15,19.1,29.6,0.475091130012151,0.0868772782503038,0.560145808019441
W01000221,1411,24.25,22.12,20.9,0.564138908575478,0.148830616583983,0.372785258681786
W01000222,1744,14.2,19.92,13.4,0.524655963302752,0.14506880733945,0.399655963302752
W01000223,1258,9.35,16.2,9.2,0.588235294117647,0.131160572337043,0.37758346581876
W01000224,1579,15.2,8.06,12.6,0.556048131728942,0.198860037998733,0.311589613679544
W01000225,1438,17.1,11.12,16.5,0.593184979137691,0.127955493741307,0.345618915159944
W01000226,1538,45.65,29.72,38.7,0.55591677503251,0.168400520156047,0.382314694408322
W01000227,1453,19.05,12.74,18.9,0.534067446662079,0.139710942876807,0.415003441156229
W01000228,1600,54.45,23.92,75.7,0.510625,0.134375,0.3975
W01000229,1491,39.8,23.98,25.3,0.505030181086519,0.132126089872569,0.448021462105969
W01000230,1947,16.35,11.68,18.2,0.565998972778634,0.15356959424756,0.355932203389831
W01000231,1322,23.35,14.68,36.4,0.612708018154312,0.190620272314675,0.291981845688351
W01000232,1603,13.2,6.28,20.4,0.56394260761073,0.182158452900811,0.339987523393637
W01000233,1343,21.45,10.24,21.3,0.570364854802681,0.172002978406552,0.35740878629933
W01000234,2448,40.4,21.44,48.1,0.600898692810457,0.292892156862745,0.129084967320261
W01000235,1317,8.35,8.78,14.1,0.612756264236902,0.185269552012149,0.264996203492787
W01000236,1995,82.45,44.12,95.1,0.588471177944862,0.271177944862155,0.173934837092732
W01000237,1790,89.65,52.76,93.6,0.557541899441341,0.292178770949721,0.172625698324022
W01000238,1808,27.05,26.42,24.5,0.603982300884956,0.226216814159292,0.211836283185841
W01000239,1760,92.9,49.04,99.1,0.633522727272727,0.221022727272727,0.211931818181818
W01000240,1745,100.0,59.7,100.0,0.640687679083095,0.231518624641834,0.1810888252149
W01000241,1509,88.55,55.34,88.1,0.591782637508284,0.279655400927767,0.167660702451955
W01000242,2039,16.95,14.5,19.5,0.584109857773418,0.182932810201079,0.283962726826876
W01000243,2082,14.0,10.98,10.6,0.553314121037464,0.1940441882805,0.269452449567723
W01000244,1622,1.1,5.48,1.5,0.548705302096178,0.143033292231813,0.398890258939581
W01000245,1824,9.55,7.48,10.0,0.581140350877193,0.142543859649123,0.359649122807018
W01000246,1664,22.15,20.48,17.6,0.590745192307692,0.159254807692308,0.335336538461538
W01000247,1802,13.5,21.68,16.2,0.55715871254162,0.111542730299667,0.431742508324084
W01000248,1643,3.0,26.8,2.5,0.590383444917833,0.149726110772976,0.362142422398052
W01000249,1204,1.15,3.62,4.2,0.573920265780731,0.177740863787375,0.312292358803987
W01000250,1391,3.9,4.9,6.0,0.567936736161035,0.134435657800144,0.351545650611071
W01000251,1541,19.3,11.98,12.6,0.582089552238806,0.221933809214796,0.247242050616483
W01000252,1643,5.5,13.62,7.2,0.529519172245892,0.121119902617164,0.427875836883749
W01000253,1851,16.1,15.54,12.9,0.613182063749325,0.172339276066991,0.287412209616424
W01000254,2075,29.8,32.04,34.4,0.630843373493976,0.168192771084337,0.261204819277108
W01000255,2314,9.5,13.36,7.4,0.600259291270527,0.191011235955056,0.259723422644771
W01000256,1560,12.25,12.48,19.6,0.648076923076923,0.201282051282051,0.197435897435897
W01000257,2752,2.25,8.36,4.1,0.609011627906977,0.189316860465116,0.265625
W01000258,2088,7.2,15.92,13.8,0.578544061302682,0.141283524904215,0.37595785440613
W01000259,1664,21.1,17.96,26.5,0.571514423076923,0.186298076923077,0.299278846153846
W01000260,1709,5.55,6.44,9.9,0.608543007606788,0.141603276770041,0.319485078993563
W01000261,1412,5.6,6.66,12.2,0.553824362606232,0.146600566572238,0.356940509915014
W01000262,1448,31.5,20.16,27.2,0.650552486187845,0.212707182320442,0.196132596685083
W01000263,1309,44.95,23.88,51.5,0.614973262032086,0.19022154316272,0.270435446906035
W01000264,1740,7.0,8.28,7.8,0.636206896551724,0.202298850574713,0.222988505747126
W01000265,1512,5.65,9.08,6.1,0.572089947089947,0.161375661375661,0.325396825396825
W01000266,1632,8.65,10.04,8.4,0.614583333333333,0.197916666666667,0.233455882352941
W01000267,2025,2.75,5.6,6.4,0.605432098765432,0.182716049382716,0.238518518518519
W01000268,1667,1.95,7.88,6.1,0.600479904019196,0.167966406718656,0.294541091781644
W01000269,1520,12.65,8.12,16.1,0.588157894736842,0.139473684210526,0.330921052631579
W01000270,1253,0.9,22.3,1.6,0.618515562649641,0.133280127693536,0.345570630486832
W01000271,1211,6.85,21.3,5.1,0.588769611890999,0.147811725846408,0.365813377374071
W01000272,1824,3.35,26.84,3.2,0.56140350877193,0.128289473684211,0.413377192982456
W01000273,1540,21.3,20.96,23.3,0.620779220779221,0.172727272727273,0.261688311688312
W01000274,1947,37.6,27.68,59.0,0.649203903441192,0.191063174114022,0.20698510529019
W01000275,1157,9.1,14.76,6.1,0.645635263612792,0.144338807260156,0.272255834053587
W01000276,1255,7.0,9.14,4.9,0.701195219123506,0.196812749003984,0.151394422310757
W01000277,1354,4.6,7.28,9.9,0.688330871491876,0.175036927621861,0.183161004431315
W01000278,1441,51.35,29.0,65.0,0.640527411519778,0.223455933379598,0.170714781401804
W01000279,1168,6.0,10.76,7.6,0.523972602739726,0.152397260273973,0.397260273972603
W01000280,1723,4.25,9.5,7.4,0.594892629135229,0.202553685432385,0.261752756819501
W01000281,1163,10.95,7.98,8.5,0.561478933791917,0.16079105760963,0.352536543422184
W01000282,1606,0.9,5.26,1.1,0.704234122042341,0.211706102117061,0.13574097135741
W01000283,2367,9.55,14.04,9.4,0.622729193071398,0.193071398394592,0.24376848331221
W01000284,1721,1.1,9.78,0.7,0.6321905868681,0.168506682161534,0.281812899477048
W01000285,1615,0.95,6.82,0.4,0.547987616099071,0.144272445820433,0.389473684210526
W01000286,2142,1.9,11.6,2.5,0.643790849673203,0.200280112044818,0.205882352941176
W01000287,1894,25.75,36.18,24.0,0.582893347412883,0.154171066525871,0.354276663146779
W01000288,2122,48.65,31.44,50.1,0.608859566446748,0.200282752120641,0.24693685202639
W01000289,1313,6.45,8.44,3.6,0.63975628332064,0.182025894897182,0.275704493526276
W01000290,1229,42.8,21.32,58.0,0.573637103336046,0.119609438567941,0.395443449959317
W01000291,1343,13.1,15.68,11.2,0.620253164556962,0.179448994787789,0.255398361876396
W01000292,1460,33.9,22.46,28.3,0.595205479452055,0.248630136986301,0.192465753424658
W01000293,2940,14.9,22.28,12.9,0.678571428571429,0.223469387755102,0.13265306122449
W01000294,1886,4.5,12.3,6.5,0.59915164369035,0.137857900318134,0.345705196182397
W01000295,1609,8.3,7.96,13.5,0.587942821628341,0.151646985705407,0.324425108763207
W01000296,1545,43.15,23.44,58.9,0.576699029126214,0.212297734627832,0.245954692556634
W01000297,1258,17.35,11.68,19.1,0.677265500794913,0.19872813990461,0.18362480127186
W01000298,1461,31.15,21.68,27.8,0.573579739904175,0.134154688569473,0.386036960985626
W01000299,1866,2.6,18.44,2.8,0.551982851018221,0.118435155412647,0.428724544480171
W01000300,1609,4.1,14.58,1.6,0.585456805469236,0.142945929148539,0.348042262274705
W01000301,1720,4.65,20.98,4.7,0.603488372093023,0.136627906976744,0.344767441860465
W01000302,1921,2.85,4.22,0.9,0.558042686100989,0.14263404476835,0.387298282144716
W01000303,1732,1.15,9.26,1.0,0.584295612009238,0.177251732101617,0.321593533487298
W01000304,2079,55.8,34.96,70.9,0.620490620490621,0.1996151996152,0.24050024050024
W01000305,1941,26.25,19.06,20.2,0.580628541988666,0.219474497681607,0.255538382277177
W01000306,2439,28.1,19.28,19.8,0.590405904059041,0.211562115621156,0.261172611726117
W01000307,1456,1.45,10.58,1.3,0.59271978021978,0.162087912087912,0.317994505494505
W01000308,1184,12.3,10.74,12.5,0.578547297297297,0.185810810810811,0.285472972972973
W01000309,2162,18.6,21.36,19.7,0.621184088806661,0.178538390379278,0.264569842738205
W01000310,1917,3.0,18.28,5.9,0.601982263954095,0.160146061554512,0.305164319248826
W01000311,1617,17.25,13.34,18.6,0.606060606060606,0.171923314780458,0.296846011131725
W01000312,1600,17.45,18.0,15.0,0.63125,0.149375,0.29
W01000313,1583,15.1,10.4,12.1,0.605811749842072,0.194567277321541,0.261528742893241
W01000314,1110,20.55,22.1,17.5,0.582882882882883,0.125225225225225,0.375675675675676
W01000315,1985,22.35,13.92,12.7,0.563727959697733,0.176826196473552,0.331486146095718
W01000316,1162,2.05,6.26,2.1,0.542168674698795,0.160929432013769,0.349397590361446
W01000317,1647,0.65,4.32,1.0,0.59805707346691,0.186399514268367,0.286581663630844
W01000318,1208,65.5,39.28,70.4,0.557119205298013,0.243377483443709,0.222682119205298
W01000319,1471,18.75,17.82,15.2,0.607749830047587,0.157036029911625,0.314072059823249
W01000320,1852,32.4,28.28,23.9,0.624730021598272,0.178725701943844,0.281857451403888
W01000321,1651,2.75,3.62,3.1,0.584494245911569,0.153240460327075,0.344033918837068
W01000322,1369,9.45,9.8,12.3,0.539810080350621,0.154857560262966,0.363769174579985
W01000323,1567,2.9,15.72,2.4,0.583280153158902,0.139757498404595,0.358647096362476
W01000324,1454,0.95,6.66,1.6,0.579779917469051,0.16162310866575,0.354883081155433
W01000325,1843,2.95,9.54,5.3,0.561041779706999,0.198589256646772,0.308193163320673
W01000326,2253,1.95,6.46,4.0,0.605415002219263,0.206391478029294,0.24722592099423
W01000327,2580,2.4,6.52,3.5,0.614341085271318,0.189922480620155,0.267441860465116
W01000328,1949,24.65,31.36,22.9,0.677783478707029,0.151359671626475,0.260646485377116
W01000329,1684,22.55,19.54,19.6,0.662114014251782,0.218527315914489,0.175771971496437
W01000330,2086,25.3,19.22,29.1,0.658197507190796,0.188398849472675,0.195589645254075
W01000331,1418,9.6,11.96,12.0,0.650211565585331,0.147390691114245,0.286318758815233
W01000332,2083,12.7,26.88,10.5,0.633701392222756,0.213634181469035,0.206433029284686
W01000333,1439,55.6,32.72,57.1,0.629603891591383,0.25642807505212,0.1591382904795
W01000334,1711,15.7,23.94,19.4,0.659263588544711,0.146697837521917,0.254821741671537
W01000335,1165,44.5,22.72,41.6,0.566523605150215,0.204291845493562,0.308154506437768
W01000336,1425,67.75,38.6,69.6,0.623157894736842,0.230175438596491,0.195789473684211
W01000337,2172,10.95,21.52,12.3,0.656077348066298,0.154696132596685,0.273020257826888
W01000338,1772,12.2,22.22,10.0,0.607787810383747,0.13882618510158,0.359480812641084
W01000339,1681,9.75,22.94,10.3,0.612135633551458,0.160618679357525,0.3081499107674
W01000340,2255,4.15,14.44,6.4,0.597782705099778,0.144567627494457,0.361862527716186
W01000341,1548,17.95,14.64,12.9,0.627906976744186,0.176356589147287,0.253229974160207
W01000342,1512,34.1,18.8,42.2,0.595238095238095,0.225529100529101,0.225529100529101
W01000343,994,2.1,2.66,2.9,0.522132796780684,0.144869215291751,0.423541247484909
W01000344,1184,2.85,5.14,4.9,0.486486486486487,0.127533783783784,0.460304054054054
W01000345,1576,2.85,19.1,3.3,0.538071065989848,0.142766497461929,0.405456852791878
W01000346,1464,4.35,23.14,0.7,0.582650273224044,0.131830601092896,0.398224043715847
W01000347,2821,5.3,9.94,9.7,0.659340659340659,0.213753987947536,0.177242112725984
W01000348,1485,38.2,19.6,40.2,0.596632996632997,0.242424242424242,0.215488215488215
W01000349,2248,12.65,16.28,18.1,0.671263345195729,0.194839857651246,0.187722419928826
W01000350,1884,14.65,29.26,19.8,0.728237791932059,0.177813163481953,0.116772823779193
W01000351,2146,15.65,15.48,15.5,0.640260950605778,0.18452935694315,0.259086672879776
W01000354,1657,12.8,17.64,17.6,0.577549788774894,0.167169583584792,0.302957151478576
W01000355,1737,32.95,21.66,43.0,0.6188831318365,0.184801381692573,0.261945883707542
W01000356,1547,29.95,26.5,37.6,0.619909502262443,0.195216548157725,0.225597931480284
W01000359,1143,9.35,18.08,10.2,0.590551181102362,0.169728783902012,0.308836395450569
W01000360,1226,26.6,19.6,26.0,0.577487765089723,0.195758564437194,0.296900489396411
W01000361,2047,19.95,14.72,17.9,0.561309233023937,0.171958964338056,0.327308255984367
W01000362,1497,44.3,20.74,42.4,0.581830327321309,0.255845023380094,0.217100868403474
W01000363,1451,7.95,5.6,27.2,0.612680909717436,0.15368711233632,0.339765678842178
W01000364,1453,9.65,10.94,11.1,0.614590502408809,0.127322780454233,0.334480385409498
W01000365,2099,8.45,13.82,10.2,0.55597903763697,0.152453549309195,0.367794187708433
W01000366,1537,20.35,14.72,26.3,0.605725439167209,0.218607677293429,0.243331164606376
W01000367,1247,4.65,9.92,9.1,0.672814755412991,0.15878107457899,0.238171611868484
W01000368,1965,0.95,5.86,2.1,0.569974554707379,0.130788804071247,0.396946564885496
W01000369,1273,9.45,6.6,6.9,0.522388059701492,0.128043990573449,0.405341712490181
W01000370,1493,1.3,6.06,4.0,0.56463496316142,0.115204286671132,0.371064969859344
W01000371,1033,22.15,18.78,24.7,0.674733785091965,0.147144240077444,0.240077444336883
W01000372,1537,40.3,22.64,66.6,0.675992192582954,0.102147039687703,0.256994144437215
W01000373,1782,43.2,23.88,42.6,0.623456790123457,0.230639730639731,0.186307519640853
W01000374,1368,33.05,19.2,32.0,0.58406432748538,0.182748538011696,0.291666666666667
W01000375,2068,8.5,15.02,8.2,0.687620889748549,0.199226305609284,0.171179883945841
W01000376,1341,5.75,6.88,8.9,0.574198359433259,0.1834451901566,0.327367636092468
W01000377,1522,7.85,13.46,11.3,0.614323258869908,0.196452036793692,0.247700394218134
W01000378,1284,46.6,26.36,61.8,0.617601246105919,0.253115264797508,0.169781931464174
W01000379,1676,43.4,21.66,42.9,0.599045346062053,0.224343675417661,0.228520286396181
W01000380,1483,4.75,6.28,56.0,0.608226567768038,0.162508428860418,0.31490222521915
W01000381,1115,29.2,15.88,32.3,0.579372197309417,0.158744394618834,0.328251121076233
W01000382,1421,45.5,24.24,52.4,0.643912737508797,0.227304714989444,0.178747361013371
W01000384,1091,4.6,5.92,3.5,0.547204399633364,0.149404216315307,0.393217231897342
W01000385,1782,4.6,6.24,6.4,0.579124579124579,0.142536475869809,0.366442199775533
W01000386,1443,33.95,16.46,38.2,0.630630630630631,0.184338184338184,0.235620235620236
W01000387,1074,4.05,7.2,6.8,0.548417132216015,0.124767225325885,0.40316573556797
W01000388,1052,10.05,7.92,9.4,0.579847908745247,0.187262357414449,0.296577946768061
W01000389,2048,6.6,16.84,7.2,0.634765625,0.142578125,0.2998046875
W01000390,1922,4.3,13.84,11.9,0.5894901144641,0.157127991675338,0.31945889698231
W01000391,1406,8.75,12.04,18.5,0.559032716927454,0.16927453769559,0.332859174964438
W01000392,1642,46.25,21.7,58.6,0.604750304506699,0.250913520097442,0.186358099878197
W01000393,1877,19.9,14.0,22.7,0.568993074054342,0.187000532765051,0.311134789557805
W01000394,1133,2.55,22.54,4.1,0.627537511032657,0.151809355692851,0.329214474845543
W01000395,1050,13.5,19.4,20.1,0.57047619047619,0.181904761904762,0.321904761904762
W01000398,1202,12.95,20.02,11.0,0.57820299500832,0.158901830282862,0.35108153078203
W01000399,1111,1.75,18.66,1.8,0.601260126012601,0.156615661566157,0.351935193519352
W01000400,1909,15.35,11.38,13.8,0.638030382399162,0.193294918805657,0.21372446306967
W01000401,2051,22.45,18.1,20.3,0.62213554363725,0.210628961482204,0.201365187713311
W01000402,2642,17.35,27.52,20.1,0.702498107494323,0.165404996214989,0.185465556396669
W01000403,1344,3.75,20.08,2.3,0.57514880952381,0.146577380952381,0.380208333333333
W01000404,2079,8.15,14.88,6.0,0.594035594035594,0.19047619047619,0.28956228956229
W01000405,2271,36.05,23.64,37.6,0.586525759577279,0.209158960810216,0.242184059885513
W01000406,2164,38.95,25.74,41.0,0.601663585951941,0.231977818853974,0.226432532347505
W01000407,1406,2.4,18.5,2.0,0.630867709815078,0.127311522048364,0.314366998577525
W01000408,1242,19.95,20.34,15.3,0.590982286634461,0.201288244766506,0.263285024154589
W01000409,1929,87.15,48.06,70.6,0.547952306894764,0.293416277864178,0.174701918092276
W01000410,1740,15.9,20.04,16.6,0.604597701149425,0.176436781609195,0.279885057471264
W01000411,1449,40.55,28.28,45.1,0.625948930296756,0.17184265010352,0.245686680469289
W01000412,1468,13.15,26.24,17.5,0.64441416893733,0.157356948228883,0.262942779291553
W01000413,1351,89.85,54.0,92.3,0.54700222057735,0.360473723168024,0.0940044411547002
W01000414,1200,71.15,43.24,66.4,0.624166666666667,0.2475,0.19
W01000415,1402,8.7,8.06,13.0,0.559914407988588,0.148359486447932,0.363052781740371
W01000416,1178,1.05,5.1,4.2,0.599320882852292,0.16723259762309,0.359083191850594
W01000417,1529,0.5,16.7,1.2,0.592544146500981,0.136690647482014,0.361674296926095
W01000418,1757,7.7,18.7,3.9,0.573705179282869,0.193511667615253,0.291405805350028
W01000419,1437,23.85,23.9,33.3,0.625608907446068,0.210855949895616,0.210855949895616
W01000420,1506,18.6,16.18,21.8,0.615537848605578,0.201859229747676,0.240371845949535
W01000422,2114,11.85,11.92,15.8,0.570009460737938,0.156575212866604,0.3519394512772
W01000423,2175,27.3,27.28,25.5,0.64183908045977,0.248275862068966,0.140229885057471
W01000424,1298,18.35,17.56,22.5,0.622496147919877,0.186440677966102,0.278120184899846
W01000425,2112,80.55,42.52,84.1,0.595170454545455,0.259469696969697,0.172348484848485
W01000426,1396,18.0,23.02,19.5,0.583810888252149,0.17621776504298,0.325931232091691
W01000427,1424,11.65,36.86,4.8,0.575842696629214,0.145365168539326,0.400983146067416
W01000428,1349,4.45,26.16,2.6,0.579688658265382,0.15418828762046,0.378057820607858
W01000429,2332,4.6,31.68,0.8,0.594768439108062,0.144939965694683,0.401372212692967
W01000430,1346,5.45,22.0,5.8,0.583209509658247,0.148588410104012,0.357355126300149
W01000431,1223,13.2,13.24,11.0,0.636958299264105,0.16516762060507,0.267375306623058
W01000432,1215,4.25,5.38,3.8,0.534979423868313,0.175308641975309,0.356378600823045
W01000433,2278,8.0,29.76,6.5,0.568481123792801,0.154521510096576,0.365671641791045
W01000434,1806,7.75,24.14,6.3,0.547065337763012,0.140088593576966,0.400332225913621
W01000438,1238,22.8,34.62,17.3,0.491922455573506,0.118739903069467,0.504038772213247
W01000439,2025,4.25,24.54,3.4,0.581728395061728,0.140246913580247,0.34962962962963
W01000440,1338,3.9,23.36,0.4,0.589686098654709,0.12780269058296,0.394618834080717
W01000441,1587,2.65,19.18,3.3,0.585381222432262,0.141776937618147,0.359798361688721
W01000442,2091,5.4,34.08,6.8,0.603060736489718,0.15351506456241,0.339072214251554
W01000443,2307,3.45,23.86,1.3,0.546163849154746,0.152579107065453,0.41135674035544
W01000444,2264,5.95,16.02,3.7,0.546819787985866,0.149734982332155,0.399293286219081
W01000445,1485,7.45,24.24,2.7,0.57979797979798,0.142760942760943,0.398653198653199
W01000446,1727,14.45,5.8,8.5,0.568037058482918,0.126809496236248,0.376375217139548
W01000447,2067,5.05,22.28,1.7,0.578132559264635,0.152394775036284,0.361393323657475
W01000448,1376,13.5,13.4,6.8,0.534156976744186,0.173691860465116,0.364098837209302
W01000449,1514,10.85,17.42,4.6,0.585865257595773,0.113606340819022,0.388375165125495
W01000450,1320,2.8,29.9,2.3,0.543939393939394,0.146212121212121,0.402272727272727
W01000451,1156,13.15,23.36,6.7,0.539792387543253,0.180795847750865,0.355536332179931
W01000452,1979,13.45,36.46,8.1,0.548762001010611,0.132390096008085,0.427993936331481
W01000453,1421,3.95,30.92,1.1,0.56368754398311,0.137227304714989,0.404644616467277
W01000454,1295,39.45,23.52,40.0,0.616216216216216,0.122007722007722,0.34980694980695
W01000455,2221,25.4,18.68,18.2,0.553804592525889,0.210265646105358,0.297163439891941
W01000456,2176,17.5,13.54,14.5,0.552389705882353,0.104319852941176,0.441176470588235
W01000457,2184,2.45,24.92,1.3,0.603937728937729,0.147893772893773,0.342490842490842
W01000458,1882,5.1,17.74,4.3,0.592454835281615,0.146121147715197,0.334750265674814
W01000459,1148,7.2,33.44,2.3,0.567073170731707,0.151567944250871,0.405052264808362
W01000460,1730,9.85,27.96,6.3,0.572832369942197,0.16878612716763,0.327167630057803
W01000461,1633,14.3,26.36,8.4,0.586037966932027,0.156766687078996,0.344151867728108
W01000464,1191,4.2,35.32,1.7,0.54575986565911,0.125944584382872,0.453400503778338
W01000465,1037,0.9,17.24,1.4,0.496624879459981,0.166827386692382,0.429122468659595
W01000466,1373,16.95,10.0,8.1,0.514202476329206,0.199563000728332,0.353241077931537
W01000467,1413,13.3,14.04,8.6,0.59377211606511,0.130927105449398,0.389242745930644
W01000470,2053,8.8,20.0,4.8,0.550901120311739,0.162688748173405,0.37506088650755
W01000471,1787,12.85,29.14,7.0,0.553441522104085,0.129826524902071,0.440402909904868
W01000472,1220,8.95,16.74,5.3,0.537704918032787,0.144262295081967,0.40655737704918
W01000473,2126,18.25,12.58,19.5,0.581843838193791,0.152398871119473,0.345719661335842
W01000474,1785,4.25,31.04,4.9,0.599439775910364,0.152941176470588,0.365826330532213
W01000475,2418,5.8,29.42,1.6,0.569478908188586,0.146401985111663,0.388751033912324
W01000476,1279,5.5,16.18,4.7,0.53010164190774,0.149335418295543,0.413604378420641
W01000477,1548,7.75,30.14,5.1,0.564599483204134,0.148578811369509,0.412144702842377
W01000478,1883,38.65,26.0,41.9,0.633563462559745,0.238449283058948,0.173659054699947
W01000479,1455,36.8,18.74,30.7,0.574570446735395,0.233676975945017,0.237800687285223
W01000480,2110,36.05,22.42,33.0,0.599052132701422,0.190521327014218,0.283886255924171
W01000481,2171,9.9,14.5,8.6,0.610317825886688,0.129433440810686,0.346844771994473
W01000482,1880,8.85,14.44,7.2,0.579255319148936,0.153191489361702,0.337765957446808
W01000483,1842,44.1,23.28,47.2,0.60586319218241,0.227470141150923,0.205211726384365
W01000484,1676,6.35,35.12,1.1,0.558472553699284,0.136634844868735,0.414677804295943
W01000485,1571,10.0,23.12,6.2,0.497772119669001,0.120305537873966,0.505410566518141
W01000486,1108,13.5,18.3,9.2,0.528880866425993,0.149819494584838,0.398014440433213
W01000487,2150,13.1,17.4,15.6,0.549302325581395,0.161860465116279,0.383720930232558
W01000488,2211,4.75,29.08,1.5,0.581637268204432,0.150158299412031,0.369063772048847
W01000489,1770,14.3,11.6,18.5,0.584745762711864,0.161581920903955,0.287570621468927
W01000492,1481,9.55,20.82,11.2,0.62525320729237,0.101958136394328,0.368669817690749
W01000493,1818,1.4,9.08,0.2,0.652915291529153,0.130913091309131,0.265676567656766
W01000494,1749,8.65,18.28,5.8,0.570040022870212,0.159519725557461,0.348770726129217
W01000496,2028,13.05,27.88,12.5,0.584812623274162,0.146449704142012,0.370808678500986
W01000497,1365,3.9,24.4,2.5,0.596336996336996,0.154578754578755,0.323809523809524
W01000498,1513,42.4,38.82,35.1,0.594183740912095,0.17911434236616,0.303370786516854
W01000499,1296,26.5,17.1,29.5,0.560185185185185,0.174382716049383,0.320987654320988
W01000500,1778,14.25,15.6,7.7,0.586051743532058,0.199100112485939,0.292463442069741
W01000501,2207,16.5,16.44,15.3,0.609424558223833,0.147711826008156,0.31354780244676
W01000502,2058,11.55,14.78,12.6,0.550534499514091,0.144314868804665,0.391642371234208
W01000503,1050,2.75,32.18,0.6,0.587619047619048,0.141904761904762,0.39047619047619
W01000504,1089,57.35,26.8,71.7,0.604224058769513,0.188246097337006,0.262626262626263
W01000505,1424,17.3,20.12,18.1,0.583567415730337,0.144662921348315,0.362359550561798
W01000506,1204,15.3,21.8,10.7,0.534883720930233,0.10797342192691,0.485880398671096
W01000507,1184,8.0,21.58,4.4,0.506756756756757,0.123310810810811,0.454391891891892
W01000508,1048,25.55,22.38,8.8,0.550572519083969,0.16412213740458,0.38263358778626
W01000509,1813,24.55,15.4,14.5,0.497517926089355,0.159404302261445,0.425813568670712
W01000510,1199,45.15,15.86,34.9,0.577981651376147,0.179316096747289,0.313594662218515
W01000511,1157,71.7,46.98,44.5,0.626620570440795,0.231633535004322,0.19533275713051
W01000512,1359,3.6,10.04,13.8,0.723325974981604,0.101545253863135,0.222958057395143
W01000513,1993,10.1,42.58,32.2,0.840943301555444,0.0873055694932263,0.095333667837431
W01000515,1385,33.9,18.26,25.0,0.608664259927798,0.217328519855596,0.219494584837545
W01000516,1675,26.6,16.0,29.0,0.608955223880597,0.21910447761194,0.206567164179104
W01000517,1144,15.25,33.76,25.7,0.850524475524476,0.0638111888111888,0.147727272727273
W01000518,1089,15.0,21.24,23.0,0.633608815426997,0.100091827364555,0.343434343434343
W01000519,1789,11.9,25.56,6.7,0.554499720514254,0.14533258803801,0.413079932923421
W01000522,1232,8.45,37.98,10.1,0.573051948051948,0.122564935064935,0.433441558441558
W01000523,1869,7.4,30.36,3.2,0.600856072766185,0.16318887105404,0.325307651150348
W01000524,1892,11.3,23.48,4.9,0.591966173361522,0.128964059196617,0.373678646934461
W01000525,1183,1.0,10.36,3.1,0.540152155536771,0.130177514792899,0.414201183431953
W01000527,1230,18.05,13.82,15.1,0.642276422764228,0.159349593495935,0.222764227642276
W01000528,1407,29.55,15.12,20.5,0.532338308457711,0.211087420042644,0.318407960199005
W01000531,1757,16.95,24.74,12.8,0.532726237905521,0.138873079112123,0.436539556061468
W01000533,1346,21.4,20.1,16.3,0.582466567607727,0.143387815750371,0.37592867756315
W01000534,1449,4.6,18.62,5.1,0.552795031055901,0.172532781228433,0.348516218081435
W01000535,2050,14.05,32.42,13.1,0.577073170731707,0.154634146341463,0.388292682926829
W01000536,1388,13.25,35.1,10.6,0.593659942363112,0.126080691642651,0.420749279538905
W01000537,1412,14.0,37.2,6.7,0.56728045325779,0.145184135977337,0.402266288951841
W01000538,1524,6.1,35.58,6.0,0.534120734908136,0.166010498687664,0.388451443569554
W01000539,1139,10.8,28.72,9.0,0.582967515364355,0.115891132572432,0.410008779631255
W01000540,1247,13.2,26.06,11.3,0.529270248596632,0.156375300721732,0.399358460304731
W01000541,1714,10.35,31.7,9.4,0.569428238039673,0.15169194865811,0.38681446907818
W01000542,2190,12.35,44.7,12.4,0.588584474885845,0.144292237442922,0.356164383561644
W01000543,1967,9.0,37.54,3.5,0.582104728012201,0.164209456024403,0.348754448398576
W01000545,2210,8.5,30.36,2.6,0.557466063348416,0.152036199095023,0.416742081447964
W01000546,1155,25.05,26.22,9.2,0.534199134199134,0.135930735930736,0.425108225108225
W01000547,1176,6.4,20.0,3.4,0.53656462585034,0.142857142857143,0.420918367346939
W01000548,1777,12.4,19.2,14.6,0.540236353404615,0.180078784468205,0.34946539110861
W01000549,1816,4.25,18.12,3.9,0.604074889867841,0.172907488986784,0.303964757709251
W01000550,1159,19.35,28.08,16.1,0.554788610871441,0.158757549611734,0.370146678170837
W01000551,1339,11.3,29.48,4.7,0.577296489917849,0.146377893950709,0.392830470500373
W01000552,1948,6.75,26.42,5.0,0.593429158110883,0.153490759753593,0.336755646817248
W01000553,1188,6.7,24.34,4.8,0.578282828282828,0.124579124579125,0.400673400673401
W01000554,1851,5.65,16.16,8.1,0.573203673689897,0.151269584008644,0.379254457050243
W01000555,1565,4.6,19.42,1.7,0.539936102236422,0.137380191693291,0.429392971246006
W01000556,1207,5.7,24.16,5.6,0.564208782104391,0.153272576636288,0.379453189726595
W01000557,1577,5.85,22.54,9.4,0.569435637285986,0.199746353836398,0.314521242866202
W01000558,2158,9.95,29.06,9.0,0.566728452270621,0.176088971269694,0.325764596848934
W01000559,1443,11.6,29.46,11.3,0.564795564795565,0.147609147609148,0.401940401940402
W01000560,1320,12.6,33.82,5.4,0.571212121212121,0.161363636363636,0.365909090909091
W01000561,1287,13.7,21.1,9.6,0.568764568764569,0.154623154623155,0.355089355089355
W01000562,1624,9.75,24.64,2.4,0.556034482758621,0.143472906403941,0.413177339901478
W01000563,1113,9.65,20.42,13.5,0.566037735849057,0.149146451033243,0.400718778077269
W01000564,1293,9.2,12.86,15.9,0.551430781129157,0.150812064965197,0.387470997679814
W01000565,1875,22.3,15.9,9.7,0.511466666666667,0.139733333333333,0.4304
W01000566,1617,23.5,13.68,9.2,0.554730983302412,0.168212739641311,0.366110080395795
W01000567,2002,19.15,17.52,9.3,0.596403596403596,0.157342657342657,0.332667332667333
W01000569,1172,27.9,14.46,12.3,0.579351535836177,0.24061433447099,0.24061433447099
W01000570,1473,73.5,43.24,73.9,0.619144602851324,0.285132382892057,0.114052953156823
W01000571,2494,25.45,14.56,18.3,0.570168404170008,0.192862870890136,0.30112269446672
W01000572,1832,12.2,13.26,11.4,0.597707423580786,0.170851528384279,0.281659388646288
W01000573,2648,10.95,12.12,7.7,0.597054380664653,0.193731117824773,0.278700906344411
W01000574,1682,9.9,28.5,7.7,0.585612366230678,0.136147443519619,0.391200951248514
W01000575,2791,15.0,15.1,23.5,0.560730920816911,0.188104621999283,0.331064134718739
W01000576,2352,13.0,17.66,14.8,0.558248299319728,0.140731292517007,0.396683673469388
W01000577,1569,6.3,24.08,4.8,0.55640535372849,0.147864882090503,0.400892288081581
W01000578,1723,7.2,19.72,8.6,0.567614625652931,0.128845037724898,0.423099245502031
W01000579,2457,13.5,21.5,3.2,0.552706552706553,0.170533170533171,0.347578347578348
W01000580,2335,7.1,17.14,5.6,0.580728051391863,0.164882226980728,0.325053533190578
W01000581,1409,8.05,23.88,3.4,0.563520227111427,0.112136266855926,0.430092264017033
W01000582,1658,7.65,34.56,4.2,0.566344993968637,0.153196622436671,0.387213510253317
W01000583,1482,12.6,20.6,9.7,0.578947368421053,0.193657219973009,0.280701754385965
W01000584,2006,12.45,23.14,9.4,0.566799601196411,0.154037886340977,0.36839481555334
W01000585,1344,5.35,31.44,4.6,0.60639880952381,0.136904761904762,0.382440476190476
W01000586,2190,33.0,19.78,29.7,0.589954337899543,0.191780821917808,0.282191780821918
W01000587,2060,24.05,20.78,27.1,0.59126213592233,0.149514563106796,0.334466019417476
W01000588,2400,37.7,31.0,37.8,0.607083333333333,0.212083333333333,0.249583333333333
W01000589,1150,28.85,17.84,31.2,0.613913043478261,0.194782608695652,0.244347826086957
W01000590,1191,19.45,12.62,19.6,0.571788413098237,0.142737195633921,0.393786733837112
W01000591,1635,23.05,22.38,18.4,0.617125382262997,0.198165137614679,0.250152905198777
W01000592,1334,51.9,32.12,35.2,0.583958020989505,0.24287856071964,0.218890554722639
W01000594,2170,45.55,29.82,35.7,0.61705069124424,0.197235023041475,0.253456221198157
W01000595,2379,15.05,7.78,13.7,0.556536359815048,0.182429592265658,0.330811265237495
W01000596,1781,4.05,15.66,5.0,0.573834924199888,0.151038742279618,0.359348680516564
W01000597,1057,14.4,14.18,2.7,0.489120151371807,0.12961210974456,0.482497634815516
W01000598,2148,22.25,9.72,14.3,0.582867783985102,0.161080074487896,0.34171322160149
W01000599,1979,25.6,19.52,20.5,0.582617483577564,0.161192521475493,0.329964628600303
W01000600,1575,45.85,28.66,46.7,0.645079365079365,0.15047619047619,0.282539682539683
W01000601,1544,67.2,32.82,59.2,0.563471502590674,0.265544041450777,0.223445595854922
W01000602,1193,24.95,15.26,23.9,0.561609388097234,0.150041911148365,0.377200335289187
W01000603,1821,15.85,22.2,24.1,0.639209225700165,0.155958264689731,0.266886326194399
W01000604,1749,40.65,24.7,35.0,0.599771297884505,0.205260148656375,0.245283018867925
W01000605,1808,18.0,17.38,19.2,0.61283185840708,0.188053097345133,0.276548672566372
W01000606,1695,70.2,37.92,45.8,0.568731563421829,0.270206489675516,0.211799410029499
W01000607,2479,30.7,22.52,35.5,0.582492940701896,0.213795885437676,0.245663574021783
W01000608,1393,23.35,27.18,22.8,0.600143575017947,0.14572864321608,0.335965541995693
W01000609,2424,8.2,8.82,7.2,0.50990099009901,0.110561056105611,0.487623762376238
W01000610,1737,4.5,16.06,10.2,0.530224525043178,0.116868163500288,0.450777202072539
W01000611,2168,4.7,14.3,3.8,0.559040590405904,0.187730627306273,0.320571955719557
W01000612,1757,12.0,15.14,5.5,0.55663062037564,0.12122936824132,0.425725668753557
W01000613,2037,9.1,27.8,2.8,0.54246440844379,0.142857142857143,0.444771723122239
W01000614,1416,11.4,29.36,4.3,0.545197740112994,0.17090395480226,0.380649717514124
W01000617,1539,20.5,30.22,7.6,0.560753736192333,0.171539961013645,0.349577647823262
W01000618,1855,6.8,26.62,6.4,0.616172506738545,0.13099730458221,0.32722371967655
W01000619,2015,13.75,11.62,10.8,0.541935483870968,0.148883374689826,0.4
W01000622,1389,5.6,19.52,4.0,0.584593232541397,0.123830093592513,0.401727861771058
W01000623,2070,5.85,23.28,4.8,0.577294685990338,0.157971014492754,0.352173913043478
W01000624,2362,4.35,21.4,8.8,0.580440304826418,0.160033869602032,0.352667231160034
W01000625,1100,42.9,22.84,44.2,0.573636363636364,0.197272727272727,0.257272727272727
W01000626,1617,36.35,24.44,26.8,0.607915893630179,0.181818181818182,0.286332714904143
W01000627,2392,15.5,12.64,11.0,0.579013377926421,0.188963210702341,0.300167224080268
W01000628,1553,12.15,14.34,23.4,0.587894397939472,0.155183515775918,0.321313586606568
W01000629,1611,28.0,23.2,19.0,0.63625077591558,0.173805090006207,0.248913718187461
W01000630,1632,23.55,15.34,20.0,0.600490196078431,0.217524509803922,0.231004901960784
W01000631,1846,63.35,29.6,53.2,0.59100758396533,0.227518959913326,0.223726977248104
W01000632,1335,22.8,12.54,11.3,0.58501872659176,0.173033707865169,0.32434456928839
W01000633,1400,35.0,24.62,26.9,0.563571428571429,0.160714285714286,0.369285714285714
W01000634,1385,15.05,9.1,10.6,0.526353790613718,0.128519855595668,0.435379061371841
W01000635,2440,7.45,13.96,10.0,0.62827868852459,0.185245901639344,0.260245901639344
W01000636,2484,22.45,12.78,27.9,0.626006441223833,0.221014492753623,0.20048309178744
W01000637,1352,28.5,20.42,36.8,0.585798816568047,0.217455621301775,0.275887573964497
W01000638,1154,42.15,30.3,36.0,0.629116117850953,0.218370883882149,0.193240901213172
W01000639,1538,21.25,13.68,20.0,0.597529258777633,0.206762028608583,0.250325097529259
W01000640,1284,1.8,8.88,2.7,0.55607476635514,0.166666666666667,0.359034267912773
W01000641,2113,30.45,29.0,29.6,0.646947468054898,0.139138665404638,0.282536677709418
W01000642,1717,8.15,12.64,20.7,0.555037856726849,0.137449039021549,0.389633080955154
W01000643,1656,20.75,16.04,27.5,0.590579710144927,0.233091787439614,0.210748792270531
W01000644,1991,6.8,13.1,8.4,0.649422400803616,0.195881466599699,0.173279758915118
W01000645,1911,13.3,13.64,16.7,0.631606488749346,0.212454212454212,0.199895342752486
W01000646,2063,21.75,34.46,14.7,0.555016965584101,0.1308773630635,0.413960252060107
W01000647,1417,7.75,37.72,2.7,0.569513055751588,0.136203246294989,0.394495412844037
W01000648,1450,4.4,38.04,7.5,0.582068965517241,0.148275862068966,0.378620689655172
W01000649,1523,4.75,25.62,4.2,0.585686145764938,0.118844386080105,0.397242284963887
W01000650,1584,7.05,45.46,6.6,0.549873737373737,0.138888888888889,0.430555555555556
W01000651,1464,16.0,15.96,16.0,0.637978142076503,0.136612021857924,0.295081967213115
W01000652,1789,34.05,16.68,37.1,0.570709893795416,0.19284516489659,0.305198434879821
W01000653,1503,14.7,11.72,11.6,0.584830339321357,0.136393878908849,0.355954757152362
W01000654,1716,32.85,35.94,24.3,0.652097902097902,0.1497668997669,0.28030303030303
W01000655,1876,43.95,32.6,38.8,0.57089552238806,0.215884861407249,0.270788912579957
W01000656,2041,33.4,16.42,22.7,0.591376776090152,0.182263596276335,0.296913277804998
W01000657,1140,30.65,25.4,22.9,0.612280701754386,0.149122807017544,0.341228070175439
W01000658,1362,27.35,21.6,23.1,0.591042584434655,0.191629955947137,0.292217327459618
W01000659,1777,40.9,31.12,28.2,0.616769836803602,0.214406302757456,0.219471018570625
W01000660,1511,50.55,25.18,49.5,0.597617471872932,0.178027796161482,0.309728656518862
W01000662,2232,14.65,15.58,17.4,0.609767025089606,0.166666666666667,0.295698924731183
W01000663,2561,10.7,15.24,10.9,0.584146817649356,0.159703240921515,0.337758688012495
W01000664,2639,7.8,13.44,9.1,0.616521409624858,0.192876089427814,0.261083743842365
W01000665,1875,5.05,8.92,5.3,0.6112,0.1616,0.3152
W01000666,1637,11.75,14.38,12.7,0.614538790470373,0.21014050091631,0.237018937080024
W01000667,2110,10.95,15.48,11.9,0.628909952606635,0.188151658767773,0.248341232227488
W01000670,1526,44.6,13.24,38.6,0.576671035386632,0.17824377457405,0.312581913499345
W01000671,2150,13.85,13.7,12.4,0.563720930232558,0.165581395348837,0.348837209302326
W01000672,1512,17.7,41.6,10.0,0.569444444444444,0.150132275132275,0.366402116402116
W01000673,1120,13.05,32.3,9.5,0.566964285714286,0.145535714285714,0.407142857142857
W01000674,2100,6.3,33.46,4.6,0.576190476190476,0.163809523809524,0.371428571428571
W01000675,2058,7.0,25.4,5.7,0.555879494655005,0.146744412050535,0.380466472303207
W01000676,1509,4.75,20.6,3.3,0.552021206096753,0.148442677269715,0.392312789927104
W01000677,1433,20.7,16.44,17.2,0.595254710397767,0.154919748778786,0.327983251919051
W01000678,1412,12.35,31.76,13.2,0.560198300283286,0.114022662889518,0.43413597733711
W01000679,1225,13.25,23.76,7.1,0.583673469387755,0.168979591836735,0.297959183673469
W01000680,2329,7.95,18.44,7.3,0.556032632030915,0.173035637612709,0.352941176470588
W01000681,2137,28.65,27.32,24.6,0.57463734206832,0.186242395882078,0.312119794103884
W01000682,1384,5.85,23.26,2.8,0.558526011560694,0.149566473988439,0.376445086705202
W01000683,1024,11.1,43.12,6.1,0.58984375,0.12109375,0.4169921875
W01000684,1734,9.9,29.56,5.5,0.58477508650519,0.114186851211073,0.407727797001153
W01000685,1540,19.35,34.5,16.9,0.579220779220779,0.187662337662338,0.315584415584416
W01000686,1230,8.95,28.56,8.2,0.568292682926829,0.139024390243902,0.382926829268293
W01000687,1963,11.05,35.36,7.1,0.598064187468161,0.145185939887927,0.371879775853286
W01000688,1714,24.3,36.7,18.1,0.566511085180863,0.17269544924154,0.359393232205368
W01000689,1736,6.35,29.08,3.6,0.569700460829493,0.119815668202765,0.423387096774194
W01000690,1798,12.95,10.34,12.1,0.57174638487208,0.183537263626251,0.311457174638487
W01000691,1847,19.25,9.72,11.5,0.55224688684353,0.18408229561451,0.326475365457499
W01000692,1490,15.05,12.14,15.9,0.619463087248322,0.195302013422819,0.235570469798658
W01000693,1131,24.55,14.04,16.4,0.509283819628647,0.183023872679045,0.366931918656057
W01000694,1495,2.5,16.6,3.0,0.493645484949833,0.161872909698997,0.4
W01000695,2334,15.6,17.6,22.1,0.625107112253642,0.187232219365895,0.256212510711225
W01000696,1702,18.75,21.26,11.4,0.582843713278496,0.175088131609871,0.349588719153937
W01000697,1982,22.05,19.58,18.8,0.588799192734611,0.163471241170535,0.303229061553986
W01000698,2013,23.6,21.42,17.4,0.590163934426229,0.198211624441133,0.294088425235966
W01000699,1496,9.75,20.12,14.8,0.586898395721925,0.167780748663102,0.335561497326203
W01000700,1995,7.2,34.18,3.6,0.5468671679198,0.130827067669173,0.429072681704261
W01000701,1576,14.3,25.96,8.3,0.567258883248731,0.129441624365482,0.373096446700508
W01000702,1211,22.6,25.72,22.3,0.575557390586292,0.170933113129645,0.327828241123039
W01000703,1801,27.85,31.82,27.7,0.646862853970017,0.164908384230983,0.248195446973903
W01000704,1686,10.95,14.06,7.0,0.559905100830368,0.18208778173191,0.329181494661922
W01000705,1989,34.4,24.68,39.5,0.587732528909,0.237807943690297,0.225238813474108
W01000706,1520,28.85,18.28,22.5,0.596052631578947,0.191447368421053,0.268421052631579
W01000707,1435,53.1,25.06,40.3,0.595121951219512,0.239721254355401,0.222996515679443
W01000708,1386,62.6,21.8,68.0,0.563492063492063,0.24963924963925,0.234487734487734
W01000709,2227,8.4,29.74,4.5,0.580601706331388,0.135608441850022,0.38796587337225
W01000710,2125,5.6,8.86,2.9,0.581647058823529,0.136,0.388705882352941
W01000711,2016,41.95,24.46,32.4,0.599702380952381,0.155257936507937,0.327876984126984
W01000712,1716,11.3,13.44,12.4,0.627622377622378,0.172494172494172,0.259324009324009
W01000713,1368,13.65,15.08,12.1,0.58187134502924,0.182017543859649,0.302631578947368
W01000714,1450,31.7,22.88,26.9,0.587586206896552,0.177241379310345,0.300689655172414
W01000715,1305,10.6,9.6,4.9,0.56551724137931,0.131034482758621,0.382375478927203
W01000716,1427,8.35,16.64,7.5,0.578836720392432,0.167484232655922,0.355290819901892
W01000717,1490,27.65,17.24,18.3,0.575838926174497,0.209395973154362,0.295973154362416
W01000718,1413,33.5,19.74,21.0,0.589525831564048,0.184005661712668,0.29723991507431
W01000719,1427,16.1,28.02,15.4,0.583742116327961,0.173090399439383,0.343377715487036
W01000720,1856,8.75,17.72,11.4,0.561961206896552,0.180495689655172,0.353448275862069
W01000721,1447,12.05,20.68,9.2,0.579129232895646,0.213545266067726,0.270905321354527
W01000722,1322,4.15,18.72,4.9,0.51588502269289,0.130105900151286,0.46142208774584
W01000723,1323,9.0,34.0,11.2,0.549508692365835,0.111111111111111,0.472411186696901
W01000724,1947,22.1,17.18,14.7,0.563944530046225,0.187981510015408,0.3256291730868
W01000725,2373,18.6,15.56,22.7,0.545301306363253,0.137378845343447,0.395280235988201
W01000728,2057,6.0,40.14,5.6,0.608653378706855,0.113757899854157,0.387943607194944
W01000729,1224,47.25,19.02,43.7,0.562908496732026,0.215686274509804,0.285947712418301
W01000730,1288,24.7,23.5,18.9,0.59472049689441,0.182453416149068,0.328416149068323
W01000731,2494,17.0,11.14,13.6,0.600641539695269,0.172413793103448,0.30392943063352
W01000732,1316,35.95,30.46,32.0,0.639057750759878,0.170212765957447,0.273556231003039
W01000733,1159,75.35,49.78,89.2,0.617773943054357,0.194132873166523,0.237273511647972
W01000734,1365,48.65,41.34,57.7,0.676923076923077,0.193406593406593,0.178754578754579
W01000735,2375,11.4,17.74,9.9,0.58821052631579,0.151578947368421,0.352421052631579
W01000736,1827,0.75,2.4,0.1,0.50519978106185,0.171319102353585,0.388615216201423
W01000737,1481,2.35,7.3,2.1,0.49628629304524,0.12761647535449,0.464550979068197
W01000738,1759,70.8,26.06,73.6,0.610005685048323,0.237635019897669,0.196702671972712
W01000739,2310,28.8,22.16,33.9,0.70995670995671,0.174458874458874,0.164069264069264
W01000740,1606,12.6,10.52,23.0,0.535491905354919,0.106475716064757,0.435242839352428
W01000741,1939,32.65,13.58,31.3,0.617328519855596,0.184115523465704,0.250128932439402
W01000742,1654,85.4,40.38,89.8,0.64087061668682,0.195284159613059,0.212817412333736
W01000744,1479,37.65,34.94,32.0,0.719405003380663,0.183908045977011,0.183231913455037
W01000745,2757,22.7,28.94,47.1,0.772578890097933,0.134929270946681,0.114254624591948
W01000746,1454,35.15,27.68,29.1,0.718019257221458,0.144429160935351,0.191196698762036
W01000747,1799,22.15,21.98,46.1,0.808782657031684,0.129516397998888,0.0833796553640912
W01000749,2084,20.05,33.56,38.1,0.663147792706334,0.116602687140115,0.269193857965451
W01000750,1419,36.75,18.32,28.3,0.599013389711064,0.132487667371388,0.355884425651868
W01000751,1374,6.6,9.3,6.0,0.565502183406114,0.143377001455604,0.370451237263464
W01000752,1456,52.8,22.56,44.4,0.589285714285714,0.231456043956044,0.230082417582418
W01000753,1403,27.6,16.98,23.5,0.607270135424091,0.214540270848182,0.238061297220242
W01000754,1553,21.15,18.24,26.4,0.640051513200258,0.16741790083709,0.274951706374759
W01000755,1993,22.0,16.8,19.4,0.653286502759659,0.175614651279478,0.24234821876568
W01000756,1464,58.2,26.38,66.9,0.655054644808743,0.177595628415301,0.215846994535519
W01000757,1467,21.65,14.02,21.4,0.537832310838446,0.150647580095433,0.38104976141786
W01000758,1915,15.05,13.12,16.0,0.619843342036554,0.183812010443864,0.257441253263708
W01000759,1527,5.95,9.2,17.0,0.542239685658153,0.123117223313687,0.434839554682384
W01000760,1577,33.2,31.12,28.0,0.637920101458465,0.183893468611287,0.238427393785669
W01000761,1588,25.45,17.6,21.6,0.637909319899244,0.20088161209068,0.207178841309824
W01000762,1660,47.8,31.44,58.3,0.591566265060241,0.268674698795181,0.18433734939759
W01000763,1402,25.4,24.12,15.6,0.628388017118402,0.199001426533524,0.24679029957204
W01000764,1583,22.65,27.62,25.2,0.654453569172457,0.176879343019583,0.229943145925458
W01000765,1729,21.95,25.24,19.5,0.633314054366686,0.174089068825911,0.280508964719491
W01000766,1478,17.35,16.72,15.5,0.637347767253045,0.184709066305819,0.248308525033829
W01000767,1403,39.7,24.5,39.7,0.620099786172488,0.154668567355666,0.300784034212402
W01000768,1335,11.5,8.6,10.5,0.608239700374532,0.158052434456929,0.317602996254682
W01000769,1379,3.75,6.66,1.9,0.572153734590283,0.157360406091371,0.314720812182741
W01000770,1527,3.85,3.52,3.2,0.617550753110675,0.153241650294695,0.29011132940406
W01000771,1312,9.35,10.24,4.9,0.588414634146341,0.18140243902439,0.307926829268293
W01000772,1417,5.95,9.16,2.1,0.570218772053634,0.151729004940014,0.369795342272407
W01000774,1714,17.25,13.84,22.9,0.609684947491249,0.156942823803967,0.289964994165694
W01000775,1672,2.5,24.6,1.8,0.553827751196172,0.119617224880383,0.44677033492823
W01000776,1756,1.6,21.92,0.9,0.529043280182232,0.128132118451025,0.432801822323462
W01000777,1684,4.45,12.68,8.7,0.573634204275534,0.130047505938242,0.372327790973872
W01000778,1747,7.4,7.72,13.6,0.675443617630223,0.155123068116772,0.250143102461362
W01000779,1462,22.8,13.02,24.6,0.616279069767442,0.19562243502052,0.238714090287278
W01000781,1643,0.8,2.22,1.0,0.524650030432136,0.147291539866099,0.393183201460743
W01000782,1112,2.85,1.94,1.2,0.557553956834532,0.170863309352518,0.357014388489209
W01000784,1280,12.85,11.46,17.4,0.56875,0.1609375,0.34453125
W01000785,1781,3.0,4.04,6.2,0.599663110612016,0.189219539584503,0.271195957327344
W01000786,1300,4.55,7.38,8.1,0.590769230769231,0.15,0.356153846153846
W01000787,1450,25.75,28.66,29.7,0.663448275862069,0.186896551724138,0.226896551724138
W01000788,1548,32.25,27.32,30.6,0.634366925064599,0.183462532299742,0.231266149870801
W01000789,1375,42.85,32.06,44.7,0.640727272727273,0.208727272727273,0.204363636363636
W01000790,2865,18.55,28.6,35.8,0.739267015706806,0.132286212914485,0.134380453752181
W01000791,1453,3.65,7.84,8.9,0.708878183069511,0.152099105299381,0.213351686166552
W01000792,1630,3.8,12.52,4.8,0.598773006134969,0.166871165644172,0.32638036809816
W01000793,1917,2.45,11.54,4.7,0.650495565988524,0.19509650495566,0.199791340636411
W01000794,2257,11.6,14.36,10.5,0.689410722197607,0.202481169694284,0.169251218431546
W01000795,1572,8.9,14.18,11.5,0.671119592875318,0.155852417302799,0.253180661577608
W01000797,1509,11.9,10.28,10.4,0.576540755467197,0.152418820410868,0.345261762756793
W01000798,1421,20.15,8.74,16.6,0.546094299788881,0.167487684729064,0.369458128078818
W01000799,1850,50.05,19.86,44.6,0.651351351351351,0.247027027027027,0.131351351351351
W01000800,1460,2.35,16.42,7.0,0.582191780821918,0.172602739726027,0.332191780821918
W01000801,1670,44.5,21.74,54.7,0.659880239520958,0.192814371257485,0.203592814371257
W01000802,2334,23.75,15.54,20.8,0.60497000856898,0.185946872322194,0.278491859468723
W01000803,1884,9.75,34.98,7.8,0.599787685774947,0.178874734607219,0.328556263269639
W01000804,1456,0.8,13.76,0.2,0.481456043956044,0.133928571428571,0.469093406593407
W01000805,1155,0.35,5.88,0.1,0.583549783549784,0.157575757575758,0.357575757575758
W01000806,1463,13.2,19.64,16.3,0.60082023239918,0.165413533834586,0.297334244702666
W01000807,1226,5.0,10.06,8.3,0.615008156606852,0.140293637846656,0.362969004893964
W01000808,1462,16.25,14.72,17.5,0.560875512995896,0.133378932968536,0.363201094391245
W01000809,1483,23.25,21.56,26.6,0.629804450438301,0.16857720836143,0.265677680377613
W01000810,1348,67.9,39.82,78.8,0.591246290801187,0.209940652818991,0.237388724035608
W01000811,1358,44.5,27.24,45.5,0.677466863033873,0.176730486008837,0.229749631811487
W01000812,1473,51.25,34.08,60.0,0.668703326544467,0.196198234894773,0.21724372029871
W01000813,1544,14.3,16.48,11.8,0.636010362694301,0.142487046632124,0.301165803108808
W01000814,1457,55.25,36.06,54.3,0.624571036376115,0.185312285518188,0.249142072752231
W01000815,1471,8.15,17.3,6.8,0.594833446634942,0.133242692046227,0.346023113528212
W01000816,1860,3.65,13.4,6.6,0.646774193548387,0.166666666666667,0.249462365591398
W01000817,1949,75.15,32.22,76.1,0.614161108260647,0.240636223704464,0.203181118522319
W01000818,1492,46.9,24.56,33.4,0.534182305630027,0.239276139410188,0.276139410187668
W01000819,1425,6.55,7.74,5.2,0.564210526315789,0.11719298245614,0.40280701754386
W01000820,1384,20.9,17.34,22.8,0.617052023121387,0.166184971098266,0.277456647398844
W01000821,1466,22.3,15.06,17.3,0.596862210095498,0.171896316507503,0.291268758526603
W01000822,1200,14.1,10.04,15.8,0.5125,0.125,0.46
W01000823,1855,0.7,4.68,0.2,0.499191374663073,0.173045822102426,0.375741239892183
W01000824,1636,3.7,6.24,2.8,0.511002444987775,0.130195599022005,0.441931540342298
W01000825,1300,3.4,11.24,1.8,0.595384615384615,0.124615384615385,0.373076923076923
W01000826,1247,2.35,9.0,1.8,0.540497193263833,0.135525260625501,0.454691259021652
W01000827,1224,1.25,4.16,0.5,0.564542483660131,0.129901960784314,0.395424836601307
W01000828,1650,2.65,13.42,2.0,0.547272727272727,0.113333333333333,0.424848484848485
W01000829,1976,12.15,8.62,13.9,0.593623481781376,0.161943319838057,0.328947368421053
W01000830,1804,91.05,41.92,86.5,0.594789356984479,0.310421286031042,0.124722838137472
W01000831,1760,69.0,32.68,60.3,0.623295454545455,0.230113636363636,0.219886363636364
W01000832,1573,80.1,38.68,81.1,0.635092180546726,0.214240305149396,0.215511760966306
W01000833,1643,92.0,40.9,87.6,0.60438222763238,0.269628727936701,0.153986609860012
W01000834,1418,61.1,31.2,49.7,0.584626234132581,0.245416078984485,0.212270803949224
W01000835,1454,60.0,24.38,61.3,0.565337001375516,0.218019257221458,0.262035763411279
W01000836,2446,53.25,30.58,33.7,0.625102207686018,0.275551921504497,0.131234668847097
W01000837,2345,1.1,10.34,1.7,0.604690831556503,0.221321961620469,0.224733475479744
W01000838,1236,39.0,16.3,38.3,0.592233009708738,0.209546925566343,0.249190938511327
W01000839,1044,1.9,9.94,3.1,0.516283524904215,0.146551724137931,0.409961685823755
W01000840,1615,2.35,2.78,0.5,0.481733746130031,0.142414860681115,0.460061919504644
W01000841,1470,20.0,16.36,19.3,0.614965986394558,0.157823129251701,0.300680272108844
W01000842,1452,13.15,16.72,13.5,0.577823691460055,0.15771349862259,0.329201101928375
W01000843,1329,9.55,5.82,12.7,0.617757712565839,0.176824680210685,0.27614747930775
W01000844,1562,38.15,18.92,63.8,0.606914212548015,0.229833546734955,0.213828425096031
W01000845,2063,4.9,7.96,7.2,0.618516723218614,0.172079495879787,0.276296655356277
W01000846,2114,21.55,14.36,18.0,0.640964995269631,0.210501419110691,0.202932828760643
W01000847,1263,15.4,13.76,13.8,0.59778305621536,0.151227236737926,0.334916864608076
W01000848,1142,47.15,22.36,45.4,0.59369527145359,0.225043782837128,0.230297723292469
W01000849,2217,34.3,25.52,35.0,0.667117726657645,0.207036535859269,0.16147947677041
W01000851,1632,20.85,19.3,16.2,0.61703431372549,0.222426470588235,0.213848039215686
W01000852,1515,17.55,22.1,14.7,0.673927392739274,0.16039603960396,0.218481848184818
W01000853,1705,4.8,6.44,4.3,0.627565982404692,0.174193548387097,0.26217008797654
W01000854,1528,3.8,7.42,2.7,0.62434554973822,0.194371727748691,0.268979057591623
W01000855,1467,3.65,5.46,2.4,0.541922290388548,0.137014314928425,0.421949556918882
W01000856,1801,52.5,17.3,37.9,0.61188228761799,0.174902831760133,0.277623542476402
W01000857,1923,24.65,7.8,26.1,0.520020800832033,0.151326053042122,0.405616224648986
W01000858,1661,2.2,6.94,1.0,0.621312462372065,0.173991571342565,0.258880192655027
W01000859,1433,7.3,5.2,1.8,0.492672714584787,0.132588974180042,0.45778087927425
W01000860,1587,0.3,12.32,0.6,0.520478890989288,0.173282923755514,0.404536862003781
W01000861,2266,0.3,4.48,9.6,0.763018534863195,0.0767872903795234,0.15666372462489
W01000862,1645,91.6,35.94,76.7,0.604255319148936,0.310030395136778,0.112462006079027
W01000863,1728,82.25,41.94,96.6,0.603587962962963,0.269097222222222,0.16087962962963
W01000864,1658,89.2,37.42,86.0,0.594692400482509,0.31664656212304,0.112183353437877
W01000865,1445,42.95,22.74,30.4,0.593079584775086,0.25121107266436,0.204152249134948
W01000866,1169,83.6,32.92,73.0,0.591958939264329,0.251497005988024,0.178785286569718
W01000867,1268,76.4,33.36,85.0,0.631703470031546,0.227129337539432,0.202681388012618
W01000868,1089,6.6,6.46,2.9,0.581267217630854,0.170798898071625,0.31404958677686
W01000869,1579,17.45,15.32,12.8,0.711209626345788,0.100063331222293,0.250158328055731
W01000870,1524,4.05,12.14,4.1,0.767716535433071,0.0931758530183727,0.195538057742782
W01000871,1956,12.95,31.92,16.9,0.831799591002045,0.0879345603271984,0.100204498977505
W01000872,1407,2.1,6.3,3.0,0.628287135749822,0.154228855721393,0.289267945984364
W01000873,1621,3.15,21.1,23.7,0.875385564466379,0.0493522516964837,0.0962368908081431
W01000874,1924,1.75,12.24,10.7,0.837318087318087,0.0862785862785863,0.111746361746362
W01000875,1984,6.95,25.96,16.0,0.823084677419355,0.0801411290322581,0.11945564516129
W01000876,1824,0.85,10.44,6.9,0.871162280701754,0.0619517543859649,0.0904605263157895
W01000877,1670,7.05,10.46,10.4,0.576047904191617,0.208383233532934,0.289820359281437
W01000878,1450,11.65,13.8,11.0,0.598620689655172,0.17448275862069,0.28551724137931
W01000879,1704,1.4,1.88,1.1,0.515258215962441,0.149647887323944,0.413732394366197
W01000880,1663,3.6,7.0,1.7,0.527360192423331,0.118460613349369,0.44798556825015
W01000881,1333,46.05,14.58,43.3,0.572393098274569,0.127531882970743,0.383345836459115
W01000882,1700,41.15,14.24,27.1,0.582352941176471,0.19,0.284705882352941
W01000883,1305,6.25,20.52,10.8,0.539463601532567,0.114176245210728,0.494252873563218
W01000884,1317,42.05,41.68,31.9,0.639331814730448,0.208048595292331,0.228549734244495
W01000885,1439,50.55,36.18,56.4,0.629603891591383,0.217512161223072,0.236970118137596
W01000886,1605,63.15,50.82,68.4,0.646105919003115,0.21183800623053,0.208722741433022
W01000887,2360,23.9,18.62,23.0,0.599152542372881,0.216525423728814,0.234745762711864
W01000888,2705,10.9,11.18,15.7,0.641404805914972,0.175600739371534,0.261367837338262
W01000889,1767,12.45,33.26,10.2,0.611771363893605,0.151669496321449,0.296547821165818
W01000890,1518,3.4,11.66,3.9,0.573122529644269,0.140316205533597,0.381422924901186
W01000891,1428,27.85,19.7,24.5,0.625350140056022,0.151960784313725,0.282212885154062
W01000892,2013,9.85,11.24,9.0,0.57277694982613,0.187779433681073,0.297565822155986
W01000893,1936,26.3,25.66,17.2,0.612086776859504,0.170454545454545,0.296487603305785
W01000894,1410,21.85,27.98,16.6,0.587943262411348,0.15531914893617,0.319148936170213
W01000895,1454,43.4,36.62,40.8,0.654057771664374,0.167812929848693,0.253094910591472
W01000896,1608,75.15,38.34,69.9,0.625,0.246890547263682,0.190298507462687
W01000897,1266,37.6,40.18,35.6,0.59478672985782,0.196682464454976,0.289889415481833
W01000898,1445,15.4,18.98,19.9,0.622837370242215,0.172318339100346,0.274048442906574
W01000899,1914,6.75,11.9,7.5,0.614420062695925,0.177115987460815,0.267502612330199
W01000900,1534,50.95,20.52,50.6,0.626466753585398,0.162972620599739,0.301825293350717
W01000901,1670,29.05,15.02,23.4,0.616167664670659,0.19940119760479,0.264670658682635
W01000904,1462,2.8,7.7,0.9,0.595075239398085,0.149110807113543,0.322845417236662
W01000905,1437,14.5,13.26,13.9,0.629784272790536,0.180236604036186,0.245650661099513
W01000907,1717,39.3,16.72,33.8,0.581828771112405,0.178800232964473,0.297612114152592
W01000908,1534,7.6,13.0,5.8,0.595176010430248,0.102346805736636,0.3748370273794
W01000909,1133,22.65,19.5,20.4,0.544571932921447,0.142100617828773,0.383053839364519
W01000910,1369,6.0,12.18,8.3,0.574872169466764,0.121986851716581,0.407596785975164
W01000911,1147,4.5,9.36,7.8,0.595466434176112,0.150828247602441,0.34001743679163
W01000912,1202,22.9,17.4,21.8,0.60981697171381,0.13477537437604,0.321131447587354
W01000913,1151,22.25,22.18,21.9,0.594265855777585,0.205907906168549,0.258036490008688
W01000914,1642,45.05,35.0,45.9,0.584652862362972,0.218026796589525,0.251522533495737
W01000915,1093,19.5,23.48,32.7,0.591948764867338,0.204940530649588,0.266239707227813
W01000916,1125,9.4,22.22,15.0,0.635555555555556,0.147555555555556,0.304
W01000918,1899,18.85,12.96,19.0,0.61506055818852,0.160610847814639,0.314902580305424
W01000919,1135,18.2,23.08,22.0,0.594713656387665,0.162995594713656,0.296916299559471
W01000921,1488,87.5,43.12,75.4,0.588037634408602,0.233198924731183,0.239247311827957
W01000922,1591,29.75,23.78,30.6,0.642991829038341,0.147077309868008,0.27906976744186
W01000925,1488,44.8,34.74,41.0,0.59744623655914,0.191532258064516,0.269489247311828
W01000926,1877,13.55,27.96,14.3,0.573255194459243,0.152903569525839,0.34789557805008
W01000927,2098,19.8,22.46,21.7,0.616301239275501,0.224022878932316,0.220209723546234
W01000928,1639,33.1,17.76,29.5,0.593044539353264,0.159853569249542,0.325808419768151
W01000929,1234,47.4,27.1,30.3,0.588330632090762,0.162884927066451,0.320097244732577
W01000930,1093,59.9,34.72,59.3,0.599268069533394,0.182982616651418,0.268984446477585
W01000931,1391,25.1,22.32,25.9,0.605319913731129,0.173256649892164,0.278936017253774
W01000932,1064,27.35,26.52,29.3,0.606203007518797,0.18609022556391,0.276315789473684
W01000933,2019,5.75,14.96,2.7,0.625061911837543,0.190688459633482,0.235264982664685
W01000934,1235,56.75,45.42,64.6,0.621052631578947,0.180566801619433,0.28502024291498
W01000935,1553,56.45,44.06,63.1,0.65164198325821,0.154539600772698,0.275595621377978
W01000936,1397,51.05,35.58,51.1,0.654259126700072,0.206871868289191,0.202576950608447
W01000937,1933,39.2,37.22,45.3,0.621314019658562,0.200206932229695,0.247284014485256
W01000938,1369,10.9,12.82,10.7,0.547845142439737,0.12563915266618,0.409788166544923
W01000939,1203,72.8,38.6,85.5,0.600166251039069,0.114713216957606,0.357439733998338
W01000940,1208,52.8,21.46,51.6,0.591887417218543,0.205298013245033,0.256622516556291
W01000941,1546,50.85,26.66,34.4,0.630659767141009,0.213454075032342,0.221862871927555
W01000942,1786,54.25,30.6,50.3,0.605263157894737,0.208286674132139,0.237961926091825
W01000943,1440,3.9,7.54,3.1,0.601388888888889,0.154166666666667,0.308333333333333
W01000944,1195,39.85,29.32,26.4,0.571548117154812,0.202510460251046,0.312970711297071
W01000945,1213,24.0,23.1,21.5,0.624896949711459,0.16075845012366,0.293487221764221
W01000946,1831,16.4,20.26,20.1,0.600764609503004,0.173675587110868,0.292190060076461
W01000947,2130,36.55,15.22,31.6,0.604225352112676,0.223004694835681,0.216431924882629
W01000948,1812,21.2,13.58,30.0,0.627483443708609,0.1280353200883,0.327262693156733
W01000949,1299,13.9,25.16,13.3,0.607390300230947,0.153194765204003,0.317167051578137
W01000950,1508,22.15,35.42,17.8,0.637267904509284,0.179708222811671,0.231432360742706
W01000951,1822,36.15,37.72,45.2,0.641053787047201,0.165751920965971,0.287047200878156
W01000952,1154,17.55,34.18,15.4,0.651646447140381,0.168110918544194,0.277296360485269
W01000953,1610,30.15,26.88,31.7,0.624844720496894,0.154037267080745,0.298136645962733
W01000954,1345,15.55,23.42,16.3,0.617100371747212,0.139776951672862,0.35092936802974
W01000955,1342,11.55,10.64,9.8,0.596870342771982,0.166169895678092,0.325633383010432
W01000956,1144,4.4,6.94,8.0,0.538461538461538,0.118881118881119,0.472027972027972
W01000957,1610,61.35,27.16,59.7,0.588198757763975,0.164596273291925,0.336645962732919
W01000958,1532,75.1,31.04,81.9,0.617493472584856,0.20757180156658,0.232375979112272
W01000959,1689,15.65,17.76,17.8,0.602131438721137,0.168146832445234,0.309650680876258
W01000960,1765,33.2,24.24,30.3,0.636827195467422,0.186402266288952,0.243626062322946
W01000961,1577,37.0,27.36,42.9,0.623335447051363,0.188332276474318,0.270133164235891
W01000962,1512,75.15,34.34,88.7,0.60978835978836,0.239417989417989,0.183862433862434
W01000963,1898,52.75,28.38,54.1,0.59799789251844,0.207060063224447,0.264488935721812
W01000964,1820,42.3,29.54,56.1,0.574175824175824,0.194505494505495,0.308791208791209
W01000965,2031,34.55,30.06,30.9,0.589364844903988,0.185130477597243,0.291974396848843
W01000966,1375,30.4,23.12,21.2,0.600727272727273,0.157090909090909,0.322909090909091
W01000967,1402,46.1,41.54,45.5,0.622681883024251,0.185449358059914,0.258202567760342
W01000968,1992,19.8,29.58,17.8,0.603413654618474,0.198795180722892,0.256024096385542
W01000969,1538,6.8,10.92,4.7,0.640442132639792,0.168400520156047,0.278283485045514
W01000970,1152,23.7,18.6,30.9,0.618923611111111,0.154513888888889,0.305555555555556
W01000971,1395,18.05,24.9,19.0,0.63010752688172,0.162007168458781,0.259498207885305
W01000973,1263,43.75,23.16,54.4,0.634996041171813,0.149643705463183,0.302454473475851
W01000974,2482,10.4,19.24,21.4,0.645447219983884,0.159548751007252,0.260676873489122
W01000975,2273,59.1,25.22,58.7,0.612406511218654,0.21997360316762,0.223933128024637
W01000976,1096,33.15,31.24,40.4,0.626824817518248,0.187956204379562,0.239963503649635
W01000977,1432,33.5,26.74,42.1,0.593575418994413,0.182960893854749,0.293296089385475
W01000978,1749,29.15,19.48,44.5,0.636935391652373,0.184676958261864,0.234419668381933
W01000979,1569,15.9,9.06,15.7,0.678776290630975,0.181644359464627,0.203314212874442
W01000980,1371,29.95,10.26,28.4,0.641137855579869,0.209336250911743,0.238512035010941
W01000981,1237,77.15,33.1,98.2,0.623282134195635,0.265966046887631,0.146321746160065
W01000982,1453,14.65,9.96,13.2,0.562284927735719,0.136269786648314,0.388850653819683
W01000983,1477,5.35,7.98,10.7,0.670954637779282,0.203791469194313,0.192958700067705
W01000984,2185,14.2,9.4,14.6,0.651258581235698,0.204576659038902,0.211899313501144
W01000985,1284,2.8,6.24,3.6,0.679127725856698,0.176791277258567,0.2601246105919
W01000986,1715,8.3,12.7,19.3,0.676384839650146,0.191253644314869,0.190087463556851
W01000987,2469,28.35,19.96,35.8,0.634264884568651,0.206156338598623,0.226002430133657
W01000989,1699,5.6,9.7,5.5,0.612124779281931,0.144202472042378,0.310771041789288
W01000990,1516,40.85,12.18,57.8,0.627968337730871,0.186675461741425,0.262532981530343
W01000991,1127,95.05,51.98,91.6,0.594498669032831,0.257320319432121,0.200532386867791
W01000992,1377,64.35,40.74,70.1,0.631808278867102,0.181554103122731,0.253449527959332
W01000993,1353,44.8,43.62,55.2,0.629711751662971,0.184774575018477,0.251293422025129
W01000994,1424,36.6,26.24,47.5,0.598314606741573,0.214887640449438,0.224719101123595
W01000995,1316,20.9,19.48,34.0,0.605623100303951,0.178571428571429,0.280395136778116
W01000996,1535,23.1,16.34,21.6,0.594788273615635,0.173941368078176,0.33485342019544
W01000997,1683,13.55,8.9,17.1,0.584670231729055,0.153297682709447,0.33749257278669
W01000999,1420,33.35,13.34,30.8,0.586619718309859,0.176760563380282,0.284507042253521
W01001000,1689,14.4,14.34,17.3,0.599763173475429,0.152753108348135,0.326228537596211
W01001001,1872,22.7,17.36,13.6,0.574252136752137,0.215811965811966,0.252136752136752
W01001002,2471,47.35,21.9,46.8,0.620801295022258,0.24322136786726,0.180493727235937
W01001003,1348,5.3,19.06,15.6,0.525222551928783,0.109792284866469,0.45919881305638
W01001004,1046,22.0,24.84,38.1,0.602294455066922,0.187380497131931,0.272466539196941
W01001005,1590,5.5,15.96,10.9,0.573584905660377,0.133962264150943,0.370440251572327
W01001006,2214,2.9,8.34,7.3,0.578139114724481,0.136856368563686,0.35230352303523
W01001007,1895,21.8,21.18,24.6,0.604221635883905,0.224274406332454,0.210554089709763
W01001008,2601,1.75,5.82,5.6,0.610534409842368,0.150326797385621,0.31603229527105
W01001009,1258,18.35,25.9,21.5,0.638314785373609,0.182829888712242,0.235294117647059
W01001010,1154,34.05,15.78,43.1,0.611785095320624,0.199306759098787,0.250433275563258
W01001011,1273,12.5,6.96,16.9,0.626080125687353,0.177533385703064,0.293008641005499
W01001012,1489,7.65,17.8,11.4,0.631296171927468,0.173270651443922,0.26124916051041
W01001013,1469,24.5,17.58,27.3,0.591558883594282,0.14499659632403,0.358747447243022
W01001014,1553,42.3,23.34,55.3,0.598840952994205,0.148100450740502,0.325177076625885
W01001015,1463,28.3,21.56,37.3,0.608339029391661,0.177033492822967,0.266575529733424
W01001016,1639,15.25,18.52,16.5,0.541183648566199,0.136058572300183,0.397803538743136
W01001017,1481,12.7,15.26,9.5,0.605671843349088,0.184334908845375,0.284267386900743
W01001018,1281,37.1,28.8,30.8,0.634660421545667,0.146760343481655,0.31303669008587
W01001019,1627,32.7,19.08,34.5,0.570989551321451,0.194222495390289,0.306084818684696
W01001020,1374,36.5,23.94,40.1,0.628093158660844,0.181222707423581,0.27292576419214
W01001021,1602,30.55,33.82,31.8,0.655430711610487,0.152933832709114,0.232833957553059
W01001022,1456,59.65,36.74,44.0,0.575549450549451,0.212225274725275,0.258241758241758
W01001023,1679,35.45,24.56,44.0,0.616438356164384,0.178677784395473,0.275163787969029
W01001024,1151,42.9,32.52,41.5,0.617723718505647,0.192875760208514,0.249348392701998
W01001025,1220,26.6,22.24,29.2,0.623770491803279,0.197540983606557,0.224590163934426
W01001026,2065,30.45,13.88,39.9,0.590799031476998,0.187409200968523,0.283292978208232
W01001027,1531,11.4,10.52,9.8,0.542782495101241,0.160026126714566,0.391247550620509
W01001028,1921,11.85,12.98,11.7,0.623112961998959,0.13014055179594,0.337844872462259
W01001029,1656,6.6,10.38,4.4,0.509661835748792,0.0984299516908213,0.498188405797101
W01001030,2005,6.85,11.94,7.8,0.557605985037406,0.139650872817955,0.382543640897756
W01001031,1471,1.25,7.68,2.5,0.50237933378654,0.125084976206662,0.473147518694765
W01001032,1801,3.35,6.48,3.8,0.558023320377568,0.129927817878956,0.412548584119933
W01001033,1715,21.4,25.0,28.4,0.610495626822157,0.19533527696793,0.251895043731778
W01001034,1313,30.0,23.36,37.2,0.628332063975628,0.15993907083016,0.289413556740289
W01001035,1807,41.55,24.1,43.6,0.648035417819591,0.201438848920863,0.203652462645268
W01001036,1587,3.1,7.98,5.7,0.596723377441714,0.165721487082546,0.334593572778828
W01001037,1799,3.05,11.06,12.7,0.570872707059477,0.157865480822679,0.361311839911062
W01001038,2658,11.9,12.16,20.0,0.639954853273138,0.184349134687735,0.224981188863807
W01001039,1719,16.85,11.74,15.7,0.599767306573589,0.178592204770215,0.289703315881326
W01001040,1521,10.05,13.64,9.9,0.616699539776463,0.149901380670611,0.301775147928994
W01001041,2331,4.95,8.22,5.3,0.601029601029601,0.156156156156156,0.327327327327327
W01001042,1297,29.15,20.1,22.3,0.647648419429453,0.165767154973015,0.242868157286045
W01001043,1159,26.6,26.56,32.3,0.666091458153581,0.183779119930975,0.218291630716135
W01001044,1645,38.15,15.7,33.1,0.573252279635258,0.151975683890578,0.365957446808511
W01001045,1704,24.55,25.88,23.8,0.618544600938967,0.14612676056338,0.343896713615023
W01001046,1892,27.3,10.72,21.3,0.547568710359408,0.105708245243129,0.440803382663848
W01001047,1639,12.95,7.68,12.8,0.568639414276998,0.130567419158023,0.369127516778524
W01001048,1418,11.3,5.96,13.4,0.606488011283498,0.15867418899859,0.327926657263752
W01001049,1285,43.65,20.78,35.9,0.607782101167315,0.21556420233463,0.239688715953307
W01001050,1504,33.9,14.06,37.7,0.619015957446808,0.185505319148936,0.248005319148936
W01001051,1802,31.6,13.76,26.2,0.617647058823529,0.215316315205327,0.20976692563818
W01001052,1258,41.45,14.46,28.2,0.58664546899841,0.176470588235294,0.310810810810811
W01001053,1032,3.0,6.34,1.1,0.487403100775194,0.114341085271318,0.473837209302326
W01001054,1403,1.8,7.16,3.6,0.479686386315039,0.124732715609408,0.477548111190306
W01001055,1176,46.55,19.12,82.3,0.579931972789116,0.21343537414966,0.244897959183673
W01001056,1114,17.5,13.82,24.9,0.591561938958707,0.146319569120287,0.348294434470377
W01001057,1765,40.0,23.24,49.8,0.618130311614731,0.192634560906516,0.259490084985836
W01001058,1850,10.6,7.14,26.4,0.618378378378378,0.169189189189189,0.274594594594595
W01001059,1734,7.55,7.6,3.5,0.532871972318339,0.211072664359862,0.325259515570934
W01001060,1405,1.45,8.42,1.9,0.520284697508897,0.137366548042705,0.431316725978648
W01001062,1352,8.15,15.7,6.5,0.647189349112426,0.177514792899408,0.244822485207101
W01001063,1606,26.75,20.38,27.6,0.627646326276463,0.212328767123288,0.212951432129514
W01001064,1415,53.9,22.48,84.6,0.592932862190813,0.174558303886926,0.287632508833922
W01001065,1646,22.4,22.38,20.9,0.618469015795869,0.209599027946537,0.224179829890644
W01001066,1649,24.75,19.06,28.5,0.631291691934506,0.163735597331716,0.27107337780473
W01001067,1410,57.8,26.82,68.7,0.569503546099291,0.206382978723404,0.274468085106383
W01001068,1644,23.2,21.42,24.5,0.652676399026764,0.192214111922141,0.211070559610706
W01001069,1585,34.9,36.42,28.7,0.620820189274448,0.207570977917981,0.222712933753943
W01001070,1083,44.25,35.16,46.3,0.671283471837488,0.214219759926131,0.180978762696214
W01001071,1538,20.1,28.7,28.7,0.624187256176853,0.176853055916775,0.271781534460338
W01001072,2737,3.9,6.04,2.8,0.656558275484107,0.191815856777494,0.22360248447205
W01001073,2147,59.7,39.14,48.3,0.651606893339544,0.181648812296227,0.24219841639497
W01001075,1144,3.05,4.56,2.1,0.626748251748252,0.193181818181818,0.229895104895105
W01001076,1376,11.95,17.62,11.2,0.664970930232558,0.190406976744186,0.197674418604651
W01001077,1450,10.6,12.82,14.2,0.541379310344828,0.166206896551724,0.372413793103448
W01001078,1269,3.55,4.46,2.2,0.573680063041765,0.182821118991332,0.288416075650118
W01001079,1537,38.35,32.2,28.0,0.6174365647365,0.243331164606376,0.197137280416396
W01001080,1569,37.2,25.5,34.8,0.623964308476737,0.226896112173359,0.205863607393244
W01001081,1729,57.1,30.64,56.6,0.582995951417004,0.228455754771544,0.222672064777328
W01001082,1593,3.45,3.7,4.4,0.471437539234149,0.139987445072191,0.45699937225361
W01001083,1827,1.1,9.74,0.1,0.500273672687466,0.184455391351943,0.388067870826492
W01001084,1695,1.4,12.38,1.4,0.48023598820059,0.156342182890855,0.423598820058997
W01001085,1722,2.8,10.78,0.7,0.566202090592335,0.206736353077816,0.304297328687573
W01001086,1517,0.55,9.12,0.1,0.553724456163481,0.158866183256427,0.377719182597231
W01001087,1544,3.0,10.94,0.5,0.516839378238342,0.185233160621762,0.344559585492228
W01001088,2199,23.05,12.64,16.1,0.554342883128695,0.217371532514779,0.287403365165985
W01001089,1647,5.25,15.26,1.7,0.564663023679417,0.160291438979964,0.360655737704918
W01001090,1506,1.55,12.6,0.8,0.587649402390438,0.157370517928287,0.336653386454183
W01001091,1645,1.95,5.5,3.0,0.549544072948328,0.116717325227964,0.443161094224924
W01001092,2201,22.25,12.9,22.6,0.619718309859155,0.228078146297138,0.208087233075875
W01001093,1729,32.4,18.44,37.4,0.577212261422788,0.178137651821862,0.308849045691151
W01001094,1241,53.95,33.54,39.7,0.618855761482675,0.22723609991942,0.211925866236906
W01001095,1427,87.05,33.54,79.5,0.58864751226349,0.259285213735109,0.209530483531885
W01001096,1344,24.6,12.14,27.8,0.58110119047619,0.17485119047619,0.314732142857143
W01001097,1506,54.1,35.5,47.8,0.606241699867198,0.249003984063745,0.192563081009296
W01001098,1043,2.25,5.18,0.5,0.494726749760307,0.14189837008629,0.453499520613615
W01001099,1192,30.1,14.58,28.8,0.562080536912752,0.187080536912752,0.322147651006711
W01001100,1416,6.1,3.52,2.3,0.562853107344633,0.124293785310734,0.411723163841808
W01001101,1479,20.2,29.56,20.1,0.646382691007438,0.198782961460446,0.192021636240703
W01001102,1542,18.9,14.9,13.8,0.675745784695201,0.21011673151751,0.168612191958495
W01001103,1160,3.2,3.1,2.0,0.594827586206897,0.138793103448276,0.354310344827586
W01001104,2116,5.0,15.66,2.7,0.574669187145558,0.176275992438563,0.292533081285444
W01001105,2888,1.65,14.94,0.4,0.569598337950138,0.176939058171745,0.352839335180055
W01001106,1384,2.7,3.96,3.6,0.591763005780347,0.148843930635838,0.348265895953757
W01001107,1503,6.55,6.96,6.9,0.486360612109115,0.141716566866267,0.461743180306055
W01001108,1875,9.9,14.92,9.8,0.6016,0.235733333333333,0.229866666666667
W01001109,1361,13.5,6.7,11.1,0.542248346803821,0.135194709772226,0.403379867744306
W01001110,1709,5.1,13.88,3.3,0.617320070216501,0.128145114101814,0.261556465769456
W01001111,1283,37.0,18.0,31.7,0.586126266562744,0.204208885424786,0.272018706157444
W01001112,1309,3.5,4.78,4.0,0.624140565317036,0.169595110771581,0.294881588999236
W01001113,2398,1.3,16.18,0.0,0.559633027522936,0.174311926605505,0.340283569641368
W01001114,1574,0.15,3.64,0.1,0.517789072426938,0.160736975857687,0.409783989834816
W01001115,2167,4.25,5.7,2.8,0.564836179049377,0.214582371942778,0.27872634979234
W01001116,1960,0.55,4.94,2.0,0.486734693877551,0.143367346938776,0.43469387755102
W01001117,1269,10.9,10.48,7.7,0.557919621749409,0.132387706855792,0.409771473601261
W01001119,1881,8.35,17.64,1.2,0.64274322169059,0.148856990962254,0.309409888357257
W01001120,1321,5.8,7.2,2.0,0.601816805450416,0.137017411052233,0.376987130961393
W01001121,1719,22.3,13.34,21.8,0.607329842931937,0.163467132053519,0.300174520069808
W01001122,2518,10.35,18.66,14.2,0.667990468625894,0.222001588562351,0.149722001588562
W01001123,1443,5.8,5.86,4.6,0.545391545391545,0.128205128205128,0.431739431739432
W01001124,1442,7.65,10.64,6.7,0.675450762829404,0.174063800277393,0.219833564493759
W01001125,1448,3.15,11.22,6.5,0.55317679558011,0.194060773480663,0.301795580110497
W01001127,1632,1.25,13.94,0.4,0.582720588235294,0.158700980392157,0.358455882352941
W01001128,1703,6.2,10.96,1.6,0.582501467997651,0.183206106870229,0.334703464474457
W01001129,1654,18.05,11.02,14.9,0.58645707376058,0.276299879081016,0.181983071342201
W01001130,1290,0.35,6.52,0.2,0.596899224806202,0.22093023255814,0.255038759689922
W01001131,1773,24.6,16.04,25.8,0.586576424139876,0.238014664410604,0.222222222222222
W01001132,1453,5.15,3.48,4.6,0.611837577426015,0.184445973847213,0.284927735719202
W01001133,2249,2.35,4.82,3.1,0.53223654957759,0.157403290351267,0.38683859493108
W01001134,1083,2.7,10.28,2.5,0.56786703601108,0.171745152354571,0.390581717451524
W01001135,2435,1.9,13.84,0.4,0.614373716632444,0.180698151950719,0.281724845995893
W01001136,1745,19.3,11.98,5.7,0.545558739255014,0.186819484240688,0.342120343839542
W01001137,2411,31.25,24.22,27.0,0.605972625466611,0.190377436748237,0.26047283284944
W01001138,1368,43.3,22.46,36.6,0.605994152046784,0.190058479532164,0.253654970760234
W01001139,1416,23.3,17.02,18.8,0.610169491525424,0.205508474576271,0.238700564971751
W01001140,1442,33.25,24.14,24.9,0.617198335644938,0.178918169209431,0.276005547850208
W01001141,1539,37.8,31.36,37.8,0.592592592592593,0.210526315789474,0.259259259259259
W01001142,1904,35.7,24.26,25.2,0.628151260504202,0.203781512605042,0.210609243697479
W01001143,1493,14.65,20.98,17.9,0.608841259209645,0.189551239115874,0.270596115204287
W01001144,1710,62.2,38.24,54.6,0.607602339181287,0.242690058479532,0.203508771929825
W01001145,1717,30.4,27.38,38.5,0.636575422248107,0.195107746068725,0.234711706464764
W01001146,1397,14.2,22.72,15.3,0.62419470293486,0.176091624910523,0.259126700071582
W01001147,1835,14.1,18.04,15.2,0.632697547683924,0.134604904632153,0.330245231607629
W01001148,1693,25.25,26.18,19.1,0.669816893089191,0.163614884819846,0.219137625516834
W01001149,1445,28.75,14.28,20.3,0.613148788927336,0.183391003460208,0.270588235294118
W01001150,1879,33.05,36.2,55.6,0.628525811601916,0.204896221394359,0.22299095263438
W01001151,1832,11.55,8.98,15.9,0.544213973799127,0.150655021834061,0.356441048034934
W01001152,1969,12.45,14.2,11.7,0.617572371762316,0.156424581005587,0.292026409344845
W01001153,1515,34.75,19.44,34.1,0.638283828382838,0.168316831683168,0.238283828382838
W01001154,1427,36.05,23.3,33.8,0.610371408549404,0.180098107918711,0.259985984583041
W01001155,1544,24.5,17.84,28.8,0.625,0.139248704663212,0.317357512953368
W01001156,1374,2.0,2.26,3.3,0.682678311499272,0.158660844250364,0.24235807860262
W01001157,1292,6.45,10.14,14.4,0.627708978328173,0.152476780185759,0.30030959752322
W01001158,1483,28.05,26.62,33.5,0.632501685772084,0.189480782198247,0.236008091706001
W01001159,1567,5.85,7.92,5.5,0.693044033184429,0.195915762603701,0.204211869814933
W01001160,1653,5.6,10.16,9.1,0.609195402298851,0.150030248033878,0.320024198427102
W01001162,2587,23.5,14.48,24.4,0.61654425976034,0.251256281407035,0.167761886354851
W01001164,1604,15.1,23.68,14.0,0.630299251870324,0.211970074812968,0.213840399002494
W01001165,1323,18.9,22.64,21.7,0.684051398337113,0.163265306122449,0.226001511715797
W01001166,1409,35.65,38.56,32.6,0.603974449964514,0.20652945351313,0.251951738821859
W01001167,1399,23.15,22.82,26.1,0.603288062902073,0.185132237312366,0.263759828448892
W01001168,1379,26.35,14.72,16.8,0.581580855692531,0.166787527193619,0.316171138506164
W01001169,2563,47.2,23.38,36.2,0.627779945376512,0.228638314475224,0.191572376121732
W01001170,1167,4.1,8.26,7.9,0.574978577549272,0.121679520137104,0.409597257926307
W01001171,1284,18.65,28.92,25.7,0.627725856697819,0.176791277258567,0.29595015576324
W01001172,1445,16.35,19.06,19.7,0.604844290657439,0.188235294117647,0.258131487889273
W01001173,1370,45.8,31.7,45.7,0.624817518248175,0.192700729927007,0.240875912408759
W01001174,1408,58.55,30.84,67.5,0.606534090909091,0.205255681818182,0.266335227272727
W01001175,1292,18.6,14.68,14.6,0.584365325077399,0.169504643962848,0.31656346749226
W01001176,1417,26.35,24.44,15.4,0.594918842625265,0.184897671136203,0.269583627381793
W01001177,1275,22.95,20.9,24.2,0.593725490196078,0.15921568627451,0.326274509803922
W01001178,1671,23.55,19.36,22.3,0.621783363255536,0.193895870736086,0.263913824057451
W01001179,1710,50.4,29.04,42.0,0.622222222222222,0.18187134502924,0.267836257309942
W01001180,1516,69.25,40.76,95.8,0.600923482849604,0.265171503957784,0.192612137203166
W01001181,1408,27.25,25.32,40.1,0.663352272727273,0.154119318181818,0.259943181818182
W01001184,2220,10.85,20.86,13.3,0.59009009009009,0.168468468468468,0.313513513513514
W01001185,2086,26.95,27.0,39.2,0.618408437200384,0.197027804410355,0.238734419942474
W01001186,1715,18.1,9.8,19.4,0.574344023323615,0.213411078717201,0.264723032069971
W01001187,1403,18.5,13.42,25.5,0.625089094796864,0.158232359230221,0.293656450463293
W01001188,1257,57.35,22.68,41.4,0.506762132060461,0.195704057279236,0.370723945902943
W01001189,1617,27.45,15.4,22.8,0.591836734693878,0.195423623995053,0.267779839208411
W01001190,2999,3.65,18.34,5.9,0.64754918306102,0.2054018006002,0.205735245081694
W01001192,1435,44.0,20.52,68.9,0.61184668989547,0.221602787456446,0.234843205574913
W01001193,1157,2.0,5.8,2.2,0.58599827139153,0.146931719965428,0.326707000864304
W01001194,2122,1.1,11.3,3.8,0.606974552309142,0.188972667295005,0.254005655042413
W01001195,1443,17.7,12.38,18.5,0.635481635481635,0.142758142758143,0.329175329175329
W01001196,1452,2.35,5.54,5.6,0.643939393939394,0.168732782369146,0.272727272727273
W01001197,1258,0.2,8.24,0.3,0.587440381558029,0.131160572337043,0.376788553259142
W01001198,1513,3.2,6.04,5.9,0.614672835426305,0.159947124917383,0.302709847984137
W01001199,1693,5.45,5.82,5.9,0.604252805670408,0.174246898995865,0.284111045481394
W01001202,1801,54.05,33.08,50.0,0.593003886729595,0.183231538034425,0.292059966685175
W01001203,1367,83.2,33.1,74.2,0.578639356254572,0.2033650329188,0.277249451353328
W01001204,1523,12.1,11.68,13.6,0.645436638214051,0.17268548916612,0.250164149704531
W01001205,1496,28.6,25.2,35.4,0.612299465240642,0.147727272727273,0.310828877005348
W01001206,1477,32.5,15.7,41.8,0.591062965470548,0.174678402166554,0.291807718348003
W01001207,1303,74.5,33.1,47.3,0.593246354566385,0.199539524174981,0.240982348426708
W01001208,1554,31.15,22.74,31.2,0.633848133848134,0.168597168597169,0.25997425997426
W01001209,1448,69.6,35.26,72.8,0.62085635359116,0.197513812154696,0.227209944751381
W01001210,1514,36.95,22.66,49.2,0.610964332892999,0.179656538969617,0.271466314398943
W01001211,1572,33.85,24.62,32.5,0.600508905852417,0.208651399491094,0.252544529262087
W01001212,1306,44.25,28.02,39.3,0.618683001531394,0.203675344563553,0.232006125574273
W01001214,1274,5.9,15.1,9.3,0.608320251177394,0.172684458398744,0.298273155416013
W01001216,1539,23.0,28.82,23.3,0.604938271604938,0.178687459389214,0.259259259259259
W01001217,1064,54.55,29.4,47.7,0.645676691729323,0.178571428571429,0.262218045112782
W01001218,1514,22.7,27.82,18.5,0.638705416116248,0.172391017173052,0.269484808454425
W01001219,1195,50.2,27.32,60.8,0.605857740585774,0.16652719665272,0.307112970711297
W01001220,1486,23.0,28.18,30.3,0.617765814266487,0.174966352624495,0.248317631224764
W01001221,1449,63.75,42.26,64.0,0.572118702553485,0.191856452726018,0.281573498964803
W01001222,1577,91.05,37.72,87.0,0.583386176284084,0.258084971464807,0.201014584654407
W01001223,1768,2.65,11.98,4.4,0.571266968325792,0.168552036199095,0.32579185520362
W01001224,2031,0.05,7.96,0.1,0.608567208271787,0.20630231413097,0.203348104382078
W01001225,1519,0.35,10.0,1.9,0.587228439763002,0.160631994733377,0.334430546412113
W01001226,1681,14.55,9.94,25.2,0.596668649613325,0.214158239143367,0.236168947055324
W01001227,1280,5.3,12.5,4.1,0.5984375,0.15703125,0.315625
W01001228,1691,11.85,24.26,12.6,0.592548787699586,0.148432879952691,0.318154937906564
W01001229,1402,15.85,25.36,16.8,0.640513552068474,0.153352353780314,0.315263908701855
W01001230,1526,6.7,11.96,16.3,0.578636959370904,0.157273918741809,0.328309305373526
W01001231,1427,25.35,28.54,48.2,0.674842326559215,0.171688857743518,0.23896285914506
W01001232,1294,38.05,26.14,30.4,0.629057187017002,0.169242658423493,0.271251931993818
W01001233,1810,19.5,20.64,18.4,0.58232044198895,0.16353591160221,0.339226519337017
W01001234,1512,12.35,23.22,14.4,0.648148148148148,0.161375661375661,0.271825396825397
W01001235,1637,24.25,33.48,38.4,0.618204031765425,0.191814294441051,0.241905925473427
W01001236,1647,9.95,15.16,9.1,0.605343047965999,0.171220400728597,0.29933211900425
W01001237,1468,39.4,27.68,46.2,0.62874659400545,0.172343324250681,0.252043596730245
W01001238,1720,75.05,44.3,69.1,0.601744186046512,0.238372093023256,0.162209302325581
W01001239,1306,53.2,30.36,68.2,0.640888208269525,0.179938744257274,0.251914241960184
W01001240,1903,8.15,20.7,11.7,0.62375197057278,0.138728323699422,0.328954282711508
W01001241,1650,13.8,18.54,13.0,0.643636363636364,0.172121212121212,0.235757575757576
W01001242,1378,8.75,11.54,8.6,0.55878084179971,0.156748911465893,0.329462989840348
W01001243,1379,35.3,17.8,51.9,0.594633792603336,0.173313995649021,0.298767222625091
W01001244,1423,5.85,7.64,7.6,0.515811665495432,0.12087139845397,0.440618411806044
W01001245,1211,1.6,13.84,4.5,0.515276630883567,0.152766308835673,0.396366639141206
W01001246,1305,12.6,10.5,20.2,0.540996168582375,0.160919540229885,0.344827586206897
W01001247,1563,28.95,25.46,25.3,0.620601407549584,0.17402431222009,0.2680742162508
W01001248,2006,21.7,25.7,21.2,0.629611166500499,0.164506480558325,0.25024925224327
W01001249,1453,26.0,21.78,15.8,0.606331727460427,0.147281486579491,0.328974535443909
W01001250,1512,7.35,17.32,20.6,0.587301587301587,0.180555555555556,0.285714285714286
W01001251,1545,62.5,33.48,67.7,0.622006472491909,0.229126213592233,0.18705501618123
W01001252,1602,5.6,9.52,6.9,0.634207240948814,0.151685393258427,0.290262172284644
W01001253,1438,22.3,24.54,25.8,0.623783031988873,0.188456189151599,0.235744089012517
W01001255,2003,32.75,19.28,40.6,0.623065401897154,0.225661507738392,0.207189216175736
W01001256,1193,14.0,26.86,27.8,0.624476110645432,0.164291701592624,0.274098910310142
W01001257,1266,6.0,11.0,10.3,0.580568720379147,0.148499210110585,0.348341232227488
W01001258,1258,15.95,30.18,22.3,0.671701112877583,0.134340222575517,0.275834658187599
W01001259,1595,28.7,19.72,26.2,0.603134796238245,0.170532915360502,0.284639498432602
W01001260,1262,48.8,40.06,43.5,0.600633914421553,0.25594294770206,0.204437400950872
W01001261,1211,36.5,25.06,39.8,0.599504541701073,0.199834847233691,0.270024772914946
W01001262,1799,7.55,33.56,21.2,0.697609783212896,0.219566425792107,0.108949416342412
W01001263,1898,7.7,23.94,18.3,0.795574288724974,0.121707060063224,0.0979978925184405
W01001264,2184,1.55,23.36,14.1,0.836538461538462,0.076007326007326,0.0815018315018315
W01001265,1622,23.05,24.88,31.9,0.588162762022195,0.199136868064118,0.300863131935882
W01001266,1345,60.4,31.0,59.5,0.60817843866171,0.198513011152416,0.274349442379182
W01001267,1500,39.9,26.66,36.5,0.596,0.194666666666667,0.292
W01001268,1309,42.4,34.96,43.4,0.585943468296409,0.183346065699007,0.313980137509549
W01001269,1400,15.5,26.12,13.1,0.593571428571429,0.151428571428571,0.317857142857143
W01001270,1442,16.1,22.24,22.4,0.634535367545076,0.124133148404993,0.310679611650485
W01001271,1531,34.55,21.7,30.7,0.621162638798171,0.184846505551927,0.261267145656434
W01001272,1476,32.1,18.28,28.4,0.60230352303523,0.203929539295393,0.254742547425474
W01001273,1702,18.55,21.46,18.2,0.606933019976498,0.165099882491187,0.301410105757932
W01001274,1221,81.05,45.28,77.4,0.608517608517608,0.242424242424242,0.195741195741196
W01001275,1763,36.2,35.2,36.1,0.638684061259217,0.208167895632445,0.221213840045377
W01001276,1241,49.35,36.34,55.1,0.668815471394037,0.139403706688155,0.269137792103143
W01001277,1101,5.05,12.84,7.2,0.606721162579473,0.149863760217984,0.325158946412352
W01001278,1139,25.8,22.9,26.7,0.623353819139596,0.219490781387182,0.208077260755048
W01001279,1098,47.35,27.72,78.4,0.585610200364299,0.202185792349727,0.260473588342441
W01001280,1555,55.4,33.42,63.4,0.632154340836013,0.172990353697749,0.233440514469453
W01001281,1705,13.8,24.16,14.1,0.608797653958944,0.1841642228739,0.26158357771261
W01001282,2050,29.3,26.22,34.6,0.618048780487805,0.194634146341463,0.246341463414634
W01001283,1445,19.65,26.6,19.3,0.601384083044983,0.182698961937716,0.299653979238754
W01001284,1070,2.9,8.5,4.5,0.698130841121495,0.15981308411215,0.204672897196262
W01001285,1400,21.45,26.18,21.1,0.645,0.127142857142857,0.295
W01001286,1487,21.25,29.4,26.0,0.583053127101547,0.240080699394755,0.225285810356422
W01001287,1467,30.3,24.28,33.0,0.593047034764826,0.156782549420586,0.317655078391275
W01001288,1433,47.65,30.36,45.0,0.618981158408932,0.163293789253315,0.287508722958828
W01001289,1309,27.6,27.06,29.6,0.616501145912911,0.165775401069519,0.288770053475936
W01001290,2439,19.1,17.34,22.2,0.607626076260763,0.209922099220992,0.238622386223862
W01001291,2094,13.65,14.0,23.5,0.601241642788921,0.213467048710602,0.25214899713467
W01001292,1817,68.65,33.68,77.7,0.610897083104018,0.260319207484865,0.16400660429279
W01001293,1676,27.95,17.46,23.9,0.587112171837709,0.18436754176611,0.310859188544153
W01001294,1745,2.5,6.14,5.3,0.574785100286533,0.172492836676218,0.316905444126075
W01001295,1500,43.6,31.22,54.8,0.646666666666667,0.186666666666667,0.248666666666667
W01001296,1544,16.3,16.5,12.8,0.602979274611399,0.172927461139896,0.299870466321244
W01001297,1840,20.5,24.78,26.6,0.697282608695652,0.167934782608696,0.207608695652174
W01001298,1729,45.3,18.16,62.3,0.634470792365529,0.19144013880856,0.235396182764604
W01001299,1701,67.65,30.28,71.4,0.588477366255144,0.278071722516167,0.185185185185185
W01001300,1735,69.85,35.2,56.8,0.586167146974063,0.238040345821326,0.232853025936599
W01001301,1992,52.05,32.62,54.2,0.623493975903614,0.242469879518072,0.184236947791165
W01001302,1571,25.2,27.72,33.1,0.651814131126671,0.213876511775939,0.190324633991088
W01001305,1228,18.2,28.14,15.8,0.616449511400652,0.186482084690554,0.279315960912052
W01001306,1413,10.7,17.42,13.5,0.660297239915074,0.148619957537155,0.303609341825902
W01001307,1541,52.0,37.9,66.2,0.595068137573005,0.169370538611291,0.293964957819598
W01001308,1201,90.5,38.24,82.8,0.626977518734388,0.253955037468776,0.178184845961699
W01001309,1276,44.25,19.5,50.9,0.596394984326019,0.232758620689655,0.220219435736677
W01001310,1594,12.35,13.42,15.4,0.598494353826851,0.185069008782936,0.289209535759097
W01001311,1145,26.1,20.46,31.2,0.614847161572052,0.232314410480349,0.165065502183406
W01001312,1399,36.5,24.1,67.3,0.57398141529664,0.14867762687634,0.37240886347391
W01001313,1434,20.85,28.52,20.4,0.648535564853556,0.156206415620642,0.265690376569038
W01001314,2056,20.7,26.9,24.4,0.61624513618677,0.176556420233463,0.265077821011673
W01001315,1761,37.95,38.7,24.8,0.683134582623509,0.134014764338444,0.263486655309483
W01001317,1722,24.9,21.04,33.6,0.605110336817654,0.196283391405343,0.264808362369338
W01001318,1470,12.9,26.32,13.1,0.628571428571429,0.156462585034014,0.295918367346939
W01001319,1594,4.15,11.22,5.7,0.648682559598494,0.131744040150565,0.325595984943538
W01001320,1430,22.5,18.04,22.0,0.632167832167832,0.136363636363636,0.320979020979021
W01001321,1617,27.3,16.76,29.0,0.616573902288188,0.210265924551639,0.221397649969079
W01001322,1619,26.4,19.24,31.5,0.603458925262508,0.179122915379864,0.283508338480544
W01001324,1888,19.5,15.2,17.1,0.594279661016949,0.147775423728814,0.33103813559322
W01001325,1685,40.65,23.78,32.2,0.622551928783383,0.212462908011869,0.221364985163205
W01001326,2244,47.05,30.56,50.4,0.611408199643494,0.207664884135472,0.24331550802139
W01001327,2442,11.7,16.66,13.7,0.667076167076167,0.185094185094185,0.221539721539722
W01001328,1519,21.2,17.04,18.8,0.620144832126399,0.190256747860435,0.260697827518104
W01001329,1464,22.8,22.2,22.1,0.612021857923497,0.17896174863388,0.270491803278689
W01001330,1425,23.8,18.84,32.4,0.593684210526316,0.206315789473684,0.246315789473684
W01001331,1701,27.05,27.34,26.3,0.632569077013521,0.218106995884774,0.209876543209877
W01001332,1851,41.55,34.02,36.3,0.629929767693139,0.212317666126418,0.217720151269584
W01001333,1462,42.1,29.28,31.0,0.618331053351573,0.241450068399453,0.177838577291382
W01001334,1439,46.75,21.5,43.3,0.605281445448228,0.215427380125087,0.232800555941626
W01001335,1317,13.6,26.18,12.9,0.643887623386484,0.160212604403948,0.280182232346241
W01001336,1423,28.4,20.72,28.9,0.602248770203795,0.191848208011244,0.277582572030921
W01001337,1444,23.45,20.66,25.9,0.657202216066482,0.135734072022161,0.266620498614958
W01001338,1714,30.25,30.64,29.8,0.64294049008168,0.186114352392065,0.239206534422404
W01001339,1450,86.55,38.92,81.5,0.550344827586207,0.24,0.272413793103448
W01001340,1955,7.25,10.94,9.1,0.602046035805627,0.165728900255754,0.284398976982097
W01001341,1682,45.8,23.1,52.6,0.609393579072533,0.16884661117717,0.29667063020214
W01001342,1175,5.75,9.26,12.1,0.6,0.174468085106383,0.293617021276596
W01001343,1123,3.55,7.96,7.1,0.619768477292965,0.163846838824577,0.306322350845948
W01001344,1728,19.35,13.54,22.5,0.578703703703704,0.171875,0.314236111111111
W01001345,1440,84.85,42.14,58.1,0.591666666666667,0.270138888888889,0.160416666666667
W01001346,1501,24.4,18.88,28.1,0.56562291805463,0.215856095936043,0.272485009993338
W01001347,1473,22.05,16.26,19.2,0.608961303462322,0.162932790224033,0.298031228784793
W01001348,1735,40.15,28.86,31.3,0.600576368876081,0.213256484149856,0.219020172910663
W01001349,1703,7.25,8.42,6.5,0.647093364650617,0.162066940692895,0.261303581914269
W01001350,1795,16.65,24.76,12.4,0.632311977715877,0.165459610027855,0.278551532033426
W01001351,1381,7.65,11.16,3.5,0.56842867487328,0.109341057204924,0.44605358435916
W01001352,1697,41.1,26.56,43.6,0.646434885091338,0.172068355922216,0.25103123158515
W01001353,1497,42.55,23.18,30.7,0.527722110888444,0.137608550434202,0.413493653974616
W01001354,1664,12.9,18.16,14.4,0.622596153846154,0.182692307692308,0.248197115384615
W01001355,1530,23.6,25.78,34.7,0.568627450980392,0.150326797385621,0.350326797385621
W01001356,1185,6.9,9.7,9.4,0.616877637130802,0.158649789029536,0.279324894514768
W01001357,1691,11.6,12.32,8.7,0.603784742755766,0.177409816676523,0.261383796570077
W01001358,1478,57.8,31.74,30.5,0.577807848443843,0.213802435723951,0.280784844384303
W01001359,1417,16.7,23.56,20.7,0.648553281580804,0.159491884262526,0.268877911079746
W01001360,1307,17.85,25.88,15.5,0.608263198163734,0.152257077276205,0.299158377964805
W01001361,1180,48.4,34.88,41.3,0.627118644067797,0.160169491525424,0.267796610169492
W01001362,2071,22.7,17.04,23.2,0.616127474649928,0.174311926605505,0.280540801545147
W01001363,1849,17.8,16.5,18.6,0.6473769605192,0.211465657111952,0.20605732828556
W01001364,1784,53.85,30.12,60.1,0.60762331838565,0.237668161434978,0.201793721973094
W01001365,1938,24.8,18.32,20.7,0.653250773993808,0.174406604747162,0.243034055727554
W01001366,1506,15.7,19.78,20.9,0.587649402390438,0.159362549800797,0.327357237715803
W01001367,1435,17.5,19.02,23.2,0.642508710801394,0.170731707317073,0.250871080139373
W01001368,1385,34.35,28.76,40.5,0.64043321299639,0.171841155234657,0.272202166064982
W01001369,2486,11.75,18.16,14.1,0.614641995172969,0.170555108608206,0.288415124698311
W01001370,1899,17.35,17.3,25.7,0.589257503949447,0.175355450236967,0.304897314375987
W01001371,1954,30.05,27.04,35.3,0.627942681678608,0.217502558853634,0.204196519959058
W01001372,1823,13.4,20.92,8.5,0.583653318705431,0.13878222709819,0.348326933625891
W01001373,1969,17.6,22.92,15.8,0.623158963941087,0.211274758760792,0.216861350939563
W01001374,1400,33.2,30.36,42.7,0.63,0.191428571428571,0.246428571428571
W01001375,1477,41.3,38.3,41.2,0.660121868652674,0.140148950575491,0.28436018957346
W01001376,1407,68.9,41.76,53.1,0.608386638237384,0.189765458422175,0.277896233120114
W01001377,1465,9.95,15.04,17.1,0.582252559726962,0.138566552901024,0.367235494880546
W01001378,1465,31.25,15.58,21.4,0.561774744027304,0.152901023890785,0.372013651877133
W01001379,1498,16.9,9.56,18.9,0.598130841121495,0.181575433911883,0.264352469959947
W01001380,1818,10.8,17.98,17.2,0.595709570957096,0.170517051705171,0.296479647964796
W01001381,1467,56.65,31.62,42.3,0.591683708248125,0.192229038854806,0.2733469665985
W01001382,1549,16.85,20.54,21.0,0.596513879922531,0.165913492575855,0.31052291801162
W01001383,1401,22.5,27.96,25.9,0.627408993576017,0.168451106352605,0.269807280513919
W01001384,1504,28.05,32.36,24.3,0.651595744680851,0.190824468085106,0.233377659574468
W01001385,1613,36.8,36.32,48.0,0.595164290142591,0.194668319900806,0.275263484190949
W01001386,1567,69.6,48.32,55.9,0.610082961072112,0.202297383535418,0.248245054243778
W01001387,1189,32.25,24.46,21.3,0.629100084104289,0.171572750210261,0.266610597140454
W01001388,1843,33.0,24.56,27.0,0.612045577862181,0.220835594139989,0.210526315789474
W01001389,1127,14.9,16.94,28.0,0.620230700976043,0.163265306122449,0.274179236912156
W01001390,2078,4.8,7.44,6.2,0.609239653512993,0.206448508180943,0.227141482194418
W01001391,1616,19.65,14.56,16.9,0.611386138613861,0.189975247524752,0.263613861386139
W01001392,2013,7.15,10.3,11.1,0.595628415300546,0.169895678092399,0.296572280178838
W01001393,1305,35.9,22.5,28.8,0.578544061302682,0.210727969348659,0.259003831417625
W01001394,1353,1.6,6.68,3.4,0.615668883961567,0.184035476718404,0.258684405025868
W01001395,1355,33.05,25.5,31.1,0.595571955719557,0.143911439114391,0.339483394833948
W01001396,1554,49.85,33.48,46.2,0.622265122265122,0.208494208494208,0.233590733590734
W01001397,1551,13.9,9.76,12.0,0.640232108317215,0.164410058027079,0.266279819471309
W01001398,2772,6.4,7.14,14.4,0.637445887445887,0.233766233766234,0.164141414141414
W01001399,1255,10.2,14.62,8.8,0.558565737051793,0.178486055776892,0.336254980079681
W01001400,1358,64.55,35.12,65.6,0.638438880706922,0.24300441826215,0.1620029455081
W01001401,2025,28.45,20.38,25.0,0.574814814814815,0.177777777777778,0.304197530864198
W01001402,1609,38.65,25.62,34.7,0.627097576134245,0.205096333126165,0.220633934120572
W01001403,1556,19.55,16.1,11.8,0.625964010282776,0.168380462724936,0.257712082262211
W01001404,1297,2.9,7.94,4.1,0.524286815728604,0.125674633770239,0.417116422513493
W01001405,1794,25.95,23.22,16.7,0.617056856187291,0.168896321070234,0.268115942028986
W01001406,1830,36.65,28.02,32.8,0.644262295081967,0.153005464480874,0.295628415300546
W01001407,1312,12.7,18.9,17.3,0.621189024390244,0.167682926829268,0.304878048780488
W01001408,1483,29.3,31.7,27.5,0.634524612272421,0.207012811867835,0.211732973701955
W01001409,1579,13.1,12.84,14.7,0.611146295123496,0.160861304623179,0.298923369221026
W01001410,1778,26.9,28.04,32.7,0.610236220472441,0.194038245219348,0.255905511811024
W01001411,1603,24.15,18.5,21.7,0.59638178415471,0.152214597629445,0.34061135371179
W01001412,1653,17.45,29.22,20.3,0.631578947368421,0.146400483968542,0.309134906231095
W01001413,1833,24.8,23.68,29.9,0.636115657392253,0.168030551009274,0.254773595199127
W01001414,1549,54.45,27.36,52.5,0.632666236281472,0.189799870884442,0.226597805035507
W01001415,1724,21.6,14.38,23.1,0.644431554524362,0.196635730858469,0.236658932714617
W01001416,1379,18.3,15.0,19.2,0.633067440174039,0.126178390137781,0.356780275562001
W01001417,1383,4.65,11.52,9.1,0.629790310918294,0.153289949385394,0.278380332610268
W01001418,1402,32.45,21.98,37.0,0.616262482168331,0.171897289586305,0.271041369472183
W01001419,1606,10.1,24.7,5.2,0.623910336239103,0.166251556662516,0.310709838107098
W01001420,1249,7.5,12.88,7.5,0.572457966373098,0.158526821457166,0.358686949559648
W01001421,1453,95.85,56.78,91.0,0.62835512732278,0.22849277357192,0.209910529938059
W01001422,1469,56.25,39.66,22.4,0.534377127297481,0.208985704560926,0.30360789652825
W01001423,1398,3.85,14.34,7.3,0.55722460658083,0.128040057224607,0.407725321888412
W01001424,1337,24.8,20.98,26.0,0.56394913986537,0.171278982797307,0.327599102468212
W01001425,1808,9.45,14.48,13.2,0.633296460176991,0.178097345132743,0.261061946902655
W01001426,1425,2.85,12.9,0.6,0.587368421052632,0.180350877192982,0.300350877192982
W01001427,1805,1.95,5.86,2.2,0.677008310249308,0.2,0.168975069252078
W01001428,1222,90.65,48.94,72.2,0.585106382978723,0.23240589198036,0.226677577741408
W01001429,1164,28.65,31.66,33.7,0.620274914089347,0.164948453608247,0.2946735395189
W01001430,2374,19.25,23.68,21.9,0.658382476832351,0.191659646166807,0.211036225779275
W01001431,1553,14.8,18.22,19.9,0.628461043142305,0.173213135866066,0.273663876368319
W01001432,2841,23.35,11.7,13.2,0.623724040830693,0.215769095388948,0.19324181626188
W01001433,1306,20.5,28.14,20.3,0.581163859111792,0.172281776416539,0.321592649310873
W01001434,1341,4.95,14.06,5.4,0.627143922445936,0.171513795674869,0.260253542132737
W01001435,1321,31.15,38.76,24.1,0.659348978046934,0.163512490537472,0.253595760787282
W01001436,1370,31.9,35.26,27.6,0.622627737226277,0.166423357664234,0.286131386861314
W01001437,1423,14.35,16.08,10.1,0.647926914968377,0.160224877020379,0.282501756851722
W01001438,1479,27.3,11.8,38.0,0.614604462474645,0.162271805273834,0.295469912102772
W01001439,1607,11.6,9.86,14.9,0.595519601742377,0.174859987554449,0.306160547604232
W01001440,1375,28.85,18.14,20.5,0.594181818181818,0.174545454545455,0.309818181818182
W01001441,1142,57.25,32.34,76.4,0.580560420315236,0.225919439579685,0.260070052539405
W01001442,1099,7.5,16.18,11.6,0.5950864422202,0.170154686078253,0.311191992720655
W01001443,1248,44.2,29.66,49.4,0.612179487179487,0.138621794871795,0.337339743589744
W01001444,1946,28.1,23.16,29.3,0.62846865364851,0.188591983556012,0.260534429599178
W01001445,1360,25.1,20.48,24.0,0.623529411764706,0.170588235294118,0.285294117647059
W01001446,1256,16.9,12.98,33.4,0.580414012738854,0.163216560509554,0.328821656050955
W01001447,1472,44.2,26.58,44.3,0.614809782608696,0.201766304347826,0.234375
W01001448,1218,22.55,25.44,24.7,0.620689655172414,0.156814449917898,0.305418719211823
W01001449,1360,26.15,18.0,26.6,0.627941176470588,0.158088235294118,0.297058823529412
W01001450,1199,25.75,18.5,15.1,0.610508757297748,0.156797331109258,0.288573811509591
W01001451,1331,37.85,36.86,32.5,0.638617580766341,0.175056348610068,0.272727272727273
W01001452,1400,8.85,17.36,12.6,0.653571428571429,0.157857142857143,0.264285714285714
W01001453,1478,60.5,39.28,48.4,0.618403247631935,0.192828146143437,0.234776725304466
W01001454,1262,33.15,25.66,30.0,0.652139461172742,0.165610142630745,0.279714738510301
W01001455,1678,29.1,23.26,37.3,0.600715137067938,0.177592371871275,0.283075089392133
W01001456,1325,37.05,21.24,32.1,0.618867924528302,0.169811320754717,0.264905660377358
W01001457,1756,73.1,39.2,71.9,0.599658314350797,0.220387243735763,0.220956719817768
W01001458,1727,9.85,15.28,12.8,0.640416907932831,0.178922987840185,0.236247828604517
W01001459,1181,61.5,36.78,50.2,0.607112616426757,0.247248094834886,0.190516511430991
W01001460,1764,18.7,27.42,26.9,0.678571428571429,0.145691609977324,0.236394557823129
W01001461,1278,27.55,34.4,42.8,0.624413145539906,0.179186228482003,0.242566510172144
W01001462,1814,16.6,14.88,17.6,0.633406835722161,0.189636163175303,0.252480705622933
W01001463,1757,16.6,16.76,19.7,0.611838360842345,0.16107000569152,0.273192942515652
W01001464,1400,55.2,26.4,47.9,0.632142857142857,0.180714285714286,0.249285714285714
W01001465,1507,43.75,36.3,38.9,0.609157266091573,0.181154611811546,0.263437292634373
W01001466,1466,33.9,43.18,37.5,0.638472032742155,0.152796725784447,0.294679399727149
W01001467,1853,41.25,28.84,38.4,0.602806260118726,0.208850512682137,0.245008094981112
W01001468,1333,27.5,27.58,25.6,0.63165791447862,0.152288072018005,0.275318829707427
W01001469,1364,56.3,34.9,44.1,0.617302052785924,0.187683284457478,0.268328445747801
W01001470,1420,12.5,12.3,11.0,0.6,0.138732394366197,0.344366197183099
W01001471,1614,59.0,28.22,60.6,0.615241635687732,0.184634448574969,0.245972738537794
W01001472,1366,9.0,15.2,15.7,0.649341142020498,0.137628111273792,0.316983894582723
W01001473,1315,81.7,44.54,79.2,0.591634980988593,0.207604562737643,0.255513307984791
W01001474,1451,36.9,27.1,30.2,0.59407305306685,0.160578911095796,0.32460372157133
W01001475,1103,12.5,22.56,19.1,0.643699002719855,0.174070716228468,0.257479601087942
W01001478,1346,13.1,25.04,18.4,0.680534918276374,0.134472511144131,0.288261515601783
W01001479,1484,80.1,40.08,69.4,0.582210242587601,0.232479784366577,0.245956873315364
W01001480,1392,58.75,24.6,50.8,0.630747126436782,0.184626436781609,0.258620689655172
W01001481,1606,47.35,36.04,64.2,0.643835616438356,0.136986301369863,0.283312577833126
W01001482,1249,37.15,25.6,51.0,0.592473979183347,0.244195356285028,0.22738190552442
W01001483,1476,53.7,37.42,48.8,0.577913279132791,0.250677506775068,0.214092140921409
W01001484,1635,15.75,14.58,18.7,0.617125382262997,0.164525993883792,0.29480122324159
W01001485,1249,43.0,26.3,60.5,0.591673338670937,0.190552441953563,0.274619695756605
W01001486,1469,20.45,23.18,23.7,0.624234172906739,0.15929203539823,0.280462899931926
W01001487,1703,25.0,20.5,20.5,0.614210217263652,0.186729301233118,0.258954785672343
W01001488,1511,49.5,27.34,36.7,0.600264725347452,0.221045665122435,0.210456651224355
W01001489,1493,34.45,31.36,27.4,0.597454789015405,0.180843938379102,0.281312793034159
W01001490,1413,22.5,29.74,16.5,0.623496107572541,0.176220806794055,0.248407643312102
W01001491,1731,32.9,18.2,36.7,0.600231080300404,0.194107452339688,0.274985557481225
W01001492,2416,19.55,11.62,11.1,0.58567880794702,0.189569536423841,0.287251655629139
W01001493,1818,20.6,21.74,21.5,0.605060506050605,0.161716171617162,0.307480748074807
W01001494,1601,8.4,8.46,3.5,0.572767020612117,0.155527795128045,0.33791380387258
W01001495,1786,12.4,10.76,11.5,0.536394176931691,0.167973124300112,0.372340425531915
W01001496,1414,49.25,32.24,39.9,0.598302687411598,0.192362093352192,0.243988684582744
W01001497,1409,35.0,19.36,27.3,0.585521646557842,0.202271114265436,0.254790631653655
W01001498,1242,37.9,27.3,31.4,0.569243156199678,0.21658615136876,0.256038647342995
W01001499,1131,18.2,8.98,28.6,0.669319186560566,0.182139699381079,0.218390804597701
W01001500,1238,3.4,7.26,10.2,0.596122778675283,0.15751211631664,0.323909531502423
W01001501,1312,44.3,30.48,36.9,0.610518292682927,0.224085365853659,0.210365853658537
W01001502,1241,5.3,9.04,5.9,0.604351329572925,0.153102336825141,0.32232070910556
W01001503,1200,46.75,28.56,48.5,0.611666666666667,0.225,0.206666666666667
W01001504,2328,19.95,18.82,21.1,0.607817869415808,0.195876288659794,0.256443298969072
W01001505,2776,7.9,12.92,7.4,0.652017291066282,0.179034582132565,0.24135446685879
W01001506,1531,50.5,27.9,56.7,0.631613324624428,0.150228608752449,0.286087524493795
W01001507,1975,15.9,13.4,10.4,0.574683544303797,0.173164556962025,0.32253164556962
W01001508,1170,7.85,13.0,6.5,0.520512820512821,0.154700854700855,0.42991452991453
W01001509,1388,1.45,10.52,2.0,0.56700288184438,0.130403458213256,0.40850144092219
W01001510,1587,15.05,15.18,10.1,0.560806553245117,0.164461247637051,0.347826086956522
W01001511,1510,17.9,12.6,20.7,0.580132450331126,0.157615894039735,0.313907284768212
W01001512,1276,2.35,4.24,3.3,0.525862068965517,0.101880877742947,0.485109717868339
W01001513,1450,1.8,8.42,1.0,0.566896551724138,0.143448275862069,0.379310344827586
W01001514,1088,3.15,7.86,12.2,0.576286764705882,0.150735294117647,0.352941176470588
W01001515,1339,11.3,18.82,19.1,0.680358476474981,0.126960418222554,0.267363704256908
W01001516,1441,35.7,23.66,33.2,0.625260235947259,0.188757807078418,0.27411519777932
W01001517,2426,7.5,8.12,10.9,0.630667765869744,0.185902720527617,0.232069249793899
W01001518,1114,7.4,7.76,8.2,0.542190305206463,0.165170556552962,0.36983842010772
W01001519,1236,65.0,46.56,71.1,0.657766990291262,0.19336569579288,0.246763754045307
W01001520,2847,10.65,17.34,16.8,0.638918159466105,0.200561995082543,0.200561995082543
W01001521,1433,26.05,19.72,23.4,0.653175157013259,0.167480809490579,0.254710397766923
W01001522,1581,34.1,23.76,39.5,0.622390891840607,0.166982922201139,0.278304870335231
W01001523,1402,21.85,18.9,17.7,0.659058487874465,0.180456490727532,0.230385164051355
W01001524,1854,34.3,24.24,24.2,0.59007551240561,0.154800431499461,0.329018338727077
W01001525,1877,37.8,18.1,34.2,0.610548748002131,0.209376664890783,0.22855620671284
W01001526,1426,48.5,29.42,37.0,0.577138849929874,0.227910238429173,0.231416549789621
W01001527,1204,35.25,20.44,35.4,0.570598006644518,0.147009966777409,0.36046511627907
W01001528,1869,17.25,16.94,14.5,0.644194756554307,0.215088282504013,0.185125735687533
W01001529,2061,37.85,30.42,34.6,0.630761766132945,0.184861717612809,0.259582726831635
W01001530,1791,79.1,39.46,83.7,0.592406476828587,0.293132328308208,0.151312116136237
W01001531,1676,37.0,25.7,44.8,0.605608591885442,0.20346062052506,0.250596658711217
W01001532,1795,36.75,29.16,46.6,0.58941504178273,0.222841225626741,0.235654596100279
W01001533,1482,1.75,8.3,3.7,0.662618083670715,0.15114709851552,0.287449392712551
W01001534,1410,19.1,18.62,17.9,0.582978723404255,0.174468085106383,0.308510638297872
W01001535,1215,15.95,11.8,9.5,0.618930041152263,0.124279835390947,0.352263374485597
W01001536,1160,67.95,35.2,77.1,0.614655172413793,0.231034482758621,0.206034482758621
W01001537,1291,8.25,15.36,14.1,0.595662277304415,0.166537567776917,0.308288148721921
W01001538,1337,52.85,28.68,63.6,0.605086013462977,0.219895287958115,0.225130890052356
W01001539,1413,32.4,21.86,39.6,0.617126680820948,0.218683651804671,0.21585279547063
W01001540,1229,13.05,16.48,12.3,0.644426362896664,0.19039869812856,0.240032546786005
W01001541,1171,20.0,24.86,25.4,0.587532023911187,0.143467122117848,0.334756618274979
W01001542,2128,3.85,16.1,5.5,0.597744360902256,0.173872180451128,0.317669172932331
W01001543,1820,2.35,6.96,2.4,0.586813186813187,0.175274725274725,0.295054945054945
W01001545,1506,3.95,9.86,5.2,0.468791500664011,0.134794156706507,0.474103585657371
W01001546,1594,40.95,25.66,39.1,0.614178168130489,0.221455457967378,0.207653701380176
W01001548,2113,3.85,30.02,2.2,0.588736393752958,0.134879318504496,0.392806436346427
W01001549,1426,1.45,19.08,0.3,0.554698457223001,0.131837307152875,0.415147265077139
W01001551,1203,19.9,18.0,29.8,0.623441396508728,0.217788861180382,0.232751454696592
W01001552,1475,0.3,12.42,0.3,0.512542372881356,0.141016949152542,0.425762711864407
W01001554,1521,6.1,13.88,4.5,0.525969756738987,0.14792899408284,0.372781065088757
W01001555,1117,1.0,16.5,1.6,0.574753804834378,0.116383169203223,0.437779767233662
W01001556,1400,9.5,16.36,12.9,0.603571428571429,0.157142857142857,0.307857142857143
W01001557,1841,14.35,14.86,18.0,0.608908202064096,0.14828897338403,0.317218902770234
W01001558,1610,26.05,12.66,23.7,0.561490683229814,0.16832298136646,0.339751552795031
W01001559,1312,6.4,6.2,7.0,0.557926829268293,0.143292682926829,0.371189024390244
W01001560,1389,0.6,21.28,0.7,0.623470122390209,0.123110151187905,0.339092872570194
W01001561,1577,1.35,6.96,4.7,0.511731135066582,0.121750158528852,0.461001902346227
W01001562,1350,11.2,28.58,12.7,0.648148148148148,0.147407407407407,0.305185185185185
W01001563,1148,13.8,8.88,15.1,0.582752613240418,0.190766550522648,0.299651567944251
W01001565,1808,2.95,20.52,1.3,0.570796460176991,0.129424778761062,0.400442477876106
W01001568,1779,2.6,31.12,0.8,0.578976953344576,0.14221472737493,0.401349072512648
W01001569,1364,11.65,18.16,8.0,0.538856304985337,0.135630498533724,0.418621700879765
W01001571,1616,6.55,16.56,9.7,0.619430693069307,0.15779702970297,0.309405940594059
W01001572,1651,6.4,10.6,7.3,0.576014536644458,0.16656571774682,0.31496062992126
W01001573,1654,3.1,21.82,0.8,0.645707376058041,0.151148730350665,0.270253929866989
W01001574,1374,2.4,14.4,1.7,0.609898107714702,0.176855895196507,0.27292576419214
W01001575,1253,3.25,24.04,1.9,0.55706304868316,0.154030327214685,0.361532322426177
W01001576,1090,17.2,20.68,10.5,0.586238532110092,0.176146788990826,0.304587155963303
W01001577,1286,39.05,27.74,50.7,0.506998444790047,0.192068429237947,0.343701399688958
W01001578,2646,3.4,10.98,8.6,0.615646258503401,0.156840513983371,0.306878306878307
W01001579,1591,8.35,16.84,4.0,0.53362664990572,0.11125078566939,0.443117536140792
W01001580,1723,21.55,13.76,15.1,0.557167730702263,0.152640742890308,0.362159024956471
W01001581,1917,4.7,14.94,4.2,0.538341158059468,0.132498695878978,0.425143453312467
W01001582,1779,8.55,21.24,11.9,0.649241146711636,0.181562675660483,0.203485103991006
W01001583,1527,2.25,25.96,0.5,0.565160445317616,0.140144073346431,0.388998035363458
W01001584,1723,15.4,11.66,21.5,0.643064422518862,0.16134648868253,0.258270458502612
W01001585,1319,0.15,1.12,1.1,0.546626231993935,0.170583775587566,0.357846853677028
W01001586,2464,1.8,2.62,1.0,0.606737012987013,0.172077922077922,0.293425324675325
W01001587,2037,14.75,16.3,18.0,0.666175748649975,0.138929798723613,0.270004909180167
W01001588,1611,3.7,13.96,8.1,0.54252017380509,0.12911235257604,0.411545623836127
W01001589,1433,19.95,24.38,18.0,0.588276343335659,0.178646196789951,0.319609211444522
W01001590,2089,0.8,13.86,0.3,0.573001436093825,0.129727142173289,0.415509813307803
W01001591,1762,1.35,13.5,0.9,0.677639046538025,0.188422247446084,0.192962542565267
W01001592,1592,32.25,25.82,35.3,0.645100502512563,0.199748743718593,0.201005025125628
W01001593,1623,13.0,11.64,18.9,0.678373382624769,0.174984596426371,0.231669747381392
W01001594,1400,3.75,22.28,6.5,0.563571428571429,0.153571428571429,0.385
W01001595,1246,0.35,21.82,0.2,0.581059390048154,0.126003210272873,0.412520064205457
W01001596,1256,1.3,8.64,5.4,0.609872611464968,0.0445859872611465,0.428343949044586
W01001597,1389,4.35,5.58,1.6,0.569474442044636,0.146148308135349,0.365730741540677
W01001598,1659,23.0,26.2,25.6,0.60337552742616,0.20253164556962,0.246534056660639
W01001599,2120,20.5,18.96,11.9,0.544339622641509,0.167452830188679,0.368396226415094
W01001600,1935,0.6,9.78,0.6,0.600516795865633,0.167441860465116,0.293540051679587
W01001601,1506,46.2,35.88,36.0,0.636786188579017,0.233731739707835,0.166666666666667
W01001602,1626,2.4,6.38,3.8,0.586715867158672,0.143911439114391,0.345018450184502
W01001603,1573,11.1,20.46,14.9,0.694850603941513,0.160203432930706,0.198347107438017
W01001604,1517,3.7,16.68,3.6,0.586684245220831,0.160184574818721,0.320369149637442
W01001605,1445,19.2,25.2,13.1,0.631141868512111,0.143252595155709,0.288581314878893
W01001606,1228,5.85,16.86,9.2,0.634364820846905,0.169381107491857,0.276058631921824
W01001607,1320,67.75,49.3,42.6,0.615151515151515,0.279545454545455,0.125757575757576
W01001608,1493,8.25,16.5,7.5,0.649698593436035,0.161419959812458,0.255190890823845
W01001609,1884,59.45,40.98,53.7,0.639596602972399,0.274416135881104,0.123673036093418
W01001610,1311,31.75,36.42,22.4,0.603356216628528,0.198321891685736,0.243325705568268
W01001611,1246,22.5,25.36,5.8,0.65008025682183,0.19983948635634,0.203852327447833
W01001612,1547,19.0,30.94,14.8,0.64770523594053,0.164188752424047,0.274725274725275
W01001613,1501,12.8,24.5,14.3,0.660226515656229,0.199866755496336,0.191872085276482
W01001614,1605,48.35,32.9,42.5,0.590031152647975,0.225545171339564,0.244859813084112
W01001615,1585,14.45,24.78,14.2,0.603154574132492,0.23596214511041,0.210094637223975
W01001616,1455,7.8,13.48,4.4,0.606872852233677,0.15807560137457,0.334707903780069
W01001617,1479,65.5,43.38,56.3,0.588235294117647,0.233265720081136,0.204868154158215
W01001618,1132,51.4,37.66,61.0,0.596289752650177,0.223498233215548,0.234098939929329
W01001619,1350,61.9,43.8,57.3,0.614074074074074,0.228148148148148,0.194814814814815
W01001620,1725,34.15,27.66,33.2,0.638840579710145,0.23304347826087,0.165217391304348
W01001621,1448,47.45,37.44,47.0,0.584254143646409,0.204419889502762,0.24378453038674
W01001622,1201,25.8,20.22,41.3,0.661115736885928,0.155703580349709,0.252289758534555
W01001623,1403,4.3,19.42,6.6,0.570206699928724,0.153955808980756,0.359942979330007
W01001624,1164,0.75,11.88,3.1,0.611683848797251,0.164948453608247,0.304982817869416
W01001625,1160,5.7,17.38,3.0,0.583620689655172,0.10948275862069,0.413793103448276
W01001626,1502,9.4,9.38,3.7,0.579227696404794,0.18508655126498,0.288282290279627
W01001627,1634,1.6,8.7,1.4,0.580171358629131,0.157894736842105,0.351897184822521
W01001628,1030,37.9,21.7,39.3,0.58252427184466,0.187378640776699,0.310679611650485
W01001629,1411,12.0,18.62,13.1,0.589652728561304,0.133238837703756,0.336640680368533
W01001630,1665,43.9,19.48,40.5,0.558558558558559,0.182582582582583,0.342942942942943
W01001631,1376,9.9,9.56,13.5,0.638808139534884,0.155523255813953,0.287063953488372
W01001632,1452,28.2,24.26,14.9,0.621212121212121,0.215564738292011,0.207300275482094
W01001633,1771,51.75,38.32,49.6,0.607566346696781,0.26369282891022,0.178994918125353
W01001634,1467,31.5,27.7,20.6,0.616905248807089,0.212678936605317,0.21745057941377
W01001635,1339,4.1,12.78,3.7,0.599701269604182,0.163554891710232,0.302464525765497
W01001636,1884,0.55,12.62,0.6,0.664543524416136,0.205414012738854,0.185774946921444
W01001637,2134,7.7,15.64,6.0,0.581068416119963,0.208997188378632,0.255388940955951
W01001638,1228,1.0,5.56,1.3,0.556188925081433,0.203583061889251,0.297231270358306
W01001639,2180,2.1,19.2,1.6,0.641743119266055,0.189908256880734,0.229816513761468
W01001640,1161,1.45,14.54,1.2,0.575366063738157,0.127476313522825,0.411714039621016
W01001641,1365,1.05,16.76,1.8,0.577289377289377,0.149450549450549,0.36996336996337
W01001642,1641,32.95,40.04,18.7,0.663010359536868,0.219987812309567,0.19926873857404
W01001643,1974,37.65,35.76,37.2,0.639817629179331,0.28774062816616,0.0947315096251267
W01001645,1343,21.95,36.22,16.1,0.656738644825019,0.205510052122115,0.209233060312733
W01001646,1671,53.65,54.26,29.9,0.537402752842609,0.225613405146619,0.280071813285458
W01001648,1495,15.2,31.7,19.2,0.625418060200669,0.17056856187291,0.263545150501672
W01001650,1646,18.1,22.8,19.7,0.60996354799514,0.243620899149453,0.196233292831106
W01001651,1398,3.3,8.42,6.9,0.585836909871245,0.135908440629471,0.348354792560801
W01001652,1673,84.35,37.46,62.7,0.59593544530783,0.222952779438135,0.230125523012552
W01001653,1406,3.7,14.58,6.0,0.581792318634424,0.130156472261735,0.355618776671408
W01001654,1604,7.75,13.1,6.8,0.621571072319202,0.173316708229426,0.263715710723192
W01001655,1536,5.1,9.8,10.0,0.546223958333333,0.173828125,0.334635416666667
W01001657,1448,0.65,21.86,2.9,0.594613259668508,0.18232044198895,0.305939226519337
W01001658,2093,3.6,12.7,11.7,0.594362159579551,0.217869087434305,0.24605828953655
W01001659,1970,70.9,53.76,74.5,0.563451776649746,0.280203045685279,0.167005076142132
W01001660,2795,23.35,24.84,22.2,0.635778175313059,0.233989266547406,0.16994633273703
W01001661,3222,42.9,46.52,51.7,0.716635630043451,0.20391061452514,0.0965238981998758
W01001662,1719,72.05,44.96,80.3,0.573007562536358,0.304246655031995,0.140197789412449
W01001663,1417,41.55,32.26,33.3,0.587155963302752,0.16090331686662,0.352152434721242
W01001664,1232,56.35,40.04,41.7,0.579545454545455,0.215909090909091,0.266233766233766
W01001665,1678,25.6,21.0,28.6,0.553635280095352,0.152562574493445,0.384982121573302
W01001666,1499,60.6,37.26,59.8,0.588392261507672,0.250166777851901,0.194129419613075
W01001667,1313,62.8,40.56,67.1,0.595582635186596,0.254379284082254,0.185072353389185
W01001668,1208,48.0,43.5,35.5,0.611754966887417,0.221854304635762,0.235927152317881
W01001669,1267,0.35,6.12,0.4,0.591949486977111,0.12707182320442,0.396211523283346
W01001670,2291,0.9,13.16,2.6,0.598865124399825,0.189873417721519,0.252291575731122
W01001671,2404,16.85,18.88,26.7,0.627287853577371,0.208402662229617,0.208818635607321
W01001673,1401,3.8,9.5,2.6,0.531049250535332,0.142755174875089,0.41541755888651
W01001674,1576,15.3,14.32,16.7,0.595177664974619,0.217639593908629,0.237309644670051
W01001675,1580,20.05,32.1,27.6,0.632911392405063,0.211392405063291,0.2
W01001676,2047,26.95,46.64,18.7,0.696629213483146,0.207132388861749,0.12066438690767
W01001677,1429,5.55,22.74,10.4,0.621413575927222,0.160251924422673,0.279916025192442
W01001678,1635,32.1,39.18,16.4,0.575535168195719,0.250152905198777,0.223853211009174
W01001679,1112,5.85,14.44,5.3,0.623201438848921,0.169964028776978,0.267985611510791
W01001680,1279,11.25,24.86,16.0,0.678655199374511,0.193901485535575,0.189992181391712
W01001681,1379,43.4,59.5,43.2,0.639593908629442,0.229151559100798,0.181290790427846
W01001682,1400,25.5,37.96,36.3,0.619285714285714,0.172857142857143,0.255
W01001683,1095,10.35,32.0,10.1,0.638356164383562,0.204566210045662,0.204566210045662
W01001684,1418,11.95,34.24,14.5,0.675599435825106,0.196755994358251,0.198871650211566
W01001685,1815,34.2,44.64,34.1,0.694214876033058,0.173553719008264,0.173553719008264
W01001686,1329,15.8,18.34,20.8,0.688487584650113,0.126410835214447,0.260346124905944
W01001687,2392,57.8,48.04,34.3,0.720735785953177,0.138377926421405,0.182274247491639
W01001689,2047,62.75,42.9,75.1,0.532975085490962,0.268197361993161,0.212994626282364
W01001690,2299,36.1,40.5,29.1,0.67246628969117,0.243584167029143,0.127011744236625
W01001691,1716,29.05,42.62,44.9,0.698717948717949,0.16025641025641,0.192890442890443
W01001692,2481,33.35,50.78,22.0,0.646513502619911,0.261588069326884,0.13099556630391
W01001693,3035,23.25,53.8,28.6,0.691268533772652,0.228006589785832,0.0922570016474465
W01001694,2044,36.8,53.0,53.9,0.76908023483366,0.171232876712329,0.0880626223091976
W01001695,4848,10.9,49.44,53.4,0.863036303630363,0.0676567656765677,0.0299092409240924
W01001696,1563,53.5,44.18,53.6,0.72296865003199,0.206014075495841,0.115163147792706
W01001697,2027,24.75,42.82,27.9,0.704982733103108,0.197335964479526,0.120374938332511
W01001698,2129,34.4,52.26,47.6,0.791921089713481,0.149365899483326,0.0770314701737905
W01001699,2515,61.2,42.24,38.6,0.643339960238569,0.242544731610338,0.137176938369781
W01001702,1774,33.2,25.56,23.1,0.655580608793687,0.204622322435175,0.211386696730552
W01001703,1212,70.35,33.68,66.0,0.588283828382838,0.254125412541254,0.202970297029703
W01001704,1690,82.25,46.26,94.3,0.578698224852071,0.285207100591716,0.146745562130178
W01001705,1997,49.25,34.38,47.4,0.615923885828743,0.230846269404106,0.188783174762143
W01001706,1407,26.9,36.62,17.4,0.580668088130775,0.224591329068941,0.260838663823738
W01001707,2008,60.65,39.16,48.7,0.586653386454183,0.240537848605578,0.219123505976096
W01001708,1729,73.0,41.9,62.9,0.614806246385194,0.197223828802776,0.224985540775014
W01001710,1867,23.55,30.48,15.5,0.669523299410819,0.217461167648634,0.16336368505624
W01001711,2024,30.3,39.8,17.9,0.639822134387352,0.219367588932806,0.213438735177866
W01001712,1529,6.95,22.2,18.2,0.695225637671681,0.156965336821452,0.207325049051668
W01001713,1725,10.2,35.96,13.0,0.733333333333333,0.161739130434783,0.181449275362319
W01001714,1572,1.25,20.56,1.5,0.588422391857506,0.188295165394402,0.263994910941476
W01001715,1503,4.9,16.84,3.8,0.685961410512309,0.148369926813041,0.23020625415835
W01001716,1249,3.1,23.14,3.9,0.659727782225781,0.176941553242594,0.248198558847078
W01001717,1514,12.9,22.94,13.3,0.69220607661823,0.189564068692206,0.176354029062087
W01001718,1766,3.45,34.94,11.5,0.892978482446206,0.0730464326160815,0.0464326160815402
W01001719,2269,0.4,15.44,0.9,0.865138827677391,0.0775672102247686,0.0608197443807845
W01001720,2490,0.9,36.16,8.8,0.949799196787149,0.0301204819277108,0.0273092369477912
W01001721,2979,1.3,40.12,14.8,0.932527693856999,0.0288687479019805,0.044645854313528
W01001722,1781,1.35,29.94,5.1,0.932060640089837,0.0331274564851207,0.025828186412128
W01001724,2730,0.25,32.96,7.8,0.976923076923077,0.0120879120879121,0.0142857142857143
W01001725,2457,0.3,35.38,4.6,0.956857956857957,0.0321530321530322,0.0134310134310134
W01001726,1837,5.5,28.88,20.2,0.868263473053892,0.08056614044638,0.0664126292868808
W01001727,1413,10.35,12.08,3.5,0.580325548478415,0.177636234961076,0.314225053078556
W01001728,1460,0.45,2.94,0.0,0.552054794520548,0.178082191780822,0.35
W01001729,3191,4.8,14.42,4.5,0.656847383265434,0.187402068317142,0.223754308994046
W01001730,1626,0.15,7.64,0.3,0.482164821648217,0.174046740467405,0.397908979089791
W01001731,1546,0.5,8.16,0.0,0.551099611901682,0.22509702457956,0.263260025873221
W01001732,1765,1.8,12.5,0.0,0.547308781869688,0.23399433427762,0.278186968838527
W01001733,1493,5.75,11.06,1.4,0.593436034829203,0.193569993302076,0.287340924313463
W01001734,1631,0.3,7.36,0.9,0.580012262415696,0.21704475781729,0.270999386879215
W01001735,2007,1.85,12.4,0.5,0.561036372695565,0.172396611858495,0.260089686098655
W01001736,1517,1.0,6.38,2.9,0.520105471324984,0.216875411997363,0.31641397495056
W01001737,1647,79.15,49.64,53.8,0.587735276259866,0.263509411050395,0.176077717061324
W01001738,1483,89.75,57.46,74.8,0.53068105192178,0.380310182063385,0.107215104517869
W01001739,1475,79.55,52.74,65.2,0.568813559322034,0.343050847457627,0.111186440677966
W01001740,1493,86.75,47.16,78.1,0.590087073007368,0.270596115204287,0.189551239115874
W01001741,1698,94.45,53.3,90.4,0.574204946996466,0.34982332155477,0.091283863368669
W01001742,1715,68.5,47.06,55.7,0.601749271137026,0.286297376093294,0.132361516034985
W01001743,1512,14.05,14.02,7.7,0.583994708994709,0.163359788359788,0.340608465608466
W01001744,1780,72.2,39.5,61.1,0.557865168539326,0.284269662921348,0.210112359550562
W01001745,1266,4.65,14.76,1.8,0.649289099526066,0.146919431279621,0.286729857819905
W01001746,1547,61.15,44.62,53.0,0.581771170006464,0.245636716224952,0.2120232708468
W01001747,1799,10.85,14.42,8.8,0.657587548638132,0.164535853251807,0.242912729294052
W01001748,1547,30.6,24.24,31.6,0.626373626373626,0.224951519069166,0.214608920491273
W01001749,1583,29.6,22.4,22.6,0.640555906506633,0.202779532533165,0.231838281743525
W01001750,1606,47.75,26.08,51.8,0.597758405977584,0.179327521793275,0.319427148194271
W01001751,1909,56.9,37.62,47.0,0.611314824515453,0.280251440544788,0.143530644316396
W01001752,1619,4.15,16.78,6.1,0.636812847436689,0.162445954292773,0.284126003705991
W01001753,1603,50.4,35.64,49.3,0.637554585152838,0.222707423580786,0.144728633811603
W01001754,1697,9.45,20.52,9.5,0.614614024749558,0.146729522687095,0.320565704183854
W01001755,1503,1.6,17.18,4.2,0.816367265469062,0.125083166999335,0.0958083832335329
W01001756,3742,11.1,29.8,18.3,0.804115446285409,0.112239444147515,0.0726884019241048
W01001757,1502,4.4,26.94,5.8,0.770306258322237,0.13115845539281,0.131824234354194
W01001758,2154,2.5,23.76,6.4,0.790157845868152,0.136490250696379,0.0789229340761374
W01001759,1651,19.7,24.16,21.2,0.68503937007874,0.173834039975772,0.205935796486978
W01001760,1713,22.45,30.12,18.8,0.653239929947461,0.17980151780502,0.220081727962639
W01001761,1793,32.8,42.6,49.9,0.691578360290017,0.193530395984384,0.160066926938093
W01001762,1898,54.2,43.96,46.5,0.633298208640674,0.269757639620653,0.120126448893572
W01001764,1993,24.95,49.98,28.2,0.719518314099348,0.173607626693427,0.111891620672353
W01001765,1483,22.7,42.8,19.4,0.677680377612947,0.218476062036413,0.132838840188806
W01001766,1702,39.2,47.1,27.0,0.679200940070505,0.220916568742656,0.121621621621622
W01001767,1831,30.55,45.64,26.3,0.718732932823594,0.203167667941016,0.108137629710541
W01001768,1705,41.2,46.94,23.3,0.687976539589443,0.226392961876833,0.0956011730205279
W01001769,1540,0.35,5.66,0.7,0.577272727272727,0.18961038961039,0.3
W01001770,1093,7.8,13.56,16.8,0.671546203110704,0.120768526989936,0.301006404391583
W01001771,1675,1.25,8.88,1.4,0.605970149253731,0.181492537313433,0.272238805970149
W01001772,1389,2.15,15.56,5.4,0.568754499640029,0.147588192944564,0.375089992800576
W01001773,2606,8.35,13.68,8.4,0.644666155026861,0.199539524174981,0.195318495778972
W01001774,1427,0.15,11.68,0.7,0.591450595655221,0.193412754029432,0.271899088997898
W01001775,1670,6.8,18.76,8.3,0.636526946107784,0.19940119760479,0.230538922155689
W01001776,1372,1.25,12.82,1.3,0.589650145772595,0.207725947521866,0.271865889212828
W01001777,2010,1.4,15.52,1.0,0.576119402985075,0.189054726368159,0.309452736318408
W01001778,1761,0.1,12.14,0.2,0.559341283361726,0.14877910278251,0.369108461101647
W01001779,1545,1.1,10.6,1.4,0.590291262135922,0.167637540453074,0.339805825242718
W01001780,1614,1.85,8.3,3.0,0.651177199504337,0.12639405204461,0.309789343246592
W01001781,1729,6.15,16.0,5.8,0.584152689415847,0.135916714864083,0.333718912666281
W01001782,1501,0.6,13.14,0.6,0.600266489007328,0.185209860093271,0.277814790139907
W01001783,1214,2.3,4.74,1.7,0.601317957166392,0.172158154859967,0.328665568369028
W01001784,1299,3.7,5.7,4.3,0.571208622016936,0.177059276366436,0.326404926866821
W01001785,1154,57.2,34.24,51.3,0.61265164644714,0.223570190641248,0.2157712305026
W01001786,1507,10.55,21.98,13.9,0.64963503649635,0.186463171864632,0.218978102189781
W01001787,1391,31.0,31.82,30.1,0.621854780733285,0.211358734723221,0.221423436376707
W01001788,1619,43.85,34.24,36.2,0.645460160592959,0.222359481161211,0.192711550339716
W01001789,1544,5.6,17.68,11.6,0.676813471502591,0.174222797927461,0.207901554404145
W01001790,1241,31.0,19.88,24.8,0.593875906526994,0.21273166800967,0.240128928283642
W01001791,1893,7.7,12.7,5.1,0.529846804014791,0.176439513998943,0.359218172213418
W01001792,1604,32.75,19.58,32.9,0.610349127182045,0.217581047381546,0.221321695760599
W01001793,1374,2.0,8.78,0.2,0.692867540029112,0.179767103347889,0.221251819505095
W01001794,1382,3.1,5.9,2.4,0.673661360347323,0.17438494934877,0.24095513748191
W01001795,1506,3.05,7.02,0.2,0.673970783532536,0.158034528552457,0.251660026560425
W01001796,1389,7.6,6.22,5.6,0.637149028077754,0.156227501799856,0.290136789056875
W01001797,1449,6.7,10.08,6.9,0.559006211180124,0.206349206349206,0.325051759834369
W01001798,1439,3.45,7.14,5.0,0.612925642807505,0.180681028492008,0.282140375260598
W01001799,1272,0.3,10.2,1.2,0.535377358490566,0.117924528301887,0.442610062893082
W01001800,1398,26.0,19.92,34.2,0.617310443490701,0.176680972818312,0.286838340486409
W01001802,1687,31.85,28.14,30.2,0.60284528749259,0.208654416123296,0.27860106698281
W01001803,1719,40.45,30.52,41.8,0.620127981384526,0.2065154159395,0.253054101221641
W01001804,1603,40.5,29.72,52.7,0.631940112289457,0.229569557080474,0.185901434809732
W01001805,1549,33.95,30.94,27.2,0.639767591994835,0.235635894125242,0.17817947062621
W01001806,1709,14.5,22.3,11.7,0.606202457577531,0.18314803978935,0.294909303686366
W01001807,1626,58.95,39.7,57.0,0.621771217712177,0.273677736777368,0.143911439114391
W01001808,1693,69.45,48.84,73.3,0.61370348493798,0.279976373301831,0.138806851742469
W01001809,1211,14.75,18.8,21.9,0.597027250206441,0.171758876961189,0.291494632535095
W01001810,1688,54.75,39.18,52.9,0.566943127962085,0.272511848341232,0.17239336492891
W01001811,1600,67.65,52.56,57.5,0.58,0.284375,0.148125
W01001812,1304,30.55,27.0,22.2,0.576687116564417,0.238496932515337,0.221625766871166
W01001813,1899,58.8,38.36,48.9,0.598736176935229,0.257503949447077,0.17114270668773
W01001814,1429,16.95,18.98,17.2,0.601819454163751,0.195241427571728,0.256123163051085
W01001815,1353,10.9,19.18,8.5,0.591278640059128,0.20990391722099,0.24759793052476
W01001816,2843,32.15,24.5,25.0,0.623285262047133,0.236018290538164,0.149138234259585
W01001817,1410,16.3,18.24,23.6,0.612765957446809,0.177304964539007,0.25531914893617
W01001818,1574,24.75,21.84,17.7,0.583227445997459,0.268742058449809,0.189961880559085
W01001819,2328,5.25,3.58,1.1,0.536941580756014,0.172250859106529,0.381013745704467
W01001820,1190,4.85,12.94,3.2,0.621848739495798,0.172268907563025,0.265546218487395
W01001821,1773,2.35,11.52,10.9,0.63395375070502,0.114495205865764,0.258319232938522
W01001822,1919,11.25,17.94,6.6,0.616988014590933,0.190724335591454,0.25117248566962
W01001823,1256,1.25,18.04,0.5,0.631369426751592,0.20859872611465,0.21656050955414
W01001824,1595,8.45,31.1,12.4,0.71974921630094,0.130407523510972,0.191849529780564
W01001825,2003,14.55,34.84,11.3,0.680479281078382,0.198202695956066,0.160259610584124
W01001826,1395,3.25,12.66,1.5,0.527598566308244,0.19426523297491,0.330465949820789
W01001827,1656,2.0,11.98,0.3,0.53804347826087,0.178743961352657,0.35024154589372
W01001828,1539,1.4,14.74,1.5,0.527615334632878,0.162443144899285,0.384665367121507
W01001829,2190,7.8,34.64,14.0,0.869406392694064,0.0835616438356164,0.0634703196347032
W01001830,1670,25.0,39.28,43.9,0.87125748502994,0.0946107784431138,0.0586826347305389
W01001831,1586,6.45,30.68,3.3,0.845523329129886,0.0920554854981084,0.085750315258512
W01001832,1806,7.1,42.42,14.0,0.942414174972315,0.0376522702104097,0.0243632336655592
W01001833,1567,14.0,36.08,18.6,0.753669432035737,0.132737715379706,0.156349712827058
W01001834,1765,14.25,32.58,17.7,0.78413597733711,0.132011331444759,0.104249291784703
W01001835,2417,22.45,34.3,52.0,0.839056681836988,0.0533719486967315,0.143980140670252
W01001836,1330,10.1,31.54,4.3,0.735338345864662,0.160902255639098,0.139097744360902
W01001837,1387,13.9,38.02,17.0,0.802451333813987,0.101658255227109,0.105984138428262
W01001838,1627,5.9,26.78,11.6,0.797787338660111,0.128457283343577,0.0940381069452981
W01001839,1619,11.7,34.06,10.5,0.814700432365658,0.116121062384188,0.0815318097591106
W01001840,1962,15.15,25.0,16.6,0.639653414882773,0.166666666666667,0.290519877675841
W01001841,1909,6.0,7.46,7.0,0.680984808800419,0.185437401781037,0.207438449449974
W01001842,1749,4.35,7.26,0.8,0.681532304173814,0.223556317895941,0.137221269296741
W01001844,1852,10.7,11.54,4.0,0.689524838012959,0.167386609071274,0.191684665226782
W01001846,1741,2.1,13.72,2.8,0.609994256174612,0.248133256748995,0.179207352096496
W01001847,1594,0.25,10.42,0.1,0.506900878293601,0.164366373902133,0.411543287327478
W01001848,1448,0.25,9.48,0.7,0.571132596685083,0.206491712707182,0.290055248618785
W01001849,1578,0.95,13.06,0.9,0.564638783269962,0.193916349809886,0.316856780735108
W01001850,1904,0.3,8.94,0.1,0.533613445378151,0.17436974789916,0.361344537815126
W01001851,1570,3.7,14.18,5.0,0.54203821656051,0.160509554140127,0.365605095541401
W01001852,1949,0.4,11.04,1.2,0.575166752180605,0.190867111339148,0.304258594150847
W01001853,1623,1.55,7.24,3.4,0.515711645101664,0.149106592729513,0.410351201478743
W01001854,1587,1.7,9.36,4.7,0.48708254568368,0.126023944549464,0.481411468178954
W01001855,1764,42.25,49.1,31.0,0.687074829931973,0.224489795918367,0.117913832199546
W01001856,1745,48.2,65.24,46.4,0.720916905444126,0.186819484240688,0.111747851002865
W01001857,2117,62.8,54.54,52.3,0.668398677373642,0.227680680207841,0.130845536136042
W01001858,1552,6.5,21.92,7.3,0.730670103092783,0.105670103092784,0.236469072164948
W01001859,1491,5.0,20.62,8.7,0.713615023474178,0.128101945003353,0.226693494299128
W01001860,1685,3.5,23.98,3.0,0.745994065281899,0.144213649851632,0.169139465875371
W01001861,1618,4.5,27.54,2.3,0.744128553770087,0.148331273176761,0.174907292954265
W01001862,1931,27.95,49.92,16.5,0.728638011393061,0.190574831693423,0.112377006732263
W01001863,1494,16.2,24.54,10.7,0.607095046854083,0.167336010709505,0.309906291834003
W01001864,1479,5.35,15.54,9.9,0.601081812035159,0.144016227180527,0.344827586206897
W01001865,1296,7.8,18.64,10.4,0.625771604938272,0.162037037037037,0.29320987654321
W01001866,1627,41.05,36.72,43.8,0.568531038721573,0.186846957590658,0.29440688383528
W01001867,1521,61.75,40.12,52.2,0.575279421433268,0.280078895463511,0.173570019723866
W01001868,1596,41.05,28.46,29.2,0.568295739348371,0.245614035087719,0.232456140350877
W01001869,1405,19.05,29.52,49.1,0.743772241992883,0.139501779359431,0.187188612099644
W01001870,1416,19.7,29.9,24.0,0.725988700564972,0.17090395480226,0.15183615819209
W01001871,1632,68.5,45.3,62.2,0.610906862745098,0.262867647058824,0.16421568627451
W01001872,1664,26.8,37.78,31.1,0.725360576923077,0.150240384615385,0.177283653846154
W01001873,1853,45.0,37.84,64.4,0.692930383162439,0.187803561791689,0.173772261198057
W01001874,1516,71.35,49.0,79.9,0.66490765171504,0.233509234828496,0.12598944591029
W01001876,1664,60.7,45.48,61.5,0.634615384615385,0.252403846153846,0.156850961538462
W01001877,1883,8.25,14.54,8.2,0.653744025491237,0.191184280403611,0.223048327137546
W01001878,1646,15.75,17.7,17.6,0.580194410692588,0.221142162818955,0.243013365735115
W01001879,1910,56.5,37.32,65.8,0.619371727748691,0.254450261780105,0.157591623036649
W01001880,1660,68.5,39.86,65.4,0.636746987951807,0.25421686746988,0.119879518072289
W01001881,1474,61.95,34.24,53.3,0.595658073270014,0.219810040705563,0.240162822252374
W01001882,1800,12.85,17.88,13.6,0.663888888888889,0.202777777777778,0.192222222222222
W01001883,1714,55.25,43.74,55.5,0.596849474912485,0.220536756126021,0.244457409568261
W01001884,1440,95.6,49.36,83.2,0.5875,0.346527777777778,0.08125
W01001885,2684,35.65,31.96,27.4,0.633383010432191,0.269374068554396,0.115499254843517
W01001886,1359,65.3,46.84,62.5,0.635025754231052,0.265636497424577,0.140544518027962
W01001887,1616,0.1,8.3,0.7,0.555693069306931,0.186881188118812,0.327970297029703
W01001888,1648,8.65,11.58,6.7,0.634101941747573,0.195995145631068,0.235436893203884
W01001889,1446,7.15,16.02,7.9,0.558782849239281,0.139004149377593,0.381051175656985
W01001890,1505,2.9,14.26,4.1,0.621262458471761,0.13953488372093,0.287707641196013
W01001891,1662,13.55,14.72,17.0,0.575210589651023,0.190132370637786,0.306257521058965
W01001892,1452,0.4,10.66,1.1,0.548898071625344,0.184573002754821,0.338842975206612
W01001893,1850,21.05,17.76,13.3,0.617297297297297,0.216216216216216,0.243783783783784
W01001894,1508,1.5,14.78,7.4,0.590185676392573,0.180371352785146,0.310344827586207
W01001895,1704,33.95,16.46,30.1,0.599765258215962,0.174882629107981,0.269953051643192
W01001896,1444,0.65,9.7,2.3,0.607340720221607,0.176592797783934,0.303324099722992
W01001897,1816,3.7,30.48,5.2,0.58204845814978,0.140969162995595,0.382709251101322
W01001898,1452,29.45,26.12,25.5,0.621900826446281,0.161845730027548,0.299586776859504
W01001899,2214,23.2,23.74,32.1,0.573622402890696,0.191508581752484,0.295392953929539
W01001900,1390,37.35,22.34,38.8,0.628776978417266,0.168345323741007,0.285611510791367
W01001901,1811,8.4,7.52,6.2,0.542794036443954,0.163997791275538,0.366648260629486
W01001902,1459,43.95,23.38,33.5,0.580534612748458,0.248115147361206,0.221384509938314
W01001903,2083,6.75,4.88,3.1,0.534805568891023,0.123859817570811,0.437830052808449
W01001904,1680,1.45,17.94,0.6,0.523809523809524,0.141666666666667,0.423809523809524
W01001905,2118,2.4,23.94,0.8,0.565155807365439,0.133616619452314,0.407459867799811
W01001906,1962,6.85,30.9,2.6,0.570846075433231,0.134556574923547,0.401630988786952
W01001907,1400,6.1,34.48,0.9,0.568571428571429,0.156428571428571,0.356428571428571
W01001908,2172,22.1,16.68,14.6,0.569521178637201,0.204419889502762,0.296040515653775
W01001910,1682,46.05,30.02,63.3,0.693222354340071,0.206896551724138,0.157550535077289
W01001911,1113,32.0,22.08,36.9,0.648697214734951,0.207547169811321,0.20125786163522
W01001912,1510,6.65,24.66,11.5,0.585430463576159,0.150331125827815,0.345033112582781
W01001913,1465,5.75,16.92,8.3,0.726279863481229,0.184982935153584,0.154266211604096
W01001914,1920,1.7,8.34,10.9,0.669791666666667,0.174479166666667,0.194270833333333
W01001915,1609,2.2,4.02,3.2,0.625854568054692,0.218147917961467,0.185829707893101
W01001916,1532,0.7,2.58,0.3,0.638381201044386,0.225195822454308,0.148825065274151
W01001917,1514,15.3,22.92,19.8,0.647952443857332,0.153896961690885,0.282034346103038
W01001918,1889,1.95,2.98,3.2,0.643197458973002,0.246161990471149,0.118581259925887
W01001919,1315,1.5,3.52,3.7,0.681368821292776,0.204562737642586,0.163498098859316
W01001920,1197,2.1,4.0,1.5,0.632414369256475,0.22639933166249,0.182121971595656
W01001921,1495,13.35,5.08,9.5,0.65819397993311,0.210033444816054,0.17190635451505
W01001922,1990,0.55,38.3,7.5,0.979396984924623,0.00804020100502513,0.00653266331658291
W01001923,1768,17.45,23.14,17.0,0.665158371040724,0.178733031674208,0.226244343891403
W01001924,1398,64.9,43.28,57.4,0.605865522174535,0.235336194563662,0.201716738197425
W01001925,2225,18.9,19.26,10.4,0.575730337078652,0.133932584269663,0.394606741573034
W01001926,2144,6.75,16.5,5.0,0.578824626865672,0.141791044776119,0.402985074626866
W01001927,1411,27.35,24.1,25.1,0.521615875265769,0.162296243798724,0.378454996456414
W01001928,1103,76.4,47.7,61.6,0.586582048957389,0.0788757932910245,0.42611060743427
W01001929,1215,27.45,33.44,34.0,0.727572016460905,0.179423868312757,0.14238683127572
W01001930,2064,9.55,35.18,5.3,0.585755813953488,0.143895348837209,0.374031007751938
W01001931,1409,46.6,37.86,50.5,0.66430092264017,0.195173882185947,0.173172462739532
W01001932,2799,6.45,41.0,0.8,0.572347266881029,0.172918899607002,0.344408717399071
W01001933,1930,7.45,30.82,4.3,0.585492227979275,0.102072538860104,0.438860103626943
W01001935,1030,5.9,13.02,13.4,0.693203883495146,0.168932038834951,0.210679611650485
W01001936,1619,2.2,9.86,12.1,0.755404570722668,0.0815318097591106,0.207535515750463
W01001937,1998,9.75,35.24,7.1,0.577577577577578,0.148648648648649,0.374374374374374
W01001940,1084,3.85,26.44,2.0,0.854243542435424,0.0498154981549815,0.157749077490775
W01001942,1594,37.45,35.7,34.5,0.70702634880803,0.141781681304893,0.202007528230866
W01001943,1238,8.8,34.22,2.5,0.832794830371567,0.116316639741519,0.0872374798061389
W01001944,1184,8.65,29.24,7.9,0.866554054054054,0.107263513513514,0.0430743243243243
W01001946,1318,36.9,34.42,26.7,0.726100151745068,0.185887708649469,0.131259484066768
W01001947,1884,22.6,34.06,5.6,0.80307855626327,0.159235668789809,0.0817409766454352
W01001948,2423,1.9,7.62,0.4,0.649607924061081,0.24597606273215,0.129591415600495
W01001949,1349,18.65,11.54,42.3,0.681986656782802,0.183098591549296,0.175685693106004
W01001950,1170,2.35,17.64,2.6,0.775213675213675,0.108547008547009,0.174358974358974
W01001951,1650,7.85,33.02,20.8,0.878181818181818,0.083030303030303,0.0442424242424242
W01001952,2038,17.7,36.86,40.3,0.838567222767419,0.0736015701668302,0.0888125613346418
W01001953,1474,22.95,11.56,17.8,0.627544097693351,0.226594301221167,0.19606512890095
W01001954,1539,2.25,4.86,1.5,0.569200779727095,0.134502923976608,0.37946718648473
W01001955,2357,63.15,40.64,97.4,0.843869325413661,0.0373355960967331,0.19176919813322
W01001956,2223,1.7,4.34,3.9,0.61808367071525,0.12910481331534,0.272154745838956
W01001958,1351,10.3,18.2,13.9,0.768319763138416,0.0473723168023686,0.247964470762398
W01001959,1547,8.1,8.5,7.4,0.634776987718164,0.208144796380091,0.210084033613445
W01001960,1481,5.55,11.5,13.7,0.62930452397029,0.180958811613774,0.25455773126266
W01001961,2321,33.75,25.56,45.6,0.634209392503231,0.178371391641534,0.256355019388195
W01001962,2425,29.0,30.48,38.3,0.607422680412371,0.204123711340206,0.246185567010309
W01001963,2222,33.65,29.76,34.9,0.623762376237624,0.163366336633663,0.264626462646265
W01001964,2392,25.6,31.1,37.5,0.713210702341137,0.146321070234114,0.195234113712375
W01001965,1666,22.9,12.62,22.6,0.6062424969988,0.193877551020408,0.264705882352941
W01001966,1960,3.85,10.7,11.6,0.639795918367347,0.294387755102041,0.0887755102040816
W01001967,1460,4.75,18.74,4.1,0.646575342465753,0.182876712328767,0.226712328767123
W01001968,1575,4.15,9.9,8.7,0.652698412698413,0.234285714285714,0.161269841269841
W01001969,2299,49.45,29.4,51.4,0.592431491953023,0.219660722053067,0.226620269682471
W01001970,2129,0.3,4.48,0.5,0.569281352747769,0.143259746359793,0.382808830436825
W01001971,2843,2.55,23.14,23.8,0.846640872317974,0.0678860358775941,0.119943721421034
W01001972,1275,1.95,5.0,1.9,0.690196078431373,0.189803921568627,0.162352941176471
W01001973,2302,25.15,28.54,25.3,0.634231103388358,0.16637706342311,0.279322328410078
W01001974,1400,39.75,30.92,29.4,0.587142857142857,0.217857142857143,0.232142857142857
W01001975,1371,18.5,14.66,21.8,0.574762946754194,0.174325309992706,0.320933625091174
W01001976,1602,11.0,18.62,7.8,0.559300873907616,0.157303370786517,0.375156054931336
W01001977,1475,11.7,14.24,10.1,0.555254237288136,0.20271186440678,0.298305084745763
W01001978,1447,22.3,15.18,14.9,0.566689702833449,0.165860400829302,0.335176226675881
W01001979,2064,1.65,7.98,1.3,0.602713178294574,0.221899224806202,0.222383720930233
W01001980,2207,6.7,32.44,2.8,0.57453556864522,0.131400090620752,0.407340280924332
W01001981,3060,0.4,6.4,29.3,0.813071895424837,0.14281045751634,0.0620915032679739
W01001982,1408,1.35,9.68,1.3,0.656960227272727,0.228693181818182,0.157670454545455
W01001983,1584,0.35,3.5,0.3,0.679292929292929,0.245580808080808,0.0946969696969697
W01001984,1245,10.05,14.72,6.3,0.689156626506024,0.248192771084337,0.0586345381526104
W01001985,2086,4.45,11.58,5.2,0.546021093000959,0.120805369127517,0.421380632790029
W01001986,2449,8.45,18.48,6.8,0.560636994691711,0.125357288689261,0.428746427113107
W01001987,1496,8.15,14.44,15.9,0.619652406417112,0.224598930481283,0.183823529411765
W01001988,1521,2.0,10.28,5.5,0.690335305719921,0.264299802761341,0.0624589086127548
W01001989,3896,0.3,15.6,2.3,0.749743326488706,0.105749486652977,0.108829568788501
W01001990,2105,38.35,37.06,35.9,0.605700712589074,0.153919239904988,0.324465558194774
W01001991,1416,38.7,20.38,58.4,0.627118644067797,0.188559322033898,0.228107344632768
W01001992,1413,16.75,17.66,24.3,0.64897381457891,0.21514508138712,0.187544232130219
W01001993,1713,2.3,12.16,0.6,0.652072387624051,0.28604786923526,0.0718038528896672
W01001994,1469,8.3,17.74,13.4,0.641252552756978,0.192648059904697,0.215112321307012
W01001995,1449,29.85,27.52,39.1,0.665286404416839,0.162870945479641,0.234644582470669
W01001996,1461,16.05,18.66,20.6,0.747433264887064,0.0924024640657084,0.232717316906229
W01001997,2135,17.1,24.84,17.1,0.772833723653396,0.0660421545667447,0.222950819672131
W01001998,2205,17.4,22.62,24.4,0.628571428571429,0.193650793650794,0.250340136054422
W01001999,2427,6.9,11.98,6.2,0.549649773382777,0.132674083230326,0.407911001236094
W01002000,2992,0.85,13.4,9.3,0.839572192513369,0.0621657754010695,0.115307486631016
W01002001,1403,7.25,15.02,32.9,0.857448325017819,0.0420527441197434,0.125445473984319
W01002002,4299,12.9,23.9,6.2,0.552686671318911,0.139334729006746,0.416375901372412
W01002003,2432,7.85,29.18,4.3,0.525493421052632,0.132401315789474,0.463404605263158
W01002004,2182,18.45,38.8,10.6,0.57653528872594,0.173235563703025,0.34051329055912
W01002005,2257,9.1,23.24,4.0,0.531236154186974,0.140008861320337,0.433761630482942
W01002007,2157,14.85,28.08,10.6,0.547519703291609,0.146036161335188,0.410755679184052
W01002008,2056,13.7,25.6,11.1,0.562743190661479,0.130350194552529,0.394941634241245
W01002009,1199,29.05,27.52,24.8,0.625521267723103,0.14929107589658,0.287739783152627
W01002010,1132,44.45,25.34,35.7,0.67226148409894,0.159010600706714,0.212014134275618
W01002011,1618,21.8,17.6,22.1,0.553152039555006,0.19221260815822,0.334981458590853
W01002012,1410,40.05,24.98,32.6,0.565957446808511,0.21063829787234,0.276595744680851
W01002013,2340,7.9,11.9,7.1,0.515811965811966,0.103418803418803,0.489316239316239
W01002014,2041,17.7,24.38,12.5,0.582557569818716,0.12640862322391,0.390494855463008
W01002016,1539,2.05,18.66,0.3,0.712150747238466,0.219623131903834,0.106562703053931
W01002017,1515,9.85,20.42,2.4,0.671947194719472,0.283828382838284,0.0627062706270627
W01002018,1485,1.7,10.18,3.3,0.683501683501683,0.212121212121212,0.160942760942761
W01002019,3240,4.0,45.28,2.1,0.909567901234568,0.0632716049382716,0.0351851851851852
W01002020,1595,32.2,39.28,40.9,0.652664576802508,0.265203761755486,0.121003134796238
W01002021,1487,22.5,33.32,12.0,0.724277067921991,0.231338264963013,0.0827168796234028
W01002022,1487,10.95,20.02,1.0,0.709482178883658,0.264963012777404,0.0215198386012105
W01002023,1810,13.2,27.58,18.7,0.670165745856354,0.191160220994475,0.192817679558011
W01002024,1037,2.8,20.44,0.4,0.896817743490839,0.0723240115718418,0.0752169720347155
W01002025,1129,8.2,30.56,1.9,0.809565987599646,0.119574844995571,0.101860053144376
W01002026,2184,6.3,19.12,0.6,0.687728937728938,0.259157509157509,0.065018315018315
W01002027,2052,13.9,22.14,15.2,0.618908382066277,0.186159844054581,0.269005847953216
W01002028,1960,7.45,12.66,17.5,0.594897959183673,0.201020408163265,0.238775510204082
W01002029,1837,1.75,11.26,2.4,0.630919978225367,0.328252585737616,0.0381056069678824
W01002030,1491,27.3,30.42,28.1,0.648558014755198,0.246814218645205,0.160965794768612
W01002031,1713,9.45,21.24,8.0,0.699357851722125,0.232340922358435,0.102159953298307
W01002032,1315,15.0,25.44,11.8,0.580228136882129,0.16958174904943,0.335361216730038
W01002033,1429,11.3,29.38,6.2,0.723582925122463,0.210636808957313,0.0951714485654304
W01002034,1679,2.3,21.7,8.7,0.676593210244193,0.205479452054795,0.17748659916617
W01002035,1561,44.05,31.2,27.7,0.649583600256246,0.28058936579116,0.0845611787315823
W01002036,1515,11.55,13.28,2.4,0.654125412541254,0.187458745874587,0.207260726072607
W01002037,1062,3.8,11.7,6.3,0.682674199623352,0.150659133709981,0.25894538606403
W01002038,1282,20.9,15.04,26.1,0.627145085803432,0.141185647425897,0.343213728549142
W01002039,1874,5.25,9.48,2.1,0.629135538954109,0.260405549626467,0.139807897545358
W01002040,2177,6.1,19.16,7.6,0.74184657785944,0.223242994947175,0.0440973817179605
